STRUCTURE,STRUCTURE_ID,STRUCTURE_NAME,freq,Time frequency,frequenc,Frequency,pers_cat,Category of persons,deg_urb,Degree of urbanisation,hhcomp,Household composition,quant_inc,Income quantile,unit,Unit of measure,geo,Geopolitical entity (reporting),TIME_PERIOD,Time,OBS_VALUE,Observation value,OBS_FLAG,Observation status (Flag) V2 structure,CONF_STATUS,Confidentiality status (flag)
dataflow,ESTAT:ILC_SCP12$DV_2746(1.0),"Persons having contacts with family and relatives or friends by income quintile, household composition, degree of urbanisation and frequency",A,Annual,1M,Once a month,FAM_REL,Family and relatives,TOTAL,Total,TOTAL,Total,TOTAL,Total,PC,Percentage,AL,Albania,2022,,4.9,,,,,
dataflow,ESTAT:ILC_SCP12$DV_2746(1.0),"Persons having contacts with family and relatives or friends by income quintile, household composition, degree of urbanisation and frequency",A,Annual,1M,Once a month,FAM_REL,Family and relatives,TOTAL,Total,TOTAL,Total,TOTAL,Total,PC,Percentage,AT,Austria,2015,,9.7,,,,,
dataflow,ESTAT:ILC_SCP12$DV_2746(1.0),"Persons having contacts with family and relatives or friends by income quintile, household composition, degree of urbanisation and frequency",A,Annual,1M,Once a month,FAM_REL,Family and relatives,TOTAL,Total,TOTAL,Total,TOTAL,Total,PC,Percentage,AT,Austria,2022,,5.3,,,,,
dataflow,ESTAT:ILC_SCP12$DV_2746(1.0),"Persons having contacts with family and relatives or friends by income quintile, household composition, degree of urbanisation and frequency",A,Annual,1M,Once a month,FAM_REL,Family and relatives,TOTAL,Total,TOTAL,Total,TOTAL,Total,PC,Percentage,BE,Belgium,2015,,5.8,,,,,
dataflow,ESTAT:ILC_SCP12$DV_2746(1.0),"Persons having contacts with family and relatives or friends by income quintile, household composition, degree of urbanisation and frequency",A,Annual,1M,Once a month,FAM_REL,Family and relatives,TOTAL,Total,TOTAL,Total,TOTAL,Total,PC,Percentage,BE,Belgium,2022,,4.9,,,,,
dataflow,ESTAT:ILC_SCP12$DV_2746(1.0),"Persons having contacts with family and relatives or friends by income quintile, household composition, degree of urbanisation and frequency",A,Annual,1M,Once a month,FAM_REL,Family and relatives,TOTAL,Total,TOTAL,Total,TOTAL,Total,PC,Percentage,BG,Bulgaria,2015,,15.1,,,,,
dataflow,ESTAT:ILC_SCP12$DV_2746(1.0),"Persons having contacts with family and relatives or friends by income quintile, household composition, degree of urbanisation and frequency",A,Annual,1M,Once a month,FAM_REL,Family and relatives,TOTAL,Total,TOTAL,Total,TOTAL,Total,PC,Percentage,BG,Bulgaria,2022,,4.1,,,,,
dataflow,ESTAT:ILC_SCP12$DV_2746(1.0),"Persons having contacts with family and relatives or friends by income quintile, household composition, degree of urbanisation and frequency",A,Annual,1M,Once a month,FAM_REL,Family and relatives,TOTAL,Total,TOTAL,Total,TOTAL,Total,PC,Percentage,CH,Switzerland,2015,,6.4,,,,,
dataflow,ESTAT:ILC_SCP12$DV_2746(1.0),"Persons having contacts with family and relatives or friends by income quintile, household composition, degree of urbanisation and frequency",A,Annual,1M,Once a month,FAM_REL,Family and relatives,TOTAL,Total,TOTAL,Total,TOTAL,Total,PC,Percentage,CH,Switzerland,2022,,5.7,,,,,
dataflow,ESTAT:ILC_SCP12$DV_2746(1.0),"Persons having contacts with family and relatives or friends by income quintile, household composition, degree of urbanisation and frequency",A,Annual,1M,Once a month,FAM_REL,Family and relatives,TOTAL,Total,TOTAL,Total,TOTAL,Total,PC,Percentage,CY,Cyprus,2015,,1.5,,,,,
dataflow,ESTAT:ILC_SCP12$DV_2746(1.0),"Persons having contacts with family and relatives or friends by income quintile, household composition, degree of urbanisation and frequency",A,Annual,1M,Once a month,FAM_REL,Family and relatives,TOTAL,Total,TOTAL,Total,TOTAL,Total,PC,Percentage,CY,Cyprus,2022,,0.6,,,,,
dataflow,ESTAT:ILC_SCP12$DV_2746(1.0),"Persons having contacts with family and relatives or friends by income quintile, household composition, degree of urbanisation and frequency",A,Annual,1M,Once a month,FAM_REL,Family and relatives,TOTAL,Total,TOTAL,Total,TOTAL,Total,PC,Percentage,CZ,Czechia,2015,,7.7,,,,,
dataflow,ESTAT:ILC_SCP12$DV_2746(1.0),"Persons having contacts with family and relatives or friends by income quintile, household composition, degree of urbanisation and frequency",A,Annual,1M,Once a month,FAM_REL,Family and relatives,TOTAL,Total,TOTAL,Total,TOTAL,Total,PC,Percentage,CZ,Czechia,2022,,6.1,,,,,
dataflow,ESTAT:ILC_SCP12$DV_2746(1.0),"Persons having contacts with family and relatives or friends by income quintile, household composition, degree of urbanisation and frequency",A,Annual,1M,Once a month,FAM_REL,Family and relatives,TOTAL,Total,TOTAL,Total,TOTAL,Total,PC,Percentage,DE,Germany,2015,,7.5,,,,,
dataflow,ESTAT:ILC_SCP12$DV_2746(1.0),"Persons having contacts with family and relatives or friends by income quintile, household composition, degree of urbanisation and frequency",A,Annual,1M,Once a month,FAM_REL,Family and relatives,TOTAL,Total,TOTAL,Total,TOTAL,Total,PC,Percentage,DE,Germany,2022,,,,u,low reliability,,
dataflow,ESTAT:ILC_SCP12$DV_2746(1.0),"Persons having contacts with family and relatives or friends by income quintile, household composition, degree of urbanisation and frequency",A,Annual,1M,Once a month,FAM_REL,Family and relatives,TOTAL,Total,TOTAL,Total,TOTAL,Total,PC,Percentage,DK,Denmark,2015,,5.8,,,,,
dataflow,ESTAT:ILC_SCP12$DV_2746(1.0),"Persons having contacts with family and relatives or friends by income quintile, household composition, degree of urbanisation and frequency",A,Annual,1M,Once a month,FAM_REL,Family and relatives,TOTAL,Total,TOTAL,Total,TOTAL,Total,PC,Percentage,DK,Denmark,2022,,9.0,,,,,
dataflow,ESTAT:ILC_SCP12$DV_2746(1.0),"Persons having contacts with family and relatives or friends by income quintile, household composition, degree of urbanisation and frequency",A,Annual,1M,Once a month,FAM_REL,Family and relatives,TOTAL,Total,TOTAL,Total,TOTAL,Total,PC,Percentage,EA20,Euro area – 20 countries (2023-2025),2022,,5.8,,e,estimated,,
dataflow,ESTAT:ILC_SCP12$DV_2746(1.0),"Persons having contacts with family and relatives or friends by income quintile, household composition, degree of urbanisation and frequency",A,Annual,1M,Once a month,FAM_REL,Family and relatives,TOTAL,Total,TOTAL,Total,TOTAL,Total,PC,Percentage,EE,Estonia,2015,,11.9,,,,,
dataflow,ESTAT:ILC_SCP12$DV_2746(1.0),"Persons having contacts with family and relatives or friends by income quintile, household composition, degree of urbanisation and frequency",A,Annual,1M,Once a month,FAM_REL,Family and relatives,TOTAL,Total,TOTAL,Total,TOTAL,Total,PC,Percentage,EE,Estonia,2022,,10.6,,,,,
dataflow,ESTAT:ILC_SCP12$DV_2746(1.0),"Persons having contacts with family and relatives or friends by income quintile, household composition, degree of urbanisation and frequency",A,Annual,1M,Once a month,FAM_REL,Family and relatives,TOTAL,Total,TOTAL,Total,TOTAL,Total,PC,Percentage,EL,Greece,2015,,6.8,,,,,
dataflow,ESTAT:ILC_SCP12$DV_2746(1.0),"Persons having contacts with family and relatives or friends by income quintile, household composition, degree of urbanisation and frequency",A,Annual,1M,Once a month,FAM_REL,Family and relatives,TOTAL,Total,TOTAL,Total,TOTAL,Total,PC,Percentage,EL,Greece,2022,,4.8,,,,,
dataflow,ESTAT:ILC_SCP12$DV_2746(1.0),"Persons having contacts with family and relatives or friends by income quintile, household composition, degree of urbanisation and frequency",A,Annual,1M,Once a month,FAM_REL,Family and relatives,TOTAL,Total,TOTAL,Total,TOTAL,Total,PC,Percentage,ES,Spain,2015,,5.1,,,,,
dataflow,ESTAT:ILC_SCP12$DV_2746(1.0),"Persons having contacts with family and relatives or friends by income quintile, household composition, degree of urbanisation and frequency",A,Annual,1M,Once a month,FAM_REL,Family and relatives,TOTAL,Total,TOTAL,Total,TOTAL,Total,PC,Percentage,ES,Spain,2022,,5.4,,,,,
dataflow,ESTAT:ILC_SCP12$DV_2746(1.0),"Persons having contacts with family and relatives or friends by income quintile, household composition, degree of urbanisation and frequency",A,Annual,1M,Once a month,FAM_REL,Family and relatives,TOTAL,Total,TOTAL,Total,TOTAL,Total,PC,Percentage,EU27_2020,European Union - 27 countries (from 2020),2015,,7.9,,,,,
dataflow,ESTAT:ILC_SCP12$DV_2746(1.0),"Persons having contacts with family and relatives or friends by income quintile, household composition, degree of urbanisation and frequency",A,Annual,1M,Once a month,FAM_REL,Family and relatives,TOTAL,Total,TOTAL,Total,TOTAL,Total,PC,Percentage,EU27_2020,European Union - 27 countries (from 2020),2022,,5.9,,e,estimated,,
dataflow,ESTAT:ILC_SCP12$DV_2746(1.0),"Persons having contacts with family and relatives or friends by income quintile, household composition, degree of urbanisation and frequency",A,Annual,1M,Once a month,FAM_REL,Family and relatives,TOTAL,Total,TOTAL,Total,TOTAL,Total,PC,Percentage,FI,Finland,2015,,5.1,,,,,
dataflow,ESTAT:ILC_SCP12$DV_2746(1.0),"Persons having contacts with family and relatives or friends by income quintile, household composition, degree of urbanisation and frequency",A,Annual,1M,Once a month,FAM_REL,Family and relatives,TOTAL,Total,TOTAL,Total,TOTAL,Total,PC,Percentage,FI,Finland,2022,,5.0,,,,,
dataflow,ESTAT:ILC_SCP12$DV_2746(1.0),"Persons having contacts with family and relatives or friends by income quintile, household composition, degree of urbanisation and frequency",A,Annual,1M,Once a month,FAM_REL,Family and relatives,TOTAL,Total,TOTAL,Total,TOTAL,Total,PC,Percentage,FR,France,2015,,5.7,,,,,
dataflow,ESTAT:ILC_SCP12$DV_2746(1.0),"Persons having contacts with family and relatives or friends by income quintile, household composition, degree of urbanisation and frequency",A,Annual,1M,Once a month,FAM_REL,Family and relatives,TOTAL,Total,TOTAL,Total,TOTAL,Total,PC,Percentage,FR,France,2022,,6.5,,,,,
dataflow,ESTAT:ILC_SCP12$DV_2746(1.0),"Persons having contacts with family and relatives or friends by income quintile, household composition, degree of urbanisation and frequency",A,Annual,1M,Once a month,FAM_REL,Family and relatives,TOTAL,Total,TOTAL,Total,TOTAL,Total,PC,Percentage,HR,Croatia,2015,,10.0,,,,,
dataflow,ESTAT:ILC_SCP12$DV_2746(1.0),"Persons having contacts with family and relatives or friends by income quintile, household composition, degree of urbanisation and frequency",A,Annual,1M,Once a month,FAM_REL,Family and relatives,TOTAL,Total,TOTAL,Total,TOTAL,Total,PC,Percentage,HR,Croatia,2022,,7.3,,,,,
dataflow,ESTAT:ILC_SCP12$DV_2746(1.0),"Persons having contacts with family and relatives or friends by income quintile, household composition, degree of urbanisation and frequency",A,Annual,1M,Once a month,FAM_REL,Family and relatives,TOTAL,Total,TOTAL,Total,TOTAL,Total,PC,Percentage,HU,Hungary,2015,,13.6,,,,,
dataflow,ESTAT:ILC_SCP12$DV_2746(1.0),"Persons having contacts with family and relatives or friends by income quintile, household composition, degree of urbanisation and frequency",A,Annual,1M,Once a month,FAM_REL,Family and relatives,TOTAL,Total,TOTAL,Total,TOTAL,Total,PC,Percentage,HU,Hungary,2022,,6.1,,,,,
dataflow,ESTAT:ILC_SCP12$DV_2746(1.0),"Persons having contacts with family and relatives or friends by income quintile, household composition, degree of urbanisation and frequency",A,Annual,1M,Once a month,FAM_REL,Family and relatives,TOTAL,Total,TOTAL,Total,TOTAL,Total,PC,Percentage,IE,Ireland,2015,,3.7,,u,low reliability,,
dataflow,ESTAT:ILC_SCP12$DV_2746(1.0),"Persons having contacts with family and relatives or friends by income quintile, household composition, degree of urbanisation and frequency",A,Annual,1M,Once a month,FAM_REL,Family and relatives,TOTAL,Total,TOTAL,Total,TOTAL,Total,PC,Percentage,IE,Ireland,2022,,7.3,,,,,
dataflow,ESTAT:ILC_SCP12$DV_2746(1.0),"Persons having contacts with family and relatives or friends by income quintile, household composition, degree of urbanisation and frequency",A,Annual,1M,Once a month,FAM_REL,Family and relatives,TOTAL,Total,TOTAL,Total,TOTAL,Total,PC,Percentage,IS,Iceland,2015,,4.8,,,,,
dataflow,ESTAT:ILC_SCP12$DV_2746(1.0),"Persons having contacts with family and relatives or friends by income quintile, household composition, degree of urbanisation and frequency",A,Annual,1M,Once a month,FAM_REL,Family and relatives,TOTAL,Total,TOTAL,Total,TOTAL,Total,PC,Percentage,IT,Italy,2015,,5.7,,,,,
dataflow,ESTAT:ILC_SCP12$DV_2746(1.0),"Persons having contacts with family and relatives or friends by income quintile, household composition, degree of urbanisation and frequency",A,Annual,1M,Once a month,FAM_REL,Family and relatives,TOTAL,Total,TOTAL,Total,TOTAL,Total,PC,Percentage,IT,Italy,2022,,4.8,,,,,
dataflow,ESTAT:ILC_SCP12$DV_2746(1.0),"Persons having contacts with family and relatives or friends by income quintile, household composition, degree of urbanisation and frequency",A,Annual,1M,Once a month,FAM_REL,Family and relatives,TOTAL,Total,TOTAL,Total,TOTAL,Total,PC,Percentage,LT,Lithuania,2015,,11.8,,,,,
dataflow,ESTAT:ILC_SCP12$DV_2746(1.0),"Persons having contacts with family and relatives or friends by income quintile, household composition, degree of urbanisation and frequency",A,Annual,1M,Once a month,FAM_REL,Family and relatives,TOTAL,Total,TOTAL,Total,TOTAL,Total,PC,Percentage,LT,Lithuania,2022,,7.5,,,,,
dataflow,ESTAT:ILC_SCP12$DV_2746(1.0),"Persons having contacts with family and relatives or friends by income quintile, household composition, degree of urbanisation and frequency",A,Annual,1M,Once a month,FAM_REL,Family and relatives,TOTAL,Total,TOTAL,Total,TOTAL,Total,PC,Percentage,LU,Luxembourg,2015,,6.3,,,,,
dataflow,ESTAT:ILC_SCP12$DV_2746(1.0),"Persons having contacts with family and relatives or friends by income quintile, household composition, degree of urbanisation and frequency",A,Annual,1M,Once a month,FAM_REL,Family and relatives,TOTAL,Total,TOTAL,Total,TOTAL,Total,PC,Percentage,LU,Luxembourg,2022,,5.7,,,,,
dataflow,ESTAT:ILC_SCP12$DV_2746(1.0),"Persons having contacts with family and relatives or friends by income quintile, household composition, degree of urbanisation and frequency",A,Annual,1M,Once a month,FAM_REL,Family and relatives,TOTAL,Total,TOTAL,Total,TOTAL,Total,PC,Percentage,LV,Latvia,2015,,14.5,,,,,
dataflow,ESTAT:ILC_SCP12$DV_2746(1.0),"Persons having contacts with family and relatives or friends by income quintile, household composition, degree of urbanisation and frequency",A,Annual,1M,Once a month,FAM_REL,Family and relatives,TOTAL,Total,TOTAL,Total,TOTAL,Total,PC,Percentage,LV,Latvia,2022,,11.0,,,,,
dataflow,ESTAT:ILC_SCP12$DV_2746(1.0),"Persons having contacts with family and relatives or friends by income quintile, household composition, degree of urbanisation and frequency",A,Annual,1M,Once a month,FAM_REL,Family and relatives,TOTAL,Total,TOTAL,Total,TOTAL,Total,PC,Percentage,MT,Malta,2015,,4.4,,,,,
dataflow,ESTAT:ILC_SCP12$DV_2746(1.0),"Persons having contacts with family and relatives or friends by income quintile, household composition, degree of urbanisation and frequency",A,Annual,1M,Once a month,FAM_REL,Family and relatives,TOTAL,Total,TOTAL,Total,TOTAL,Total,PC,Percentage,MT,Malta,2022,,2.7,,,,,
dataflow,ESTAT:ILC_SCP12$DV_2746(1.0),"Persons having contacts with family and relatives or friends by income quintile, household composition, degree of urbanisation and frequency",A,Annual,1M,Once a month,FAM_REL,Family and relatives,TOTAL,Total,TOTAL,Total,TOTAL,Total,PC,Percentage,NL,Netherlands,2015,,3.7,,,,,
dataflow,ESTAT:ILC_SCP12$DV_2746(1.0),"Persons having contacts with family and relatives or friends by income quintile, household composition, degree of urbanisation and frequency",A,Annual,1M,Once a month,FAM_REL,Family and relatives,TOTAL,Total,TOTAL,Total,TOTAL,Total,PC,Percentage,NL,Netherlands,2022,,4.1,,,,,
dataflow,ESTAT:ILC_SCP12$DV_2746(1.0),"Persons having contacts with family and relatives or friends by income quintile, household composition, degree of urbanisation and frequency",A,Annual,1M,Once a month,FAM_REL,Family and relatives,TOTAL,Total,TOTAL,Total,TOTAL,Total,PC,Percentage,NO,Norway,2015,,4.7,,,,,
dataflow,ESTAT:ILC_SCP12$DV_2746(1.0),"Persons having contacts with family and relatives or friends by income quintile, household composition, degree of urbanisation and frequency",A,Annual,1M,Once a month,FAM_REL,Family and relatives,TOTAL,Total,TOTAL,Total,TOTAL,Total,PC,Percentage,NO,Norway,2022,,5.2,,,,,
dataflow,ESTAT:ILC_SCP12$DV_2746(1.0),"Persons having contacts with family and relatives or friends by income quintile, household composition, degree of urbanisation and frequency",A,Annual,1M,Once a month,FAM_REL,Family and relatives,TOTAL,Total,TOTAL,Total,TOTAL,Total,PC,Percentage,PL,Poland,2015,,17.3,,u,low reliability,,
dataflow,ESTAT:ILC_SCP12$DV_2746(1.0),"Persons having contacts with family and relatives or friends by income quintile, household composition, degree of urbanisation and frequency",A,Annual,1M,Once a month,FAM_REL,Family and relatives,TOTAL,Total,TOTAL,Total,TOTAL,Total,PC,Percentage,PL,Poland,2022,,5.5,,,,,
dataflow,ESTAT:ILC_SCP12$DV_2746(1.0),"Persons having contacts with family and relatives or friends by income quintile, household composition, degree of urbanisation and frequency",A,Annual,1M,Once a month,FAM_REL,Family and relatives,TOTAL,Total,TOTAL,Total,TOTAL,Total,PC,Percentage,PT,Portugal,2015,,8.5,,,,,
dataflow,ESTAT:ILC_SCP12$DV_2746(1.0),"Persons having contacts with family and relatives or friends by income quintile, household composition, degree of urbanisation and frequency",A,Annual,1M,Once a month,FAM_REL,Family and relatives,TOTAL,Total,TOTAL,Total,TOTAL,Total,PC,Percentage,PT,Portugal,2022,,7.3,,,,,
dataflow,ESTAT:ILC_SCP12$DV_2746(1.0),"Persons having contacts with family and relatives or friends by income quintile, household composition, degree of urbanisation and frequency",A,Annual,1M,Once a month,FAM_REL,Family and relatives,TOTAL,Total,TOTAL,Total,TOTAL,Total,PC,Percentage,RO,Romania,2015,,12.4,,,,,
dataflow,ESTAT:ILC_SCP12$DV_2746(1.0),"Persons having contacts with family and relatives or friends by income quintile, household composition, degree of urbanisation and frequency",A,Annual,1M,Once a month,FAM_REL,Family and relatives,TOTAL,Total,TOTAL,Total,TOTAL,Total,PC,Percentage,RO,Romania,2022,,5.3,,,,,
dataflow,ESTAT:ILC_SCP12$DV_2746(1.0),"Persons having contacts with family and relatives or friends by income quintile, household composition, degree of urbanisation and frequency",A,Annual,1M,Once a month,FAM_REL,Family and relatives,TOTAL,Total,TOTAL,Total,TOTAL,Total,PC,Percentage,RS,Serbia,2015,,7.1,,,,,
dataflow,ESTAT:ILC_SCP12$DV_2746(1.0),"Persons having contacts with family and relatives or friends by income quintile, household composition, degree of urbanisation and frequency",A,Annual,1M,Once a month,FAM_REL,Family and relatives,TOTAL,Total,TOTAL,Total,TOTAL,Total,PC,Percentage,RS,Serbia,2022,,7.5,,,,,
dataflow,ESTAT:ILC_SCP12$DV_2746(1.0),"Persons having contacts with family and relatives or friends by income quintile, household composition, degree of urbanisation and frequency",A,Annual,1M,Once a month,FAM_REL,Family and relatives,TOTAL,Total,TOTAL,Total,TOTAL,Total,PC,Percentage,SE,Sweden,2015,,5.6,,,,,
dataflow,ESTAT:ILC_SCP12$DV_2746(1.0),"Persons having contacts with family and relatives or friends by income quintile, household composition, degree of urbanisation and frequency",A,Annual,1M,Once a month,FAM_REL,Family and relatives,TOTAL,Total,TOTAL,Total,TOTAL,Total,PC,Percentage,SE,Sweden,2022,,8.5,,,,,
dataflow,ESTAT:ILC_SCP12$DV_2746(1.0),"Persons having contacts with family and relatives or friends by income quintile, household composition, degree of urbanisation and frequency",A,Annual,1M,Once a month,FAM_REL,Family and relatives,TOTAL,Total,TOTAL,Total,TOTAL,Total,PC,Percentage,SI,Slovenia,2015,,10.2,,,,,
dataflow,ESTAT:ILC_SCP12$DV_2746(1.0),"Persons having contacts with family and relatives or friends by income quintile, household composition, degree of urbanisation and frequency",A,Annual,1M,Once a month,FAM_REL,Family and relatives,TOTAL,Total,TOTAL,Total,TOTAL,Total,PC,Percentage,SI,Slovenia,2022,,8.4,,,,,
dataflow,ESTAT:ILC_SCP12$DV_2746(1.0),"Persons having contacts with family and relatives or friends by income quintile, household composition, degree of urbanisation and frequency",A,Annual,1M,Once a month,FAM_REL,Family and relatives,TOTAL,Total,TOTAL,Total,TOTAL,Total,PC,Percentage,SK,Slovakia,2015,,5.9,,,,,
dataflow,ESTAT:ILC_SCP12$DV_2746(1.0),"Persons having contacts with family and relatives or friends by income quintile, household composition, degree of urbanisation and frequency",A,Annual,1M,Once a month,FAM_REL,Family and relatives,TOTAL,Total,TOTAL,Total,TOTAL,Total,PC,Percentage,SK,Slovakia,2022,,4.7,,,,,
dataflow,ESTAT:ILC_SCP12$DV_2746(1.0),"Persons having contacts with family and relatives or friends by income quintile, household composition, degree of urbanisation and frequency",A,Annual,1M,Once a month,FAM_REL,Family and relatives,TOTAL,Total,TOTAL,Total,TOTAL,Total,PC,Percentage,UK,United Kingdom,2015,,5.2,,u,low reliability,,
dataflow,ESTAT:ILC_SCP12$DV_2746(1.0),"Persons having contacts with family and relatives or friends by income quintile, household composition, degree of urbanisation and frequency",A,Annual,1M,Once a month,FRD,Friends,TOTAL,Total,TOTAL,Total,TOTAL,Total,PC,Percentage,AL,Albania,2022,,8.9,,,,,
dataflow,ESTAT:ILC_SCP12$DV_2746(1.0),"Persons having contacts with family and relatives or friends by income quintile, household composition, degree of urbanisation and frequency",A,Annual,1M,Once a month,FRD,Friends,TOTAL,Total,TOTAL,Total,TOTAL,Total,PC,Percentage,AT,Austria,2015,,7.1,,,,,
dataflow,ESTAT:ILC_SCP12$DV_2746(1.0),"Persons having contacts with family and relatives or friends by income quintile, household composition, degree of urbanisation and frequency",A,Annual,1M,Once a month,FRD,Friends,TOTAL,Total,TOTAL,Total,TOTAL,Total,PC,Percentage,AT,Austria,2022,,6.0,,,,,
dataflow,ESTAT:ILC_SCP12$DV_2746(1.0),"Persons having contacts with family and relatives or friends by income quintile, household composition, degree of urbanisation and frequency",A,Annual,1M,Once a month,FRD,Friends,TOTAL,Total,TOTAL,Total,TOTAL,Total,PC,Percentage,BE,Belgium,2015,,7.0,,,,,
dataflow,ESTAT:ILC_SCP12$DV_2746(1.0),"Persons having contacts with family and relatives or friends by income quintile, household composition, degree of urbanisation and frequency",A,Annual,1M,Once a month,FRD,Friends,TOTAL,Total,TOTAL,Total,TOTAL,Total,PC,Percentage,BE,Belgium,2022,,6.5,,,,,
dataflow,ESTAT:ILC_SCP12$DV_2746(1.0),"Persons having contacts with family and relatives or friends by income quintile, household composition, degree of urbanisation and frequency",A,Annual,1M,Once a month,FRD,Friends,TOTAL,Total,TOTAL,Total,TOTAL,Total,PC,Percentage,BG,Bulgaria,2015,,11.0,,,,,
dataflow,ESTAT:ILC_SCP12$DV_2746(1.0),"Persons having contacts with family and relatives or friends by income quintile, household composition, degree of urbanisation and frequency",A,Annual,1M,Once a month,FRD,Friends,TOTAL,Total,TOTAL,Total,TOTAL,Total,PC,Percentage,BG,Bulgaria,2022,,5.7,,,,,
dataflow,ESTAT:ILC_SCP12$DV_2746(1.0),"Persons having contacts with family and relatives or friends by income quintile, household composition, degree of urbanisation and frequency",A,Annual,1M,Once a month,FRD,Friends,TOTAL,Total,TOTAL,Total,TOTAL,Total,PC,Percentage,CH,Switzerland,2015,,6.7,,,,,
dataflow,ESTAT:ILC_SCP12$DV_2746(1.0),"Persons having contacts with family and relatives or friends by income quintile, household composition, degree of urbanisation and frequency",A,Annual,1M,Once a month,FRD,Friends,TOTAL,Total,TOTAL,Total,TOTAL,Total,PC,Percentage,CH,Switzerland,2022,,6.6,,,,,
dataflow,ESTAT:ILC_SCP12$DV_2746(1.0),"Persons having contacts with family and relatives or friends by income quintile, household composition, degree of urbanisation and frequency",A,Annual,1M,Once a month,FRD,Friends,TOTAL,Total,TOTAL,Total,TOTAL,Total,PC,Percentage,CY,Cyprus,2015,,3.1,,,,,
dataflow,ESTAT:ILC_SCP12$DV_2746(1.0),"Persons having contacts with family and relatives or friends by income quintile, household composition, degree of urbanisation and frequency",A,Annual,1M,Once a month,FRD,Friends,TOTAL,Total,TOTAL,Total,TOTAL,Total,PC,Percentage,CY,Cyprus,2022,,1.4,,,,,
dataflow,ESTAT:ILC_SCP12$DV_2746(1.0),"Persons having contacts with family and relatives or friends by income quintile, household composition, degree of urbanisation and frequency",A,Annual,1M,Once a month,FRD,Friends,TOTAL,Total,TOTAL,Total,TOTAL,Total,PC,Percentage,CZ,Czechia,2015,,10.6,,,,,
dataflow,ESTAT:ILC_SCP12$DV_2746(1.0),"Persons having contacts with family and relatives or friends by income quintile, household composition, degree of urbanisation and frequency",A,Annual,1M,Once a month,FRD,Friends,TOTAL,Total,TOTAL,Total,TOTAL,Total,PC,Percentage,CZ,Czechia,2022,,8.8,,,,,
dataflow,ESTAT:ILC_SCP12$DV_2746(1.0),"Persons having contacts with family and relatives or friends by income quintile, household composition, degree of urbanisation and frequency",A,Annual,1M,Once a month,FRD,Friends,TOTAL,Total,TOTAL,Total,TOTAL,Total,PC,Percentage,DE,Germany,2015,,6.5,,,,,
dataflow,ESTAT:ILC_SCP12$DV_2746(1.0),"Persons having contacts with family and relatives or friends by income quintile, household composition, degree of urbanisation and frequency",A,Annual,1M,Once a month,FRD,Friends,TOTAL,Total,TOTAL,Total,TOTAL,Total,PC,Percentage,DE,Germany,2022,,,,u,low reliability,,
dataflow,ESTAT:ILC_SCP12$DV_2746(1.0),"Persons having contacts with family and relatives or friends by income quintile, household composition, degree of urbanisation and frequency",A,Annual,1M,Once a month,FRD,Friends,TOTAL,Total,TOTAL,Total,TOTAL,Total,PC,Percentage,DK,Denmark,2015,,7.0,,,,,
dataflow,ESTAT:ILC_SCP12$DV_2746(1.0),"Persons having contacts with family and relatives or friends by income quintile, household composition, degree of urbanisation and frequency",A,Annual,1M,Once a month,FRD,Friends,TOTAL,Total,TOTAL,Total,TOTAL,Total,PC,Percentage,DK,Denmark,2022,,9.0,,,,,
dataflow,ESTAT:ILC_SCP12$DV_2746(1.0),"Persons having contacts with family and relatives or friends by income quintile, household composition, degree of urbanisation and frequency",A,Annual,1M,Once a month,FRD,Friends,TOTAL,Total,TOTAL,Total,TOTAL,Total,PC,Percentage,EA20,Euro area – 20 countries (2023-2025),2022,,6.7,,e,estimated,,
dataflow,ESTAT:ILC_SCP12$DV_2746(1.0),"Persons having contacts with family and relatives or friends by income quintile, household composition, degree of urbanisation and frequency",A,Annual,1M,Once a month,FRD,Friends,TOTAL,Total,TOTAL,Total,TOTAL,Total,PC,Percentage,EE,Estonia,2015,,8.0,,,,,
dataflow,ESTAT:ILC_SCP12$DV_2746(1.0),"Persons having contacts with family and relatives or friends by income quintile, household composition, degree of urbanisation and frequency",A,Annual,1M,Once a month,FRD,Friends,TOTAL,Total,TOTAL,Total,TOTAL,Total,PC,Percentage,EE,Estonia,2022,,8.0,,,,,
dataflow,ESTAT:ILC_SCP12$DV_2746(1.0),"Persons having contacts with family and relatives or friends by income quintile, household composition, degree of urbanisation and frequency",A,Annual,1M,Once a month,FRD,Friends,TOTAL,Total,TOTAL,Total,TOTAL,Total,PC,Percentage,EL,Greece,2015,,3.2,,,,,
dataflow,ESTAT:ILC_SCP12$DV_2746(1.0),"Persons having contacts with family and relatives or friends by income quintile, household composition, degree of urbanisation and frequency",A,Annual,1M,Once a month,FRD,Friends,TOTAL,Total,TOTAL,Total,TOTAL,Total,PC,Percentage,EL,Greece,2022,,3.2,,,,,
dataflow,ESTAT:ILC_SCP12$DV_2746(1.0),"Persons having contacts with family and relatives or friends by income quintile, household composition, degree of urbanisation and frequency",A,Annual,1M,Once a month,FRD,Friends,TOTAL,Total,TOTAL,Total,TOTAL,Total,PC,Percentage,ES,Spain,2015,,5.4,,,,,
dataflow,ESTAT:ILC_SCP12$DV_2746(1.0),"Persons having contacts with family and relatives or friends by income quintile, household composition, degree of urbanisation and frequency",A,Annual,1M,Once a month,FRD,Friends,TOTAL,Total,TOTAL,Total,TOTAL,Total,PC,Percentage,ES,Spain,2022,,6.0,,,,,
dataflow,ESTAT:ILC_SCP12$DV_2746(1.0),"Persons having contacts with family and relatives or friends by income quintile, household composition, degree of urbanisation and frequency",A,Annual,1M,Once a month,FRD,Friends,TOTAL,Total,TOTAL,Total,TOTAL,Total,PC,Percentage,EU27_2020,European Union - 27 countries (from 2020),2015,,8.3,,,,,
dataflow,ESTAT:ILC_SCP12$DV_2746(1.0),"Persons having contacts with family and relatives or friends by income quintile, household composition, degree of urbanisation and frequency",A,Annual,1M,Once a month,FRD,Friends,TOTAL,Total,TOTAL,Total,TOTAL,Total,PC,Percentage,EU27_2020,European Union - 27 countries (from 2020),2022,,7.1,,e,estimated,,
dataflow,ESTAT:ILC_SCP12$DV_2746(1.0),"Persons having contacts with family and relatives or friends by income quintile, household composition, degree of urbanisation and frequency",A,Annual,1M,Once a month,FRD,Friends,TOTAL,Total,TOTAL,Total,TOTAL,Total,PC,Percentage,FI,Finland,2015,,6.6,,,,,
dataflow,ESTAT:ILC_SCP12$DV_2746(1.0),"Persons having contacts with family and relatives or friends by income quintile, household composition, degree of urbanisation and frequency",A,Annual,1M,Once a month,FRD,Friends,TOTAL,Total,TOTAL,Total,TOTAL,Total,PC,Percentage,FI,Finland,2022,,6.0,,,,,
dataflow,ESTAT:ILC_SCP12$DV_2746(1.0),"Persons having contacts with family and relatives or friends by income quintile, household composition, degree of urbanisation and frequency",A,Annual,1M,Once a month,FRD,Friends,TOTAL,Total,TOTAL,Total,TOTAL,Total,PC,Percentage,FR,France,2015,,7.6,,,,,
dataflow,ESTAT:ILC_SCP12$DV_2746(1.0),"Persons having contacts with family and relatives or friends by income quintile, household composition, degree of urbanisation and frequency",A,Annual,1M,Once a month,FRD,Friends,TOTAL,Total,TOTAL,Total,TOTAL,Total,PC,Percentage,FR,France,2022,,9.7,,,,,
dataflow,ESTAT:ILC_SCP12$DV_2746(1.0),"Persons having contacts with family and relatives or friends by income quintile, household composition, degree of urbanisation and frequency",A,Annual,1M,Once a month,FRD,Friends,TOTAL,Total,TOTAL,Total,TOTAL,Total,PC,Percentage,HR,Croatia,2015,,6.0,,,,,
dataflow,ESTAT:ILC_SCP12$DV_2746(1.0),"Persons having contacts with family and relatives or friends by income quintile, household composition, degree of urbanisation and frequency",A,Annual,1M,Once a month,FRD,Friends,TOTAL,Total,TOTAL,Total,TOTAL,Total,PC,Percentage,HR,Croatia,2022,,5.3,,,,,
dataflow,ESTAT:ILC_SCP12$DV_2746(1.0),"Persons having contacts with family and relatives or friends by income quintile, household composition, degree of urbanisation and frequency",A,Annual,1M,Once a month,FRD,Friends,TOTAL,Total,TOTAL,Total,TOTAL,Total,PC,Percentage,HU,Hungary,2015,,12.4,,,,,
dataflow,ESTAT:ILC_SCP12$DV_2746(1.0),"Persons having contacts with family and relatives or friends by income quintile, household composition, degree of urbanisation and frequency",A,Annual,1M,Once a month,FRD,Friends,TOTAL,Total,TOTAL,Total,TOTAL,Total,PC,Percentage,HU,Hungary,2022,,9.9,,,,,
dataflow,ESTAT:ILC_SCP12$DV_2746(1.0),"Persons having contacts with family and relatives or friends by income quintile, household composition, degree of urbanisation and frequency",A,Annual,1M,Once a month,FRD,Friends,TOTAL,Total,TOTAL,Total,TOTAL,Total,PC,Percentage,IE,Ireland,2015,,4.7,,u,low reliability,,
dataflow,ESTAT:ILC_SCP12$DV_2746(1.0),"Persons having contacts with family and relatives or friends by income quintile, household composition, degree of urbanisation and frequency",A,Annual,1M,Once a month,FRD,Friends,TOTAL,Total,TOTAL,Total,TOTAL,Total,PC,Percentage,IE,Ireland,2022,,7.0,,,,,
dataflow,ESTAT:ILC_SCP12$DV_2746(1.0),"Persons having contacts with family and relatives or friends by income quintile, household composition, degree of urbanisation and frequency",A,Annual,1M,Once a month,FRD,Friends,TOTAL,Total,TOTAL,Total,TOTAL,Total,PC,Percentage,IS,Iceland,2015,,6.8,,,,,
dataflow,ESTAT:ILC_SCP12$DV_2746(1.0),"Persons having contacts with family and relatives or friends by income quintile, household composition, degree of urbanisation and frequency",A,Annual,1M,Once a month,FRD,Friends,TOTAL,Total,TOTAL,Total,TOTAL,Total,PC,Percentage,IT,Italy,2015,,7.5,,,,,
dataflow,ESTAT:ILC_SCP12$DV_2746(1.0),"Persons having contacts with family and relatives or friends by income quintile, household composition, degree of urbanisation and frequency",A,Annual,1M,Once a month,FRD,Friends,TOTAL,Total,TOTAL,Total,TOTAL,Total,PC,Percentage,IT,Italy,2022,,4.9,,,,,
dataflow,ESTAT:ILC_SCP12$DV_2746(1.0),"Persons having contacts with family and relatives or friends by income quintile, household composition, degree of urbanisation and frequency",A,Annual,1M,Once a month,FRD,Friends,TOTAL,Total,TOTAL,Total,TOTAL,Total,PC,Percentage,LT,Lithuania,2015,,12.3,,,,,
dataflow,ESTAT:ILC_SCP12$DV_2746(1.0),"Persons having contacts with family and relatives or friends by income quintile, household composition, degree of urbanisation and frequency",A,Annual,1M,Once a month,FRD,Friends,TOTAL,Total,TOTAL,Total,TOTAL,Total,PC,Percentage,LT,Lithuania,2022,,8.2,,,,,
dataflow,ESTAT:ILC_SCP12$DV_2746(1.0),"Persons having contacts with family and relatives or friends by income quintile, household composition, degree of urbanisation and frequency",A,Annual,1M,Once a month,FRD,Friends,TOTAL,Total,TOTAL,Total,TOTAL,Total,PC,Percentage,LU,Luxembourg,2015,,6.7,,,,,
dataflow,ESTAT:ILC_SCP12$DV_2746(1.0),"Persons having contacts with family and relatives or friends by income quintile, household composition, degree of urbanisation and frequency",A,Annual,1M,Once a month,FRD,Friends,TOTAL,Total,TOTAL,Total,TOTAL,Total,PC,Percentage,LU,Luxembourg,2022,,7.5,,,,,
dataflow,ESTAT:ILC_SCP12$DV_2746(1.0),"Persons having contacts with family and relatives or friends by income quintile, household composition, degree of urbanisation and frequency",A,Annual,1M,Once a month,FRD,Friends,TOTAL,Total,TOTAL,Total,TOTAL,Total,PC,Percentage,LV,Latvia,2015,,9.8,,,,,
dataflow,ESTAT:ILC_SCP12$DV_2746(1.0),"Persons having contacts with family and relatives or friends by income quintile, household composition, degree of urbanisation and frequency",A,Annual,1M,Once a month,FRD,Friends,TOTAL,Total,TOTAL,Total,TOTAL,Total,PC,Percentage,LV,Latvia,2022,,5.6,,,,,
dataflow,ESTAT:ILC_SCP12$DV_2746(1.0),"Persons having contacts with family and relatives or friends by income quintile, household composition, degree of urbanisation and frequency",A,Annual,1M,Once a month,FRD,Friends,TOTAL,Total,TOTAL,Total,TOTAL,Total,PC,Percentage,MT,Malta,2015,,8.6,,,,,
dataflow,ESTAT:ILC_SCP12$DV_2746(1.0),"Persons having contacts with family and relatives or friends by income quintile, household composition, degree of urbanisation and frequency",A,Annual,1M,Once a month,FRD,Friends,TOTAL,Total,TOTAL,Total,TOTAL,Total,PC,Percentage,MT,Malta,2022,,7.1,,,,,
dataflow,ESTAT:ILC_SCP12$DV_2746(1.0),"Persons having contacts with family and relatives or friends by income quintile, household composition, degree of urbanisation and frequency",A,Annual,1M,Once a month,FRD,Friends,TOTAL,Total,TOTAL,Total,TOTAL,Total,PC,Percentage,NL,Netherlands,2015,,4.1,,,,,
dataflow,ESTAT:ILC_SCP12$DV_2746(1.0),"Persons having contacts with family and relatives or friends by income quintile, household composition, degree of urbanisation and frequency",A,Annual,1M,Once a month,FRD,Friends,TOTAL,Total,TOTAL,Total,TOTAL,Total,PC,Percentage,NL,Netherlands,2022,,4.5,,,,,
dataflow,ESTAT:ILC_SCP12$DV_2746(1.0),"Persons having contacts with family and relatives or friends by income quintile, household composition, degree of urbanisation and frequency",A,Annual,1M,Once a month,FRD,Friends,TOTAL,Total,TOTAL,Total,TOTAL,Total,PC,Percentage,NO,Norway,2015,,4.1,,,,,
dataflow,ESTAT:ILC_SCP12$DV_2746(1.0),"Persons having contacts with family and relatives or friends by income quintile, household composition, degree of urbanisation and frequency",A,Annual,1M,Once a month,FRD,Friends,TOTAL,Total,TOTAL,Total,TOTAL,Total,PC,Percentage,NO,Norway,2022,,2.1,,,,,
dataflow,ESTAT:ILC_SCP12$DV_2746(1.0),"Persons having contacts with family and relatives or friends by income quintile, household composition, degree of urbanisation and frequency",A,Annual,1M,Once a month,FRD,Friends,TOTAL,Total,TOTAL,Total,TOTAL,Total,PC,Percentage,PL,Poland,2015,,17.4,,u,low reliability,,
dataflow,ESTAT:ILC_SCP12$DV_2746(1.0),"Persons having contacts with family and relatives or friends by income quintile, household composition, degree of urbanisation and frequency",A,Annual,1M,Once a month,FRD,Friends,TOTAL,Total,TOTAL,Total,TOTAL,Total,PC,Percentage,PL,Poland,2022,,7.7,,,,,
dataflow,ESTAT:ILC_SCP12$DV_2746(1.0),"Persons having contacts with family and relatives or friends by income quintile, household composition, degree of urbanisation and frequency",A,Annual,1M,Once a month,FRD,Friends,TOTAL,Total,TOTAL,Total,TOTAL,Total,PC,Percentage,PT,Portugal,2015,,9.9,,,,,
dataflow,ESTAT:ILC_SCP12$DV_2746(1.0),"Persons having contacts with family and relatives or friends by income quintile, household composition, degree of urbanisation and frequency",A,Annual,1M,Once a month,FRD,Friends,TOTAL,Total,TOTAL,Total,TOTAL,Total,PC,Percentage,PT,Portugal,2022,,9.1,,,,,
dataflow,ESTAT:ILC_SCP12$DV_2746(1.0),"Persons having contacts with family and relatives or friends by income quintile, household composition, degree of urbanisation and frequency",A,Annual,1M,Once a month,FRD,Friends,TOTAL,Total,TOTAL,Total,TOTAL,Total,PC,Percentage,RO,Romania,2015,,14.5,,,,,
dataflow,ESTAT:ILC_SCP12$DV_2746(1.0),"Persons having contacts with family and relatives or friends by income quintile, household composition, degree of urbanisation and frequency",A,Annual,1M,Once a month,FRD,Friends,TOTAL,Total,TOTAL,Total,TOTAL,Total,PC,Percentage,RO,Romania,2022,,9.6,,,,,
dataflow,ESTAT:ILC_SCP12$DV_2746(1.0),"Persons having contacts with family and relatives or friends by income quintile, household composition, degree of urbanisation and frequency",A,Annual,1M,Once a month,FRD,Friends,TOTAL,Total,TOTAL,Total,TOTAL,Total,PC,Percentage,RS,Serbia,2015,,6.2,,,,,
dataflow,ESTAT:ILC_SCP12$DV_2746(1.0),"Persons having contacts with family and relatives or friends by income quintile, household composition, degree of urbanisation and frequency",A,Annual,1M,Once a month,FRD,Friends,TOTAL,Total,TOTAL,Total,TOTAL,Total,PC,Percentage,RS,Serbia,2022,,3.8,,,,,
dataflow,ESTAT:ILC_SCP12$DV_2746(1.0),"Persons having contacts with family and relatives or friends by income quintile, household composition, degree of urbanisation and frequency",A,Annual,1M,Once a month,FRD,Friends,TOTAL,Total,TOTAL,Total,TOTAL,Total,PC,Percentage,SE,Sweden,2015,,4.8,,,,,
dataflow,ESTAT:ILC_SCP12$DV_2746(1.0),"Persons having contacts with family and relatives or friends by income quintile, household composition, degree of urbanisation and frequency",A,Annual,1M,Once a month,FRD,Friends,TOTAL,Total,TOTAL,Total,TOTAL,Total,PC,Percentage,SE,Sweden,2022,,7.0,,,,,
dataflow,ESTAT:ILC_SCP12$DV_2746(1.0),"Persons having contacts with family and relatives or friends by income quintile, household composition, degree of urbanisation and frequency",A,Annual,1M,Once a month,FRD,Friends,TOTAL,Total,TOTAL,Total,TOTAL,Total,PC,Percentage,SI,Slovenia,2015,,8.2,,,,,
dataflow,ESTAT:ILC_SCP12$DV_2746(1.0),"Persons having contacts with family and relatives or friends by income quintile, household composition, degree of urbanisation and frequency",A,Annual,1M,Once a month,FRD,Friends,TOTAL,Total,TOTAL,Total,TOTAL,Total,PC,Percentage,SI,Slovenia,2022,,6.9,,,,,
dataflow,ESTAT:ILC_SCP12$DV_2746(1.0),"Persons having contacts with family and relatives or friends by income quintile, household composition, degree of urbanisation and frequency",A,Annual,1M,Once a month,FRD,Friends,TOTAL,Total,TOTAL,Total,TOTAL,Total,PC,Percentage,SK,Slovakia,2015,,10.0,,,,,
dataflow,ESTAT:ILC_SCP12$DV_2746(1.0),"Persons having contacts with family and relatives or friends by income quintile, household composition, degree of urbanisation and frequency",A,Annual,1M,Once a month,FRD,Friends,TOTAL,Total,TOTAL,Total,TOTAL,Total,PC,Percentage,SK,Slovakia,2022,,9.5,,,,,
dataflow,ESTAT:ILC_SCP12$DV_2746(1.0),"Persons having contacts with family and relatives or friends by income quintile, household composition, degree of urbanisation and frequency",A,Annual,1M,Once a month,FRD,Friends,TOTAL,Total,TOTAL,Total,TOTAL,Total,PC,Percentage,UK,United Kingdom,2015,,6.1,,u,low reliability,,
dataflow,ESTAT:ILC_SCP12$DV_2746(1.0),"Persons having contacts with family and relatives or friends by income quintile, household composition, degree of urbanisation and frequency",A,Annual,DAY,Every day,FAM_REL,Family and relatives,TOTAL,Total,TOTAL,Total,TOTAL,Total,PC,Percentage,AL,Albania,2022,,54.3,,,,,
dataflow,ESTAT:ILC_SCP12$DV_2746(1.0),"Persons having contacts with family and relatives or friends by income quintile, household composition, degree of urbanisation and frequency",A,Annual,DAY,Every day,FAM_REL,Family and relatives,TOTAL,Total,TOTAL,Total,TOTAL,Total,PC,Percentage,AT,Austria,2015,,20.5,,,,,
dataflow,ESTAT:ILC_SCP12$DV_2746(1.0),"Persons having contacts with family and relatives or friends by income quintile, household composition, degree of urbanisation and frequency",A,Annual,DAY,Every day,FAM_REL,Family and relatives,TOTAL,Total,TOTAL,Total,TOTAL,Total,PC,Percentage,AT,Austria,2022,,35.6,,,,,
dataflow,ESTAT:ILC_SCP12$DV_2746(1.0),"Persons having contacts with family and relatives or friends by income quintile, household composition, degree of urbanisation and frequency",A,Annual,DAY,Every day,FAM_REL,Family and relatives,TOTAL,Total,TOTAL,Total,TOTAL,Total,PC,Percentage,BE,Belgium,2015,,24.2,,,,,
dataflow,ESTAT:ILC_SCP12$DV_2746(1.0),"Persons having contacts with family and relatives or friends by income quintile, household composition, degree of urbanisation and frequency",A,Annual,DAY,Every day,FAM_REL,Family and relatives,TOTAL,Total,TOTAL,Total,TOTAL,Total,PC,Percentage,BE,Belgium,2022,,25.5,,,,,
dataflow,ESTAT:ILC_SCP12$DV_2746(1.0),"Persons having contacts with family and relatives or friends by income quintile, household composition, degree of urbanisation and frequency",A,Annual,DAY,Every day,FAM_REL,Family and relatives,TOTAL,Total,TOTAL,Total,TOTAL,Total,PC,Percentage,BG,Bulgaria,2015,,29.7,,,,,
dataflow,ESTAT:ILC_SCP12$DV_2746(1.0),"Persons having contacts with family and relatives or friends by income quintile, household composition, degree of urbanisation and frequency",A,Annual,DAY,Every day,FAM_REL,Family and relatives,TOTAL,Total,TOTAL,Total,TOTAL,Total,PC,Percentage,BG,Bulgaria,2022,,55.1,,,,,
dataflow,ESTAT:ILC_SCP12$DV_2746(1.0),"Persons having contacts with family and relatives or friends by income quintile, household composition, degree of urbanisation and frequency",A,Annual,DAY,Every day,FAM_REL,Family and relatives,TOTAL,Total,TOTAL,Total,TOTAL,Total,PC,Percentage,CH,Switzerland,2015,,25.5,,,,,
dataflow,ESTAT:ILC_SCP12$DV_2746(1.0),"Persons having contacts with family and relatives or friends by income quintile, household composition, degree of urbanisation and frequency",A,Annual,DAY,Every day,FAM_REL,Family and relatives,TOTAL,Total,TOTAL,Total,TOTAL,Total,PC,Percentage,CH,Switzerland,2022,,32.3,,,,,
dataflow,ESTAT:ILC_SCP12$DV_2746(1.0),"Persons having contacts with family and relatives or friends by income quintile, household composition, degree of urbanisation and frequency",A,Annual,DAY,Every day,FAM_REL,Family and relatives,TOTAL,Total,TOTAL,Total,TOTAL,Total,PC,Percentage,CY,Cyprus,2015,,61.1,,,,,
dataflow,ESTAT:ILC_SCP12$DV_2746(1.0),"Persons having contacts with family and relatives or friends by income quintile, household composition, degree of urbanisation and frequency",A,Annual,DAY,Every day,FAM_REL,Family and relatives,TOTAL,Total,TOTAL,Total,TOTAL,Total,PC,Percentage,CY,Cyprus,2022,,73.9,,,,,
dataflow,ESTAT:ILC_SCP12$DV_2746(1.0),"Persons having contacts with family and relatives or friends by income quintile, household composition, degree of urbanisation and frequency",A,Annual,DAY,Every day,FAM_REL,Family and relatives,TOTAL,Total,TOTAL,Total,TOTAL,Total,PC,Percentage,CZ,Czechia,2015,,24.0,,,,,
dataflow,ESTAT:ILC_SCP12$DV_2746(1.0),"Persons having contacts with family and relatives or friends by income quintile, household composition, degree of urbanisation and frequency",A,Annual,DAY,Every day,FAM_REL,Family and relatives,TOTAL,Total,TOTAL,Total,TOTAL,Total,PC,Percentage,CZ,Czechia,2022,,30.7,,,,,
dataflow,ESTAT:ILC_SCP12$DV_2746(1.0),"Persons having contacts with family and relatives or friends by income quintile, household composition, degree of urbanisation and frequency",A,Annual,DAY,Every day,FAM_REL,Family and relatives,TOTAL,Total,TOTAL,Total,TOTAL,Total,PC,Percentage,DE,Germany,2015,,26.2,,,,,
dataflow,ESTAT:ILC_SCP12$DV_2746(1.0),"Persons having contacts with family and relatives or friends by income quintile, household composition, degree of urbanisation and frequency",A,Annual,DAY,Every day,FAM_REL,Family and relatives,TOTAL,Total,TOTAL,Total,TOTAL,Total,PC,Percentage,DE,Germany,2022,,,,u,low reliability,,
dataflow,ESTAT:ILC_SCP12$DV_2746(1.0),"Persons having contacts with family and relatives or friends by income quintile, household composition, degree of urbanisation and frequency",A,Annual,DAY,Every day,FAM_REL,Family and relatives,TOTAL,Total,TOTAL,Total,TOTAL,Total,PC,Percentage,DK,Denmark,2015,,29.7,,,,,
dataflow,ESTAT:ILC_SCP12$DV_2746(1.0),"Persons having contacts with family and relatives or friends by income quintile, household composition, degree of urbanisation and frequency",A,Annual,DAY,Every day,FAM_REL,Family and relatives,TOTAL,Total,TOTAL,Total,TOTAL,Total,PC,Percentage,DK,Denmark,2022,,18.9,,,,,
dataflow,ESTAT:ILC_SCP12$DV_2746(1.0),"Persons having contacts with family and relatives or friends by income quintile, household composition, degree of urbanisation and frequency",A,Annual,DAY,Every day,FAM_REL,Family and relatives,TOTAL,Total,TOTAL,Total,TOTAL,Total,PC,Percentage,EA20,Euro area – 20 countries (2023-2025),2022,,33.8,,e,estimated,,
dataflow,ESTAT:ILC_SCP12$DV_2746(1.0),"Persons having contacts with family and relatives or friends by income quintile, household composition, degree of urbanisation and frequency",A,Annual,DAY,Every day,FAM_REL,Family and relatives,TOTAL,Total,TOTAL,Total,TOTAL,Total,PC,Percentage,EE,Estonia,2015,,14.7,,,,,
dataflow,ESTAT:ILC_SCP12$DV_2746(1.0),"Persons having contacts with family and relatives or friends by income quintile, household composition, degree of urbanisation and frequency",A,Annual,DAY,Every day,FAM_REL,Family and relatives,TOTAL,Total,TOTAL,Total,TOTAL,Total,PC,Percentage,EE,Estonia,2022,,17.5,,,,,
dataflow,ESTAT:ILC_SCP12$DV_2746(1.0),"Persons having contacts with family and relatives or friends by income quintile, household composition, degree of urbanisation and frequency",A,Annual,DAY,Every day,FAM_REL,Family and relatives,TOTAL,Total,TOTAL,Total,TOTAL,Total,PC,Percentage,EL,Greece,2015,,44.3,,,,,
dataflow,ESTAT:ILC_SCP12$DV_2746(1.0),"Persons having contacts with family and relatives or friends by income quintile, household composition, degree of urbanisation and frequency",A,Annual,DAY,Every day,FAM_REL,Family and relatives,TOTAL,Total,TOTAL,Total,TOTAL,Total,PC,Percentage,EL,Greece,2022,,44.0,,,,,
dataflow,ESTAT:ILC_SCP12$DV_2746(1.0),"Persons having contacts with family and relatives or friends by income quintile, household composition, degree of urbanisation and frequency",A,Annual,DAY,Every day,FAM_REL,Family and relatives,TOTAL,Total,TOTAL,Total,TOTAL,Total,PC,Percentage,ES,Spain,2015,,41.5,,,,,
dataflow,ESTAT:ILC_SCP12$DV_2746(1.0),"Persons having contacts with family and relatives or friends by income quintile, household composition, degree of urbanisation and frequency",A,Annual,DAY,Every day,FAM_REL,Family and relatives,TOTAL,Total,TOTAL,Total,TOTAL,Total,PC,Percentage,ES,Spain,2022,,44.0,,,,,
dataflow,ESTAT:ILC_SCP12$DV_2746(1.0),"Persons having contacts with family and relatives or friends by income quintile, household composition, degree of urbanisation and frequency",A,Annual,DAY,Every day,FAM_REL,Family and relatives,TOTAL,Total,TOTAL,Total,TOTAL,Total,PC,Percentage,EU27_2020,European Union - 27 countries (from 2020),2015,,26.5,,,,,
dataflow,ESTAT:ILC_SCP12$DV_2746(1.0),"Persons having contacts with family and relatives or friends by income quintile, household composition, degree of urbanisation and frequency",A,Annual,DAY,Every day,FAM_REL,Family and relatives,TOTAL,Total,TOTAL,Total,TOTAL,Total,PC,Percentage,EU27_2020,European Union - 27 countries (from 2020),2022,,32.6,,e,estimated,,
dataflow,ESTAT:ILC_SCP12$DV_2746(1.0),"Persons having contacts with family and relatives or friends by income quintile, household composition, degree of urbanisation and frequency",A,Annual,DAY,Every day,FAM_REL,Family and relatives,TOTAL,Total,TOTAL,Total,TOTAL,Total,PC,Percentage,FI,Finland,2015,,24.4,,,,,
dataflow,ESTAT:ILC_SCP12$DV_2746(1.0),"Persons having contacts with family and relatives or friends by income quintile, household composition, degree of urbanisation and frequency",A,Annual,DAY,Every day,FAM_REL,Family and relatives,TOTAL,Total,TOTAL,Total,TOTAL,Total,PC,Percentage,FI,Finland,2022,,29.5,,,,,
dataflow,ESTAT:ILC_SCP12$DV_2746(1.0),"Persons having contacts with family and relatives or friends by income quintile, household composition, degree of urbanisation and frequency",A,Annual,DAY,Every day,FAM_REL,Family and relatives,TOTAL,Total,TOTAL,Total,TOTAL,Total,PC,Percentage,FR,France,2015,,20.6,,,,,
dataflow,ESTAT:ILC_SCP12$DV_2746(1.0),"Persons having contacts with family and relatives or friends by income quintile, household composition, degree of urbanisation and frequency",A,Annual,DAY,Every day,FAM_REL,Family and relatives,TOTAL,Total,TOTAL,Total,TOTAL,Total,PC,Percentage,FR,France,2022,,25.7,,,,,
dataflow,ESTAT:ILC_SCP12$DV_2746(1.0),"Persons having contacts with family and relatives or friends by income quintile, household composition, degree of urbanisation and frequency",A,Annual,DAY,Every day,FAM_REL,Family and relatives,TOTAL,Total,TOTAL,Total,TOTAL,Total,PC,Percentage,HR,Croatia,2015,,24.0,,,,,
dataflow,ESTAT:ILC_SCP12$DV_2746(1.0),"Persons having contacts with family and relatives or friends by income quintile, household composition, degree of urbanisation and frequency",A,Annual,DAY,Every day,FAM_REL,Family and relatives,TOTAL,Total,TOTAL,Total,TOTAL,Total,PC,Percentage,HR,Croatia,2022,,25.5,,,,,
dataflow,ESTAT:ILC_SCP12$DV_2746(1.0),"Persons having contacts with family and relatives or friends by income quintile, household composition, degree of urbanisation and frequency",A,Annual,DAY,Every day,FAM_REL,Family and relatives,TOTAL,Total,TOTAL,Total,TOTAL,Total,PC,Percentage,HU,Hungary,2015,,18.6,,,,,
dataflow,ESTAT:ILC_SCP12$DV_2746(1.0),"Persons having contacts with family and relatives or friends by income quintile, household composition, degree of urbanisation and frequency",A,Annual,DAY,Every day,FAM_REL,Family and relatives,TOTAL,Total,TOTAL,Total,TOTAL,Total,PC,Percentage,HU,Hungary,2022,,26.2,,,,,
dataflow,ESTAT:ILC_SCP12$DV_2746(1.0),"Persons having contacts with family and relatives or friends by income quintile, household composition, degree of urbanisation and frequency",A,Annual,DAY,Every day,FAM_REL,Family and relatives,TOTAL,Total,TOTAL,Total,TOTAL,Total,PC,Percentage,IE,Ireland,2015,,45.7,,u,low reliability,,
dataflow,ESTAT:ILC_SCP12$DV_2746(1.0),"Persons having contacts with family and relatives or friends by income quintile, household composition, degree of urbanisation and frequency",A,Annual,DAY,Every day,FAM_REL,Family and relatives,TOTAL,Total,TOTAL,Total,TOTAL,Total,PC,Percentage,IE,Ireland,2022,,31.0,,,,,
dataflow,ESTAT:ILC_SCP12$DV_2746(1.0),"Persons having contacts with family and relatives or friends by income quintile, household composition, degree of urbanisation and frequency",A,Annual,DAY,Every day,FAM_REL,Family and relatives,TOTAL,Total,TOTAL,Total,TOTAL,Total,PC,Percentage,IS,Iceland,2015,,28.3,,,,,
dataflow,ESTAT:ILC_SCP12$DV_2746(1.0),"Persons having contacts with family and relatives or friends by income quintile, household composition, degree of urbanisation and frequency",A,Annual,DAY,Every day,FAM_REL,Family and relatives,TOTAL,Total,TOTAL,Total,TOTAL,Total,PC,Percentage,IT,Italy,2015,,29.5,,,,,
dataflow,ESTAT:ILC_SCP12$DV_2746(1.0),"Persons having contacts with family and relatives or friends by income quintile, household composition, degree of urbanisation and frequency",A,Annual,DAY,Every day,FAM_REL,Family and relatives,TOTAL,Total,TOTAL,Total,TOTAL,Total,PC,Percentage,IT,Italy,2022,,40.2,,,,,
dataflow,ESTAT:ILC_SCP12$DV_2746(1.0),"Persons having contacts with family and relatives or friends by income quintile, household composition, degree of urbanisation and frequency",A,Annual,DAY,Every day,FAM_REL,Family and relatives,TOTAL,Total,TOTAL,Total,TOTAL,Total,PC,Percentage,LT,Lithuania,2015,,14.5,,,,,
dataflow,ESTAT:ILC_SCP12$DV_2746(1.0),"Persons having contacts with family and relatives or friends by income quintile, household composition, degree of urbanisation and frequency",A,Annual,DAY,Every day,FAM_REL,Family and relatives,TOTAL,Total,TOTAL,Total,TOTAL,Total,PC,Percentage,LT,Lithuania,2022,,20.2,,,,,
dataflow,ESTAT:ILC_SCP12$DV_2746(1.0),"Persons having contacts with family and relatives or friends by income quintile, household composition, degree of urbanisation and frequency",A,Annual,DAY,Every day,FAM_REL,Family and relatives,TOTAL,Total,TOTAL,Total,TOTAL,Total,PC,Percentage,LU,Luxembourg,2015,,28.1,,,,,
dataflow,ESTAT:ILC_SCP12$DV_2746(1.0),"Persons having contacts with family and relatives or friends by income quintile, household composition, degree of urbanisation and frequency",A,Annual,DAY,Every day,FAM_REL,Family and relatives,TOTAL,Total,TOTAL,Total,TOTAL,Total,PC,Percentage,LU,Luxembourg,2022,,20.0,,,,,
dataflow,ESTAT:ILC_SCP12$DV_2746(1.0),"Persons having contacts with family and relatives or friends by income quintile, household composition, degree of urbanisation and frequency",A,Annual,DAY,Every day,FAM_REL,Family and relatives,TOTAL,Total,TOTAL,Total,TOTAL,Total,PC,Percentage,LV,Latvia,2015,,12.7,,,,,
dataflow,ESTAT:ILC_SCP12$DV_2746(1.0),"Persons having contacts with family and relatives or friends by income quintile, household composition, degree of urbanisation and frequency",A,Annual,DAY,Every day,FAM_REL,Family and relatives,TOTAL,Total,TOTAL,Total,TOTAL,Total,PC,Percentage,LV,Latvia,2022,,13.9,,,,,
dataflow,ESTAT:ILC_SCP12$DV_2746(1.0),"Persons having contacts with family and relatives or friends by income quintile, household composition, degree of urbanisation and frequency",A,Annual,DAY,Every day,FAM_REL,Family and relatives,TOTAL,Total,TOTAL,Total,TOTAL,Total,PC,Percentage,MT,Malta,2015,,47.4,,,,,
dataflow,ESTAT:ILC_SCP12$DV_2746(1.0),"Persons having contacts with family and relatives or friends by income quintile, household composition, degree of urbanisation and frequency",A,Annual,DAY,Every day,FAM_REL,Family and relatives,TOTAL,Total,TOTAL,Total,TOTAL,Total,PC,Percentage,MT,Malta,2022,,52.4,,,,,
dataflow,ESTAT:ILC_SCP12$DV_2746(1.0),"Persons having contacts with family and relatives or friends by income quintile, household composition, degree of urbanisation and frequency",A,Annual,DAY,Every day,FAM_REL,Family and relatives,TOTAL,Total,TOTAL,Total,TOTAL,Total,PC,Percentage,NL,Netherlands,2015,,33.1,,,,,
dataflow,ESTAT:ILC_SCP12$DV_2746(1.0),"Persons having contacts with family and relatives or friends by income quintile, household composition, degree of urbanisation and frequency",A,Annual,DAY,Every day,FAM_REL,Family and relatives,TOTAL,Total,TOTAL,Total,TOTAL,Total,PC,Percentage,NL,Netherlands,2022,,30.7,,,,,
dataflow,ESTAT:ILC_SCP12$DV_2746(1.0),"Persons having contacts with family and relatives or friends by income quintile, household composition, degree of urbanisation and frequency",A,Annual,DAY,Every day,FAM_REL,Family and relatives,TOTAL,Total,TOTAL,Total,TOTAL,Total,PC,Percentage,NO,Norway,2015,,30.8,,,,,
dataflow,ESTAT:ILC_SCP12$DV_2746(1.0),"Persons having contacts with family and relatives or friends by income quintile, household composition, degree of urbanisation and frequency",A,Annual,DAY,Every day,FAM_REL,Family and relatives,TOTAL,Total,TOTAL,Total,TOTAL,Total,PC,Percentage,NO,Norway,2022,,30.8,,,,,
dataflow,ESTAT:ILC_SCP12$DV_2746(1.0),"Persons having contacts with family and relatives or friends by income quintile, household composition, degree of urbanisation and frequency",A,Annual,DAY,Every day,FAM_REL,Family and relatives,TOTAL,Total,TOTAL,Total,TOTAL,Total,PC,Percentage,PL,Poland,2015,,10.0,,u,low reliability,,
dataflow,ESTAT:ILC_SCP12$DV_2746(1.0),"Persons having contacts with family and relatives or friends by income quintile, household composition, degree of urbanisation and frequency",A,Annual,DAY,Every day,FAM_REL,Family and relatives,TOTAL,Total,TOTAL,Total,TOTAL,Total,PC,Percentage,PL,Poland,2022,,21.0,,,,,
dataflow,ESTAT:ILC_SCP12$DV_2746(1.0),"Persons having contacts with family and relatives or friends by income quintile, household composition, degree of urbanisation and frequency",A,Annual,DAY,Every day,FAM_REL,Family and relatives,TOTAL,Total,TOTAL,Total,TOTAL,Total,PC,Percentage,PT,Portugal,2015,,28.2,,,,,
dataflow,ESTAT:ILC_SCP12$DV_2746(1.0),"Persons having contacts with family and relatives or friends by income quintile, household composition, degree of urbanisation and frequency",A,Annual,DAY,Every day,FAM_REL,Family and relatives,TOTAL,Total,TOTAL,Total,TOTAL,Total,PC,Percentage,PT,Portugal,2022,,36.5,,,,,
dataflow,ESTAT:ILC_SCP12$DV_2746(1.0),"Persons having contacts with family and relatives or friends by income quintile, household composition, degree of urbanisation and frequency",A,Annual,DAY,Every day,FAM_REL,Family and relatives,TOTAL,Total,TOTAL,Total,TOTAL,Total,PC,Percentage,RO,Romania,2015,,22.5,,,,,
dataflow,ESTAT:ILC_SCP12$DV_2746(1.0),"Persons having contacts with family and relatives or friends by income quintile, household composition, degree of urbanisation and frequency",A,Annual,DAY,Every day,FAM_REL,Family and relatives,TOTAL,Total,TOTAL,Total,TOTAL,Total,PC,Percentage,RO,Romania,2022,,35.9,,,,,
dataflow,ESTAT:ILC_SCP12$DV_2746(1.0),"Persons having contacts with family and relatives or friends by income quintile, household composition, degree of urbanisation and frequency",A,Annual,DAY,Every day,FAM_REL,Family and relatives,TOTAL,Total,TOTAL,Total,TOTAL,Total,PC,Percentage,RS,Serbia,2015,,43.9,,,,,
dataflow,ESTAT:ILC_SCP12$DV_2746(1.0),"Persons having contacts with family and relatives or friends by income quintile, household composition, degree of urbanisation and frequency",A,Annual,DAY,Every day,FAM_REL,Family and relatives,TOTAL,Total,TOTAL,Total,TOTAL,Total,PC,Percentage,RS,Serbia,2022,,35.4,,,,,
dataflow,ESTAT:ILC_SCP12$DV_2746(1.0),"Persons having contacts with family and relatives or friends by income quintile, household composition, degree of urbanisation and frequency",A,Annual,DAY,Every day,FAM_REL,Family and relatives,TOTAL,Total,TOTAL,Total,TOTAL,Total,PC,Percentage,SE,Sweden,2015,,26.3,,,,,
dataflow,ESTAT:ILC_SCP12$DV_2746(1.0),"Persons having contacts with family and relatives or friends by income quintile, household composition, degree of urbanisation and frequency",A,Annual,DAY,Every day,FAM_REL,Family and relatives,TOTAL,Total,TOTAL,Total,TOTAL,Total,PC,Percentage,SE,Sweden,2022,,24.6,,,,,
dataflow,ESTAT:ILC_SCP12$DV_2746(1.0),"Persons having contacts with family and relatives or friends by income quintile, household composition, degree of urbanisation and frequency",A,Annual,DAY,Every day,FAM_REL,Family and relatives,TOTAL,Total,TOTAL,Total,TOTAL,Total,PC,Percentage,SI,Slovenia,2015,,20.5,,,,,
dataflow,ESTAT:ILC_SCP12$DV_2746(1.0),"Persons having contacts with family and relatives or friends by income quintile, household composition, degree of urbanisation and frequency",A,Annual,DAY,Every day,FAM_REL,Family and relatives,TOTAL,Total,TOTAL,Total,TOTAL,Total,PC,Percentage,SI,Slovenia,2022,,25.0,,,,,
dataflow,ESTAT:ILC_SCP12$DV_2746(1.0),"Persons having contacts with family and relatives or friends by income quintile, household composition, degree of urbanisation and frequency",A,Annual,DAY,Every day,FAM_REL,Family and relatives,TOTAL,Total,TOTAL,Total,TOTAL,Total,PC,Percentage,SK,Slovakia,2015,,33.7,,,,,
dataflow,ESTAT:ILC_SCP12$DV_2746(1.0),"Persons having contacts with family and relatives or friends by income quintile, household composition, degree of urbanisation and frequency",A,Annual,DAY,Every day,FAM_REL,Family and relatives,TOTAL,Total,TOTAL,Total,TOTAL,Total,PC,Percentage,SK,Slovakia,2022,,34.4,,,,,
dataflow,ESTAT:ILC_SCP12$DV_2746(1.0),"Persons having contacts with family and relatives or friends by income quintile, household composition, degree of urbanisation and frequency",A,Annual,DAY,Every day,FAM_REL,Family and relatives,TOTAL,Total,TOTAL,Total,TOTAL,Total,PC,Percentage,UK,United Kingdom,2015,,36.5,,u,low reliability,,
dataflow,ESTAT:ILC_SCP12$DV_2746(1.0),"Persons having contacts with family and relatives or friends by income quintile, household composition, degree of urbanisation and frequency",A,Annual,DAY,Every day,FRD,Friends,TOTAL,Total,TOTAL,Total,TOTAL,Total,PC,Percentage,AL,Albania,2022,,34.2,,,,,
dataflow,ESTAT:ILC_SCP12$DV_2746(1.0),"Persons having contacts with family and relatives or friends by income quintile, household composition, degree of urbanisation and frequency",A,Annual,DAY,Every day,FRD,Friends,TOTAL,Total,TOTAL,Total,TOTAL,Total,PC,Percentage,AT,Austria,2015,,24.7,,,,,
dataflow,ESTAT:ILC_SCP12$DV_2746(1.0),"Persons having contacts with family and relatives or friends by income quintile, household composition, degree of urbanisation and frequency",A,Annual,DAY,Every day,FRD,Friends,TOTAL,Total,TOTAL,Total,TOTAL,Total,PC,Percentage,AT,Austria,2022,,32.7,,,,,
dataflow,ESTAT:ILC_SCP12$DV_2746(1.0),"Persons having contacts with family and relatives or friends by income quintile, household composition, degree of urbanisation and frequency",A,Annual,DAY,Every day,FRD,Friends,TOTAL,Total,TOTAL,Total,TOTAL,Total,PC,Percentage,BE,Belgium,2015,,22.9,,,,,
dataflow,ESTAT:ILC_SCP12$DV_2746(1.0),"Persons having contacts with family and relatives or friends by income quintile, household composition, degree of urbanisation and frequency",A,Annual,DAY,Every day,FRD,Friends,TOTAL,Total,TOTAL,Total,TOTAL,Total,PC,Percentage,BE,Belgium,2022,,21.8,,,,,
dataflow,ESTAT:ILC_SCP12$DV_2746(1.0),"Persons having contacts with family and relatives or friends by income quintile, household composition, degree of urbanisation and frequency",A,Annual,DAY,Every day,FRD,Friends,TOTAL,Total,TOTAL,Total,TOTAL,Total,PC,Percentage,BG,Bulgaria,2015,,30.4,,,,,
dataflow,ESTAT:ILC_SCP12$DV_2746(1.0),"Persons having contacts with family and relatives or friends by income quintile, household composition, degree of urbanisation and frequency",A,Annual,DAY,Every day,FRD,Friends,TOTAL,Total,TOTAL,Total,TOTAL,Total,PC,Percentage,BG,Bulgaria,2022,,37.9,,,,,
dataflow,ESTAT:ILC_SCP12$DV_2746(1.0),"Persons having contacts with family and relatives or friends by income quintile, household composition, degree of urbanisation and frequency",A,Annual,DAY,Every day,FRD,Friends,TOTAL,Total,TOTAL,Total,TOTAL,Total,PC,Percentage,CH,Switzerland,2015,,31.3,,,,,
dataflow,ESTAT:ILC_SCP12$DV_2746(1.0),"Persons having contacts with family and relatives or friends by income quintile, household composition, degree of urbanisation and frequency",A,Annual,DAY,Every day,FRD,Friends,TOTAL,Total,TOTAL,Total,TOTAL,Total,PC,Percentage,CH,Switzerland,2022,,34.4,,,,,
dataflow,ESTAT:ILC_SCP12$DV_2746(1.0),"Persons having contacts with family and relatives or friends by income quintile, household composition, degree of urbanisation and frequency",A,Annual,DAY,Every day,FRD,Friends,TOTAL,Total,TOTAL,Total,TOTAL,Total,PC,Percentage,CY,Cyprus,2015,,48.4,,,,,
dataflow,ESTAT:ILC_SCP12$DV_2746(1.0),"Persons having contacts with family and relatives or friends by income quintile, household composition, degree of urbanisation and frequency",A,Annual,DAY,Every day,FRD,Friends,TOTAL,Total,TOTAL,Total,TOTAL,Total,PC,Percentage,CY,Cyprus,2022,,56.1,,,,,
dataflow,ESTAT:ILC_SCP12$DV_2746(1.0),"Persons having contacts with family and relatives or friends by income quintile, household composition, degree of urbanisation and frequency",A,Annual,DAY,Every day,FRD,Friends,TOTAL,Total,TOTAL,Total,TOTAL,Total,PC,Percentage,CZ,Czechia,2015,,18.2,,,,,
dataflow,ESTAT:ILC_SCP12$DV_2746(1.0),"Persons having contacts with family and relatives or friends by income quintile, household composition, degree of urbanisation and frequency",A,Annual,DAY,Every day,FRD,Friends,TOTAL,Total,TOTAL,Total,TOTAL,Total,PC,Percentage,CZ,Czechia,2022,,24.1,,,,,
dataflow,ESTAT:ILC_SCP12$DV_2746(1.0),"Persons having contacts with family and relatives or friends by income quintile, household composition, degree of urbanisation and frequency",A,Annual,DAY,Every day,FRD,Friends,TOTAL,Total,TOTAL,Total,TOTAL,Total,PC,Percentage,DE,Germany,2015,,34.3,,,,,
dataflow,ESTAT:ILC_SCP12$DV_2746(1.0),"Persons having contacts with family and relatives or friends by income quintile, household composition, degree of urbanisation and frequency",A,Annual,DAY,Every day,FRD,Friends,TOTAL,Total,TOTAL,Total,TOTAL,Total,PC,Percentage,DE,Germany,2022,,,,u,low reliability,,
dataflow,ESTAT:ILC_SCP12$DV_2746(1.0),"Persons having contacts with family and relatives or friends by income quintile, household composition, degree of urbanisation and frequency",A,Annual,DAY,Every day,FRD,Friends,TOTAL,Total,TOTAL,Total,TOTAL,Total,PC,Percentage,DK,Denmark,2015,,32.7,,,,,
dataflow,ESTAT:ILC_SCP12$DV_2746(1.0),"Persons having contacts with family and relatives or friends by income quintile, household composition, degree of urbanisation and frequency",A,Annual,DAY,Every day,FRD,Friends,TOTAL,Total,TOTAL,Total,TOTAL,Total,PC,Percentage,DK,Denmark,2022,,25.1,,,,,
dataflow,ESTAT:ILC_SCP12$DV_2746(1.0),"Persons having contacts with family and relatives or friends by income quintile, household composition, degree of urbanisation and frequency",A,Annual,DAY,Every day,FRD,Friends,TOTAL,Total,TOTAL,Total,TOTAL,Total,PC,Percentage,EA20,Euro area – 20 countries (2023-2025),2022,,31.6,,e,estimated,,
dataflow,ESTAT:ILC_SCP12$DV_2746(1.0),"Persons having contacts with family and relatives or friends by income quintile, household composition, degree of urbanisation and frequency",A,Annual,DAY,Every day,FRD,Friends,TOTAL,Total,TOTAL,Total,TOTAL,Total,PC,Percentage,EE,Estonia,2015,,20.9,,,,,
dataflow,ESTAT:ILC_SCP12$DV_2746(1.0),"Persons having contacts with family and relatives or friends by income quintile, household composition, degree of urbanisation and frequency",A,Annual,DAY,Every day,FRD,Friends,TOTAL,Total,TOTAL,Total,TOTAL,Total,PC,Percentage,EE,Estonia,2022,,20.4,,,,,
dataflow,ESTAT:ILC_SCP12$DV_2746(1.0),"Persons having contacts with family and relatives or friends by income quintile, household composition, degree of urbanisation and frequency",A,Annual,DAY,Every day,FRD,Friends,TOTAL,Total,TOTAL,Total,TOTAL,Total,PC,Percentage,EL,Greece,2015,,42.9,,,,,
dataflow,ESTAT:ILC_SCP12$DV_2746(1.0),"Persons having contacts with family and relatives or friends by income quintile, household composition, degree of urbanisation and frequency",A,Annual,DAY,Every day,FRD,Friends,TOTAL,Total,TOTAL,Total,TOTAL,Total,PC,Percentage,EL,Greece,2022,,45.7,,,,,
dataflow,ESTAT:ILC_SCP12$DV_2746(1.0),"Persons having contacts with family and relatives or friends by income quintile, household composition, degree of urbanisation and frequency",A,Annual,DAY,Every day,FRD,Friends,TOTAL,Total,TOTAL,Total,TOTAL,Total,PC,Percentage,ES,Spain,2015,,41.1,,,,,
dataflow,ESTAT:ILC_SCP12$DV_2746(1.0),"Persons having contacts with family and relatives or friends by income quintile, household composition, degree of urbanisation and frequency",A,Annual,DAY,Every day,FRD,Friends,TOTAL,Total,TOTAL,Total,TOTAL,Total,PC,Percentage,ES,Spain,2022,,39.9,,,,,
dataflow,ESTAT:ILC_SCP12$DV_2746(1.0),"Persons having contacts with family and relatives or friends by income quintile, household composition, degree of urbanisation and frequency",A,Annual,DAY,Every day,FRD,Friends,TOTAL,Total,TOTAL,Total,TOTAL,Total,PC,Percentage,EU27_2020,European Union - 27 countries (from 2020),2015,,26.4,,,,,
dataflow,ESTAT:ILC_SCP12$DV_2746(1.0),"Persons having contacts with family and relatives or friends by income quintile, household composition, degree of urbanisation and frequency",A,Annual,DAY,Every day,FRD,Friends,TOTAL,Total,TOTAL,Total,TOTAL,Total,PC,Percentage,EU27_2020,European Union - 27 countries (from 2020),2022,,29.2,,e,estimated,,
dataflow,ESTAT:ILC_SCP12$DV_2746(1.0),"Persons having contacts with family and relatives or friends by income quintile, household composition, degree of urbanisation and frequency",A,Annual,DAY,Every day,FRD,Friends,TOTAL,Total,TOTAL,Total,TOTAL,Total,PC,Percentage,FI,Finland,2015,,29.6,,,,,
dataflow,ESTAT:ILC_SCP12$DV_2746(1.0),"Persons having contacts with family and relatives or friends by income quintile, household composition, degree of urbanisation and frequency",A,Annual,DAY,Every day,FRD,Friends,TOTAL,Total,TOTAL,Total,TOTAL,Total,PC,Percentage,FI,Finland,2022,,33.5,,,,,
dataflow,ESTAT:ILC_SCP12$DV_2746(1.0),"Persons having contacts with family and relatives or friends by income quintile, household composition, degree of urbanisation and frequency",A,Annual,DAY,Every day,FRD,Friends,TOTAL,Total,TOTAL,Total,TOTAL,Total,PC,Percentage,FR,France,2015,,20.5,,,,,
dataflow,ESTAT:ILC_SCP12$DV_2746(1.0),"Persons having contacts with family and relatives or friends by income quintile, household composition, degree of urbanisation and frequency",A,Annual,DAY,Every day,FRD,Friends,TOTAL,Total,TOTAL,Total,TOTAL,Total,PC,Percentage,FR,France,2022,,22.9,,,,,
dataflow,ESTAT:ILC_SCP12$DV_2746(1.0),"Persons having contacts with family and relatives or friends by income quintile, household composition, degree of urbanisation and frequency",A,Annual,DAY,Every day,FRD,Friends,TOTAL,Total,TOTAL,Total,TOTAL,Total,PC,Percentage,HR,Croatia,2015,,32.9,,,,,
dataflow,ESTAT:ILC_SCP12$DV_2746(1.0),"Persons having contacts with family and relatives or friends by income quintile, household composition, degree of urbanisation and frequency",A,Annual,DAY,Every day,FRD,Friends,TOTAL,Total,TOTAL,Total,TOTAL,Total,PC,Percentage,HR,Croatia,2022,,34.3,,,,,
dataflow,ESTAT:ILC_SCP12$DV_2746(1.0),"Persons having contacts with family and relatives or friends by income quintile, household composition, degree of urbanisation and frequency",A,Annual,DAY,Every day,FRD,Friends,TOTAL,Total,TOTAL,Total,TOTAL,Total,PC,Percentage,HU,Hungary,2015,,17.9,,,,,
dataflow,ESTAT:ILC_SCP12$DV_2746(1.0),"Persons having contacts with family and relatives or friends by income quintile, household composition, degree of urbanisation and frequency",A,Annual,DAY,Every day,FRD,Friends,TOTAL,Total,TOTAL,Total,TOTAL,Total,PC,Percentage,HU,Hungary,2022,,16.7,,,,,
dataflow,ESTAT:ILC_SCP12$DV_2746(1.0),"Persons having contacts with family and relatives or friends by income quintile, household composition, degree of urbanisation and frequency",A,Annual,DAY,Every day,FRD,Friends,TOTAL,Total,TOTAL,Total,TOTAL,Total,PC,Percentage,IE,Ireland,2015,,34.7,,u,low reliability,,
dataflow,ESTAT:ILC_SCP12$DV_2746(1.0),"Persons having contacts with family and relatives or friends by income quintile, household composition, degree of urbanisation and frequency",A,Annual,DAY,Every day,FRD,Friends,TOTAL,Total,TOTAL,Total,TOTAL,Total,PC,Percentage,IE,Ireland,2022,,32.7,,,,,
dataflow,ESTAT:ILC_SCP12$DV_2746(1.0),"Persons having contacts with family and relatives or friends by income quintile, household composition, degree of urbanisation and frequency",A,Annual,DAY,Every day,FRD,Friends,TOTAL,Total,TOTAL,Total,TOTAL,Total,PC,Percentage,IS,Iceland,2015,,26.4,,,,,
dataflow,ESTAT:ILC_SCP12$DV_2746(1.0),"Persons having contacts with family and relatives or friends by income quintile, household composition, degree of urbanisation and frequency",A,Annual,DAY,Every day,FRD,Friends,TOTAL,Total,TOTAL,Total,TOTAL,Total,PC,Percentage,IT,Italy,2015,,21.4,,,,,
dataflow,ESTAT:ILC_SCP12$DV_2746(1.0),"Persons having contacts with family and relatives or friends by income quintile, household composition, degree of urbanisation and frequency",A,Annual,DAY,Every day,FRD,Friends,TOTAL,Total,TOTAL,Total,TOTAL,Total,PC,Percentage,IT,Italy,2022,,33.9,,,,,
dataflow,ESTAT:ILC_SCP12$DV_2746(1.0),"Persons having contacts with family and relatives or friends by income quintile, household composition, degree of urbanisation and frequency",A,Annual,DAY,Every day,FRD,Friends,TOTAL,Total,TOTAL,Total,TOTAL,Total,PC,Percentage,LT,Lithuania,2015,,16.7,,,,,
dataflow,ESTAT:ILC_SCP12$DV_2746(1.0),"Persons having contacts with family and relatives or friends by income quintile, household composition, degree of urbanisation and frequency",A,Annual,DAY,Every day,FRD,Friends,TOTAL,Total,TOTAL,Total,TOTAL,Total,PC,Percentage,LT,Lithuania,2022,,19.1,,,,,
dataflow,ESTAT:ILC_SCP12$DV_2746(1.0),"Persons having contacts with family and relatives or friends by income quintile, household composition, degree of urbanisation and frequency",A,Annual,DAY,Every day,FRD,Friends,TOTAL,Total,TOTAL,Total,TOTAL,Total,PC,Percentage,LU,Luxembourg,2015,,30.8,,,,,
dataflow,ESTAT:ILC_SCP12$DV_2746(1.0),"Persons having contacts with family and relatives or friends by income quintile, household composition, degree of urbanisation and frequency",A,Annual,DAY,Every day,FRD,Friends,TOTAL,Total,TOTAL,Total,TOTAL,Total,PC,Percentage,LU,Luxembourg,2022,,20.1,,,,,
dataflow,ESTAT:ILC_SCP12$DV_2746(1.0),"Persons having contacts with family and relatives or friends by income quintile, household composition, degree of urbanisation and frequency",A,Annual,DAY,Every day,FRD,Friends,TOTAL,Total,TOTAL,Total,TOTAL,Total,PC,Percentage,LV,Latvia,2015,,17.2,,,,,
dataflow,ESTAT:ILC_SCP12$DV_2746(1.0),"Persons having contacts with family and relatives or friends by income quintile, household composition, degree of urbanisation and frequency",A,Annual,DAY,Every day,FRD,Friends,TOTAL,Total,TOTAL,Total,TOTAL,Total,PC,Percentage,LV,Latvia,2022,,11.0,,,,,
dataflow,ESTAT:ILC_SCP12$DV_2746(1.0),"Persons having contacts with family and relatives or friends by income quintile, household composition, degree of urbanisation and frequency",A,Annual,DAY,Every day,FRD,Friends,TOTAL,Total,TOTAL,Total,TOTAL,Total,PC,Percentage,MT,Malta,2015,,28.5,,,,,
dataflow,ESTAT:ILC_SCP12$DV_2746(1.0),"Persons having contacts with family and relatives or friends by income quintile, household composition, degree of urbanisation and frequency",A,Annual,DAY,Every day,FRD,Friends,TOTAL,Total,TOTAL,Total,TOTAL,Total,PC,Percentage,MT,Malta,2022,,30.5,,,,,
dataflow,ESTAT:ILC_SCP12$DV_2746(1.0),"Persons having contacts with family and relatives or friends by income quintile, household composition, degree of urbanisation and frequency",A,Annual,DAY,Every day,FRD,Friends,TOTAL,Total,TOTAL,Total,TOTAL,Total,PC,Percentage,NL,Netherlands,2015,,33.6,,,,,
dataflow,ESTAT:ILC_SCP12$DV_2746(1.0),"Persons having contacts with family and relatives or friends by income quintile, household composition, degree of urbanisation and frequency",A,Annual,DAY,Every day,FRD,Friends,TOTAL,Total,TOTAL,Total,TOTAL,Total,PC,Percentage,NL,Netherlands,2022,,33.8,,,,,
dataflow,ESTAT:ILC_SCP12$DV_2746(1.0),"Persons having contacts with family and relatives or friends by income quintile, household composition, degree of urbanisation and frequency",A,Annual,DAY,Every day,FRD,Friends,TOTAL,Total,TOTAL,Total,TOTAL,Total,PC,Percentage,NO,Norway,2015,,41.9,,,,,
dataflow,ESTAT:ILC_SCP12$DV_2746(1.0),"Persons having contacts with family and relatives or friends by income quintile, household composition, degree of urbanisation and frequency",A,Annual,DAY,Every day,FRD,Friends,TOTAL,Total,TOTAL,Total,TOTAL,Total,PC,Percentage,NO,Norway,2022,,55.4,,,,,
dataflow,ESTAT:ILC_SCP12$DV_2746(1.0),"Persons having contacts with family and relatives or friends by income quintile, household composition, degree of urbanisation and frequency",A,Annual,DAY,Every day,FRD,Friends,TOTAL,Total,TOTAL,Total,TOTAL,Total,PC,Percentage,PL,Poland,2015,,9.7,,u,low reliability,,
dataflow,ESTAT:ILC_SCP12$DV_2746(1.0),"Persons having contacts with family and relatives or friends by income quintile, household composition, degree of urbanisation and frequency",A,Annual,DAY,Every day,FRD,Friends,TOTAL,Total,TOTAL,Total,TOTAL,Total,PC,Percentage,PL,Poland,2022,,18.0,,,,,
dataflow,ESTAT:ILC_SCP12$DV_2746(1.0),"Persons having contacts with family and relatives or friends by income quintile, household composition, degree of urbanisation and frequency",A,Annual,DAY,Every day,FRD,Friends,TOTAL,Total,TOTAL,Total,TOTAL,Total,PC,Percentage,PT,Portugal,2015,,25.0,,,,,
dataflow,ESTAT:ILC_SCP12$DV_2746(1.0),"Persons having contacts with family and relatives or friends by income quintile, household composition, degree of urbanisation and frequency",A,Annual,DAY,Every day,FRD,Friends,TOTAL,Total,TOTAL,Total,TOTAL,Total,PC,Percentage,PT,Portugal,2022,,31.9,,,,,
dataflow,ESTAT:ILC_SCP12$DV_2746(1.0),"Persons having contacts with family and relatives or friends by income quintile, household composition, degree of urbanisation and frequency",A,Annual,DAY,Every day,FRD,Friends,TOTAL,Total,TOTAL,Total,TOTAL,Total,PC,Percentage,RO,Romania,2015,,12.5,,,,,
dataflow,ESTAT:ILC_SCP12$DV_2746(1.0),"Persons having contacts with family and relatives or friends by income quintile, household composition, degree of urbanisation and frequency",A,Annual,DAY,Every day,FRD,Friends,TOTAL,Total,TOTAL,Total,TOTAL,Total,PC,Percentage,RO,Romania,2022,,13.7,,,,,
dataflow,ESTAT:ILC_SCP12$DV_2746(1.0),"Persons having contacts with family and relatives or friends by income quintile, household composition, degree of urbanisation and frequency",A,Annual,DAY,Every day,FRD,Friends,TOTAL,Total,TOTAL,Total,TOTAL,Total,PC,Percentage,RS,Serbia,2015,,46.1,,,,,
dataflow,ESTAT:ILC_SCP12$DV_2746(1.0),"Persons having contacts with family and relatives or friends by income quintile, household composition, degree of urbanisation and frequency",A,Annual,DAY,Every day,FRD,Friends,TOTAL,Total,TOTAL,Total,TOTAL,Total,PC,Percentage,RS,Serbia,2022,,50.5,,,,,
dataflow,ESTAT:ILC_SCP12$DV_2746(1.0),"Persons having contacts with family and relatives or friends by income quintile, household composition, degree of urbanisation and frequency",A,Annual,DAY,Every day,FRD,Friends,TOTAL,Total,TOTAL,Total,TOTAL,Total,PC,Percentage,SE,Sweden,2015,,38.7,,,,,
dataflow,ESTAT:ILC_SCP12$DV_2746(1.0),"Persons having contacts with family and relatives or friends by income quintile, household composition, degree of urbanisation and frequency",A,Annual,DAY,Every day,FRD,Friends,TOTAL,Total,TOTAL,Total,TOTAL,Total,PC,Percentage,SE,Sweden,2022,,33.1,,,,,
dataflow,ESTAT:ILC_SCP12$DV_2746(1.0),"Persons having contacts with family and relatives or friends by income quintile, household composition, degree of urbanisation and frequency",A,Annual,DAY,Every day,FRD,Friends,TOTAL,Total,TOTAL,Total,TOTAL,Total,PC,Percentage,SI,Slovenia,2015,,26.2,,,,,
dataflow,ESTAT:ILC_SCP12$DV_2746(1.0),"Persons having contacts with family and relatives or friends by income quintile, household composition, degree of urbanisation and frequency",A,Annual,DAY,Every day,FRD,Friends,TOTAL,Total,TOTAL,Total,TOTAL,Total,PC,Percentage,SI,Slovenia,2022,,27.7,,,,,
dataflow,ESTAT:ILC_SCP12$DV_2746(1.0),"Persons having contacts with family and relatives or friends by income quintile, household composition, degree of urbanisation and frequency",A,Annual,DAY,Every day,FRD,Friends,TOTAL,Total,TOTAL,Total,TOTAL,Total,PC,Percentage,SK,Slovakia,2015,,23.8,,,,,
dataflow,ESTAT:ILC_SCP12$DV_2746(1.0),"Persons having contacts with family and relatives or friends by income quintile, household composition, degree of urbanisation and frequency",A,Annual,DAY,Every day,FRD,Friends,TOTAL,Total,TOTAL,Total,TOTAL,Total,PC,Percentage,SK,Slovakia,2022,,23.9,,,,,
dataflow,ESTAT:ILC_SCP12$DV_2746(1.0),"Persons having contacts with family and relatives or friends by income quintile, household composition, degree of urbanisation and frequency",A,Annual,DAY,Every day,FRD,Friends,TOTAL,Total,TOTAL,Total,TOTAL,Total,PC,Percentage,UK,United Kingdom,2015,,31.8,,u,low reliability,,
dataflow,ESTAT:ILC_SCP12$DV_2746(1.0),"Persons having contacts with family and relatives or friends by income quintile, household composition, degree of urbanisation and frequency",A,Annual,GE1Y,At least once a year,FAM_REL,Family and relatives,TOTAL,Total,TOTAL,Total,TOTAL,Total,PC,Percentage,AL,Albania,2022,,1.5,,,,,
dataflow,ESTAT:ILC_SCP12$DV_2746(1.0),"Persons having contacts with family and relatives or friends by income quintile, household composition, degree of urbanisation and frequency",A,Annual,GE1Y,At least once a year,FAM_REL,Family and relatives,TOTAL,Total,TOTAL,Total,TOTAL,Total,PC,Percentage,AT,Austria,2015,,4.1,,,,,
dataflow,ESTAT:ILC_SCP12$DV_2746(1.0),"Persons having contacts with family and relatives or friends by income quintile, household composition, degree of urbanisation and frequency",A,Annual,GE1Y,At least once a year,FAM_REL,Family and relatives,TOTAL,Total,TOTAL,Total,TOTAL,Total,PC,Percentage,AT,Austria,2022,,1.9,,,,,
dataflow,ESTAT:ILC_SCP12$DV_2746(1.0),"Persons having contacts with family and relatives or friends by income quintile, household composition, degree of urbanisation and frequency",A,Annual,GE1Y,At least once a year,FAM_REL,Family and relatives,TOTAL,Total,TOTAL,Total,TOTAL,Total,PC,Percentage,BE,Belgium,2015,,3.2,,,,,
dataflow,ESTAT:ILC_SCP12$DV_2746(1.0),"Persons having contacts with family and relatives or friends by income quintile, household composition, degree of urbanisation and frequency",A,Annual,GE1Y,At least once a year,FAM_REL,Family and relatives,TOTAL,Total,TOTAL,Total,TOTAL,Total,PC,Percentage,BE,Belgium,2022,,2.9,,,,,
dataflow,ESTAT:ILC_SCP12$DV_2746(1.0),"Persons having contacts with family and relatives or friends by income quintile, household composition, degree of urbanisation and frequency",A,Annual,GE1Y,At least once a year,FAM_REL,Family and relatives,TOTAL,Total,TOTAL,Total,TOTAL,Total,PC,Percentage,BG,Bulgaria,2015,,5.3,,,,,
dataflow,ESTAT:ILC_SCP12$DV_2746(1.0),"Persons having contacts with family and relatives or friends by income quintile, household composition, degree of urbanisation and frequency",A,Annual,GE1Y,At least once a year,FAM_REL,Family and relatives,TOTAL,Total,TOTAL,Total,TOTAL,Total,PC,Percentage,BG,Bulgaria,2022,,1.7,,,,,
dataflow,ESTAT:ILC_SCP12$DV_2746(1.0),"Persons having contacts with family and relatives or friends by income quintile, household composition, degree of urbanisation and frequency",A,Annual,GE1Y,At least once a year,FAM_REL,Family and relatives,TOTAL,Total,TOTAL,Total,TOTAL,Total,PC,Percentage,CH,Switzerland,2015,,2.1,,,,,
dataflow,ESTAT:ILC_SCP12$DV_2746(1.0),"Persons having contacts with family and relatives or friends by income quintile, household composition, degree of urbanisation and frequency",A,Annual,GE1Y,At least once a year,FAM_REL,Family and relatives,TOTAL,Total,TOTAL,Total,TOTAL,Total,PC,Percentage,CH,Switzerland,2022,,2.2,,,,,
dataflow,ESTAT:ILC_SCP12$DV_2746(1.0),"Persons having contacts with family and relatives or friends by income quintile, household composition, degree of urbanisation and frequency",A,Annual,GE1Y,At least once a year,FAM_REL,Family and relatives,TOTAL,Total,TOTAL,Total,TOTAL,Total,PC,Percentage,CY,Cyprus,2015,,0.4,,,,,
dataflow,ESTAT:ILC_SCP12$DV_2746(1.0),"Persons having contacts with family and relatives or friends by income quintile, household composition, degree of urbanisation and frequency",A,Annual,GE1Y,At least once a year,FAM_REL,Family and relatives,TOTAL,Total,TOTAL,Total,TOTAL,Total,PC,Percentage,CY,Cyprus,2022,,0.2,,,,,
dataflow,ESTAT:ILC_SCP12$DV_2746(1.0),"Persons having contacts with family and relatives or friends by income quintile, household composition, degree of urbanisation and frequency",A,Annual,GE1Y,At least once a year,FAM_REL,Family and relatives,TOTAL,Total,TOTAL,Total,TOTAL,Total,PC,Percentage,CZ,Czechia,2015,,2.6,,,,,
dataflow,ESTAT:ILC_SCP12$DV_2746(1.0),"Persons having contacts with family and relatives or friends by income quintile, household composition, degree of urbanisation and frequency",A,Annual,GE1Y,At least once a year,FAM_REL,Family and relatives,TOTAL,Total,TOTAL,Total,TOTAL,Total,PC,Percentage,CZ,Czechia,2022,,1.7,,,,,
dataflow,ESTAT:ILC_SCP12$DV_2746(1.0),"Persons having contacts with family and relatives or friends by income quintile, household composition, degree of urbanisation and frequency",A,Annual,GE1Y,At least once a year,FAM_REL,Family and relatives,TOTAL,Total,TOTAL,Total,TOTAL,Total,PC,Percentage,DE,Germany,2015,,4.3,,,,,
dataflow,ESTAT:ILC_SCP12$DV_2746(1.0),"Persons having contacts with family and relatives or friends by income quintile, household composition, degree of urbanisation and frequency",A,Annual,GE1Y,At least once a year,FAM_REL,Family and relatives,TOTAL,Total,TOTAL,Total,TOTAL,Total,PC,Percentage,DE,Germany,2022,,,,u,low reliability,,
dataflow,ESTAT:ILC_SCP12$DV_2746(1.0),"Persons having contacts with family and relatives or friends by income quintile, household composition, degree of urbanisation and frequency",A,Annual,GE1Y,At least once a year,FAM_REL,Family and relatives,TOTAL,Total,TOTAL,Total,TOTAL,Total,PC,Percentage,DK,Denmark,2015,,2.8,,,,,
dataflow,ESTAT:ILC_SCP12$DV_2746(1.0),"Persons having contacts with family and relatives or friends by income quintile, household composition, degree of urbanisation and frequency",A,Annual,GE1Y,At least once a year,FAM_REL,Family and relatives,TOTAL,Total,TOTAL,Total,TOTAL,Total,PC,Percentage,DK,Denmark,2022,,4.9,,,,,
dataflow,ESTAT:ILC_SCP12$DV_2746(1.0),"Persons having contacts with family and relatives or friends by income quintile, household composition, degree of urbanisation and frequency",A,Annual,GE1Y,At least once a year,FAM_REL,Family and relatives,TOTAL,Total,TOTAL,Total,TOTAL,Total,PC,Percentage,EA20,Euro area – 20 countries (2023-2025),2022,,2.9,,e,estimated,,
dataflow,ESTAT:ILC_SCP12$DV_2746(1.0),"Persons having contacts with family and relatives or friends by income quintile, household composition, degree of urbanisation and frequency",A,Annual,GE1Y,At least once a year,FAM_REL,Family and relatives,TOTAL,Total,TOTAL,Total,TOTAL,Total,PC,Percentage,EE,Estonia,2015,,3.7,,,,,
dataflow,ESTAT:ILC_SCP12$DV_2746(1.0),"Persons having contacts with family and relatives or friends by income quintile, household composition, degree of urbanisation and frequency",A,Annual,GE1Y,At least once a year,FAM_REL,Family and relatives,TOTAL,Total,TOTAL,Total,TOTAL,Total,PC,Percentage,EE,Estonia,2022,,5.8,,,,,
dataflow,ESTAT:ILC_SCP12$DV_2746(1.0),"Persons having contacts with family and relatives or friends by income quintile, household composition, degree of urbanisation and frequency",A,Annual,GE1Y,At least once a year,FAM_REL,Family and relatives,TOTAL,Total,TOTAL,Total,TOTAL,Total,PC,Percentage,EL,Greece,2015,,1.6,,,,,
dataflow,ESTAT:ILC_SCP12$DV_2746(1.0),"Persons having contacts with family and relatives or friends by income quintile, household composition, degree of urbanisation and frequency",A,Annual,GE1Y,At least once a year,FAM_REL,Family and relatives,TOTAL,Total,TOTAL,Total,TOTAL,Total,PC,Percentage,EL,Greece,2022,,3.1,,,,,
dataflow,ESTAT:ILC_SCP12$DV_2746(1.0),"Persons having contacts with family and relatives or friends by income quintile, household composition, degree of urbanisation and frequency",A,Annual,GE1Y,At least once a year,FAM_REL,Family and relatives,TOTAL,Total,TOTAL,Total,TOTAL,Total,PC,Percentage,ES,Spain,2015,,2.9,,,,,
dataflow,ESTAT:ILC_SCP12$DV_2746(1.0),"Persons having contacts with family and relatives or friends by income quintile, household composition, degree of urbanisation and frequency",A,Annual,GE1Y,At least once a year,FAM_REL,Family and relatives,TOTAL,Total,TOTAL,Total,TOTAL,Total,PC,Percentage,ES,Spain,2022,,4.2,,,,,
dataflow,ESTAT:ILC_SCP12$DV_2746(1.0),"Persons having contacts with family and relatives or friends by income quintile, household composition, degree of urbanisation and frequency",A,Annual,GE1Y,At least once a year,FAM_REL,Family and relatives,TOTAL,Total,TOTAL,Total,TOTAL,Total,PC,Percentage,EU27_2020,European Union - 27 countries (from 2020),2015,,4.4,,,,,
dataflow,ESTAT:ILC_SCP12$DV_2746(1.0),"Persons having contacts with family and relatives or friends by income quintile, household composition, degree of urbanisation and frequency",A,Annual,GE1Y,At least once a year,FAM_REL,Family and relatives,TOTAL,Total,TOTAL,Total,TOTAL,Total,PC,Percentage,EU27_2020,European Union - 27 countries (from 2020),2022,,2.9,,e,estimated,,
dataflow,ESTAT:ILC_SCP12$DV_2746(1.0),"Persons having contacts with family and relatives or friends by income quintile, household composition, degree of urbanisation and frequency",A,Annual,GE1Y,At least once a year,FAM_REL,Family and relatives,TOTAL,Total,TOTAL,Total,TOTAL,Total,PC,Percentage,FI,Finland,2015,,1.9,,,,,
dataflow,ESTAT:ILC_SCP12$DV_2746(1.0),"Persons having contacts with family and relatives or friends by income quintile, household composition, degree of urbanisation and frequency",A,Annual,GE1Y,At least once a year,FAM_REL,Family and relatives,TOTAL,Total,TOTAL,Total,TOTAL,Total,PC,Percentage,FI,Finland,2022,,1.9,,,,,
dataflow,ESTAT:ILC_SCP12$DV_2746(1.0),"Persons having contacts with family and relatives or friends by income quintile, household composition, degree of urbanisation and frequency",A,Annual,GE1Y,At least once a year,FAM_REL,Family and relatives,TOTAL,Total,TOTAL,Total,TOTAL,Total,PC,Percentage,FR,France,2015,,4.8,,,,,
dataflow,ESTAT:ILC_SCP12$DV_2746(1.0),"Persons having contacts with family and relatives or friends by income quintile, household composition, degree of urbanisation and frequency",A,Annual,GE1Y,At least once a year,FAM_REL,Family and relatives,TOTAL,Total,TOTAL,Total,TOTAL,Total,PC,Percentage,FR,France,2022,,2.8,,,,,
dataflow,ESTAT:ILC_SCP12$DV_2746(1.0),"Persons having contacts with family and relatives or friends by income quintile, household composition, degree of urbanisation and frequency",A,Annual,GE1Y,At least once a year,FAM_REL,Family and relatives,TOTAL,Total,TOTAL,Total,TOTAL,Total,PC,Percentage,HR,Croatia,2015,,4.2,,,,,
dataflow,ESTAT:ILC_SCP12$DV_2746(1.0),"Persons having contacts with family and relatives or friends by income quintile, household composition, degree of urbanisation and frequency",A,Annual,GE1Y,At least once a year,FAM_REL,Family and relatives,TOTAL,Total,TOTAL,Total,TOTAL,Total,PC,Percentage,HR,Croatia,2022,,4.6,,,,,
dataflow,ESTAT:ILC_SCP12$DV_2746(1.0),"Persons having contacts with family and relatives or friends by income quintile, household composition, degree of urbanisation and frequency",A,Annual,GE1Y,At least once a year,FAM_REL,Family and relatives,TOTAL,Total,TOTAL,Total,TOTAL,Total,PC,Percentage,HU,Hungary,2015,,5.7,,,,,
dataflow,ESTAT:ILC_SCP12$DV_2746(1.0),"Persons having contacts with family and relatives or friends by income quintile, household composition, degree of urbanisation and frequency",A,Annual,GE1Y,At least once a year,FAM_REL,Family and relatives,TOTAL,Total,TOTAL,Total,TOTAL,Total,PC,Percentage,HU,Hungary,2022,,2.1,,,,,
dataflow,ESTAT:ILC_SCP12$DV_2746(1.0),"Persons having contacts with family and relatives or friends by income quintile, household composition, degree of urbanisation and frequency",A,Annual,GE1Y,At least once a year,FAM_REL,Family and relatives,TOTAL,Total,TOTAL,Total,TOTAL,Total,PC,Percentage,IE,Ireland,2015,,1.2,,u,low reliability,,
dataflow,ESTAT:ILC_SCP12$DV_2746(1.0),"Persons having contacts with family and relatives or friends by income quintile, household composition, degree of urbanisation and frequency",A,Annual,GE1Y,At least once a year,FAM_REL,Family and relatives,TOTAL,Total,TOTAL,Total,TOTAL,Total,PC,Percentage,IE,Ireland,2022,,4.1,,,,,
dataflow,ESTAT:ILC_SCP12$DV_2746(1.0),"Persons having contacts with family and relatives or friends by income quintile, household composition, degree of urbanisation and frequency",A,Annual,GE1Y,At least once a year,FAM_REL,Family and relatives,TOTAL,Total,TOTAL,Total,TOTAL,Total,PC,Percentage,IS,Iceland,2015,,2.0,,,,,
dataflow,ESTAT:ILC_SCP12$DV_2746(1.0),"Persons having contacts with family and relatives or friends by income quintile, household composition, degree of urbanisation and frequency",A,Annual,GE1Y,At least once a year,FAM_REL,Family and relatives,TOTAL,Total,TOTAL,Total,TOTAL,Total,PC,Percentage,IT,Italy,2015,,2.5,,,,,
dataflow,ESTAT:ILC_SCP12$DV_2746(1.0),"Persons having contacts with family and relatives or friends by income quintile, household composition, degree of urbanisation and frequency",A,Annual,GE1Y,At least once a year,FAM_REL,Family and relatives,TOTAL,Total,TOTAL,Total,TOTAL,Total,PC,Percentage,IT,Italy,2022,,1.3,,,,,
dataflow,ESTAT:ILC_SCP12$DV_2746(1.0),"Persons having contacts with family and relatives or friends by income quintile, household composition, degree of urbanisation and frequency",A,Annual,GE1Y,At least once a year,FAM_REL,Family and relatives,TOTAL,Total,TOTAL,Total,TOTAL,Total,PC,Percentage,LT,Lithuania,2015,,6.9,,,,,
dataflow,ESTAT:ILC_SCP12$DV_2746(1.0),"Persons having contacts with family and relatives or friends by income quintile, household composition, degree of urbanisation and frequency",A,Annual,GE1Y,At least once a year,FAM_REL,Family and relatives,TOTAL,Total,TOTAL,Total,TOTAL,Total,PC,Percentage,LT,Lithuania,2022,,4.8,,,,,
dataflow,ESTAT:ILC_SCP12$DV_2746(1.0),"Persons having contacts with family and relatives or friends by income quintile, household composition, degree of urbanisation and frequency",A,Annual,GE1Y,At least once a year,FAM_REL,Family and relatives,TOTAL,Total,TOTAL,Total,TOTAL,Total,PC,Percentage,LU,Luxembourg,2015,,3.6,,,,,
dataflow,ESTAT:ILC_SCP12$DV_2746(1.0),"Persons having contacts with family and relatives or friends by income quintile, household composition, degree of urbanisation and frequency",A,Annual,GE1Y,At least once a year,FAM_REL,Family and relatives,TOTAL,Total,TOTAL,Total,TOTAL,Total,PC,Percentage,LU,Luxembourg,2022,,3.5,,,,,
dataflow,ESTAT:ILC_SCP12$DV_2746(1.0),"Persons having contacts with family and relatives or friends by income quintile, household composition, degree of urbanisation and frequency",A,Annual,GE1Y,At least once a year,FAM_REL,Family and relatives,TOTAL,Total,TOTAL,Total,TOTAL,Total,PC,Percentage,LV,Latvia,2015,,6.9,,,,,
dataflow,ESTAT:ILC_SCP12$DV_2746(1.0),"Persons having contacts with family and relatives or friends by income quintile, household composition, degree of urbanisation and frequency",A,Annual,GE1Y,At least once a year,FAM_REL,Family and relatives,TOTAL,Total,TOTAL,Total,TOTAL,Total,PC,Percentage,LV,Latvia,2022,,7.2,,,,,
dataflow,ESTAT:ILC_SCP12$DV_2746(1.0),"Persons having contacts with family and relatives or friends by income quintile, household composition, degree of urbanisation and frequency",A,Annual,GE1Y,At least once a year,FAM_REL,Family and relatives,TOTAL,Total,TOTAL,Total,TOTAL,Total,PC,Percentage,MT,Malta,2015,,2.0,,,,,
dataflow,ESTAT:ILC_SCP12$DV_2746(1.0),"Persons having contacts with family and relatives or friends by income quintile, household composition, degree of urbanisation and frequency",A,Annual,GE1Y,At least once a year,FAM_REL,Family and relatives,TOTAL,Total,TOTAL,Total,TOTAL,Total,PC,Percentage,MT,Malta,2022,,1.6,,,,,
dataflow,ESTAT:ILC_SCP12$DV_2746(1.0),"Persons having contacts with family and relatives or friends by income quintile, household composition, degree of urbanisation and frequency",A,Annual,GE1Y,At least once a year,FAM_REL,Family and relatives,TOTAL,Total,TOTAL,Total,TOTAL,Total,PC,Percentage,NL,Netherlands,2015,,2.9,,,,,
dataflow,ESTAT:ILC_SCP12$DV_2746(1.0),"Persons having contacts with family and relatives or friends by income quintile, household composition, degree of urbanisation and frequency",A,Annual,GE1Y,At least once a year,FAM_REL,Family and relatives,TOTAL,Total,TOTAL,Total,TOTAL,Total,PC,Percentage,NL,Netherlands,2022,,3.2,,,,,
dataflow,ESTAT:ILC_SCP12$DV_2746(1.0),"Persons having contacts with family and relatives or friends by income quintile, household composition, degree of urbanisation and frequency",A,Annual,GE1Y,At least once a year,FAM_REL,Family and relatives,TOTAL,Total,TOTAL,Total,TOTAL,Total,PC,Percentage,NO,Norway,2015,,1.9,,,,,
dataflow,ESTAT:ILC_SCP12$DV_2746(1.0),"Persons having contacts with family and relatives or friends by income quintile, household composition, degree of urbanisation and frequency",A,Annual,GE1Y,At least once a year,FAM_REL,Family and relatives,TOTAL,Total,TOTAL,Total,TOTAL,Total,PC,Percentage,NO,Norway,2022,,1.7,,,,,
dataflow,ESTAT:ILC_SCP12$DV_2746(1.0),"Persons having contacts with family and relatives or friends by income quintile, household composition, degree of urbanisation and frequency",A,Annual,GE1Y,At least once a year,FAM_REL,Family and relatives,TOTAL,Total,TOTAL,Total,TOTAL,Total,PC,Percentage,PL,Poland,2015,,9.8,,u,low reliability,,
dataflow,ESTAT:ILC_SCP12$DV_2746(1.0),"Persons having contacts with family and relatives or friends by income quintile, household composition, degree of urbanisation and frequency",A,Annual,GE1Y,At least once a year,FAM_REL,Family and relatives,TOTAL,Total,TOTAL,Total,TOTAL,Total,PC,Percentage,PL,Poland,2022,,2.6,,,,,
dataflow,ESTAT:ILC_SCP12$DV_2746(1.0),"Persons having contacts with family and relatives or friends by income quintile, household composition, degree of urbanisation and frequency",A,Annual,GE1Y,At least once a year,FAM_REL,Family and relatives,TOTAL,Total,TOTAL,Total,TOTAL,Total,PC,Percentage,PT,Portugal,2015,,5.3,,,,,
dataflow,ESTAT:ILC_SCP12$DV_2746(1.0),"Persons having contacts with family and relatives or friends by income quintile, household composition, degree of urbanisation and frequency",A,Annual,GE1Y,At least once a year,FAM_REL,Family and relatives,TOTAL,Total,TOTAL,Total,TOTAL,Total,PC,Percentage,PT,Portugal,2022,,3.4,,,,,
dataflow,ESTAT:ILC_SCP12$DV_2746(1.0),"Persons having contacts with family and relatives or friends by income quintile, household composition, degree of urbanisation and frequency",A,Annual,GE1Y,At least once a year,FAM_REL,Family and relatives,TOTAL,Total,TOTAL,Total,TOTAL,Total,PC,Percentage,RO,Romania,2015,,7.7,,,,,
dataflow,ESTAT:ILC_SCP12$DV_2746(1.0),"Persons having contacts with family and relatives or friends by income quintile, household composition, degree of urbanisation and frequency",A,Annual,GE1Y,At least once a year,FAM_REL,Family and relatives,TOTAL,Total,TOTAL,Total,TOTAL,Total,PC,Percentage,RO,Romania,2022,,2.6,,,,,
dataflow,ESTAT:ILC_SCP12$DV_2746(1.0),"Persons having contacts with family and relatives or friends by income quintile, household composition, degree of urbanisation and frequency",A,Annual,GE1Y,At least once a year,FAM_REL,Family and relatives,TOTAL,Total,TOTAL,Total,TOTAL,Total,PC,Percentage,RS,Serbia,2015,,2.9,,,,,
dataflow,ESTAT:ILC_SCP12$DV_2746(1.0),"Persons having contacts with family and relatives or friends by income quintile, household composition, degree of urbanisation and frequency",A,Annual,GE1Y,At least once a year,FAM_REL,Family and relatives,TOTAL,Total,TOTAL,Total,TOTAL,Total,PC,Percentage,RS,Serbia,2022,,2.5,,,,,
dataflow,ESTAT:ILC_SCP12$DV_2746(1.0),"Persons having contacts with family and relatives or friends by income quintile, household composition, degree of urbanisation and frequency",A,Annual,GE1Y,At least once a year,FAM_REL,Family and relatives,TOTAL,Total,TOTAL,Total,TOTAL,Total,PC,Percentage,SE,Sweden,2015,,2.3,,,,,
dataflow,ESTAT:ILC_SCP12$DV_2746(1.0),"Persons having contacts with family and relatives or friends by income quintile, household composition, degree of urbanisation and frequency",A,Annual,GE1Y,At least once a year,FAM_REL,Family and relatives,TOTAL,Total,TOTAL,Total,TOTAL,Total,PC,Percentage,SE,Sweden,2022,,4.2,,,,,
dataflow,ESTAT:ILC_SCP12$DV_2746(1.0),"Persons having contacts with family and relatives or friends by income quintile, household composition, degree of urbanisation and frequency",A,Annual,GE1Y,At least once a year,FAM_REL,Family and relatives,TOTAL,Total,TOTAL,Total,TOTAL,Total,PC,Percentage,SI,Slovenia,2015,,4.6,,,,,
dataflow,ESTAT:ILC_SCP12$DV_2746(1.0),"Persons having contacts with family and relatives or friends by income quintile, household composition, degree of urbanisation and frequency",A,Annual,GE1Y,At least once a year,FAM_REL,Family and relatives,TOTAL,Total,TOTAL,Total,TOTAL,Total,PC,Percentage,SI,Slovenia,2022,,3.6,,,,,
dataflow,ESTAT:ILC_SCP12$DV_2746(1.0),"Persons having contacts with family and relatives or friends by income quintile, household composition, degree of urbanisation and frequency",A,Annual,GE1Y,At least once a year,FAM_REL,Family and relatives,TOTAL,Total,TOTAL,Total,TOTAL,Total,PC,Percentage,SK,Slovakia,2015,,2.7,,,,,
dataflow,ESTAT:ILC_SCP12$DV_2746(1.0),"Persons having contacts with family and relatives or friends by income quintile, household composition, degree of urbanisation and frequency",A,Annual,GE1Y,At least once a year,FAM_REL,Family and relatives,TOTAL,Total,TOTAL,Total,TOTAL,Total,PC,Percentage,SK,Slovakia,2022,,1.6,,,,,
dataflow,ESTAT:ILC_SCP12$DV_2746(1.0),"Persons having contacts with family and relatives or friends by income quintile, household composition, degree of urbanisation and frequency",A,Annual,GE1Y,At least once a year,FAM_REL,Family and relatives,TOTAL,Total,TOTAL,Total,TOTAL,Total,PC,Percentage,UK,United Kingdom,2015,,1.9,,u,low reliability,,
dataflow,ESTAT:ILC_SCP12$DV_2746(1.0),"Persons having contacts with family and relatives or friends by income quintile, household composition, degree of urbanisation and frequency",A,Annual,GE1Y,At least once a year,FRD,Friends,TOTAL,Total,TOTAL,Total,TOTAL,Total,PC,Percentage,AL,Albania,2022,,2.5,,,,,
dataflow,ESTAT:ILC_SCP12$DV_2746(1.0),"Persons having contacts with family and relatives or friends by income quintile, household composition, degree of urbanisation and frequency",A,Annual,GE1Y,At least once a year,FRD,Friends,TOTAL,Total,TOTAL,Total,TOTAL,Total,PC,Percentage,AT,Austria,2015,,2.5,,,,,
dataflow,ESTAT:ILC_SCP12$DV_2746(1.0),"Persons having contacts with family and relatives or friends by income quintile, household composition, degree of urbanisation and frequency",A,Annual,GE1Y,At least once a year,FRD,Friends,TOTAL,Total,TOTAL,Total,TOTAL,Total,PC,Percentage,AT,Austria,2022,,2.9,,,,,
dataflow,ESTAT:ILC_SCP12$DV_2746(1.0),"Persons having contacts with family and relatives or friends by income quintile, household composition, degree of urbanisation and frequency",A,Annual,GE1Y,At least once a year,FRD,Friends,TOTAL,Total,TOTAL,Total,TOTAL,Total,PC,Percentage,BE,Belgium,2015,,3.5,,,,,
dataflow,ESTAT:ILC_SCP12$DV_2746(1.0),"Persons having contacts with family and relatives or friends by income quintile, household composition, degree of urbanisation and frequency",A,Annual,GE1Y,At least once a year,FRD,Friends,TOTAL,Total,TOTAL,Total,TOTAL,Total,PC,Percentage,BE,Belgium,2022,,2.9,,,,,
dataflow,ESTAT:ILC_SCP12$DV_2746(1.0),"Persons having contacts with family and relatives or friends by income quintile, household composition, degree of urbanisation and frequency",A,Annual,GE1Y,At least once a year,FRD,Friends,TOTAL,Total,TOTAL,Total,TOTAL,Total,PC,Percentage,BG,Bulgaria,2015,,2.5,,,,,
dataflow,ESTAT:ILC_SCP12$DV_2746(1.0),"Persons having contacts with family and relatives or friends by income quintile, household composition, degree of urbanisation and frequency",A,Annual,GE1Y,At least once a year,FRD,Friends,TOTAL,Total,TOTAL,Total,TOTAL,Total,PC,Percentage,BG,Bulgaria,2022,,1.8,,,,,
dataflow,ESTAT:ILC_SCP12$DV_2746(1.0),"Persons having contacts with family and relatives or friends by income quintile, household composition, degree of urbanisation and frequency",A,Annual,GE1Y,At least once a year,FRD,Friends,TOTAL,Total,TOTAL,Total,TOTAL,Total,PC,Percentage,CH,Switzerland,2015,,2.3,,,,,
dataflow,ESTAT:ILC_SCP12$DV_2746(1.0),"Persons having contacts with family and relatives or friends by income quintile, household composition, degree of urbanisation and frequency",A,Annual,GE1Y,At least once a year,FRD,Friends,TOTAL,Total,TOTAL,Total,TOTAL,Total,PC,Percentage,CH,Switzerland,2022,,1.6,,,,,
dataflow,ESTAT:ILC_SCP12$DV_2746(1.0),"Persons having contacts with family and relatives or friends by income quintile, household composition, degree of urbanisation and frequency",A,Annual,GE1Y,At least once a year,FRD,Friends,TOTAL,Total,TOTAL,Total,TOTAL,Total,PC,Percentage,CY,Cyprus,2015,,1.1,,,,,
dataflow,ESTAT:ILC_SCP12$DV_2746(1.0),"Persons having contacts with family and relatives or friends by income quintile, household composition, degree of urbanisation and frequency",A,Annual,GE1Y,At least once a year,FRD,Friends,TOTAL,Total,TOTAL,Total,TOTAL,Total,PC,Percentage,CY,Cyprus,2022,,0.4,,,,,
dataflow,ESTAT:ILC_SCP12$DV_2746(1.0),"Persons having contacts with family and relatives or friends by income quintile, household composition, degree of urbanisation and frequency",A,Annual,GE1Y,At least once a year,FRD,Friends,TOTAL,Total,TOTAL,Total,TOTAL,Total,PC,Percentage,CZ,Czechia,2015,,3.4,,,,,
dataflow,ESTAT:ILC_SCP12$DV_2746(1.0),"Persons having contacts with family and relatives or friends by income quintile, household composition, degree of urbanisation and frequency",A,Annual,GE1Y,At least once a year,FRD,Friends,TOTAL,Total,TOTAL,Total,TOTAL,Total,PC,Percentage,CZ,Czechia,2022,,2.4,,,,,
dataflow,ESTAT:ILC_SCP12$DV_2746(1.0),"Persons having contacts with family and relatives or friends by income quintile, household composition, degree of urbanisation and frequency",A,Annual,GE1Y,At least once a year,FRD,Friends,TOTAL,Total,TOTAL,Total,TOTAL,Total,PC,Percentage,DE,Germany,2015,,3.1,,,,,
dataflow,ESTAT:ILC_SCP12$DV_2746(1.0),"Persons having contacts with family and relatives or friends by income quintile, household composition, degree of urbanisation and frequency",A,Annual,GE1Y,At least once a year,FRD,Friends,TOTAL,Total,TOTAL,Total,TOTAL,Total,PC,Percentage,DE,Germany,2022,,,,u,low reliability,,
dataflow,ESTAT:ILC_SCP12$DV_2746(1.0),"Persons having contacts with family and relatives or friends by income quintile, household composition, degree of urbanisation and frequency",A,Annual,GE1Y,At least once a year,FRD,Friends,TOTAL,Total,TOTAL,Total,TOTAL,Total,PC,Percentage,DK,Denmark,2015,,4.2,,,,,
dataflow,ESTAT:ILC_SCP12$DV_2746(1.0),"Persons having contacts with family and relatives or friends by income quintile, household composition, degree of urbanisation and frequency",A,Annual,GE1Y,At least once a year,FRD,Friends,TOTAL,Total,TOTAL,Total,TOTAL,Total,PC,Percentage,DK,Denmark,2022,,5.4,,,,,
dataflow,ESTAT:ILC_SCP12$DV_2746(1.0),"Persons having contacts with family and relatives or friends by income quintile, household composition, degree of urbanisation and frequency",A,Annual,GE1Y,At least once a year,FRD,Friends,TOTAL,Total,TOTAL,Total,TOTAL,Total,PC,Percentage,EA20,Euro area – 20 countries (2023-2025),2022,,3.5,,e,estimated,,
dataflow,ESTAT:ILC_SCP12$DV_2746(1.0),"Persons having contacts with family and relatives or friends by income quintile, household composition, degree of urbanisation and frequency",A,Annual,GE1Y,At least once a year,FRD,Friends,TOTAL,Total,TOTAL,Total,TOTAL,Total,PC,Percentage,EE,Estonia,2015,,1.9,,,,,
dataflow,ESTAT:ILC_SCP12$DV_2746(1.0),"Persons having contacts with family and relatives or friends by income quintile, household composition, degree of urbanisation and frequency",A,Annual,GE1Y,At least once a year,FRD,Friends,TOTAL,Total,TOTAL,Total,TOTAL,Total,PC,Percentage,EE,Estonia,2022,,3.5,,,,,
dataflow,ESTAT:ILC_SCP12$DV_2746(1.0),"Persons having contacts with family and relatives or friends by income quintile, household composition, degree of urbanisation and frequency",A,Annual,GE1Y,At least once a year,FRD,Friends,TOTAL,Total,TOTAL,Total,TOTAL,Total,PC,Percentage,EL,Greece,2015,,1.6,,,,,
dataflow,ESTAT:ILC_SCP12$DV_2746(1.0),"Persons having contacts with family and relatives or friends by income quintile, household composition, degree of urbanisation and frequency",A,Annual,GE1Y,At least once a year,FRD,Friends,TOTAL,Total,TOTAL,Total,TOTAL,Total,PC,Percentage,EL,Greece,2022,,1.9,,,,,
dataflow,ESTAT:ILC_SCP12$DV_2746(1.0),"Persons having contacts with family and relatives or friends by income quintile, household composition, degree of urbanisation and frequency",A,Annual,GE1Y,At least once a year,FRD,Friends,TOTAL,Total,TOTAL,Total,TOTAL,Total,PC,Percentage,ES,Spain,2015,,3.8,,,,,
dataflow,ESTAT:ILC_SCP12$DV_2746(1.0),"Persons having contacts with family and relatives or friends by income quintile, household composition, degree of urbanisation and frequency",A,Annual,GE1Y,At least once a year,FRD,Friends,TOTAL,Total,TOTAL,Total,TOTAL,Total,PC,Percentage,ES,Spain,2022,,5.3,,,,,
dataflow,ESTAT:ILC_SCP12$DV_2746(1.0),"Persons having contacts with family and relatives or friends by income quintile, household composition, degree of urbanisation and frequency",A,Annual,GE1Y,At least once a year,FRD,Friends,TOTAL,Total,TOTAL,Total,TOTAL,Total,PC,Percentage,EU27_2020,European Union - 27 countries (from 2020),2015,,4.7,,,,,
dataflow,ESTAT:ILC_SCP12$DV_2746(1.0),"Persons having contacts with family and relatives or friends by income quintile, household composition, degree of urbanisation and frequency",A,Annual,GE1Y,At least once a year,FRD,Friends,TOTAL,Total,TOTAL,Total,TOTAL,Total,PC,Percentage,EU27_2020,European Union - 27 countries (from 2020),2022,,3.7,,e,estimated,,
dataflow,ESTAT:ILC_SCP12$DV_2746(1.0),"Persons having contacts with family and relatives or friends by income quintile, household composition, degree of urbanisation and frequency",A,Annual,GE1Y,At least once a year,FRD,Friends,TOTAL,Total,TOTAL,Total,TOTAL,Total,PC,Percentage,FI,Finland,2015,,2.5,,,,,
dataflow,ESTAT:ILC_SCP12$DV_2746(1.0),"Persons having contacts with family and relatives or friends by income quintile, household composition, degree of urbanisation and frequency",A,Annual,GE1Y,At least once a year,FRD,Friends,TOTAL,Total,TOTAL,Total,TOTAL,Total,PC,Percentage,FI,Finland,2022,,2.4,,,,,
dataflow,ESTAT:ILC_SCP12$DV_2746(1.0),"Persons having contacts with family and relatives or friends by income quintile, household composition, degree of urbanisation and frequency",A,Annual,GE1Y,At least once a year,FRD,Friends,TOTAL,Total,TOTAL,Total,TOTAL,Total,PC,Percentage,FR,France,2015,,6.8,,,,,
dataflow,ESTAT:ILC_SCP12$DV_2746(1.0),"Persons having contacts with family and relatives or friends by income quintile, household composition, degree of urbanisation and frequency",A,Annual,GE1Y,At least once a year,FRD,Friends,TOTAL,Total,TOTAL,Total,TOTAL,Total,PC,Percentage,FR,France,2022,,4.5,,,,,
dataflow,ESTAT:ILC_SCP12$DV_2746(1.0),"Persons having contacts with family and relatives or friends by income quintile, household composition, degree of urbanisation and frequency",A,Annual,GE1Y,At least once a year,FRD,Friends,TOTAL,Total,TOTAL,Total,TOTAL,Total,PC,Percentage,HR,Croatia,2015,,2.6,,,,,
dataflow,ESTAT:ILC_SCP12$DV_2746(1.0),"Persons having contacts with family and relatives or friends by income quintile, household composition, degree of urbanisation and frequency",A,Annual,GE1Y,At least once a year,FRD,Friends,TOTAL,Total,TOTAL,Total,TOTAL,Total,PC,Percentage,HR,Croatia,2022,,2.2,,,,,
dataflow,ESTAT:ILC_SCP12$DV_2746(1.0),"Persons having contacts with family and relatives or friends by income quintile, household composition, degree of urbanisation and frequency",A,Annual,GE1Y,At least once a year,FRD,Friends,TOTAL,Total,TOTAL,Total,TOTAL,Total,PC,Percentage,HU,Hungary,2015,,5.4,,,,,
dataflow,ESTAT:ILC_SCP12$DV_2746(1.0),"Persons having contacts with family and relatives or friends by income quintile, household composition, degree of urbanisation and frequency",A,Annual,GE1Y,At least once a year,FRD,Friends,TOTAL,Total,TOTAL,Total,TOTAL,Total,PC,Percentage,HU,Hungary,2022,,3.8,,,,,
dataflow,ESTAT:ILC_SCP12$DV_2746(1.0),"Persons having contacts with family and relatives or friends by income quintile, household composition, degree of urbanisation and frequency",A,Annual,GE1Y,At least once a year,FRD,Friends,TOTAL,Total,TOTAL,Total,TOTAL,Total,PC,Percentage,IE,Ireland,2015,,1.9,,u,low reliability,,
dataflow,ESTAT:ILC_SCP12$DV_2746(1.0),"Persons having contacts with family and relatives or friends by income quintile, household composition, degree of urbanisation and frequency",A,Annual,GE1Y,At least once a year,FRD,Friends,TOTAL,Total,TOTAL,Total,TOTAL,Total,PC,Percentage,IE,Ireland,2022,,2.7,,,,,
dataflow,ESTAT:ILC_SCP12$DV_2746(1.0),"Persons having contacts with family and relatives or friends by income quintile, household composition, degree of urbanisation and frequency",A,Annual,GE1Y,At least once a year,FRD,Friends,TOTAL,Total,TOTAL,Total,TOTAL,Total,PC,Percentage,IS,Iceland,2015,,2.2,,,,,
dataflow,ESTAT:ILC_SCP12$DV_2746(1.0),"Persons having contacts with family and relatives or friends by income quintile, household composition, degree of urbanisation and frequency",A,Annual,GE1Y,At least once a year,FRD,Friends,TOTAL,Total,TOTAL,Total,TOTAL,Total,PC,Percentage,IT,Italy,2015,,3.1,,,,,
dataflow,ESTAT:ILC_SCP12$DV_2746(1.0),"Persons having contacts with family and relatives or friends by income quintile, household composition, degree of urbanisation and frequency",A,Annual,GE1Y,At least once a year,FRD,Friends,TOTAL,Total,TOTAL,Total,TOTAL,Total,PC,Percentage,IT,Italy,2022,,1.8,,,,,
dataflow,ESTAT:ILC_SCP12$DV_2746(1.0),"Persons having contacts with family and relatives or friends by income quintile, household composition, degree of urbanisation and frequency",A,Annual,GE1Y,At least once a year,FRD,Friends,TOTAL,Total,TOTAL,Total,TOTAL,Total,PC,Percentage,LT,Lithuania,2015,,7.2,,,,,
dataflow,ESTAT:ILC_SCP12$DV_2746(1.0),"Persons having contacts with family and relatives or friends by income quintile, household composition, degree of urbanisation and frequency",A,Annual,GE1Y,At least once a year,FRD,Friends,TOTAL,Total,TOTAL,Total,TOTAL,Total,PC,Percentage,LT,Lithuania,2022,,5.6,,,,,
dataflow,ESTAT:ILC_SCP12$DV_2746(1.0),"Persons having contacts with family and relatives or friends by income quintile, household composition, degree of urbanisation and frequency",A,Annual,GE1Y,At least once a year,FRD,Friends,TOTAL,Total,TOTAL,Total,TOTAL,Total,PC,Percentage,LU,Luxembourg,2015,,3.1,,,,,
dataflow,ESTAT:ILC_SCP12$DV_2746(1.0),"Persons having contacts with family and relatives or friends by income quintile, household composition, degree of urbanisation and frequency",A,Annual,GE1Y,At least once a year,FRD,Friends,TOTAL,Total,TOTAL,Total,TOTAL,Total,PC,Percentage,LU,Luxembourg,2022,,4.7,,,,,
dataflow,ESTAT:ILC_SCP12$DV_2746(1.0),"Persons having contacts with family and relatives or friends by income quintile, household composition, degree of urbanisation and frequency",A,Annual,GE1Y,At least once a year,FRD,Friends,TOTAL,Total,TOTAL,Total,TOTAL,Total,PC,Percentage,LV,Latvia,2015,,2.3,,,,,
dataflow,ESTAT:ILC_SCP12$DV_2746(1.0),"Persons having contacts with family and relatives or friends by income quintile, household composition, degree of urbanisation and frequency",A,Annual,GE1Y,At least once a year,FRD,Friends,TOTAL,Total,TOTAL,Total,TOTAL,Total,PC,Percentage,LV,Latvia,2022,,1.2,,,,,
dataflow,ESTAT:ILC_SCP12$DV_2746(1.0),"Persons having contacts with family and relatives or friends by income quintile, household composition, degree of urbanisation and frequency",A,Annual,GE1Y,At least once a year,FRD,Friends,TOTAL,Total,TOTAL,Total,TOTAL,Total,PC,Percentage,MT,Malta,2015,,4.2,,,,,
dataflow,ESTAT:ILC_SCP12$DV_2746(1.0),"Persons having contacts with family and relatives or friends by income quintile, household composition, degree of urbanisation and frequency",A,Annual,GE1Y,At least once a year,FRD,Friends,TOTAL,Total,TOTAL,Total,TOTAL,Total,PC,Percentage,MT,Malta,2022,,3.7,,,,,
dataflow,ESTAT:ILC_SCP12$DV_2746(1.0),"Persons having contacts with family and relatives or friends by income quintile, household composition, degree of urbanisation and frequency",A,Annual,GE1Y,At least once a year,FRD,Friends,TOTAL,Total,TOTAL,Total,TOTAL,Total,PC,Percentage,NL,Netherlands,2015,,3.4,,,,,
dataflow,ESTAT:ILC_SCP12$DV_2746(1.0),"Persons having contacts with family and relatives or friends by income quintile, household composition, degree of urbanisation and frequency",A,Annual,GE1Y,At least once a year,FRD,Friends,TOTAL,Total,TOTAL,Total,TOTAL,Total,PC,Percentage,NL,Netherlands,2022,,4.1,,,,,
dataflow,ESTAT:ILC_SCP12$DV_2746(1.0),"Persons having contacts with family and relatives or friends by income quintile, household composition, degree of urbanisation and frequency",A,Annual,GE1Y,At least once a year,FRD,Friends,TOTAL,Total,TOTAL,Total,TOTAL,Total,PC,Percentage,NO,Norway,2015,,1.2,,,,,
dataflow,ESTAT:ILC_SCP12$DV_2746(1.0),"Persons having contacts with family and relatives or friends by income quintile, household composition, degree of urbanisation and frequency",A,Annual,GE1Y,At least once a year,FRD,Friends,TOTAL,Total,TOTAL,Total,TOTAL,Total,PC,Percentage,NO,Norway,2022,,0.9,,,,,
dataflow,ESTAT:ILC_SCP12$DV_2746(1.0),"Persons having contacts with family and relatives or friends by income quintile, household composition, degree of urbanisation and frequency",A,Annual,GE1Y,At least once a year,FRD,Friends,TOTAL,Total,TOTAL,Total,TOTAL,Total,PC,Percentage,PL,Poland,2015,,9.9,,u,low reliability,,
dataflow,ESTAT:ILC_SCP12$DV_2746(1.0),"Persons having contacts with family and relatives or friends by income quintile, household composition, degree of urbanisation and frequency",A,Annual,GE1Y,At least once a year,FRD,Friends,TOTAL,Total,TOTAL,Total,TOTAL,Total,PC,Percentage,PL,Poland,2022,,5.4,,,,,
dataflow,ESTAT:ILC_SCP12$DV_2746(1.0),"Persons having contacts with family and relatives or friends by income quintile, household composition, degree of urbanisation and frequency",A,Annual,GE1Y,At least once a year,FRD,Friends,TOTAL,Total,TOTAL,Total,TOTAL,Total,PC,Percentage,PT,Portugal,2015,,7.5,,,,,
dataflow,ESTAT:ILC_SCP12$DV_2746(1.0),"Persons having contacts with family and relatives or friends by income quintile, household composition, degree of urbanisation and frequency",A,Annual,GE1Y,At least once a year,FRD,Friends,TOTAL,Total,TOTAL,Total,TOTAL,Total,PC,Percentage,PT,Portugal,2022,,4.8,,,,,
dataflow,ESTAT:ILC_SCP12$DV_2746(1.0),"Persons having contacts with family and relatives or friends by income quintile, household composition, degree of urbanisation and frequency",A,Annual,GE1Y,At least once a year,FRD,Friends,TOTAL,Total,TOTAL,Total,TOTAL,Total,PC,Percentage,RO,Romania,2015,,9.6,,,,,
dataflow,ESTAT:ILC_SCP12$DV_2746(1.0),"Persons having contacts with family and relatives or friends by income quintile, household composition, degree of urbanisation and frequency",A,Annual,GE1Y,At least once a year,FRD,Friends,TOTAL,Total,TOTAL,Total,TOTAL,Total,PC,Percentage,RO,Romania,2022,,5.7,,,,,
dataflow,ESTAT:ILC_SCP12$DV_2746(1.0),"Persons having contacts with family and relatives or friends by income quintile, household composition, degree of urbanisation and frequency",A,Annual,GE1Y,At least once a year,FRD,Friends,TOTAL,Total,TOTAL,Total,TOTAL,Total,PC,Percentage,RS,Serbia,2015,,2.5,,,,,
dataflow,ESTAT:ILC_SCP12$DV_2746(1.0),"Persons having contacts with family and relatives or friends by income quintile, household composition, degree of urbanisation and frequency",A,Annual,GE1Y,At least once a year,FRD,Friends,TOTAL,Total,TOTAL,Total,TOTAL,Total,PC,Percentage,RS,Serbia,2022,,1.0,,,,,
dataflow,ESTAT:ILC_SCP12$DV_2746(1.0),"Persons having contacts with family and relatives or friends by income quintile, household composition, degree of urbanisation and frequency",A,Annual,GE1Y,At least once a year,FRD,Friends,TOTAL,Total,TOTAL,Total,TOTAL,Total,PC,Percentage,SE,Sweden,2015,,1.8,,,,,
dataflow,ESTAT:ILC_SCP12$DV_2746(1.0),"Persons having contacts with family and relatives or friends by income quintile, household composition, degree of urbanisation and frequency",A,Annual,GE1Y,At least once a year,FRD,Friends,TOTAL,Total,TOTAL,Total,TOTAL,Total,PC,Percentage,SE,Sweden,2022,,2.6,,,,,
dataflow,ESTAT:ILC_SCP12$DV_2746(1.0),"Persons having contacts with family and relatives or friends by income quintile, household composition, degree of urbanisation and frequency",A,Annual,GE1Y,At least once a year,FRD,Friends,TOTAL,Total,TOTAL,Total,TOTAL,Total,PC,Percentage,SI,Slovenia,2015,,3.3,,,,,
dataflow,ESTAT:ILC_SCP12$DV_2746(1.0),"Persons having contacts with family and relatives or friends by income quintile, household composition, degree of urbanisation and frequency",A,Annual,GE1Y,At least once a year,FRD,Friends,TOTAL,Total,TOTAL,Total,TOTAL,Total,PC,Percentage,SI,Slovenia,2022,,2.3,,,,,
dataflow,ESTAT:ILC_SCP12$DV_2746(1.0),"Persons having contacts with family and relatives or friends by income quintile, household composition, degree of urbanisation and frequency",A,Annual,GE1Y,At least once a year,FRD,Friends,TOTAL,Total,TOTAL,Total,TOTAL,Total,PC,Percentage,SK,Slovakia,2015,,5.1,,,,,
dataflow,ESTAT:ILC_SCP12$DV_2746(1.0),"Persons having contacts with family and relatives or friends by income quintile, household composition, degree of urbanisation and frequency",A,Annual,GE1Y,At least once a year,FRD,Friends,TOTAL,Total,TOTAL,Total,TOTAL,Total,PC,Percentage,SK,Slovakia,2022,,4.3,,,,,
dataflow,ESTAT:ILC_SCP12$DV_2746(1.0),"Persons having contacts with family and relatives or friends by income quintile, household composition, degree of urbanisation and frequency",A,Annual,GE1Y,At least once a year,FRD,Friends,TOTAL,Total,TOTAL,Total,TOTAL,Total,PC,Percentage,UK,United Kingdom,2015,,2.5,,u,low reliability,,
dataflow,ESTAT:ILC_SCP12$DV_2746(1.0),"Persons having contacts with family and relatives or friends by income quintile, household composition, degree of urbanisation and frequency",A,Annual,NM12,Not in the last 12 months,FAM_REL,Family and relatives,TOTAL,Total,TOTAL,Total,TOTAL,Total,PC,Percentage,AL,Albania,2022,,1.5,,,,,
dataflow,ESTAT:ILC_SCP12$DV_2746(1.0),"Persons having contacts with family and relatives or friends by income quintile, household composition, degree of urbanisation and frequency",A,Annual,NM12,Not in the last 12 months,FAM_REL,Family and relatives,TOTAL,Total,TOTAL,Total,TOTAL,Total,PC,Percentage,AT,Austria,2015,,3.3,,,,,
dataflow,ESTAT:ILC_SCP12$DV_2746(1.0),"Persons having contacts with family and relatives or friends by income quintile, household composition, degree of urbanisation and frequency",A,Annual,NM12,Not in the last 12 months,FAM_REL,Family and relatives,TOTAL,Total,TOTAL,Total,TOTAL,Total,PC,Percentage,AT,Austria,2022,,3.4,,,,,
dataflow,ESTAT:ILC_SCP12$DV_2746(1.0),"Persons having contacts with family and relatives or friends by income quintile, household composition, degree of urbanisation and frequency",A,Annual,NM12,Not in the last 12 months,FAM_REL,Family and relatives,TOTAL,Total,TOTAL,Total,TOTAL,Total,PC,Percentage,BE,Belgium,2015,,3.7,,,,,
dataflow,ESTAT:ILC_SCP12$DV_2746(1.0),"Persons having contacts with family and relatives or friends by income quintile, household composition, degree of urbanisation and frequency",A,Annual,NM12,Not in the last 12 months,FAM_REL,Family and relatives,TOTAL,Total,TOTAL,Total,TOTAL,Total,PC,Percentage,BE,Belgium,2022,,2.7,,,,,
dataflow,ESTAT:ILC_SCP12$DV_2746(1.0),"Persons having contacts with family and relatives or friends by income quintile, household composition, degree of urbanisation and frequency",A,Annual,NM12,Not in the last 12 months,FAM_REL,Family and relatives,TOTAL,Total,TOTAL,Total,TOTAL,Total,PC,Percentage,BG,Bulgaria,2015,,2.0,,,,,
dataflow,ESTAT:ILC_SCP12$DV_2746(1.0),"Persons having contacts with family and relatives or friends by income quintile, household composition, degree of urbanisation and frequency",A,Annual,NM12,Not in the last 12 months,FAM_REL,Family and relatives,TOTAL,Total,TOTAL,Total,TOTAL,Total,PC,Percentage,BG,Bulgaria,2022,,1.0,,,,,
dataflow,ESTAT:ILC_SCP12$DV_2746(1.0),"Persons having contacts with family and relatives or friends by income quintile, household composition, degree of urbanisation and frequency",A,Annual,NM12,Not in the last 12 months,FAM_REL,Family and relatives,TOTAL,Total,TOTAL,Total,TOTAL,Total,PC,Percentage,CH,Switzerland,2015,,1.2,,,,,
dataflow,ESTAT:ILC_SCP12$DV_2746(1.0),"Persons having contacts with family and relatives or friends by income quintile, household composition, degree of urbanisation and frequency",A,Annual,NM12,Not in the last 12 months,FAM_REL,Family and relatives,TOTAL,Total,TOTAL,Total,TOTAL,Total,PC,Percentage,CH,Switzerland,2022,,1.4,,,,,
dataflow,ESTAT:ILC_SCP12$DV_2746(1.0),"Persons having contacts with family and relatives or friends by income quintile, household composition, degree of urbanisation and frequency",A,Annual,NM12,Not in the last 12 months,FAM_REL,Family and relatives,TOTAL,Total,TOTAL,Total,TOTAL,Total,PC,Percentage,CY,Cyprus,2015,,0.9,,,,,
dataflow,ESTAT:ILC_SCP12$DV_2746(1.0),"Persons having contacts with family and relatives or friends by income quintile, household composition, degree of urbanisation and frequency",A,Annual,NM12,Not in the last 12 months,FAM_REL,Family and relatives,TOTAL,Total,TOTAL,Total,TOTAL,Total,PC,Percentage,CY,Cyprus,2022,,0.9,,,,,
dataflow,ESTAT:ILC_SCP12$DV_2746(1.0),"Persons having contacts with family and relatives or friends by income quintile, household composition, degree of urbanisation and frequency",A,Annual,NM12,Not in the last 12 months,FAM_REL,Family and relatives,TOTAL,Total,TOTAL,Total,TOTAL,Total,PC,Percentage,CZ,Czechia,2015,,2.6,,,,,
dataflow,ESTAT:ILC_SCP12$DV_2746(1.0),"Persons having contacts with family and relatives or friends by income quintile, household composition, degree of urbanisation and frequency",A,Annual,NM12,Not in the last 12 months,FAM_REL,Family and relatives,TOTAL,Total,TOTAL,Total,TOTAL,Total,PC,Percentage,CZ,Czechia,2022,,2.3,,,,,
dataflow,ESTAT:ILC_SCP12$DV_2746(1.0),"Persons having contacts with family and relatives or friends by income quintile, household composition, degree of urbanisation and frequency",A,Annual,NM12,Not in the last 12 months,FAM_REL,Family and relatives,TOTAL,Total,TOTAL,Total,TOTAL,Total,PC,Percentage,DE,Germany,2015,,1.7,,,,,
dataflow,ESTAT:ILC_SCP12$DV_2746(1.0),"Persons having contacts with family and relatives or friends by income quintile, household composition, degree of urbanisation and frequency",A,Annual,NM12,Not in the last 12 months,FAM_REL,Family and relatives,TOTAL,Total,TOTAL,Total,TOTAL,Total,PC,Percentage,DE,Germany,2022,,,,u,low reliability,,
dataflow,ESTAT:ILC_SCP12$DV_2746(1.0),"Persons having contacts with family and relatives or friends by income quintile, household composition, degree of urbanisation and frequency",A,Annual,NM12,Not in the last 12 months,FAM_REL,Family and relatives,TOTAL,Total,TOTAL,Total,TOTAL,Total,PC,Percentage,DK,Denmark,2015,,1.5,,,,,
dataflow,ESTAT:ILC_SCP12$DV_2746(1.0),"Persons having contacts with family and relatives or friends by income quintile, household composition, degree of urbanisation and frequency",A,Annual,NM12,Not in the last 12 months,FAM_REL,Family and relatives,TOTAL,Total,TOTAL,Total,TOTAL,Total,PC,Percentage,DK,Denmark,2022,,1.9,,,,,
dataflow,ESTAT:ILC_SCP12$DV_2746(1.0),"Persons having contacts with family and relatives or friends by income quintile, household composition, degree of urbanisation and frequency",A,Annual,NM12,Not in the last 12 months,FAM_REL,Family and relatives,TOTAL,Total,TOTAL,Total,TOTAL,Total,PC,Percentage,EA20,Euro area – 20 countries (2023-2025),2022,,2.9,,e,estimated,,
dataflow,ESTAT:ILC_SCP12$DV_2746(1.0),"Persons having contacts with family and relatives or friends by income quintile, household composition, degree of urbanisation and frequency",A,Annual,NM12,Not in the last 12 months,FAM_REL,Family and relatives,TOTAL,Total,TOTAL,Total,TOTAL,Total,PC,Percentage,EE,Estonia,2015,,5.5,,,,,
dataflow,ESTAT:ILC_SCP12$DV_2746(1.0),"Persons having contacts with family and relatives or friends by income quintile, household composition, degree of urbanisation and frequency",A,Annual,NM12,Not in the last 12 months,FAM_REL,Family and relatives,TOTAL,Total,TOTAL,Total,TOTAL,Total,PC,Percentage,EE,Estonia,2022,,5.5,,,,,
dataflow,ESTAT:ILC_SCP12$DV_2746(1.0),"Persons having contacts with family and relatives or friends by income quintile, household composition, degree of urbanisation and frequency",A,Annual,NM12,Not in the last 12 months,FAM_REL,Family and relatives,TOTAL,Total,TOTAL,Total,TOTAL,Total,PC,Percentage,EL,Greece,2015,,0.8,,,,,
dataflow,ESTAT:ILC_SCP12$DV_2746(1.0),"Persons having contacts with family and relatives or friends by income quintile, household composition, degree of urbanisation and frequency",A,Annual,NM12,Not in the last 12 months,FAM_REL,Family and relatives,TOTAL,Total,TOTAL,Total,TOTAL,Total,PC,Percentage,EL,Greece,2022,,1.3,,,,,
dataflow,ESTAT:ILC_SCP12$DV_2746(1.0),"Persons having contacts with family and relatives or friends by income quintile, household composition, degree of urbanisation and frequency",A,Annual,NM12,Not in the last 12 months,FAM_REL,Family and relatives,TOTAL,Total,TOTAL,Total,TOTAL,Total,PC,Percentage,ES,Spain,2015,,2.8,,,,,
dataflow,ESTAT:ILC_SCP12$DV_2746(1.0),"Persons having contacts with family and relatives or friends by income quintile, household composition, degree of urbanisation and frequency",A,Annual,NM12,Not in the last 12 months,FAM_REL,Family and relatives,TOTAL,Total,TOTAL,Total,TOTAL,Total,PC,Percentage,ES,Spain,2022,,3.5,,,,,
dataflow,ESTAT:ILC_SCP12$DV_2746(1.0),"Persons having contacts with family and relatives or friends by income quintile, household composition, degree of urbanisation and frequency",A,Annual,NM12,Not in the last 12 months,FAM_REL,Family and relatives,TOTAL,Total,TOTAL,Total,TOTAL,Total,PC,Percentage,EU27_2020,European Union - 27 countries (from 2020),2015,,2.8,,,,,
dataflow,ESTAT:ILC_SCP12$DV_2746(1.0),"Persons having contacts with family and relatives or friends by income quintile, household composition, degree of urbanisation and frequency",A,Annual,NM12,Not in the last 12 months,FAM_REL,Family and relatives,TOTAL,Total,TOTAL,Total,TOTAL,Total,PC,Percentage,EU27_2020,European Union - 27 countries (from 2020),2022,,2.6,,e,estimated,,
dataflow,ESTAT:ILC_SCP12$DV_2746(1.0),"Persons having contacts with family and relatives or friends by income quintile, household composition, degree of urbanisation and frequency",A,Annual,NM12,Not in the last 12 months,FAM_REL,Family and relatives,TOTAL,Total,TOTAL,Total,TOTAL,Total,PC,Percentage,FI,Finland,2015,,1.7,,,,,
dataflow,ESTAT:ILC_SCP12$DV_2746(1.0),"Persons having contacts with family and relatives or friends by income quintile, household composition, degree of urbanisation and frequency",A,Annual,NM12,Not in the last 12 months,FAM_REL,Family and relatives,TOTAL,Total,TOTAL,Total,TOTAL,Total,PC,Percentage,FI,Finland,2022,,2.5,,,,,
dataflow,ESTAT:ILC_SCP12$DV_2746(1.0),"Persons having contacts with family and relatives or friends by income quintile, household composition, degree of urbanisation and frequency",A,Annual,NM12,Not in the last 12 months,FAM_REL,Family and relatives,TOTAL,Total,TOTAL,Total,TOTAL,Total,PC,Percentage,FR,France,2015,,2.7,,,,,
dataflow,ESTAT:ILC_SCP12$DV_2746(1.0),"Persons having contacts with family and relatives or friends by income quintile, household composition, degree of urbanisation and frequency",A,Annual,NM12,Not in the last 12 months,FAM_REL,Family and relatives,TOTAL,Total,TOTAL,Total,TOTAL,Total,PC,Percentage,FR,France,2022,,3.0,,,,,
dataflow,ESTAT:ILC_SCP12$DV_2746(1.0),"Persons having contacts with family and relatives or friends by income quintile, household composition, degree of urbanisation and frequency",A,Annual,NM12,Not in the last 12 months,FAM_REL,Family and relatives,TOTAL,Total,TOTAL,Total,TOTAL,Total,PC,Percentage,HR,Croatia,2015,,4.0,,,,,
dataflow,ESTAT:ILC_SCP12$DV_2746(1.0),"Persons having contacts with family and relatives or friends by income quintile, household composition, degree of urbanisation and frequency",A,Annual,NM12,Not in the last 12 months,FAM_REL,Family and relatives,TOTAL,Total,TOTAL,Total,TOTAL,Total,PC,Percentage,HR,Croatia,2022,,2.2,,,,,
dataflow,ESTAT:ILC_SCP12$DV_2746(1.0),"Persons having contacts with family and relatives or friends by income quintile, household composition, degree of urbanisation and frequency",A,Annual,NM12,Not in the last 12 months,FAM_REL,Family and relatives,TOTAL,Total,TOTAL,Total,TOTAL,Total,PC,Percentage,HU,Hungary,2015,,5.2,,,,,
dataflow,ESTAT:ILC_SCP12$DV_2746(1.0),"Persons having contacts with family and relatives or friends by income quintile, household composition, degree of urbanisation and frequency",A,Annual,NM12,Not in the last 12 months,FAM_REL,Family and relatives,TOTAL,Total,TOTAL,Total,TOTAL,Total,PC,Percentage,HU,Hungary,2022,,2.4,,,,,
dataflow,ESTAT:ILC_SCP12$DV_2746(1.0),"Persons having contacts with family and relatives or friends by income quintile, household composition, degree of urbanisation and frequency",A,Annual,NM12,Not in the last 12 months,FAM_REL,Family and relatives,TOTAL,Total,TOTAL,Total,TOTAL,Total,PC,Percentage,IE,Ireland,2015,,2.1,,u,low reliability,,
dataflow,ESTAT:ILC_SCP12$DV_2746(1.0),"Persons having contacts with family and relatives or friends by income quintile, household composition, degree of urbanisation and frequency",A,Annual,NM12,Not in the last 12 months,FAM_REL,Family and relatives,TOTAL,Total,TOTAL,Total,TOTAL,Total,PC,Percentage,IE,Ireland,2022,,3.0,,,,,
dataflow,ESTAT:ILC_SCP12$DV_2746(1.0),"Persons having contacts with family and relatives or friends by income quintile, household composition, degree of urbanisation and frequency",A,Annual,NM12,Not in the last 12 months,FAM_REL,Family and relatives,TOTAL,Total,TOTAL,Total,TOTAL,Total,PC,Percentage,IS,Iceland,2015,,0.6,,,,,
dataflow,ESTAT:ILC_SCP12$DV_2746(1.0),"Persons having contacts with family and relatives or friends by income quintile, household composition, degree of urbanisation and frequency",A,Annual,NM12,Not in the last 12 months,FAM_REL,Family and relatives,TOTAL,Total,TOTAL,Total,TOTAL,Total,PC,Percentage,IT,Italy,2015,,3.8,,,,,
dataflow,ESTAT:ILC_SCP12$DV_2746(1.0),"Persons having contacts with family and relatives or friends by income quintile, household composition, degree of urbanisation and frequency",A,Annual,NM12,Not in the last 12 months,FAM_REL,Family and relatives,TOTAL,Total,TOTAL,Total,TOTAL,Total,PC,Percentage,IT,Italy,2022,,2.7,,,,,
dataflow,ESTAT:ILC_SCP12$DV_2746(1.0),"Persons having contacts with family and relatives or friends by income quintile, household composition, degree of urbanisation and frequency",A,Annual,NM12,Not in the last 12 months,FAM_REL,Family and relatives,TOTAL,Total,TOTAL,Total,TOTAL,Total,PC,Percentage,LT,Lithuania,2015,,1.5,,,,,
dataflow,ESTAT:ILC_SCP12$DV_2746(1.0),"Persons having contacts with family and relatives or friends by income quintile, household composition, degree of urbanisation and frequency",A,Annual,NM12,Not in the last 12 months,FAM_REL,Family and relatives,TOTAL,Total,TOTAL,Total,TOTAL,Total,PC,Percentage,LT,Lithuania,2022,,2.0,,,,,
dataflow,ESTAT:ILC_SCP12$DV_2746(1.0),"Persons having contacts with family and relatives or friends by income quintile, household composition, degree of urbanisation and frequency",A,Annual,NM12,Not in the last 12 months,FAM_REL,Family and relatives,TOTAL,Total,TOTAL,Total,TOTAL,Total,PC,Percentage,LU,Luxembourg,2015,,3.9,,,,,
dataflow,ESTAT:ILC_SCP12$DV_2746(1.0),"Persons having contacts with family and relatives or friends by income quintile, household composition, degree of urbanisation and frequency",A,Annual,NM12,Not in the last 12 months,FAM_REL,Family and relatives,TOTAL,Total,TOTAL,Total,TOTAL,Total,PC,Percentage,LU,Luxembourg,2022,,2.0,,,,,
dataflow,ESTAT:ILC_SCP12$DV_2746(1.0),"Persons having contacts with family and relatives or friends by income quintile, household composition, degree of urbanisation and frequency",A,Annual,NM12,Not in the last 12 months,FAM_REL,Family and relatives,TOTAL,Total,TOTAL,Total,TOTAL,Total,PC,Percentage,LV,Latvia,2015,,2.6,,,,,
dataflow,ESTAT:ILC_SCP12$DV_2746(1.0),"Persons having contacts with family and relatives or friends by income quintile, household composition, degree of urbanisation and frequency",A,Annual,NM12,Not in the last 12 months,FAM_REL,Family and relatives,TOTAL,Total,TOTAL,Total,TOTAL,Total,PC,Percentage,LV,Latvia,2022,,4.2,,,,,
dataflow,ESTAT:ILC_SCP12$DV_2746(1.0),"Persons having contacts with family and relatives or friends by income quintile, household composition, degree of urbanisation and frequency",A,Annual,NM12,Not in the last 12 months,FAM_REL,Family and relatives,TOTAL,Total,TOTAL,Total,TOTAL,Total,PC,Percentage,MT,Malta,2015,,4.9,,,,,
dataflow,ESTAT:ILC_SCP12$DV_2746(1.0),"Persons having contacts with family and relatives or friends by income quintile, household composition, degree of urbanisation and frequency",A,Annual,NM12,Not in the last 12 months,FAM_REL,Family and relatives,TOTAL,Total,TOTAL,Total,TOTAL,Total,PC,Percentage,MT,Malta,2022,,2.9,,,,,
dataflow,ESTAT:ILC_SCP12$DV_2746(1.0),"Persons having contacts with family and relatives or friends by income quintile, household composition, degree of urbanisation and frequency",A,Annual,NM12,Not in the last 12 months,FAM_REL,Family and relatives,TOTAL,Total,TOTAL,Total,TOTAL,Total,PC,Percentage,NL,Netherlands,2015,,1.1,,,,,
dataflow,ESTAT:ILC_SCP12$DV_2746(1.0),"Persons having contacts with family and relatives or friends by income quintile, household composition, degree of urbanisation and frequency",A,Annual,NM12,Not in the last 12 months,FAM_REL,Family and relatives,TOTAL,Total,TOTAL,Total,TOTAL,Total,PC,Percentage,NL,Netherlands,2022,,2.3,,,,,
dataflow,ESTAT:ILC_SCP12$DV_2746(1.0),"Persons having contacts with family and relatives or friends by income quintile, household composition, degree of urbanisation and frequency",A,Annual,NM12,Not in the last 12 months,FAM_REL,Family and relatives,TOTAL,Total,TOTAL,Total,TOTAL,Total,PC,Percentage,NO,Norway,2015,,0.6,,,,,
dataflow,ESTAT:ILC_SCP12$DV_2746(1.0),"Persons having contacts with family and relatives or friends by income quintile, household composition, degree of urbanisation and frequency",A,Annual,NM12,Not in the last 12 months,FAM_REL,Family and relatives,TOTAL,Total,TOTAL,Total,TOTAL,Total,PC,Percentage,NO,Norway,2022,,1.3,,,,,
dataflow,ESTAT:ILC_SCP12$DV_2746(1.0),"Persons having contacts with family and relatives or friends by income quintile, household composition, degree of urbanisation and frequency",A,Annual,NM12,Not in the last 12 months,FAM_REL,Family and relatives,TOTAL,Total,TOTAL,Total,TOTAL,Total,PC,Percentage,PL,Poland,2015,,2.3,,u,low reliability,,
dataflow,ESTAT:ILC_SCP12$DV_2746(1.0),"Persons having contacts with family and relatives or friends by income quintile, household composition, degree of urbanisation and frequency",A,Annual,NM12,Not in the last 12 months,FAM_REL,Family and relatives,TOTAL,Total,TOTAL,Total,TOTAL,Total,PC,Percentage,PL,Poland,2022,,1.4,,,,,
dataflow,ESTAT:ILC_SCP12$DV_2746(1.0),"Persons having contacts with family and relatives or friends by income quintile, household composition, degree of urbanisation and frequency",A,Annual,NM12,Not in the last 12 months,FAM_REL,Family and relatives,TOTAL,Total,TOTAL,Total,TOTAL,Total,PC,Percentage,PT,Portugal,2015,,7.2,,,,,
dataflow,ESTAT:ILC_SCP12$DV_2746(1.0),"Persons having contacts with family and relatives or friends by income quintile, household composition, degree of urbanisation and frequency",A,Annual,NM12,Not in the last 12 months,FAM_REL,Family and relatives,TOTAL,Total,TOTAL,Total,TOTAL,Total,PC,Percentage,PT,Portugal,2022,,4.0,,,,,
dataflow,ESTAT:ILC_SCP12$DV_2746(1.0),"Persons having contacts with family and relatives or friends by income quintile, household composition, degree of urbanisation and frequency",A,Annual,NM12,Not in the last 12 months,FAM_REL,Family and relatives,TOTAL,Total,TOTAL,Total,TOTAL,Total,PC,Percentage,RO,Romania,2015,,3.8,,,,,
dataflow,ESTAT:ILC_SCP12$DV_2746(1.0),"Persons having contacts with family and relatives or friends by income quintile, household composition, degree of urbanisation and frequency",A,Annual,NM12,Not in the last 12 months,FAM_REL,Family and relatives,TOTAL,Total,TOTAL,Total,TOTAL,Total,PC,Percentage,RO,Romania,2022,,1.1,,,,,
dataflow,ESTAT:ILC_SCP12$DV_2746(1.0),"Persons having contacts with family and relatives or friends by income quintile, household composition, degree of urbanisation and frequency",A,Annual,NM12,Not in the last 12 months,FAM_REL,Family and relatives,TOTAL,Total,TOTAL,Total,TOTAL,Total,PC,Percentage,RS,Serbia,2015,,2.1,,,,,
dataflow,ESTAT:ILC_SCP12$DV_2746(1.0),"Persons having contacts with family and relatives or friends by income quintile, household composition, degree of urbanisation and frequency",A,Annual,NM12,Not in the last 12 months,FAM_REL,Family and relatives,TOTAL,Total,TOTAL,Total,TOTAL,Total,PC,Percentage,RS,Serbia,2022,,5.1,,,,,
dataflow,ESTAT:ILC_SCP12$DV_2746(1.0),"Persons having contacts with family and relatives or friends by income quintile, household composition, degree of urbanisation and frequency",A,Annual,NM12,Not in the last 12 months,FAM_REL,Family and relatives,TOTAL,Total,TOTAL,Total,TOTAL,Total,PC,Percentage,SE,Sweden,2015,,2.2,,,,,
dataflow,ESTAT:ILC_SCP12$DV_2746(1.0),"Persons having contacts with family and relatives or friends by income quintile, household composition, degree of urbanisation and frequency",A,Annual,NM12,Not in the last 12 months,FAM_REL,Family and relatives,TOTAL,Total,TOTAL,Total,TOTAL,Total,PC,Percentage,SE,Sweden,2022,,1.9,,,,,
dataflow,ESTAT:ILC_SCP12$DV_2746(1.0),"Persons having contacts with family and relatives or friends by income quintile, household composition, degree of urbanisation and frequency",A,Annual,NM12,Not in the last 12 months,FAM_REL,Family and relatives,TOTAL,Total,TOTAL,Total,TOTAL,Total,PC,Percentage,SI,Slovenia,2015,,3.0,,,,,
dataflow,ESTAT:ILC_SCP12$DV_2746(1.0),"Persons having contacts with family and relatives or friends by income quintile, household composition, degree of urbanisation and frequency",A,Annual,NM12,Not in the last 12 months,FAM_REL,Family and relatives,TOTAL,Total,TOTAL,Total,TOTAL,Total,PC,Percentage,SI,Slovenia,2022,,2.0,,,,,
dataflow,ESTAT:ILC_SCP12$DV_2746(1.0),"Persons having contacts with family and relatives or friends by income quintile, household composition, degree of urbanisation and frequency",A,Annual,NM12,Not in the last 12 months,FAM_REL,Family and relatives,TOTAL,Total,TOTAL,Total,TOTAL,Total,PC,Percentage,SK,Slovakia,2015,,2.5,,,,,
dataflow,ESTAT:ILC_SCP12$DV_2746(1.0),"Persons having contacts with family and relatives or friends by income quintile, household composition, degree of urbanisation and frequency",A,Annual,NM12,Not in the last 12 months,FAM_REL,Family and relatives,TOTAL,Total,TOTAL,Total,TOTAL,Total,PC,Percentage,SK,Slovakia,2022,,3.0,,,,,
dataflow,ESTAT:ILC_SCP12$DV_2746(1.0),"Persons having contacts with family and relatives or friends by income quintile, household composition, degree of urbanisation and frequency",A,Annual,NM12,Not in the last 12 months,FAM_REL,Family and relatives,TOTAL,Total,TOTAL,Total,TOTAL,Total,PC,Percentage,UK,United Kingdom,2015,,5.9,,u,low reliability,,
dataflow,ESTAT:ILC_SCP12$DV_2746(1.0),"Persons having contacts with family and relatives or friends by income quintile, household composition, degree of urbanisation and frequency",A,Annual,NM12,Not in the last 12 months,FRD,Friends,TOTAL,Total,TOTAL,Total,TOTAL,Total,PC,Percentage,AL,Albania,2022,,5.1,,,,,
dataflow,ESTAT:ILC_SCP12$DV_2746(1.0),"Persons having contacts with family and relatives or friends by income quintile, household composition, degree of urbanisation and frequency",A,Annual,NM12,Not in the last 12 months,FRD,Friends,TOTAL,Total,TOTAL,Total,TOTAL,Total,PC,Percentage,AT,Austria,2015,,4.0,,,,,
dataflow,ESTAT:ILC_SCP12$DV_2746(1.0),"Persons having contacts with family and relatives or friends by income quintile, household composition, degree of urbanisation and frequency",A,Annual,NM12,Not in the last 12 months,FRD,Friends,TOTAL,Total,TOTAL,Total,TOTAL,Total,PC,Percentage,AT,Austria,2022,,3.0,,,,,
dataflow,ESTAT:ILC_SCP12$DV_2746(1.0),"Persons having contacts with family and relatives or friends by income quintile, household composition, degree of urbanisation and frequency",A,Annual,NM12,Not in the last 12 months,FRD,Friends,TOTAL,Total,TOTAL,Total,TOTAL,Total,PC,Percentage,BE,Belgium,2015,,4.8,,,,,
dataflow,ESTAT:ILC_SCP12$DV_2746(1.0),"Persons having contacts with family and relatives or friends by income quintile, household composition, degree of urbanisation and frequency",A,Annual,NM12,Not in the last 12 months,FRD,Friends,TOTAL,Total,TOTAL,Total,TOTAL,Total,PC,Percentage,BE,Belgium,2022,,4.0,,,,,
dataflow,ESTAT:ILC_SCP12$DV_2746(1.0),"Persons having contacts with family and relatives or friends by income quintile, household composition, degree of urbanisation and frequency",A,Annual,NM12,Not in the last 12 months,FRD,Friends,TOTAL,Total,TOTAL,Total,TOTAL,Total,PC,Percentage,BG,Bulgaria,2015,,3.6,,,,,
dataflow,ESTAT:ILC_SCP12$DV_2746(1.0),"Persons having contacts with family and relatives or friends by income quintile, household composition, degree of urbanisation and frequency",A,Annual,NM12,Not in the last 12 months,FRD,Friends,TOTAL,Total,TOTAL,Total,TOTAL,Total,PC,Percentage,BG,Bulgaria,2022,,1.1,,,,,
dataflow,ESTAT:ILC_SCP12$DV_2746(1.0),"Persons having contacts with family and relatives or friends by income quintile, household composition, degree of urbanisation and frequency",A,Annual,NM12,Not in the last 12 months,FRD,Friends,TOTAL,Total,TOTAL,Total,TOTAL,Total,PC,Percentage,CH,Switzerland,2015,,1.4,,,,,
dataflow,ESTAT:ILC_SCP12$DV_2746(1.0),"Persons having contacts with family and relatives or friends by income quintile, household composition, degree of urbanisation and frequency",A,Annual,NM12,Not in the last 12 months,FRD,Friends,TOTAL,Total,TOTAL,Total,TOTAL,Total,PC,Percentage,CH,Switzerland,2022,,1.6,,,,,
dataflow,ESTAT:ILC_SCP12$DV_2746(1.0),"Persons having contacts with family and relatives or friends by income quintile, household composition, degree of urbanisation and frequency",A,Annual,NM12,Not in the last 12 months,FRD,Friends,TOTAL,Total,TOTAL,Total,TOTAL,Total,PC,Percentage,CY,Cyprus,2015,,1.8,,,,,
dataflow,ESTAT:ILC_SCP12$DV_2746(1.0),"Persons having contacts with family and relatives or friends by income quintile, household composition, degree of urbanisation and frequency",A,Annual,NM12,Not in the last 12 months,FRD,Friends,TOTAL,Total,TOTAL,Total,TOTAL,Total,PC,Percentage,CY,Cyprus,2022,,1.8,,,,,
dataflow,ESTAT:ILC_SCP12$DV_2746(1.0),"Persons having contacts with family and relatives or friends by income quintile, household composition, degree of urbanisation and frequency",A,Annual,NM12,Not in the last 12 months,FRD,Friends,TOTAL,Total,TOTAL,Total,TOTAL,Total,PC,Percentage,CZ,Czechia,2015,,4.5,,,,,
dataflow,ESTAT:ILC_SCP12$DV_2746(1.0),"Persons having contacts with family and relatives or friends by income quintile, household composition, degree of urbanisation and frequency",A,Annual,NM12,Not in the last 12 months,FRD,Friends,TOTAL,Total,TOTAL,Total,TOTAL,Total,PC,Percentage,CZ,Czechia,2022,,3.2,,,,,
dataflow,ESTAT:ILC_SCP12$DV_2746(1.0),"Persons having contacts with family and relatives or friends by income quintile, household composition, degree of urbanisation and frequency",A,Annual,NM12,Not in the last 12 months,FRD,Friends,TOTAL,Total,TOTAL,Total,TOTAL,Total,PC,Percentage,DE,Germany,2015,,1.9,,,,,
dataflow,ESTAT:ILC_SCP12$DV_2746(1.0),"Persons having contacts with family and relatives or friends by income quintile, household composition, degree of urbanisation and frequency",A,Annual,NM12,Not in the last 12 months,FRD,Friends,TOTAL,Total,TOTAL,Total,TOTAL,Total,PC,Percentage,DE,Germany,2022,,,,u,low reliability,,
dataflow,ESTAT:ILC_SCP12$DV_2746(1.0),"Persons having contacts with family and relatives or friends by income quintile, household composition, degree of urbanisation and frequency",A,Annual,NM12,Not in the last 12 months,FRD,Friends,TOTAL,Total,TOTAL,Total,TOTAL,Total,PC,Percentage,DK,Denmark,2015,,1.5,,,,,
dataflow,ESTAT:ILC_SCP12$DV_2746(1.0),"Persons having contacts with family and relatives or friends by income quintile, household composition, degree of urbanisation and frequency",A,Annual,NM12,Not in the last 12 months,FRD,Friends,TOTAL,Total,TOTAL,Total,TOTAL,Total,PC,Percentage,DK,Denmark,2022,,1.3,,,,,
dataflow,ESTAT:ILC_SCP12$DV_2746(1.0),"Persons having contacts with family and relatives or friends by income quintile, household composition, degree of urbanisation and frequency",A,Annual,NM12,Not in the last 12 months,FRD,Friends,TOTAL,Total,TOTAL,Total,TOTAL,Total,PC,Percentage,EA20,Euro area – 20 countries (2023-2025),2022,,5.3,,e,estimated,,
dataflow,ESTAT:ILC_SCP12$DV_2746(1.0),"Persons having contacts with family and relatives or friends by income quintile, household composition, degree of urbanisation and frequency",A,Annual,NM12,Not in the last 12 months,FRD,Friends,TOTAL,Total,TOTAL,Total,TOTAL,Total,PC,Percentage,EE,Estonia,2015,,5.3,,,,,
dataflow,ESTAT:ILC_SCP12$DV_2746(1.0),"Persons having contacts with family and relatives or friends by income quintile, household composition, degree of urbanisation and frequency",A,Annual,NM12,Not in the last 12 months,FRD,Friends,TOTAL,Total,TOTAL,Total,TOTAL,Total,PC,Percentage,EE,Estonia,2022,,10.1,,,,,
dataflow,ESTAT:ILC_SCP12$DV_2746(1.0),"Persons having contacts with family and relatives or friends by income quintile, household composition, degree of urbanisation and frequency",A,Annual,NM12,Not in the last 12 months,FRD,Friends,TOTAL,Total,TOTAL,Total,TOTAL,Total,PC,Percentage,EL,Greece,2015,,1.6,,,,,
dataflow,ESTAT:ILC_SCP12$DV_2746(1.0),"Persons having contacts with family and relatives or friends by income quintile, household composition, degree of urbanisation and frequency",A,Annual,NM12,Not in the last 12 months,FRD,Friends,TOTAL,Total,TOTAL,Total,TOTAL,Total,PC,Percentage,EL,Greece,2022,,2.0,,,,,
dataflow,ESTAT:ILC_SCP12$DV_2746(1.0),"Persons having contacts with family and relatives or friends by income quintile, household composition, degree of urbanisation and frequency",A,Annual,NM12,Not in the last 12 months,FRD,Friends,TOTAL,Total,TOTAL,Total,TOTAL,Total,PC,Percentage,ES,Spain,2015,,5.7,,,,,
dataflow,ESTAT:ILC_SCP12$DV_2746(1.0),"Persons having contacts with family and relatives or friends by income quintile, household composition, degree of urbanisation and frequency",A,Annual,NM12,Not in the last 12 months,FRD,Friends,TOTAL,Total,TOTAL,Total,TOTAL,Total,PC,Percentage,ES,Spain,2022,,6.5,,,,,
dataflow,ESTAT:ILC_SCP12$DV_2746(1.0),"Persons having contacts with family and relatives or friends by income quintile, household composition, degree of urbanisation and frequency",A,Annual,NM12,Not in the last 12 months,FRD,Friends,TOTAL,Total,TOTAL,Total,TOTAL,Total,PC,Percentage,EU27_2020,European Union - 27 countries (from 2020),2015,,4.5,,,,,
dataflow,ESTAT:ILC_SCP12$DV_2746(1.0),"Persons having contacts with family and relatives or friends by income quintile, household composition, degree of urbanisation and frequency",A,Annual,NM12,Not in the last 12 months,FRD,Friends,TOTAL,Total,TOTAL,Total,TOTAL,Total,PC,Percentage,EU27_2020,European Union - 27 countries (from 2020),2022,,4.8,,e,estimated,,
dataflow,ESTAT:ILC_SCP12$DV_2746(1.0),"Persons having contacts with family and relatives or friends by income quintile, household composition, degree of urbanisation and frequency",A,Annual,NM12,Not in the last 12 months,FRD,Friends,TOTAL,Total,TOTAL,Total,TOTAL,Total,PC,Percentage,FI,Finland,2015,,2.5,,,,,
dataflow,ESTAT:ILC_SCP12$DV_2746(1.0),"Persons having contacts with family and relatives or friends by income quintile, household composition, degree of urbanisation and frequency",A,Annual,NM12,Not in the last 12 months,FRD,Friends,TOTAL,Total,TOTAL,Total,TOTAL,Total,PC,Percentage,FI,Finland,2022,,4.5,,,,,
dataflow,ESTAT:ILC_SCP12$DV_2746(1.0),"Persons having contacts with family and relatives or friends by income quintile, household composition, degree of urbanisation and frequency",A,Annual,NM12,Not in the last 12 months,FRD,Friends,TOTAL,Total,TOTAL,Total,TOTAL,Total,PC,Percentage,FR,France,2015,,4.1,,,,,
dataflow,ESTAT:ILC_SCP12$DV_2746(1.0),"Persons having contacts with family and relatives or friends by income quintile, household composition, degree of urbanisation and frequency",A,Annual,NM12,Not in the last 12 months,FRD,Friends,TOTAL,Total,TOTAL,Total,TOTAL,Total,PC,Percentage,FR,France,2022,,6.4,,,,,
dataflow,ESTAT:ILC_SCP12$DV_2746(1.0),"Persons having contacts with family and relatives or friends by income quintile, household composition, degree of urbanisation and frequency",A,Annual,NM12,Not in the last 12 months,FRD,Friends,TOTAL,Total,TOTAL,Total,TOTAL,Total,PC,Percentage,HR,Croatia,2015,,5.4,,,,,
dataflow,ESTAT:ILC_SCP12$DV_2746(1.0),"Persons having contacts with family and relatives or friends by income quintile, household composition, degree of urbanisation and frequency",A,Annual,NM12,Not in the last 12 months,FRD,Friends,TOTAL,Total,TOTAL,Total,TOTAL,Total,PC,Percentage,HR,Croatia,2022,,2.7,,,,,
dataflow,ESTAT:ILC_SCP12$DV_2746(1.0),"Persons having contacts with family and relatives or friends by income quintile, household composition, degree of urbanisation and frequency",A,Annual,NM12,Not in the last 12 months,FRD,Friends,TOTAL,Total,TOTAL,Total,TOTAL,Total,PC,Percentage,HU,Hungary,2015,,9.1,,,,,
dataflow,ESTAT:ILC_SCP12$DV_2746(1.0),"Persons having contacts with family and relatives or friends by income quintile, household composition, degree of urbanisation and frequency",A,Annual,NM12,Not in the last 12 months,FRD,Friends,TOTAL,Total,TOTAL,Total,TOTAL,Total,PC,Percentage,HU,Hungary,2022,,6.0,,,,,
dataflow,ESTAT:ILC_SCP12$DV_2746(1.0),"Persons having contacts with family and relatives or friends by income quintile, household composition, degree of urbanisation and frequency",A,Annual,NM12,Not in the last 12 months,FRD,Friends,TOTAL,Total,TOTAL,Total,TOTAL,Total,PC,Percentage,IE,Ireland,2015,,4.2,,u,low reliability,,
dataflow,ESTAT:ILC_SCP12$DV_2746(1.0),"Persons having contacts with family and relatives or friends by income quintile, household composition, degree of urbanisation and frequency",A,Annual,NM12,Not in the last 12 months,FRD,Friends,TOTAL,Total,TOTAL,Total,TOTAL,Total,PC,Percentage,IE,Ireland,2022,,2.3,,,,,
dataflow,ESTAT:ILC_SCP12$DV_2746(1.0),"Persons having contacts with family and relatives or friends by income quintile, household composition, degree of urbanisation and frequency",A,Annual,NM12,Not in the last 12 months,FRD,Friends,TOTAL,Total,TOTAL,Total,TOTAL,Total,PC,Percentage,IS,Iceland,2015,,1.8,,,,,
dataflow,ESTAT:ILC_SCP12$DV_2746(1.0),"Persons having contacts with family and relatives or friends by income quintile, household composition, degree of urbanisation and frequency",A,Annual,NM12,Not in the last 12 months,FRD,Friends,TOTAL,Total,TOTAL,Total,TOTAL,Total,PC,Percentage,IT,Italy,2015,,6.6,,,,,
dataflow,ESTAT:ILC_SCP12$DV_2746(1.0),"Persons having contacts with family and relatives or friends by income quintile, household composition, degree of urbanisation and frequency",A,Annual,NM12,Not in the last 12 months,FRD,Friends,TOTAL,Total,TOTAL,Total,TOTAL,Total,PC,Percentage,IT,Italy,2022,,5.9,,,,,
dataflow,ESTAT:ILC_SCP12$DV_2746(1.0),"Persons having contacts with family and relatives or friends by income quintile, household composition, degree of urbanisation and frequency",A,Annual,NM12,Not in the last 12 months,FRD,Friends,TOTAL,Total,TOTAL,Total,TOTAL,Total,PC,Percentage,LT,Lithuania,2015,,3.0,,,,,
dataflow,ESTAT:ILC_SCP12$DV_2746(1.0),"Persons having contacts with family and relatives or friends by income quintile, household composition, degree of urbanisation and frequency",A,Annual,NM12,Not in the last 12 months,FRD,Friends,TOTAL,Total,TOTAL,Total,TOTAL,Total,PC,Percentage,LT,Lithuania,2022,,5.4,,,,,
dataflow,ESTAT:ILC_SCP12$DV_2746(1.0),"Persons having contacts with family and relatives or friends by income quintile, household composition, degree of urbanisation and frequency",A,Annual,NM12,Not in the last 12 months,FRD,Friends,TOTAL,Total,TOTAL,Total,TOTAL,Total,PC,Percentage,LU,Luxembourg,2015,,5.2,,,,,
dataflow,ESTAT:ILC_SCP12$DV_2746(1.0),"Persons having contacts with family and relatives or friends by income quintile, household composition, degree of urbanisation and frequency",A,Annual,NM12,Not in the last 12 months,FRD,Friends,TOTAL,Total,TOTAL,Total,TOTAL,Total,PC,Percentage,LU,Luxembourg,2022,,3.5,,,,,
dataflow,ESTAT:ILC_SCP12$DV_2746(1.0),"Persons having contacts with family and relatives or friends by income quintile, household composition, degree of urbanisation and frequency",A,Annual,NM12,Not in the last 12 months,FRD,Friends,TOTAL,Total,TOTAL,Total,TOTAL,Total,PC,Percentage,LV,Latvia,2015,,1.6,,,,,
dataflow,ESTAT:ILC_SCP12$DV_2746(1.0),"Persons having contacts with family and relatives or friends by income quintile, household composition, degree of urbanisation and frequency",A,Annual,NM12,Not in the last 12 months,FRD,Friends,TOTAL,Total,TOTAL,Total,TOTAL,Total,PC,Percentage,LV,Latvia,2022,,21.1,,,,,
dataflow,ESTAT:ILC_SCP12$DV_2746(1.0),"Persons having contacts with family and relatives or friends by income quintile, household composition, degree of urbanisation and frequency",A,Annual,NM12,Not in the last 12 months,FRD,Friends,TOTAL,Total,TOTAL,Total,TOTAL,Total,PC,Percentage,MT,Malta,2015,,17.4,,,,,
dataflow,ESTAT:ILC_SCP12$DV_2746(1.0),"Persons having contacts with family and relatives or friends by income quintile, household composition, degree of urbanisation and frequency",A,Annual,NM12,Not in the last 12 months,FRD,Friends,TOTAL,Total,TOTAL,Total,TOTAL,Total,PC,Percentage,MT,Malta,2022,,11.4,,,,,
dataflow,ESTAT:ILC_SCP12$DV_2746(1.0),"Persons having contacts with family and relatives or friends by income quintile, household composition, degree of urbanisation and frequency",A,Annual,NM12,Not in the last 12 months,FRD,Friends,TOTAL,Total,TOTAL,Total,TOTAL,Total,PC,Percentage,NL,Netherlands,2015,,1.8,,,,,
dataflow,ESTAT:ILC_SCP12$DV_2746(1.0),"Persons having contacts with family and relatives or friends by income quintile, household composition, degree of urbanisation and frequency",A,Annual,NM12,Not in the last 12 months,FRD,Friends,TOTAL,Total,TOTAL,Total,TOTAL,Total,PC,Percentage,NL,Netherlands,2022,,4.0,,,,,
dataflow,ESTAT:ILC_SCP12$DV_2746(1.0),"Persons having contacts with family and relatives or friends by income quintile, household composition, degree of urbanisation and frequency",A,Annual,NM12,Not in the last 12 months,FRD,Friends,TOTAL,Total,TOTAL,Total,TOTAL,Total,PC,Percentage,NO,Norway,2015,,0.8,,,,,
dataflow,ESTAT:ILC_SCP12$DV_2746(1.0),"Persons having contacts with family and relatives or friends by income quintile, household composition, degree of urbanisation and frequency",A,Annual,NM12,Not in the last 12 months,FRD,Friends,TOTAL,Total,TOTAL,Total,TOTAL,Total,PC,Percentage,NO,Norway,2022,,1.5,,,,,
dataflow,ESTAT:ILC_SCP12$DV_2746(1.0),"Persons having contacts with family and relatives or friends by income quintile, household composition, degree of urbanisation and frequency",A,Annual,NM12,Not in the last 12 months,FRD,Friends,TOTAL,Total,TOTAL,Total,TOTAL,Total,PC,Percentage,PL,Poland,2015,,4.4,,u,low reliability,,
dataflow,ESTAT:ILC_SCP12$DV_2746(1.0),"Persons having contacts with family and relatives or friends by income quintile, household composition, degree of urbanisation and frequency",A,Annual,NM12,Not in the last 12 months,FRD,Friends,TOTAL,Total,TOTAL,Total,TOTAL,Total,PC,Percentage,PL,Poland,2022,,3.1,,,,,
dataflow,ESTAT:ILC_SCP12$DV_2746(1.0),"Persons having contacts with family and relatives or friends by income quintile, household composition, degree of urbanisation and frequency",A,Annual,NM12,Not in the last 12 months,FRD,Friends,TOTAL,Total,TOTAL,Total,TOTAL,Total,PC,Percentage,PT,Portugal,2015,,14.2,,,,,
dataflow,ESTAT:ILC_SCP12$DV_2746(1.0),"Persons having contacts with family and relatives or friends by income quintile, household composition, degree of urbanisation and frequency",A,Annual,NM12,Not in the last 12 months,FRD,Friends,TOTAL,Total,TOTAL,Total,TOTAL,Total,PC,Percentage,PT,Portugal,2022,,8.3,,,,,
dataflow,ESTAT:ILC_SCP12$DV_2746(1.0),"Persons having contacts with family and relatives or friends by income quintile, household composition, degree of urbanisation and frequency",A,Annual,NM12,Not in the last 12 months,FRD,Friends,TOTAL,Total,TOTAL,Total,TOTAL,Total,PC,Percentage,RO,Romania,2015,,6.3,,,,,
dataflow,ESTAT:ILC_SCP12$DV_2746(1.0),"Persons having contacts with family and relatives or friends by income quintile, household composition, degree of urbanisation and frequency",A,Annual,NM12,Not in the last 12 months,FRD,Friends,TOTAL,Total,TOTAL,Total,TOTAL,Total,PC,Percentage,RO,Romania,2022,,2.4,,,,,
dataflow,ESTAT:ILC_SCP12$DV_2746(1.0),"Persons having contacts with family and relatives or friends by income quintile, household composition, degree of urbanisation and frequency",A,Annual,NM12,Not in the last 12 months,FRD,Friends,TOTAL,Total,TOTAL,Total,TOTAL,Total,PC,Percentage,RS,Serbia,2015,,3.0,,,,,
dataflow,ESTAT:ILC_SCP12$DV_2746(1.0),"Persons having contacts with family and relatives or friends by income quintile, household composition, degree of urbanisation and frequency",A,Annual,NM12,Not in the last 12 months,FRD,Friends,TOTAL,Total,TOTAL,Total,TOTAL,Total,PC,Percentage,RS,Serbia,2022,,5.1,,,,,
dataflow,ESTAT:ILC_SCP12$DV_2746(1.0),"Persons having contacts with family and relatives or friends by income quintile, household composition, degree of urbanisation and frequency",A,Annual,NM12,Not in the last 12 months,FRD,Friends,TOTAL,Total,TOTAL,Total,TOTAL,Total,PC,Percentage,SE,Sweden,2015,,2.2,,,,,
dataflow,ESTAT:ILC_SCP12$DV_2746(1.0),"Persons having contacts with family and relatives or friends by income quintile, household composition, degree of urbanisation and frequency",A,Annual,NM12,Not in the last 12 months,FRD,Friends,TOTAL,Total,TOTAL,Total,TOTAL,Total,PC,Percentage,SE,Sweden,2022,,2.2,,,,,
dataflow,ESTAT:ILC_SCP12$DV_2746(1.0),"Persons having contacts with family and relatives or friends by income quintile, household composition, degree of urbanisation and frequency",A,Annual,NM12,Not in the last 12 months,FRD,Friends,TOTAL,Total,TOTAL,Total,TOTAL,Total,PC,Percentage,SI,Slovenia,2015,,3.9,,,,,
dataflow,ESTAT:ILC_SCP12$DV_2746(1.0),"Persons having contacts with family and relatives or friends by income quintile, household composition, degree of urbanisation and frequency",A,Annual,NM12,Not in the last 12 months,FRD,Friends,TOTAL,Total,TOTAL,Total,TOTAL,Total,PC,Percentage,SI,Slovenia,2022,,2.5,,,,,
dataflow,ESTAT:ILC_SCP12$DV_2746(1.0),"Persons having contacts with family and relatives or friends by income quintile, household composition, degree of urbanisation and frequency",A,Annual,NM12,Not in the last 12 months,FRD,Friends,TOTAL,Total,TOTAL,Total,TOTAL,Total,PC,Percentage,SK,Slovakia,2015,,4.6,,,,,
dataflow,ESTAT:ILC_SCP12$DV_2746(1.0),"Persons having contacts with family and relatives or friends by income quintile, household composition, degree of urbanisation and frequency",A,Annual,NM12,Not in the last 12 months,FRD,Friends,TOTAL,Total,TOTAL,Total,TOTAL,Total,PC,Percentage,SK,Slovakia,2022,,4.5,,,,,
dataflow,ESTAT:ILC_SCP12$DV_2746(1.0),"Persons having contacts with family and relatives or friends by income quintile, household composition, degree of urbanisation and frequency",A,Annual,NM12,Not in the last 12 months,FRD,Friends,TOTAL,Total,TOTAL,Total,TOTAL,Total,PC,Percentage,UK,United Kingdom,2015,,8.8,,u,low reliability,,
dataflow,ESTAT:ILC_SCP12$DV_2746(1.0),"Persons having contacts with family and relatives or friends by income quintile, household composition, degree of urbanisation and frequency",A,Annual,SEV_M,Several times a month,FAM_REL,Family and relatives,TOTAL,Total,TOTAL,Total,TOTAL,Total,PC,Percentage,AL,Albania,2022,,11.9,,,,,
dataflow,ESTAT:ILC_SCP12$DV_2746(1.0),"Persons having contacts with family and relatives or friends by income quintile, household composition, degree of urbanisation and frequency",A,Annual,SEV_M,Several times a month,FAM_REL,Family and relatives,TOTAL,Total,TOTAL,Total,TOTAL,Total,PC,Percentage,AT,Austria,2015,,16.5,,,,,
dataflow,ESTAT:ILC_SCP12$DV_2746(1.0),"Persons having contacts with family and relatives or friends by income quintile, household composition, degree of urbanisation and frequency",A,Annual,SEV_M,Several times a month,FAM_REL,Family and relatives,TOTAL,Total,TOTAL,Total,TOTAL,Total,PC,Percentage,AT,Austria,2022,,13.8,,,,,
dataflow,ESTAT:ILC_SCP12$DV_2746(1.0),"Persons having contacts with family and relatives or friends by income quintile, household composition, degree of urbanisation and frequency",A,Annual,SEV_M,Several times a month,FAM_REL,Family and relatives,TOTAL,Total,TOTAL,Total,TOTAL,Total,PC,Percentage,BE,Belgium,2015,,12.2,,,,,
dataflow,ESTAT:ILC_SCP12$DV_2746(1.0),"Persons having contacts with family and relatives or friends by income quintile, household composition, degree of urbanisation and frequency",A,Annual,SEV_M,Several times a month,FAM_REL,Family and relatives,TOTAL,Total,TOTAL,Total,TOTAL,Total,PC,Percentage,BE,Belgium,2022,,11.2,,,,,
dataflow,ESTAT:ILC_SCP12$DV_2746(1.0),"Persons having contacts with family and relatives or friends by income quintile, household composition, degree of urbanisation and frequency",A,Annual,SEV_M,Several times a month,FAM_REL,Family and relatives,TOTAL,Total,TOTAL,Total,TOTAL,Total,PC,Percentage,BG,Bulgaria,2015,,20.2,,,,,
dataflow,ESTAT:ILC_SCP12$DV_2746(1.0),"Persons having contacts with family and relatives or friends by income quintile, household composition, degree of urbanisation and frequency",A,Annual,SEV_M,Several times a month,FAM_REL,Family and relatives,TOTAL,Total,TOTAL,Total,TOTAL,Total,PC,Percentage,BG,Bulgaria,2022,,11.4,,,,,
dataflow,ESTAT:ILC_SCP12$DV_2746(1.0),"Persons having contacts with family and relatives or friends by income quintile, household composition, degree of urbanisation and frequency",A,Annual,SEV_M,Several times a month,FAM_REL,Family and relatives,TOTAL,Total,TOTAL,Total,TOTAL,Total,PC,Percentage,CH,Switzerland,2015,,10.3,,,,,
dataflow,ESTAT:ILC_SCP12$DV_2746(1.0),"Persons having contacts with family and relatives or friends by income quintile, household composition, degree of urbanisation and frequency",A,Annual,SEV_M,Several times a month,FAM_REL,Family and relatives,TOTAL,Total,TOTAL,Total,TOTAL,Total,PC,Percentage,CH,Switzerland,2022,,8.4,,,,,
dataflow,ESTAT:ILC_SCP12$DV_2746(1.0),"Persons having contacts with family and relatives or friends by income quintile, household composition, degree of urbanisation and frequency",A,Annual,SEV_M,Several times a month,FAM_REL,Family and relatives,TOTAL,Total,TOTAL,Total,TOTAL,Total,PC,Percentage,CY,Cyprus,2015,,5.4,,,,,
dataflow,ESTAT:ILC_SCP12$DV_2746(1.0),"Persons having contacts with family and relatives or friends by income quintile, household composition, degree of urbanisation and frequency",A,Annual,SEV_M,Several times a month,FAM_REL,Family and relatives,TOTAL,Total,TOTAL,Total,TOTAL,Total,PC,Percentage,CY,Cyprus,2022,,3.2,,,,,
dataflow,ESTAT:ILC_SCP12$DV_2746(1.0),"Persons having contacts with family and relatives or friends by income quintile, household composition, degree of urbanisation and frequency",A,Annual,SEV_M,Several times a month,FAM_REL,Family and relatives,TOTAL,Total,TOTAL,Total,TOTAL,Total,PC,Percentage,CZ,Czechia,2015,,22.4,,,,,
dataflow,ESTAT:ILC_SCP12$DV_2746(1.0),"Persons having contacts with family and relatives or friends by income quintile, household composition, degree of urbanisation and frequency",A,Annual,SEV_M,Several times a month,FAM_REL,Family and relatives,TOTAL,Total,TOTAL,Total,TOTAL,Total,PC,Percentage,CZ,Czechia,2022,,17.5,,,,,
dataflow,ESTAT:ILC_SCP12$DV_2746(1.0),"Persons having contacts with family and relatives or friends by income quintile, household composition, degree of urbanisation and frequency",A,Annual,SEV_M,Several times a month,FAM_REL,Family and relatives,TOTAL,Total,TOTAL,Total,TOTAL,Total,PC,Percentage,DE,Germany,2015,,18.9,,,,,
dataflow,ESTAT:ILC_SCP12$DV_2746(1.0),"Persons having contacts with family and relatives or friends by income quintile, household composition, degree of urbanisation and frequency",A,Annual,SEV_M,Several times a month,FAM_REL,Family and relatives,TOTAL,Total,TOTAL,Total,TOTAL,Total,PC,Percentage,DE,Germany,2022,,,,u,low reliability,,
dataflow,ESTAT:ILC_SCP12$DV_2746(1.0),"Persons having contacts with family and relatives or friends by income quintile, household composition, degree of urbanisation and frequency",A,Annual,SEV_M,Several times a month,FAM_REL,Family and relatives,TOTAL,Total,TOTAL,Total,TOTAL,Total,PC,Percentage,DK,Denmark,2015,,14.8,,,,,
dataflow,ESTAT:ILC_SCP12$DV_2746(1.0),"Persons having contacts with family and relatives or friends by income quintile, household composition, degree of urbanisation and frequency",A,Annual,SEV_M,Several times a month,FAM_REL,Family and relatives,TOTAL,Total,TOTAL,Total,TOTAL,Total,PC,Percentage,DK,Denmark,2022,,19.8,,,,,
dataflow,ESTAT:ILC_SCP12$DV_2746(1.0),"Persons having contacts with family and relatives or friends by income quintile, household composition, degree of urbanisation and frequency",A,Annual,SEV_M,Several times a month,FAM_REL,Family and relatives,TOTAL,Total,TOTAL,Total,TOTAL,Total,PC,Percentage,EA20,Euro area – 20 countries (2023-2025),2022,,13.5,,e,estimated,,
dataflow,ESTAT:ILC_SCP12$DV_2746(1.0),"Persons having contacts with family and relatives or friends by income quintile, household composition, degree of urbanisation and frequency",A,Annual,SEV_M,Several times a month,FAM_REL,Family and relatives,TOTAL,Total,TOTAL,Total,TOTAL,Total,PC,Percentage,EE,Estonia,2015,,20.1,,,,,
dataflow,ESTAT:ILC_SCP12$DV_2746(1.0),"Persons having contacts with family and relatives or friends by income quintile, household composition, degree of urbanisation and frequency",A,Annual,SEV_M,Several times a month,FAM_REL,Family and relatives,TOTAL,Total,TOTAL,Total,TOTAL,Total,PC,Percentage,EE,Estonia,2022,,17.1,,,,,
dataflow,ESTAT:ILC_SCP12$DV_2746(1.0),"Persons having contacts with family and relatives or friends by income quintile, household composition, degree of urbanisation and frequency",A,Annual,SEV_M,Several times a month,FAM_REL,Family and relatives,TOTAL,Total,TOTAL,Total,TOTAL,Total,PC,Percentage,EL,Greece,2015,,16.0,,,,,
dataflow,ESTAT:ILC_SCP12$DV_2746(1.0),"Persons having contacts with family and relatives or friends by income quintile, household composition, degree of urbanisation and frequency",A,Annual,SEV_M,Several times a month,FAM_REL,Family and relatives,TOTAL,Total,TOTAL,Total,TOTAL,Total,PC,Percentage,EL,Greece,2022,,14.0,,,,,
dataflow,ESTAT:ILC_SCP12$DV_2746(1.0),"Persons having contacts with family and relatives or friends by income quintile, household composition, degree of urbanisation and frequency",A,Annual,SEV_M,Several times a month,FAM_REL,Family and relatives,TOTAL,Total,TOTAL,Total,TOTAL,Total,PC,Percentage,ES,Spain,2015,,10.7,,,,,
dataflow,ESTAT:ILC_SCP12$DV_2746(1.0),"Persons having contacts with family and relatives or friends by income quintile, household composition, degree of urbanisation and frequency",A,Annual,SEV_M,Several times a month,FAM_REL,Family and relatives,TOTAL,Total,TOTAL,Total,TOTAL,Total,PC,Percentage,ES,Spain,2022,,11.8,,,,,
dataflow,ESTAT:ILC_SCP12$DV_2746(1.0),"Persons having contacts with family and relatives or friends by income quintile, household composition, degree of urbanisation and frequency",A,Annual,SEV_M,Several times a month,FAM_REL,Family and relatives,TOTAL,Total,TOTAL,Total,TOTAL,Total,PC,Percentage,EU27_2020,European Union - 27 countries (from 2020),2015,,17.4,,,,,
dataflow,ESTAT:ILC_SCP12$DV_2746(1.0),"Persons having contacts with family and relatives or friends by income quintile, household composition, degree of urbanisation and frequency",A,Annual,SEV_M,Several times a month,FAM_REL,Family and relatives,TOTAL,Total,TOTAL,Total,TOTAL,Total,PC,Percentage,EU27_2020,European Union - 27 countries (from 2020),2022,,15.0,,e,estimated,,
dataflow,ESTAT:ILC_SCP12$DV_2746(1.0),"Persons having contacts with family and relatives or friends by income quintile, household composition, degree of urbanisation and frequency",A,Annual,SEV_M,Several times a month,FAM_REL,Family and relatives,TOTAL,Total,TOTAL,Total,TOTAL,Total,PC,Percentage,FI,Finland,2015,,11.7,,,,,
dataflow,ESTAT:ILC_SCP12$DV_2746(1.0),"Persons having contacts with family and relatives or friends by income quintile, household composition, degree of urbanisation and frequency",A,Annual,SEV_M,Several times a month,FAM_REL,Family and relatives,TOTAL,Total,TOTAL,Total,TOTAL,Total,PC,Percentage,FI,Finland,2022,,10.9,,,,,
dataflow,ESTAT:ILC_SCP12$DV_2746(1.0),"Persons having contacts with family and relatives or friends by income quintile, household composition, degree of urbanisation and frequency",A,Annual,SEV_M,Several times a month,FAM_REL,Family and relatives,TOTAL,Total,TOTAL,Total,TOTAL,Total,PC,Percentage,FR,France,2015,,17.8,,,,,
dataflow,ESTAT:ILC_SCP12$DV_2746(1.0),"Persons having contacts with family and relatives or friends by income quintile, household composition, degree of urbanisation and frequency",A,Annual,SEV_M,Several times a month,FAM_REL,Family and relatives,TOTAL,Total,TOTAL,Total,TOTAL,Total,PC,Percentage,FR,France,2022,,13.8,,,,,
dataflow,ESTAT:ILC_SCP12$DV_2746(1.0),"Persons having contacts with family and relatives or friends by income quintile, household composition, degree of urbanisation and frequency",A,Annual,SEV_M,Several times a month,FAM_REL,Family and relatives,TOTAL,Total,TOTAL,Total,TOTAL,Total,PC,Percentage,HR,Croatia,2015,,19.5,,,,,
dataflow,ESTAT:ILC_SCP12$DV_2746(1.0),"Persons having contacts with family and relatives or friends by income quintile, household composition, degree of urbanisation and frequency",A,Annual,SEV_M,Several times a month,FAM_REL,Family and relatives,TOTAL,Total,TOTAL,Total,TOTAL,Total,PC,Percentage,HR,Croatia,2022,,21.7,,,,,
dataflow,ESTAT:ILC_SCP12$DV_2746(1.0),"Persons having contacts with family and relatives or friends by income quintile, household composition, degree of urbanisation and frequency",A,Annual,SEV_M,Several times a month,FAM_REL,Family and relatives,TOTAL,Total,TOTAL,Total,TOTAL,Total,PC,Percentage,HU,Hungary,2015,,20.8,,,,,
dataflow,ESTAT:ILC_SCP12$DV_2746(1.0),"Persons having contacts with family and relatives or friends by income quintile, household composition, degree of urbanisation and frequency",A,Annual,SEV_M,Several times a month,FAM_REL,Family and relatives,TOTAL,Total,TOTAL,Total,TOTAL,Total,PC,Percentage,HU,Hungary,2022,,19.1,,,,,
dataflow,ESTAT:ILC_SCP12$DV_2746(1.0),"Persons having contacts with family and relatives or friends by income quintile, household composition, degree of urbanisation and frequency",A,Annual,SEV_M,Several times a month,FAM_REL,Family and relatives,TOTAL,Total,TOTAL,Total,TOTAL,Total,PC,Percentage,IE,Ireland,2015,,7.4,,u,low reliability,,
dataflow,ESTAT:ILC_SCP12$DV_2746(1.0),"Persons having contacts with family and relatives or friends by income quintile, household composition, degree of urbanisation and frequency",A,Annual,SEV_M,Several times a month,FAM_REL,Family and relatives,TOTAL,Total,TOTAL,Total,TOTAL,Total,PC,Percentage,IE,Ireland,2022,,13.9,,,,,
dataflow,ESTAT:ILC_SCP12$DV_2746(1.0),"Persons having contacts with family and relatives or friends by income quintile, household composition, degree of urbanisation and frequency",A,Annual,SEV_M,Several times a month,FAM_REL,Family and relatives,TOTAL,Total,TOTAL,Total,TOTAL,Total,PC,Percentage,IS,Iceland,2015,,17.7,,,,,
dataflow,ESTAT:ILC_SCP12$DV_2746(1.0),"Persons having contacts with family and relatives or friends by income quintile, household composition, degree of urbanisation and frequency",A,Annual,SEV_M,Several times a month,FAM_REL,Family and relatives,TOTAL,Total,TOTAL,Total,TOTAL,Total,PC,Percentage,IT,Italy,2015,,14.7,,,,,
dataflow,ESTAT:ILC_SCP12$DV_2746(1.0),"Persons having contacts with family and relatives or friends by income quintile, household composition, degree of urbanisation and frequency",A,Annual,SEV_M,Several times a month,FAM_REL,Family and relatives,TOTAL,Total,TOTAL,Total,TOTAL,Total,PC,Percentage,IT,Italy,2022,,10.4,,,,,
dataflow,ESTAT:ILC_SCP12$DV_2746(1.0),"Persons having contacts with family and relatives or friends by income quintile, household composition, degree of urbanisation and frequency",A,Annual,SEV_M,Several times a month,FAM_REL,Family and relatives,TOTAL,Total,TOTAL,Total,TOTAL,Total,PC,Percentage,LT,Lithuania,2015,,26.6,,,,,
dataflow,ESTAT:ILC_SCP12$DV_2746(1.0),"Persons having contacts with family and relatives or friends by income quintile, household composition, degree of urbanisation and frequency",A,Annual,SEV_M,Several times a month,FAM_REL,Family and relatives,TOTAL,Total,TOTAL,Total,TOTAL,Total,PC,Percentage,LT,Lithuania,2022,,21.6,,,,,
dataflow,ESTAT:ILC_SCP12$DV_2746(1.0),"Persons having contacts with family and relatives or friends by income quintile, household composition, degree of urbanisation and frequency",A,Annual,SEV_M,Several times a month,FAM_REL,Family and relatives,TOTAL,Total,TOTAL,Total,TOTAL,Total,PC,Percentage,LU,Luxembourg,2015,,13.2,,,,,
dataflow,ESTAT:ILC_SCP12$DV_2746(1.0),"Persons having contacts with family and relatives or friends by income quintile, household composition, degree of urbanisation and frequency",A,Annual,SEV_M,Several times a month,FAM_REL,Family and relatives,TOTAL,Total,TOTAL,Total,TOTAL,Total,PC,Percentage,LU,Luxembourg,2022,,14.1,,,,,
dataflow,ESTAT:ILC_SCP12$DV_2746(1.0),"Persons having contacts with family and relatives or friends by income quintile, household composition, degree of urbanisation and frequency",A,Annual,SEV_M,Several times a month,FAM_REL,Family and relatives,TOTAL,Total,TOTAL,Total,TOTAL,Total,PC,Percentage,LV,Latvia,2015,,23.0,,,,,
dataflow,ESTAT:ILC_SCP12$DV_2746(1.0),"Persons having contacts with family and relatives or friends by income quintile, household composition, degree of urbanisation and frequency",A,Annual,SEV_M,Several times a month,FAM_REL,Family and relatives,TOTAL,Total,TOTAL,Total,TOTAL,Total,PC,Percentage,LV,Latvia,2022,,22.5,,,,,
dataflow,ESTAT:ILC_SCP12$DV_2746(1.0),"Persons having contacts with family and relatives or friends by income quintile, household composition, degree of urbanisation and frequency",A,Annual,SEV_M,Several times a month,FAM_REL,Family and relatives,TOTAL,Total,TOTAL,Total,TOTAL,Total,PC,Percentage,MT,Malta,2015,,9.3,,,,,
dataflow,ESTAT:ILC_SCP12$DV_2746(1.0),"Persons having contacts with family and relatives or friends by income quintile, household composition, degree of urbanisation and frequency",A,Annual,SEV_M,Several times a month,FAM_REL,Family and relatives,TOTAL,Total,TOTAL,Total,TOTAL,Total,PC,Percentage,MT,Malta,2022,,8.0,,,,,
dataflow,ESTAT:ILC_SCP12$DV_2746(1.0),"Persons having contacts with family and relatives or friends by income quintile, household composition, degree of urbanisation and frequency",A,Annual,SEV_M,Several times a month,FAM_REL,Family and relatives,TOTAL,Total,TOTAL,Total,TOTAL,Total,PC,Percentage,NL,Netherlands,2015,,10.7,,,,,
dataflow,ESTAT:ILC_SCP12$DV_2746(1.0),"Persons having contacts with family and relatives or friends by income quintile, household composition, degree of urbanisation and frequency",A,Annual,SEV_M,Several times a month,FAM_REL,Family and relatives,TOTAL,Total,TOTAL,Total,TOTAL,Total,PC,Percentage,NL,Netherlands,2022,,13.5,,,,,
dataflow,ESTAT:ILC_SCP12$DV_2746(1.0),"Persons having contacts with family and relatives or friends by income quintile, household composition, degree of urbanisation and frequency",A,Annual,SEV_M,Several times a month,FAM_REL,Family and relatives,TOTAL,Total,TOTAL,Total,TOTAL,Total,PC,Percentage,NO,Norway,2015,,10.5,,,,,
dataflow,ESTAT:ILC_SCP12$DV_2746(1.0),"Persons having contacts with family and relatives or friends by income quintile, household composition, degree of urbanisation and frequency",A,Annual,SEV_M,Several times a month,FAM_REL,Family and relatives,TOTAL,Total,TOTAL,Total,TOTAL,Total,PC,Percentage,NO,Norway,2022,,11.6,,,,,
dataflow,ESTAT:ILC_SCP12$DV_2746(1.0),"Persons having contacts with family and relatives or friends by income quintile, household composition, degree of urbanisation and frequency",A,Annual,SEV_M,Several times a month,FAM_REL,Family and relatives,TOTAL,Total,TOTAL,Total,TOTAL,Total,PC,Percentage,PL,Poland,2015,,30.4,,u,low reliability,,
dataflow,ESTAT:ILC_SCP12$DV_2746(1.0),"Persons having contacts with family and relatives or friends by income quintile, household composition, degree of urbanisation and frequency",A,Annual,SEV_M,Several times a month,FAM_REL,Family and relatives,TOTAL,Total,TOTAL,Total,TOTAL,Total,PC,Percentage,PL,Poland,2022,,25.8,,,,,
dataflow,ESTAT:ILC_SCP12$DV_2746(1.0),"Persons having contacts with family and relatives or friends by income quintile, household composition, degree of urbanisation and frequency",A,Annual,SEV_M,Several times a month,FAM_REL,Family and relatives,TOTAL,Total,TOTAL,Total,TOTAL,Total,PC,Percentage,PT,Portugal,2015,,13.9,,,,,
dataflow,ESTAT:ILC_SCP12$DV_2746(1.0),"Persons having contacts with family and relatives or friends by income quintile, household composition, degree of urbanisation and frequency",A,Annual,SEV_M,Several times a month,FAM_REL,Family and relatives,TOTAL,Total,TOTAL,Total,TOTAL,Total,PC,Percentage,PT,Portugal,2022,,11.2,,,,,
dataflow,ESTAT:ILC_SCP12$DV_2746(1.0),"Persons having contacts with family and relatives or friends by income quintile, household composition, degree of urbanisation and frequency",A,Annual,SEV_M,Several times a month,FAM_REL,Family and relatives,TOTAL,Total,TOTAL,Total,TOTAL,Total,PC,Percentage,RO,Romania,2015,,21.4,,,,,
dataflow,ESTAT:ILC_SCP12$DV_2746(1.0),"Persons having contacts with family and relatives or friends by income quintile, household composition, degree of urbanisation and frequency",A,Annual,SEV_M,Several times a month,FAM_REL,Family and relatives,TOTAL,Total,TOTAL,Total,TOTAL,Total,PC,Percentage,RO,Romania,2022,,18.8,,,,,
dataflow,ESTAT:ILC_SCP12$DV_2746(1.0),"Persons having contacts with family and relatives or friends by income quintile, household composition, degree of urbanisation and frequency",A,Annual,SEV_M,Several times a month,FAM_REL,Family and relatives,TOTAL,Total,TOTAL,Total,TOTAL,Total,PC,Percentage,RS,Serbia,2015,,14.0,,,,,
dataflow,ESTAT:ILC_SCP12$DV_2746(1.0),"Persons having contacts with family and relatives or friends by income quintile, household composition, degree of urbanisation and frequency",A,Annual,SEV_M,Several times a month,FAM_REL,Family and relatives,TOTAL,Total,TOTAL,Total,TOTAL,Total,PC,Percentage,RS,Serbia,2022,,20.8,,,,,
dataflow,ESTAT:ILC_SCP12$DV_2746(1.0),"Persons having contacts with family and relatives or friends by income quintile, household composition, degree of urbanisation and frequency",A,Annual,SEV_M,Several times a month,FAM_REL,Family and relatives,TOTAL,Total,TOTAL,Total,TOTAL,Total,PC,Percentage,SE,Sweden,2015,,9.1,,,,,
dataflow,ESTAT:ILC_SCP12$DV_2746(1.0),"Persons having contacts with family and relatives or friends by income quintile, household composition, degree of urbanisation and frequency",A,Annual,SEV_M,Several times a month,FAM_REL,Family and relatives,TOTAL,Total,TOTAL,Total,TOTAL,Total,PC,Percentage,SE,Sweden,2022,,14.5,,,,,
dataflow,ESTAT:ILC_SCP12$DV_2746(1.0),"Persons having contacts with family and relatives or friends by income quintile, household composition, degree of urbanisation and frequency",A,Annual,SEV_M,Several times a month,FAM_REL,Family and relatives,TOTAL,Total,TOTAL,Total,TOTAL,Total,PC,Percentage,SI,Slovenia,2015,,17.6,,,,,
dataflow,ESTAT:ILC_SCP12$DV_2746(1.0),"Persons having contacts with family and relatives or friends by income quintile, household composition, degree of urbanisation and frequency",A,Annual,SEV_M,Several times a month,FAM_REL,Family and relatives,TOTAL,Total,TOTAL,Total,TOTAL,Total,PC,Percentage,SI,Slovenia,2022,,18.1,,,,,
dataflow,ESTAT:ILC_SCP12$DV_2746(1.0),"Persons having contacts with family and relatives or friends by income quintile, household composition, degree of urbanisation and frequency",A,Annual,SEV_M,Several times a month,FAM_REL,Family and relatives,TOTAL,Total,TOTAL,Total,TOTAL,Total,PC,Percentage,SK,Slovakia,2015,,18.2,,,,,
dataflow,ESTAT:ILC_SCP12$DV_2746(1.0),"Persons having contacts with family and relatives or friends by income quintile, household composition, degree of urbanisation and frequency",A,Annual,SEV_M,Several times a month,FAM_REL,Family and relatives,TOTAL,Total,TOTAL,Total,TOTAL,Total,PC,Percentage,SK,Slovakia,2022,,15.5,,,,,
dataflow,ESTAT:ILC_SCP12$DV_2746(1.0),"Persons having contacts with family and relatives or friends by income quintile, household composition, degree of urbanisation and frequency",A,Annual,SEV_M,Several times a month,FAM_REL,Family and relatives,TOTAL,Total,TOTAL,Total,TOTAL,Total,PC,Percentage,UK,United Kingdom,2015,,8.6,,u,low reliability,,
dataflow,ESTAT:ILC_SCP12$DV_2746(1.0),"Persons having contacts with family and relatives or friends by income quintile, household composition, degree of urbanisation and frequency",A,Annual,SEV_M,Several times a month,FRD,Friends,TOTAL,Total,TOTAL,Total,TOTAL,Total,PC,Percentage,AL,Albania,2022,,21.7,,,,,
dataflow,ESTAT:ILC_SCP12$DV_2746(1.0),"Persons having contacts with family and relatives or friends by income quintile, household composition, degree of urbanisation and frequency",A,Annual,SEV_M,Several times a month,FRD,Friends,TOTAL,Total,TOTAL,Total,TOTAL,Total,PC,Percentage,AT,Austria,2015,,17.1,,,,,
dataflow,ESTAT:ILC_SCP12$DV_2746(1.0),"Persons having contacts with family and relatives or friends by income quintile, household composition, degree of urbanisation and frequency",A,Annual,SEV_M,Several times a month,FRD,Friends,TOTAL,Total,TOTAL,Total,TOTAL,Total,PC,Percentage,AT,Austria,2022,,12.9,,,,,
dataflow,ESTAT:ILC_SCP12$DV_2746(1.0),"Persons having contacts with family and relatives or friends by income quintile, household composition, degree of urbanisation and frequency",A,Annual,SEV_M,Several times a month,FRD,Friends,TOTAL,Total,TOTAL,Total,TOTAL,Total,PC,Percentage,BE,Belgium,2015,,14.7,,,,,
dataflow,ESTAT:ILC_SCP12$DV_2746(1.0),"Persons having contacts with family and relatives or friends by income quintile, household composition, degree of urbanisation and frequency",A,Annual,SEV_M,Several times a month,FRD,Friends,TOTAL,Total,TOTAL,Total,TOTAL,Total,PC,Percentage,BE,Belgium,2022,,14.2,,,,,
dataflow,ESTAT:ILC_SCP12$DV_2746(1.0),"Persons having contacts with family and relatives or friends by income quintile, household composition, degree of urbanisation and frequency",A,Annual,SEV_M,Several times a month,FRD,Friends,TOTAL,Total,TOTAL,Total,TOTAL,Total,PC,Percentage,BG,Bulgaria,2015,,20.8,,,,,
dataflow,ESTAT:ILC_SCP12$DV_2746(1.0),"Persons having contacts with family and relatives or friends by income quintile, household composition, degree of urbanisation and frequency",A,Annual,SEV_M,Several times a month,FRD,Friends,TOTAL,Total,TOTAL,Total,TOTAL,Total,PC,Percentage,BG,Bulgaria,2022,,16.9,,,,,
dataflow,ESTAT:ILC_SCP12$DV_2746(1.0),"Persons having contacts with family and relatives or friends by income quintile, household composition, degree of urbanisation and frequency",A,Annual,SEV_M,Several times a month,FRD,Friends,TOTAL,Total,TOTAL,Total,TOTAL,Total,PC,Percentage,CH,Switzerland,2015,,11.2,,,,,
dataflow,ESTAT:ILC_SCP12$DV_2746(1.0),"Persons having contacts with family and relatives or friends by income quintile, household composition, degree of urbanisation and frequency",A,Annual,SEV_M,Several times a month,FRD,Friends,TOTAL,Total,TOTAL,Total,TOTAL,Total,PC,Percentage,CH,Switzerland,2022,,10.8,,,,,
dataflow,ESTAT:ILC_SCP12$DV_2746(1.0),"Persons having contacts with family and relatives or friends by income quintile, household composition, degree of urbanisation and frequency",A,Annual,SEV_M,Several times a month,FRD,Friends,TOTAL,Total,TOTAL,Total,TOTAL,Total,PC,Percentage,CY,Cyprus,2015,,9.6,,,,,
dataflow,ESTAT:ILC_SCP12$DV_2746(1.0),"Persons having contacts with family and relatives or friends by income quintile, household composition, degree of urbanisation and frequency",A,Annual,SEV_M,Several times a month,FRD,Friends,TOTAL,Total,TOTAL,Total,TOTAL,Total,PC,Percentage,CY,Cyprus,2022,,8.0,,,,,
dataflow,ESTAT:ILC_SCP12$DV_2746(1.0),"Persons having contacts with family and relatives or friends by income quintile, household composition, degree of urbanisation and frequency",A,Annual,SEV_M,Several times a month,FRD,Friends,TOTAL,Total,TOTAL,Total,TOTAL,Total,PC,Percentage,CZ,Czechia,2015,,28.3,,,,,
dataflow,ESTAT:ILC_SCP12$DV_2746(1.0),"Persons having contacts with family and relatives or friends by income quintile, household composition, degree of urbanisation and frequency",A,Annual,SEV_M,Several times a month,FRD,Friends,TOTAL,Total,TOTAL,Total,TOTAL,Total,PC,Percentage,CZ,Czechia,2022,,23.2,,,,,
dataflow,ESTAT:ILC_SCP12$DV_2746(1.0),"Persons having contacts with family and relatives or friends by income quintile, household composition, degree of urbanisation and frequency",A,Annual,SEV_M,Several times a month,FRD,Friends,TOTAL,Total,TOTAL,Total,TOTAL,Total,PC,Percentage,DE,Germany,2015,,21.6,,,,,
dataflow,ESTAT:ILC_SCP12$DV_2746(1.0),"Persons having contacts with family and relatives or friends by income quintile, household composition, degree of urbanisation and frequency",A,Annual,SEV_M,Several times a month,FRD,Friends,TOTAL,Total,TOTAL,Total,TOTAL,Total,PC,Percentage,DE,Germany,2022,,,,u,low reliability,,
dataflow,ESTAT:ILC_SCP12$DV_2746(1.0),"Persons having contacts with family and relatives or friends by income quintile, household composition, degree of urbanisation and frequency",A,Annual,SEV_M,Several times a month,FRD,Friends,TOTAL,Total,TOTAL,Total,TOTAL,Total,PC,Percentage,DK,Denmark,2015,,19.2,,,,,
dataflow,ESTAT:ILC_SCP12$DV_2746(1.0),"Persons having contacts with family and relatives or friends by income quintile, household composition, degree of urbanisation and frequency",A,Annual,SEV_M,Several times a month,FRD,Friends,TOTAL,Total,TOTAL,Total,TOTAL,Total,PC,Percentage,DK,Denmark,2022,,22.0,,,,,
dataflow,ESTAT:ILC_SCP12$DV_2746(1.0),"Persons having contacts with family and relatives or friends by income quintile, household composition, degree of urbanisation and frequency",A,Annual,SEV_M,Several times a month,FRD,Friends,TOTAL,Total,TOTAL,Total,TOTAL,Total,PC,Percentage,EA20,Euro area – 20 countries (2023-2025),2022,,15.6,,e,estimated,,
dataflow,ESTAT:ILC_SCP12$DV_2746(1.0),"Persons having contacts with family and relatives or friends by income quintile, household composition, degree of urbanisation and frequency",A,Annual,SEV_M,Several times a month,FRD,Friends,TOTAL,Total,TOTAL,Total,TOTAL,Total,PC,Percentage,EE,Estonia,2015,,17.2,,,,,
dataflow,ESTAT:ILC_SCP12$DV_2746(1.0),"Persons having contacts with family and relatives or friends by income quintile, household composition, degree of urbanisation and frequency",A,Annual,SEV_M,Several times a month,FRD,Friends,TOTAL,Total,TOTAL,Total,TOTAL,Total,PC,Percentage,EE,Estonia,2022,,16.4,,,,,
dataflow,ESTAT:ILC_SCP12$DV_2746(1.0),"Persons having contacts with family and relatives or friends by income quintile, household composition, degree of urbanisation and frequency",A,Annual,SEV_M,Several times a month,FRD,Friends,TOTAL,Total,TOTAL,Total,TOTAL,Total,PC,Percentage,EL,Greece,2015,,12.5,,,,,
dataflow,ESTAT:ILC_SCP12$DV_2746(1.0),"Persons having contacts with family and relatives or friends by income quintile, household composition, degree of urbanisation and frequency",A,Annual,SEV_M,Several times a month,FRD,Friends,TOTAL,Total,TOTAL,Total,TOTAL,Total,PC,Percentage,EL,Greece,2022,,13.0,,,,,
dataflow,ESTAT:ILC_SCP12$DV_2746(1.0),"Persons having contacts with family and relatives or friends by income quintile, household composition, degree of urbanisation and frequency",A,Annual,SEV_M,Several times a month,FRD,Friends,TOTAL,Total,TOTAL,Total,TOTAL,Total,PC,Percentage,ES,Spain,2015,,10.0,,,,,
dataflow,ESTAT:ILC_SCP12$DV_2746(1.0),"Persons having contacts with family and relatives or friends by income quintile, household composition, degree of urbanisation and frequency",A,Annual,SEV_M,Several times a month,FRD,Friends,TOTAL,Total,TOTAL,Total,TOTAL,Total,PC,Percentage,ES,Spain,2022,,12.5,,,,,
dataflow,ESTAT:ILC_SCP12$DV_2746(1.0),"Persons having contacts with family and relatives or friends by income quintile, household composition, degree of urbanisation and frequency",A,Annual,SEV_M,Several times a month,FRD,Friends,TOTAL,Total,TOTAL,Total,TOTAL,Total,PC,Percentage,EU27_2020,European Union - 27 countries (from 2020),2015,,19.6,,,,,
dataflow,ESTAT:ILC_SCP12$DV_2746(1.0),"Persons having contacts with family and relatives or friends by income quintile, household composition, degree of urbanisation and frequency",A,Annual,SEV_M,Several times a month,FRD,Friends,TOTAL,Total,TOTAL,Total,TOTAL,Total,PC,Percentage,EU27_2020,European Union - 27 countries (from 2020),2022,,17.9,,e,estimated,,
dataflow,ESTAT:ILC_SCP12$DV_2746(1.0),"Persons having contacts with family and relatives or friends by income quintile, household composition, degree of urbanisation and frequency",A,Annual,SEV_M,Several times a month,FRD,Friends,TOTAL,Total,TOTAL,Total,TOTAL,Total,PC,Percentage,FI,Finland,2015,,14.6,,,,,
dataflow,ESTAT:ILC_SCP12$DV_2746(1.0),"Persons having contacts with family and relatives or friends by income quintile, household composition, degree of urbanisation and frequency",A,Annual,SEV_M,Several times a month,FRD,Friends,TOTAL,Total,TOTAL,Total,TOTAL,Total,PC,Percentage,FI,Finland,2022,,14.8,,,,,
dataflow,ESTAT:ILC_SCP12$DV_2746(1.0),"Persons having contacts with family and relatives or friends by income quintile, household composition, degree of urbanisation and frequency",A,Annual,SEV_M,Several times a month,FRD,Friends,TOTAL,Total,TOTAL,Total,TOTAL,Total,PC,Percentage,FR,France,2015,,22.7,,,,,
dataflow,ESTAT:ILC_SCP12$DV_2746(1.0),"Persons having contacts with family and relatives or friends by income quintile, household composition, degree of urbanisation and frequency",A,Annual,SEV_M,Several times a month,FRD,Friends,TOTAL,Total,TOTAL,Total,TOTAL,Total,PC,Percentage,FR,France,2022,,18.6,,,,,
dataflow,ESTAT:ILC_SCP12$DV_2746(1.0),"Persons having contacts with family and relatives or friends by income quintile, household composition, degree of urbanisation and frequency",A,Annual,SEV_M,Several times a month,FRD,Friends,TOTAL,Total,TOTAL,Total,TOTAL,Total,PC,Percentage,HR,Croatia,2015,,16.6,,,,,
dataflow,ESTAT:ILC_SCP12$DV_2746(1.0),"Persons having contacts with family and relatives or friends by income quintile, household composition, degree of urbanisation and frequency",A,Annual,SEV_M,Several times a month,FRD,Friends,TOTAL,Total,TOTAL,Total,TOTAL,Total,PC,Percentage,HR,Croatia,2022,,16.7,,,,,
dataflow,ESTAT:ILC_SCP12$DV_2746(1.0),"Persons having contacts with family and relatives or friends by income quintile, household composition, degree of urbanisation and frequency",A,Annual,SEV_M,Several times a month,FRD,Friends,TOTAL,Total,TOTAL,Total,TOTAL,Total,PC,Percentage,HU,Hungary,2015,,20.2,,,,,
dataflow,ESTAT:ILC_SCP12$DV_2746(1.0),"Persons having contacts with family and relatives or friends by income quintile, household composition, degree of urbanisation and frequency",A,Annual,SEV_M,Several times a month,FRD,Friends,TOTAL,Total,TOTAL,Total,TOTAL,Total,PC,Percentage,HU,Hungary,2022,,23.6,,,,,
dataflow,ESTAT:ILC_SCP12$DV_2746(1.0),"Persons having contacts with family and relatives or friends by income quintile, household composition, degree of urbanisation and frequency",A,Annual,SEV_M,Several times a month,FRD,Friends,TOTAL,Total,TOTAL,Total,TOTAL,Total,PC,Percentage,IE,Ireland,2015,,11.5,,u,low reliability,,
dataflow,ESTAT:ILC_SCP12$DV_2746(1.0),"Persons having contacts with family and relatives or friends by income quintile, household composition, degree of urbanisation and frequency",A,Annual,SEV_M,Several times a month,FRD,Friends,TOTAL,Total,TOTAL,Total,TOTAL,Total,PC,Percentage,IE,Ireland,2022,,13.7,,,,,
dataflow,ESTAT:ILC_SCP12$DV_2746(1.0),"Persons having contacts with family and relatives or friends by income quintile, household composition, degree of urbanisation and frequency",A,Annual,SEV_M,Several times a month,FRD,Friends,TOTAL,Total,TOTAL,Total,TOTAL,Total,PC,Percentage,IS,Iceland,2015,,21.9,,,,,
dataflow,ESTAT:ILC_SCP12$DV_2746(1.0),"Persons having contacts with family and relatives or friends by income quintile, household composition, degree of urbanisation and frequency",A,Annual,SEV_M,Several times a month,FRD,Friends,TOTAL,Total,TOTAL,Total,TOTAL,Total,PC,Percentage,IT,Italy,2015,,18.3,,,,,
dataflow,ESTAT:ILC_SCP12$DV_2746(1.0),"Persons having contacts with family and relatives or friends by income quintile, household composition, degree of urbanisation and frequency",A,Annual,SEV_M,Several times a month,FRD,Friends,TOTAL,Total,TOTAL,Total,TOTAL,Total,PC,Percentage,IT,Italy,2022,,12.6,,,,,
dataflow,ESTAT:ILC_SCP12$DV_2746(1.0),"Persons having contacts with family and relatives or friends by income quintile, household composition, degree of urbanisation and frequency",A,Annual,SEV_M,Several times a month,FRD,Friends,TOTAL,Total,TOTAL,Total,TOTAL,Total,PC,Percentage,LT,Lithuania,2015,,26.5,,,,,
dataflow,ESTAT:ILC_SCP12$DV_2746(1.0),"Persons having contacts with family and relatives or friends by income quintile, household composition, degree of urbanisation and frequency",A,Annual,SEV_M,Several times a month,FRD,Friends,TOTAL,Total,TOTAL,Total,TOTAL,Total,PC,Percentage,LT,Lithuania,2022,,21.1,,,,,
dataflow,ESTAT:ILC_SCP12$DV_2746(1.0),"Persons having contacts with family and relatives or friends by income quintile, household composition, degree of urbanisation and frequency",A,Annual,SEV_M,Several times a month,FRD,Friends,TOTAL,Total,TOTAL,Total,TOTAL,Total,PC,Percentage,LU,Luxembourg,2015,,14.3,,,,,
dataflow,ESTAT:ILC_SCP12$DV_2746(1.0),"Persons having contacts with family and relatives or friends by income quintile, household composition, degree of urbanisation and frequency",A,Annual,SEV_M,Several times a month,FRD,Friends,TOTAL,Total,TOTAL,Total,TOTAL,Total,PC,Percentage,LU,Luxembourg,2022,,17.9,,,,,
dataflow,ESTAT:ILC_SCP12$DV_2746(1.0),"Persons having contacts with family and relatives or friends by income quintile, household composition, degree of urbanisation and frequency",A,Annual,SEV_M,Several times a month,FRD,Friends,TOTAL,Total,TOTAL,Total,TOTAL,Total,PC,Percentage,LV,Latvia,2015,,24.0,,,,,
dataflow,ESTAT:ILC_SCP12$DV_2746(1.0),"Persons having contacts with family and relatives or friends by income quintile, household composition, degree of urbanisation and frequency",A,Annual,SEV_M,Several times a month,FRD,Friends,TOTAL,Total,TOTAL,Total,TOTAL,Total,PC,Percentage,LV,Latvia,2022,,18.8,,,,,
dataflow,ESTAT:ILC_SCP12$DV_2746(1.0),"Persons having contacts with family and relatives or friends by income quintile, household composition, degree of urbanisation and frequency",A,Annual,SEV_M,Several times a month,FRD,Friends,TOTAL,Total,TOTAL,Total,TOTAL,Total,PC,Percentage,MT,Malta,2015,,13.7,,,,,
dataflow,ESTAT:ILC_SCP12$DV_2746(1.0),"Persons having contacts with family and relatives or friends by income quintile, household composition, degree of urbanisation and frequency",A,Annual,SEV_M,Several times a month,FRD,Friends,TOTAL,Total,TOTAL,Total,TOTAL,Total,PC,Percentage,MT,Malta,2022,,14.8,,,,,
dataflow,ESTAT:ILC_SCP12$DV_2746(1.0),"Persons having contacts with family and relatives or friends by income quintile, household composition, degree of urbanisation and frequency",A,Annual,SEV_M,Several times a month,FRD,Friends,TOTAL,Total,TOTAL,Total,TOTAL,Total,PC,Percentage,NL,Netherlands,2015,,13.1,,,,,
dataflow,ESTAT:ILC_SCP12$DV_2746(1.0),"Persons having contacts with family and relatives or friends by income quintile, household composition, degree of urbanisation and frequency",A,Annual,SEV_M,Several times a month,FRD,Friends,TOTAL,Total,TOTAL,Total,TOTAL,Total,PC,Percentage,NL,Netherlands,2022,,15.8,,,,,
dataflow,ESTAT:ILC_SCP12$DV_2746(1.0),"Persons having contacts with family and relatives or friends by income quintile, household composition, degree of urbanisation and frequency",A,Annual,SEV_M,Several times a month,FRD,Friends,TOTAL,Total,TOTAL,Total,TOTAL,Total,PC,Percentage,NO,Norway,2015,,10.3,,,,,
dataflow,ESTAT:ILC_SCP12$DV_2746(1.0),"Persons having contacts with family and relatives or friends by income quintile, household composition, degree of urbanisation and frequency",A,Annual,SEV_M,Several times a month,FRD,Friends,TOTAL,Total,TOTAL,Total,TOTAL,Total,PC,Percentage,NO,Norway,2022,,6.1,,,,,
dataflow,ESTAT:ILC_SCP12$DV_2746(1.0),"Persons having contacts with family and relatives or friends by income quintile, household composition, degree of urbanisation and frequency",A,Annual,SEV_M,Several times a month,FRD,Friends,TOTAL,Total,TOTAL,Total,TOTAL,Total,PC,Percentage,PL,Poland,2015,,31.0,,u,low reliability,,
dataflow,ESTAT:ILC_SCP12$DV_2746(1.0),"Persons having contacts with family and relatives or friends by income quintile, household composition, degree of urbanisation and frequency",A,Annual,SEV_M,Several times a month,FRD,Friends,TOTAL,Total,TOTAL,Total,TOTAL,Total,PC,Percentage,PL,Poland,2022,,28.7,,,,,
dataflow,ESTAT:ILC_SCP12$DV_2746(1.0),"Persons having contacts with family and relatives or friends by income quintile, household composition, degree of urbanisation and frequency",A,Annual,SEV_M,Several times a month,FRD,Friends,TOTAL,Total,TOTAL,Total,TOTAL,Total,PC,Percentage,PT,Portugal,2015,,14.3,,,,,
dataflow,ESTAT:ILC_SCP12$DV_2746(1.0),"Persons having contacts with family and relatives or friends by income quintile, household composition, degree of urbanisation and frequency",A,Annual,SEV_M,Several times a month,FRD,Friends,TOTAL,Total,TOTAL,Total,TOTAL,Total,PC,Percentage,PT,Portugal,2022,,12.8,,,,,
dataflow,ESTAT:ILC_SCP12$DV_2746(1.0),"Persons having contacts with family and relatives or friends by income quintile, household composition, degree of urbanisation and frequency",A,Annual,SEV_M,Several times a month,FRD,Friends,TOTAL,Total,TOTAL,Total,TOTAL,Total,PC,Percentage,RO,Romania,2015,,25.8,,,,,
dataflow,ESTAT:ILC_SCP12$DV_2746(1.0),"Persons having contacts with family and relatives or friends by income quintile, household composition, degree of urbanisation and frequency",A,Annual,SEV_M,Several times a month,FRD,Friends,TOTAL,Total,TOTAL,Total,TOTAL,Total,PC,Percentage,RO,Romania,2022,,30.2,,,,,
dataflow,ESTAT:ILC_SCP12$DV_2746(1.0),"Persons having contacts with family and relatives or friends by income quintile, household composition, degree of urbanisation and frequency",A,Annual,SEV_M,Several times a month,FRD,Friends,TOTAL,Total,TOTAL,Total,TOTAL,Total,PC,Percentage,RS,Serbia,2015,,12.5,,,,,
dataflow,ESTAT:ILC_SCP12$DV_2746(1.0),"Persons having contacts with family and relatives or friends by income quintile, household composition, degree of urbanisation and frequency",A,Annual,SEV_M,Several times a month,FRD,Friends,TOTAL,Total,TOTAL,Total,TOTAL,Total,PC,Percentage,RS,Serbia,2022,,11.5,,,,,
dataflow,ESTAT:ILC_SCP12$DV_2746(1.0),"Persons having contacts with family and relatives or friends by income quintile, household composition, degree of urbanisation and frequency",A,Annual,SEV_M,Several times a month,FRD,Friends,TOTAL,Total,TOTAL,Total,TOTAL,Total,PC,Percentage,SE,Sweden,2015,,7.7,,,,,
dataflow,ESTAT:ILC_SCP12$DV_2746(1.0),"Persons having contacts with family and relatives or friends by income quintile, household composition, degree of urbanisation and frequency",A,Annual,SEV_M,Several times a month,FRD,Friends,TOTAL,Total,TOTAL,Total,TOTAL,Total,PC,Percentage,SE,Sweden,2022,,15.2,,,,,
dataflow,ESTAT:ILC_SCP12$DV_2746(1.0),"Persons having contacts with family and relatives or friends by income quintile, household composition, degree of urbanisation and frequency",A,Annual,SEV_M,Several times a month,FRD,Friends,TOTAL,Total,TOTAL,Total,TOTAL,Total,PC,Percentage,SI,Slovenia,2015,,16.8,,,,,
dataflow,ESTAT:ILC_SCP12$DV_2746(1.0),"Persons having contacts with family and relatives or friends by income quintile, household composition, degree of urbanisation and frequency",A,Annual,SEV_M,Several times a month,FRD,Friends,TOTAL,Total,TOTAL,Total,TOTAL,Total,PC,Percentage,SI,Slovenia,2022,,17.3,,,,,
dataflow,ESTAT:ILC_SCP12$DV_2746(1.0),"Persons having contacts with family and relatives or friends by income quintile, household composition, degree of urbanisation and frequency",A,Annual,SEV_M,Several times a month,FRD,Friends,TOTAL,Total,TOTAL,Total,TOTAL,Total,PC,Percentage,SK,Slovakia,2015,,23.6,,,,,
dataflow,ESTAT:ILC_SCP12$DV_2746(1.0),"Persons having contacts with family and relatives or friends by income quintile, household composition, degree of urbanisation and frequency",A,Annual,SEV_M,Several times a month,FRD,Friends,TOTAL,Total,TOTAL,Total,TOTAL,Total,PC,Percentage,SK,Slovakia,2022,,21.7,,,,,
dataflow,ESTAT:ILC_SCP12$DV_2746(1.0),"Persons having contacts with family and relatives or friends by income quintile, household composition, degree of urbanisation and frequency",A,Annual,SEV_M,Several times a month,FRD,Friends,TOTAL,Total,TOTAL,Total,TOTAL,Total,PC,Percentage,UK,United Kingdom,2015,,9.9,,u,low reliability,,
dataflow,ESTAT:ILC_SCP12$DV_2746(1.0),"Persons having contacts with family and relatives or friends by income quintile, household composition, degree of urbanisation and frequency",A,Annual,WEEK,Every week,FAM_REL,Family and relatives,TOTAL,Total,TOTAL,Total,TOTAL,Total,PC,Percentage,AL,Albania,2022,,25.8,,,,,
dataflow,ESTAT:ILC_SCP12$DV_2746(1.0),"Persons having contacts with family and relatives or friends by income quintile, household composition, degree of urbanisation and frequency",A,Annual,WEEK,Every week,FAM_REL,Family and relatives,TOTAL,Total,TOTAL,Total,TOTAL,Total,PC,Percentage,AT,Austria,2015,,45.9,,,,,
dataflow,ESTAT:ILC_SCP12$DV_2746(1.0),"Persons having contacts with family and relatives or friends by income quintile, household composition, degree of urbanisation and frequency",A,Annual,WEEK,Every week,FAM_REL,Family and relatives,TOTAL,Total,TOTAL,Total,TOTAL,Total,PC,Percentage,AT,Austria,2022,,40.1,,,,,
dataflow,ESTAT:ILC_SCP12$DV_2746(1.0),"Persons having contacts with family and relatives or friends by income quintile, household composition, degree of urbanisation and frequency",A,Annual,WEEK,Every week,FAM_REL,Family and relatives,TOTAL,Total,TOTAL,Total,TOTAL,Total,PC,Percentage,BE,Belgium,2015,,50.9,,,,,
dataflow,ESTAT:ILC_SCP12$DV_2746(1.0),"Persons having contacts with family and relatives or friends by income quintile, household composition, degree of urbanisation and frequency",A,Annual,WEEK,Every week,FAM_REL,Family and relatives,TOTAL,Total,TOTAL,Total,TOTAL,Total,PC,Percentage,BE,Belgium,2022,,52.8,,,,,
dataflow,ESTAT:ILC_SCP12$DV_2746(1.0),"Persons having contacts with family and relatives or friends by income quintile, household composition, degree of urbanisation and frequency",A,Annual,WEEK,Every week,FAM_REL,Family and relatives,TOTAL,Total,TOTAL,Total,TOTAL,Total,PC,Percentage,BG,Bulgaria,2015,,27.7,,,,,
dataflow,ESTAT:ILC_SCP12$DV_2746(1.0),"Persons having contacts with family and relatives or friends by income quintile, household composition, degree of urbanisation and frequency",A,Annual,WEEK,Every week,FAM_REL,Family and relatives,TOTAL,Total,TOTAL,Total,TOTAL,Total,PC,Percentage,BG,Bulgaria,2022,,26.6,,,,,
dataflow,ESTAT:ILC_SCP12$DV_2746(1.0),"Persons having contacts with family and relatives or friends by income quintile, household composition, degree of urbanisation and frequency",A,Annual,WEEK,Every week,FAM_REL,Family and relatives,TOTAL,Total,TOTAL,Total,TOTAL,Total,PC,Percentage,CH,Switzerland,2015,,54.5,,,,,
dataflow,ESTAT:ILC_SCP12$DV_2746(1.0),"Persons having contacts with family and relatives or friends by income quintile, household composition, degree of urbanisation and frequency",A,Annual,WEEK,Every week,FAM_REL,Family and relatives,TOTAL,Total,TOTAL,Total,TOTAL,Total,PC,Percentage,CH,Switzerland,2022,,50.0,,,,,
dataflow,ESTAT:ILC_SCP12$DV_2746(1.0),"Persons having contacts with family and relatives or friends by income quintile, household composition, degree of urbanisation and frequency",A,Annual,WEEK,Every week,FAM_REL,Family and relatives,TOTAL,Total,TOTAL,Total,TOTAL,Total,PC,Percentage,CY,Cyprus,2015,,30.6,,,,,
dataflow,ESTAT:ILC_SCP12$DV_2746(1.0),"Persons having contacts with family and relatives or friends by income quintile, household composition, degree of urbanisation and frequency",A,Annual,WEEK,Every week,FAM_REL,Family and relatives,TOTAL,Total,TOTAL,Total,TOTAL,Total,PC,Percentage,CY,Cyprus,2022,,21.2,,,,,
dataflow,ESTAT:ILC_SCP12$DV_2746(1.0),"Persons having contacts with family and relatives or friends by income quintile, household composition, degree of urbanisation and frequency",A,Annual,WEEK,Every week,FAM_REL,Family and relatives,TOTAL,Total,TOTAL,Total,TOTAL,Total,PC,Percentage,CZ,Czechia,2015,,40.7,,,,,
dataflow,ESTAT:ILC_SCP12$DV_2746(1.0),"Persons having contacts with family and relatives or friends by income quintile, household composition, degree of urbanisation and frequency",A,Annual,WEEK,Every week,FAM_REL,Family and relatives,TOTAL,Total,TOTAL,Total,TOTAL,Total,PC,Percentage,CZ,Czechia,2022,,41.8,,,,,
dataflow,ESTAT:ILC_SCP12$DV_2746(1.0),"Persons having contacts with family and relatives or friends by income quintile, household composition, degree of urbanisation and frequency",A,Annual,WEEK,Every week,FAM_REL,Family and relatives,TOTAL,Total,TOTAL,Total,TOTAL,Total,PC,Percentage,DE,Germany,2015,,41.4,,,,,
dataflow,ESTAT:ILC_SCP12$DV_2746(1.0),"Persons having contacts with family and relatives or friends by income quintile, household composition, degree of urbanisation and frequency",A,Annual,WEEK,Every week,FAM_REL,Family and relatives,TOTAL,Total,TOTAL,Total,TOTAL,Total,PC,Percentage,DE,Germany,2022,,,,u,low reliability,,
dataflow,ESTAT:ILC_SCP12$DV_2746(1.0),"Persons having contacts with family and relatives or friends by income quintile, household composition, degree of urbanisation and frequency",A,Annual,WEEK,Every week,FAM_REL,Family and relatives,TOTAL,Total,TOTAL,Total,TOTAL,Total,PC,Percentage,DK,Denmark,2015,,45.4,,,,,
dataflow,ESTAT:ILC_SCP12$DV_2746(1.0),"Persons having contacts with family and relatives or friends by income quintile, household composition, degree of urbanisation and frequency",A,Annual,WEEK,Every week,FAM_REL,Family and relatives,TOTAL,Total,TOTAL,Total,TOTAL,Total,PC,Percentage,DK,Denmark,2022,,45.5,,,,,
dataflow,ESTAT:ILC_SCP12$DV_2746(1.0),"Persons having contacts with family and relatives or friends by income quintile, household composition, degree of urbanisation and frequency",A,Annual,WEEK,Every week,FAM_REL,Family and relatives,TOTAL,Total,TOTAL,Total,TOTAL,Total,PC,Percentage,EA20,Euro area – 20 countries (2023-2025),2022,,41.1,,e,estimated,,
dataflow,ESTAT:ILC_SCP12$DV_2746(1.0),"Persons having contacts with family and relatives or friends by income quintile, household composition, degree of urbanisation and frequency",A,Annual,WEEK,Every week,FAM_REL,Family and relatives,TOTAL,Total,TOTAL,Total,TOTAL,Total,PC,Percentage,EE,Estonia,2015,,44.2,,,,,
dataflow,ESTAT:ILC_SCP12$DV_2746(1.0),"Persons having contacts with family and relatives or friends by income quintile, household composition, degree of urbanisation and frequency",A,Annual,WEEK,Every week,FAM_REL,Family and relatives,TOTAL,Total,TOTAL,Total,TOTAL,Total,PC,Percentage,EE,Estonia,2022,,43.5,,,,,
dataflow,ESTAT:ILC_SCP12$DV_2746(1.0),"Persons having contacts with family and relatives or friends by income quintile, household composition, degree of urbanisation and frequency",A,Annual,WEEK,Every week,FAM_REL,Family and relatives,TOTAL,Total,TOTAL,Total,TOTAL,Total,PC,Percentage,EL,Greece,2015,,30.5,,,,,
dataflow,ESTAT:ILC_SCP12$DV_2746(1.0),"Persons having contacts with family and relatives or friends by income quintile, household composition, degree of urbanisation and frequency",A,Annual,WEEK,Every week,FAM_REL,Family and relatives,TOTAL,Total,TOTAL,Total,TOTAL,Total,PC,Percentage,EL,Greece,2022,,32.8,,,,,
dataflow,ESTAT:ILC_SCP12$DV_2746(1.0),"Persons having contacts with family and relatives or friends by income quintile, household composition, degree of urbanisation and frequency",A,Annual,WEEK,Every week,FAM_REL,Family and relatives,TOTAL,Total,TOTAL,Total,TOTAL,Total,PC,Percentage,ES,Spain,2015,,37.0,,,,,
dataflow,ESTAT:ILC_SCP12$DV_2746(1.0),"Persons having contacts with family and relatives or friends by income quintile, household composition, degree of urbanisation and frequency",A,Annual,WEEK,Every week,FAM_REL,Family and relatives,TOTAL,Total,TOTAL,Total,TOTAL,Total,PC,Percentage,ES,Spain,2022,,31.1,,,,,
dataflow,ESTAT:ILC_SCP12$DV_2746(1.0),"Persons having contacts with family and relatives or friends by income quintile, household composition, degree of urbanisation and frequency",A,Annual,WEEK,Every week,FAM_REL,Family and relatives,TOTAL,Total,TOTAL,Total,TOTAL,Total,PC,Percentage,EU27_2020,European Union - 27 countries (from 2020),2015,,41.1,,,,,
dataflow,ESTAT:ILC_SCP12$DV_2746(1.0),"Persons having contacts with family and relatives or friends by income quintile, household composition, degree of urbanisation and frequency",A,Annual,WEEK,Every week,FAM_REL,Family and relatives,TOTAL,Total,TOTAL,Total,TOTAL,Total,PC,Percentage,EU27_2020,European Union - 27 countries (from 2020),2022,,41.1,,e,estimated,,
dataflow,ESTAT:ILC_SCP12$DV_2746(1.0),"Persons having contacts with family and relatives or friends by income quintile, household composition, degree of urbanisation and frequency",A,Annual,WEEK,Every week,FAM_REL,Family and relatives,TOTAL,Total,TOTAL,Total,TOTAL,Total,PC,Percentage,FI,Finland,2015,,55.2,,,,,
dataflow,ESTAT:ILC_SCP12$DV_2746(1.0),"Persons having contacts with family and relatives or friends by income quintile, household composition, degree of urbanisation and frequency",A,Annual,WEEK,Every week,FAM_REL,Family and relatives,TOTAL,Total,TOTAL,Total,TOTAL,Total,PC,Percentage,FI,Finland,2022,,50.3,,,,,
dataflow,ESTAT:ILC_SCP12$DV_2746(1.0),"Persons having contacts with family and relatives or friends by income quintile, household composition, degree of urbanisation and frequency",A,Annual,WEEK,Every week,FAM_REL,Family and relatives,TOTAL,Total,TOTAL,Total,TOTAL,Total,PC,Percentage,FR,France,2015,,48.5,,,,,
dataflow,ESTAT:ILC_SCP12$DV_2746(1.0),"Persons having contacts with family and relatives or friends by income quintile, household composition, degree of urbanisation and frequency",A,Annual,WEEK,Every week,FAM_REL,Family and relatives,TOTAL,Total,TOTAL,Total,TOTAL,Total,PC,Percentage,FR,France,2022,,48.2,,,,,
dataflow,ESTAT:ILC_SCP12$DV_2746(1.0),"Persons having contacts with family and relatives or friends by income quintile, household composition, degree of urbanisation and frequency",A,Annual,WEEK,Every week,FAM_REL,Family and relatives,TOTAL,Total,TOTAL,Total,TOTAL,Total,PC,Percentage,HR,Croatia,2015,,38.3,,,,,
dataflow,ESTAT:ILC_SCP12$DV_2746(1.0),"Persons having contacts with family and relatives or friends by income quintile, household composition, degree of urbanisation and frequency",A,Annual,WEEK,Every week,FAM_REL,Family and relatives,TOTAL,Total,TOTAL,Total,TOTAL,Total,PC,Percentage,HR,Croatia,2022,,38.6,,,,,
dataflow,ESTAT:ILC_SCP12$DV_2746(1.0),"Persons having contacts with family and relatives or friends by income quintile, household composition, degree of urbanisation and frequency",A,Annual,WEEK,Every week,FAM_REL,Family and relatives,TOTAL,Total,TOTAL,Total,TOTAL,Total,PC,Percentage,HU,Hungary,2015,,36.1,,,,,
dataflow,ESTAT:ILC_SCP12$DV_2746(1.0),"Persons having contacts with family and relatives or friends by income quintile, household composition, degree of urbanisation and frequency",A,Annual,WEEK,Every week,FAM_REL,Family and relatives,TOTAL,Total,TOTAL,Total,TOTAL,Total,PC,Percentage,HU,Hungary,2022,,44.2,,,,,
dataflow,ESTAT:ILC_SCP12$DV_2746(1.0),"Persons having contacts with family and relatives or friends by income quintile, household composition, degree of urbanisation and frequency",A,Annual,WEEK,Every week,FAM_REL,Family and relatives,TOTAL,Total,TOTAL,Total,TOTAL,Total,PC,Percentage,IE,Ireland,2015,,39.9,,u,low reliability,,
dataflow,ESTAT:ILC_SCP12$DV_2746(1.0),"Persons having contacts with family and relatives or friends by income quintile, household composition, degree of urbanisation and frequency",A,Annual,WEEK,Every week,FAM_REL,Family and relatives,TOTAL,Total,TOTAL,Total,TOTAL,Total,PC,Percentage,IE,Ireland,2022,,40.6,,,,,
dataflow,ESTAT:ILC_SCP12$DV_2746(1.0),"Persons having contacts with family and relatives or friends by income quintile, household composition, degree of urbanisation and frequency",A,Annual,WEEK,Every week,FAM_REL,Family and relatives,TOTAL,Total,TOTAL,Total,TOTAL,Total,PC,Percentage,IS,Iceland,2015,,46.5,,,,,
dataflow,ESTAT:ILC_SCP12$DV_2746(1.0),"Persons having contacts with family and relatives or friends by income quintile, household composition, degree of urbanisation and frequency",A,Annual,WEEK,Every week,FAM_REL,Family and relatives,TOTAL,Total,TOTAL,Total,TOTAL,Total,PC,Percentage,IT,Italy,2015,,43.8,,,,,
dataflow,ESTAT:ILC_SCP12$DV_2746(1.0),"Persons having contacts with family and relatives or friends by income quintile, household composition, degree of urbanisation and frequency",A,Annual,WEEK,Every week,FAM_REL,Family and relatives,TOTAL,Total,TOTAL,Total,TOTAL,Total,PC,Percentage,IT,Italy,2022,,40.5,,,,,
dataflow,ESTAT:ILC_SCP12$DV_2746(1.0),"Persons having contacts with family and relatives or friends by income quintile, household composition, degree of urbanisation and frequency",A,Annual,WEEK,Every week,FAM_REL,Family and relatives,TOTAL,Total,TOTAL,Total,TOTAL,Total,PC,Percentage,LT,Lithuania,2015,,38.8,,,,,
dataflow,ESTAT:ILC_SCP12$DV_2746(1.0),"Persons having contacts with family and relatives or friends by income quintile, household composition, degree of urbanisation and frequency",A,Annual,WEEK,Every week,FAM_REL,Family and relatives,TOTAL,Total,TOTAL,Total,TOTAL,Total,PC,Percentage,LT,Lithuania,2022,,43.9,,,,,
dataflow,ESTAT:ILC_SCP12$DV_2746(1.0),"Persons having contacts with family and relatives or friends by income quintile, household composition, degree of urbanisation and frequency",A,Annual,WEEK,Every week,FAM_REL,Family and relatives,TOTAL,Total,TOTAL,Total,TOTAL,Total,PC,Percentage,LU,Luxembourg,2015,,44.9,,,,,
dataflow,ESTAT:ILC_SCP12$DV_2746(1.0),"Persons having contacts with family and relatives or friends by income quintile, household composition, degree of urbanisation and frequency",A,Annual,WEEK,Every week,FAM_REL,Family and relatives,TOTAL,Total,TOTAL,Total,TOTAL,Total,PC,Percentage,LU,Luxembourg,2022,,54.7,,,,,
dataflow,ESTAT:ILC_SCP12$DV_2746(1.0),"Persons having contacts with family and relatives or friends by income quintile, household composition, degree of urbanisation and frequency",A,Annual,WEEK,Every week,FAM_REL,Family and relatives,TOTAL,Total,TOTAL,Total,TOTAL,Total,PC,Percentage,LV,Latvia,2015,,40.1,,,,,
dataflow,ESTAT:ILC_SCP12$DV_2746(1.0),"Persons having contacts with family and relatives or friends by income quintile, household composition, degree of urbanisation and frequency",A,Annual,WEEK,Every week,FAM_REL,Family and relatives,TOTAL,Total,TOTAL,Total,TOTAL,Total,PC,Percentage,LV,Latvia,2022,,41.3,,,,,
dataflow,ESTAT:ILC_SCP12$DV_2746(1.0),"Persons having contacts with family and relatives or friends by income quintile, household composition, degree of urbanisation and frequency",A,Annual,WEEK,Every week,FAM_REL,Family and relatives,TOTAL,Total,TOTAL,Total,TOTAL,Total,PC,Percentage,MT,Malta,2015,,32.0,,,,,
dataflow,ESTAT:ILC_SCP12$DV_2746(1.0),"Persons having contacts with family and relatives or friends by income quintile, household composition, degree of urbanisation and frequency",A,Annual,WEEK,Every week,FAM_REL,Family and relatives,TOTAL,Total,TOTAL,Total,TOTAL,Total,PC,Percentage,MT,Malta,2022,,32.4,,,,,
dataflow,ESTAT:ILC_SCP12$DV_2746(1.0),"Persons having contacts with family and relatives or friends by income quintile, household composition, degree of urbanisation and frequency",A,Annual,WEEK,Every week,FAM_REL,Family and relatives,TOTAL,Total,TOTAL,Total,TOTAL,Total,PC,Percentage,NL,Netherlands,2015,,48.5,,,,,
dataflow,ESTAT:ILC_SCP12$DV_2746(1.0),"Persons having contacts with family and relatives or friends by income quintile, household composition, degree of urbanisation and frequency",A,Annual,WEEK,Every week,FAM_REL,Family and relatives,TOTAL,Total,TOTAL,Total,TOTAL,Total,PC,Percentage,NL,Netherlands,2022,,46.3,,,,,
dataflow,ESTAT:ILC_SCP12$DV_2746(1.0),"Persons having contacts with family and relatives or friends by income quintile, household composition, degree of urbanisation and frequency",A,Annual,WEEK,Every week,FAM_REL,Family and relatives,TOTAL,Total,TOTAL,Total,TOTAL,Total,PC,Percentage,NO,Norway,2015,,51.5,,,,,
dataflow,ESTAT:ILC_SCP12$DV_2746(1.0),"Persons having contacts with family and relatives or friends by income quintile, household composition, degree of urbanisation and frequency",A,Annual,WEEK,Every week,FAM_REL,Family and relatives,TOTAL,Total,TOTAL,Total,TOTAL,Total,PC,Percentage,NO,Norway,2022,,49.4,,,,,
dataflow,ESTAT:ILC_SCP12$DV_2746(1.0),"Persons having contacts with family and relatives or friends by income quintile, household composition, degree of urbanisation and frequency",A,Annual,WEEK,Every week,FAM_REL,Family and relatives,TOTAL,Total,TOTAL,Total,TOTAL,Total,PC,Percentage,PL,Poland,2015,,30.2,,u,low reliability,,
dataflow,ESTAT:ILC_SCP12$DV_2746(1.0),"Persons having contacts with family and relatives or friends by income quintile, household composition, degree of urbanisation and frequency",A,Annual,WEEK,Every week,FAM_REL,Family and relatives,TOTAL,Total,TOTAL,Total,TOTAL,Total,PC,Percentage,PL,Poland,2022,,43.7,,,,,
dataflow,ESTAT:ILC_SCP12$DV_2746(1.0),"Persons having contacts with family and relatives or friends by income quintile, household composition, degree of urbanisation and frequency",A,Annual,WEEK,Every week,FAM_REL,Family and relatives,TOTAL,Total,TOTAL,Total,TOTAL,Total,PC,Percentage,PT,Portugal,2015,,37.0,,,,,
dataflow,ESTAT:ILC_SCP12$DV_2746(1.0),"Persons having contacts with family and relatives or friends by income quintile, household composition, degree of urbanisation and frequency",A,Annual,WEEK,Every week,FAM_REL,Family and relatives,TOTAL,Total,TOTAL,Total,TOTAL,Total,PC,Percentage,PT,Portugal,2022,,37.6,,,,,
dataflow,ESTAT:ILC_SCP12$DV_2746(1.0),"Persons having contacts with family and relatives or friends by income quintile, household composition, degree of urbanisation and frequency",A,Annual,WEEK,Every week,FAM_REL,Family and relatives,TOTAL,Total,TOTAL,Total,TOTAL,Total,PC,Percentage,RO,Romania,2015,,32.2,,,,,
dataflow,ESTAT:ILC_SCP12$DV_2746(1.0),"Persons having contacts with family and relatives or friends by income quintile, household composition, degree of urbanisation and frequency",A,Annual,WEEK,Every week,FAM_REL,Family and relatives,TOTAL,Total,TOTAL,Total,TOTAL,Total,PC,Percentage,RO,Romania,2022,,36.4,,,,,
dataflow,ESTAT:ILC_SCP12$DV_2746(1.0),"Persons having contacts with family and relatives or friends by income quintile, household composition, degree of urbanisation and frequency",A,Annual,WEEK,Every week,FAM_REL,Family and relatives,TOTAL,Total,TOTAL,Total,TOTAL,Total,PC,Percentage,RS,Serbia,2015,,30.0,,,,,
dataflow,ESTAT:ILC_SCP12$DV_2746(1.0),"Persons having contacts with family and relatives or friends by income quintile, household composition, degree of urbanisation and frequency",A,Annual,WEEK,Every week,FAM_REL,Family and relatives,TOTAL,Total,TOTAL,Total,TOTAL,Total,PC,Percentage,RS,Serbia,2022,,28.6,,,,,
dataflow,ESTAT:ILC_SCP12$DV_2746(1.0),"Persons having contacts with family and relatives or friends by income quintile, household composition, degree of urbanisation and frequency",A,Annual,WEEK,Every week,FAM_REL,Family and relatives,TOTAL,Total,TOTAL,Total,TOTAL,Total,PC,Percentage,SE,Sweden,2015,,54.6,,,,,
dataflow,ESTAT:ILC_SCP12$DV_2746(1.0),"Persons having contacts with family and relatives or friends by income quintile, household composition, degree of urbanisation and frequency",A,Annual,WEEK,Every week,FAM_REL,Family and relatives,TOTAL,Total,TOTAL,Total,TOTAL,Total,PC,Percentage,SE,Sweden,2022,,46.3,,,,,
dataflow,ESTAT:ILC_SCP12$DV_2746(1.0),"Persons having contacts with family and relatives or friends by income quintile, household composition, degree of urbanisation and frequency",A,Annual,WEEK,Every week,FAM_REL,Family and relatives,TOTAL,Total,TOTAL,Total,TOTAL,Total,PC,Percentage,SI,Slovenia,2015,,44.1,,,,,
dataflow,ESTAT:ILC_SCP12$DV_2746(1.0),"Persons having contacts with family and relatives or friends by income quintile, household composition, degree of urbanisation and frequency",A,Annual,WEEK,Every week,FAM_REL,Family and relatives,TOTAL,Total,TOTAL,Total,TOTAL,Total,PC,Percentage,SI,Slovenia,2022,,42.9,,,,,
dataflow,ESTAT:ILC_SCP12$DV_2746(1.0),"Persons having contacts with family and relatives or friends by income quintile, household composition, degree of urbanisation and frequency",A,Annual,WEEK,Every week,FAM_REL,Family and relatives,TOTAL,Total,TOTAL,Total,TOTAL,Total,PC,Percentage,SK,Slovakia,2015,,36.9,,,,,
dataflow,ESTAT:ILC_SCP12$DV_2746(1.0),"Persons having contacts with family and relatives or friends by income quintile, household composition, degree of urbanisation and frequency",A,Annual,WEEK,Every week,FAM_REL,Family and relatives,TOTAL,Total,TOTAL,Total,TOTAL,Total,PC,Percentage,SK,Slovakia,2022,,40.8,,,,,
dataflow,ESTAT:ILC_SCP12$DV_2746(1.0),"Persons having contacts with family and relatives or friends by income quintile, household composition, degree of urbanisation and frequency",A,Annual,WEEK,Every week,FAM_REL,Family and relatives,TOTAL,Total,TOTAL,Total,TOTAL,Total,PC,Percentage,UK,United Kingdom,2015,,41.9,,u,low reliability,,
dataflow,ESTAT:ILC_SCP12$DV_2746(1.0),"Persons having contacts with family and relatives or friends by income quintile, household composition, degree of urbanisation and frequency",A,Annual,WEEK,Every week,FRD,Friends,TOTAL,Total,TOTAL,Total,TOTAL,Total,PC,Percentage,AL,Albania,2022,,27.6,,,,,
dataflow,ESTAT:ILC_SCP12$DV_2746(1.0),"Persons having contacts with family and relatives or friends by income quintile, household composition, degree of urbanisation and frequency",A,Annual,WEEK,Every week,FRD,Friends,TOTAL,Total,TOTAL,Total,TOTAL,Total,PC,Percentage,AT,Austria,2015,,44.5,,,,,
dataflow,ESTAT:ILC_SCP12$DV_2746(1.0),"Persons having contacts with family and relatives or friends by income quintile, household composition, degree of urbanisation and frequency",A,Annual,WEEK,Every week,FRD,Friends,TOTAL,Total,TOTAL,Total,TOTAL,Total,PC,Percentage,AT,Austria,2022,,42.6,,,,,
dataflow,ESTAT:ILC_SCP12$DV_2746(1.0),"Persons having contacts with family and relatives or friends by income quintile, household composition, degree of urbanisation and frequency",A,Annual,WEEK,Every week,FRD,Friends,TOTAL,Total,TOTAL,Total,TOTAL,Total,PC,Percentage,BE,Belgium,2015,,47.1,,,,,
dataflow,ESTAT:ILC_SCP12$DV_2746(1.0),"Persons having contacts with family and relatives or friends by income quintile, household composition, degree of urbanisation and frequency",A,Annual,WEEK,Every week,FRD,Friends,TOTAL,Total,TOTAL,Total,TOTAL,Total,PC,Percentage,BE,Belgium,2022,,50.6,,,,,
dataflow,ESTAT:ILC_SCP12$DV_2746(1.0),"Persons having contacts with family and relatives or friends by income quintile, household composition, degree of urbanisation and frequency",A,Annual,WEEK,Every week,FRD,Friends,TOTAL,Total,TOTAL,Total,TOTAL,Total,PC,Percentage,BG,Bulgaria,2015,,31.6,,,,,
dataflow,ESTAT:ILC_SCP12$DV_2746(1.0),"Persons having contacts with family and relatives or friends by income quintile, household composition, degree of urbanisation and frequency",A,Annual,WEEK,Every week,FRD,Friends,TOTAL,Total,TOTAL,Total,TOTAL,Total,PC,Percentage,BG,Bulgaria,2022,,36.6,,,,,
dataflow,ESTAT:ILC_SCP12$DV_2746(1.0),"Persons having contacts with family and relatives or friends by income quintile, household composition, degree of urbanisation and frequency",A,Annual,WEEK,Every week,FRD,Friends,TOTAL,Total,TOTAL,Total,TOTAL,Total,PC,Percentage,CH,Switzerland,2015,,47.1,,,,,
dataflow,ESTAT:ILC_SCP12$DV_2746(1.0),"Persons having contacts with family and relatives or friends by income quintile, household composition, degree of urbanisation and frequency",A,Annual,WEEK,Every week,FRD,Friends,TOTAL,Total,TOTAL,Total,TOTAL,Total,PC,Percentage,CH,Switzerland,2022,,45.0,,,,,
dataflow,ESTAT:ILC_SCP12$DV_2746(1.0),"Persons having contacts with family and relatives or friends by income quintile, household composition, degree of urbanisation and frequency",A,Annual,WEEK,Every week,FRD,Friends,TOTAL,Total,TOTAL,Total,TOTAL,Total,PC,Percentage,CY,Cyprus,2015,,35.9,,,,,
dataflow,ESTAT:ILC_SCP12$DV_2746(1.0),"Persons having contacts with family and relatives or friends by income quintile, household composition, degree of urbanisation and frequency",A,Annual,WEEK,Every week,FRD,Friends,TOTAL,Total,TOTAL,Total,TOTAL,Total,PC,Percentage,CY,Cyprus,2022,,32.4,,,,,
dataflow,ESTAT:ILC_SCP12$DV_2746(1.0),"Persons having contacts with family and relatives or friends by income quintile, household composition, degree of urbanisation and frequency",A,Annual,WEEK,Every week,FRD,Friends,TOTAL,Total,TOTAL,Total,TOTAL,Total,PC,Percentage,CZ,Czechia,2015,,35.0,,,,,
dataflow,ESTAT:ILC_SCP12$DV_2746(1.0),"Persons having contacts with family and relatives or friends by income quintile, household composition, degree of urbanisation and frequency",A,Annual,WEEK,Every week,FRD,Friends,TOTAL,Total,TOTAL,Total,TOTAL,Total,PC,Percentage,CZ,Czechia,2022,,38.2,,,,,
dataflow,ESTAT:ILC_SCP12$DV_2746(1.0),"Persons having contacts with family and relatives or friends by income quintile, household composition, degree of urbanisation and frequency",A,Annual,WEEK,Every week,FRD,Friends,TOTAL,Total,TOTAL,Total,TOTAL,Total,PC,Percentage,DE,Germany,2015,,32.5,,,,,
dataflow,ESTAT:ILC_SCP12$DV_2746(1.0),"Persons having contacts with family and relatives or friends by income quintile, household composition, degree of urbanisation and frequency",A,Annual,WEEK,Every week,FRD,Friends,TOTAL,Total,TOTAL,Total,TOTAL,Total,PC,Percentage,DE,Germany,2022,,,,u,low reliability,,
dataflow,ESTAT:ILC_SCP12$DV_2746(1.0),"Persons having contacts with family and relatives or friends by income quintile, household composition, degree of urbanisation and frequency",A,Annual,WEEK,Every week,FRD,Friends,TOTAL,Total,TOTAL,Total,TOTAL,Total,PC,Percentage,DK,Denmark,2015,,35.4,,,,,
dataflow,ESTAT:ILC_SCP12$DV_2746(1.0),"Persons having contacts with family and relatives or friends by income quintile, household composition, degree of urbanisation and frequency",A,Annual,WEEK,Every week,FRD,Friends,TOTAL,Total,TOTAL,Total,TOTAL,Total,PC,Percentage,DK,Denmark,2022,,37.1,,,,,
dataflow,ESTAT:ILC_SCP12$DV_2746(1.0),"Persons having contacts with family and relatives or friends by income quintile, household composition, degree of urbanisation and frequency",A,Annual,WEEK,Every week,FRD,Friends,TOTAL,Total,TOTAL,Total,TOTAL,Total,PC,Percentage,EA20,Euro area – 20 countries (2023-2025),2022,,37.2,,e,estimated,,
dataflow,ESTAT:ILC_SCP12$DV_2746(1.0),"Persons having contacts with family and relatives or friends by income quintile, household composition, degree of urbanisation and frequency",A,Annual,WEEK,Every week,FRD,Friends,TOTAL,Total,TOTAL,Total,TOTAL,Total,PC,Percentage,EE,Estonia,2015,,46.7,,,,,
dataflow,ESTAT:ILC_SCP12$DV_2746(1.0),"Persons having contacts with family and relatives or friends by income quintile, household composition, degree of urbanisation and frequency",A,Annual,WEEK,Every week,FRD,Friends,TOTAL,Total,TOTAL,Total,TOTAL,Total,PC,Percentage,EE,Estonia,2022,,41.7,,,,,
dataflow,ESTAT:ILC_SCP12$DV_2746(1.0),"Persons having contacts with family and relatives or friends by income quintile, household composition, degree of urbanisation and frequency",A,Annual,WEEK,Every week,FRD,Friends,TOTAL,Total,TOTAL,Total,TOTAL,Total,PC,Percentage,EL,Greece,2015,,38.1,,,,,
dataflow,ESTAT:ILC_SCP12$DV_2746(1.0),"Persons having contacts with family and relatives or friends by income quintile, household composition, degree of urbanisation and frequency",A,Annual,WEEK,Every week,FRD,Friends,TOTAL,Total,TOTAL,Total,TOTAL,Total,PC,Percentage,EL,Greece,2022,,34.2,,,,,
dataflow,ESTAT:ILC_SCP12$DV_2746(1.0),"Persons having contacts with family and relatives or friends by income quintile, household composition, degree of urbanisation and frequency",A,Annual,WEEK,Every week,FRD,Friends,TOTAL,Total,TOTAL,Total,TOTAL,Total,PC,Percentage,ES,Spain,2015,,33.9,,,,,
dataflow,ESTAT:ILC_SCP12$DV_2746(1.0),"Persons having contacts with family and relatives or friends by income quintile, household composition, degree of urbanisation and frequency",A,Annual,WEEK,Every week,FRD,Friends,TOTAL,Total,TOTAL,Total,TOTAL,Total,PC,Percentage,ES,Spain,2022,,29.9,,,,,
dataflow,ESTAT:ILC_SCP12$DV_2746(1.0),"Persons having contacts with family and relatives or friends by income quintile, household composition, degree of urbanisation and frequency",A,Annual,WEEK,Every week,FRD,Friends,TOTAL,Total,TOTAL,Total,TOTAL,Total,PC,Percentage,EU27_2020,European Union - 27 countries (from 2020),2015,,36.4,,,,,
dataflow,ESTAT:ILC_SCP12$DV_2746(1.0),"Persons having contacts with family and relatives or friends by income quintile, household composition, degree of urbanisation and frequency",A,Annual,WEEK,Every week,FRD,Friends,TOTAL,Total,TOTAL,Total,TOTAL,Total,PC,Percentage,EU27_2020,European Union - 27 countries (from 2020),2022,,37.4,,e,estimated,,
dataflow,ESTAT:ILC_SCP12$DV_2746(1.0),"Persons having contacts with family and relatives or friends by income quintile, household composition, degree of urbanisation and frequency",A,Annual,WEEK,Every week,FRD,Friends,TOTAL,Total,TOTAL,Total,TOTAL,Total,PC,Percentage,FI,Finland,2015,,44.1,,,,,
dataflow,ESTAT:ILC_SCP12$DV_2746(1.0),"Persons having contacts with family and relatives or friends by income quintile, household composition, degree of urbanisation and frequency",A,Annual,WEEK,Every week,FRD,Friends,TOTAL,Total,TOTAL,Total,TOTAL,Total,PC,Percentage,FI,Finland,2022,,38.8,,,,,
dataflow,ESTAT:ILC_SCP12$DV_2746(1.0),"Persons having contacts with family and relatives or friends by income quintile, household composition, degree of urbanisation and frequency",A,Annual,WEEK,Every week,FRD,Friends,TOTAL,Total,TOTAL,Total,TOTAL,Total,PC,Percentage,FR,France,2015,,38.4,,,,,
dataflow,ESTAT:ILC_SCP12$DV_2746(1.0),"Persons having contacts with family and relatives or friends by income quintile, household composition, degree of urbanisation and frequency",A,Annual,WEEK,Every week,FRD,Friends,TOTAL,Total,TOTAL,Total,TOTAL,Total,PC,Percentage,FR,France,2022,,37.8,,,,,
dataflow,ESTAT:ILC_SCP12$DV_2746(1.0),"Persons having contacts with family and relatives or friends by income quintile, household composition, degree of urbanisation and frequency",A,Annual,WEEK,Every week,FRD,Friends,TOTAL,Total,TOTAL,Total,TOTAL,Total,PC,Percentage,HR,Croatia,2015,,36.4,,,,,
dataflow,ESTAT:ILC_SCP12$DV_2746(1.0),"Persons having contacts with family and relatives or friends by income quintile, household composition, degree of urbanisation and frequency",A,Annual,WEEK,Every week,FRD,Friends,TOTAL,Total,TOTAL,Total,TOTAL,Total,PC,Percentage,HR,Croatia,2022,,38.8,,,,,
dataflow,ESTAT:ILC_SCP12$DV_2746(1.0),"Persons having contacts with family and relatives or friends by income quintile, household composition, degree of urbanisation and frequency",A,Annual,WEEK,Every week,FRD,Friends,TOTAL,Total,TOTAL,Total,TOTAL,Total,PC,Percentage,HU,Hungary,2015,,34.9,,,,,
dataflow,ESTAT:ILC_SCP12$DV_2746(1.0),"Persons having contacts with family and relatives or friends by income quintile, household composition, degree of urbanisation and frequency",A,Annual,WEEK,Every week,FRD,Friends,TOTAL,Total,TOTAL,Total,TOTAL,Total,PC,Percentage,HU,Hungary,2022,,40.0,,,,,
dataflow,ESTAT:ILC_SCP12$DV_2746(1.0),"Persons having contacts with family and relatives or friends by income quintile, household composition, degree of urbanisation and frequency",A,Annual,WEEK,Every week,FRD,Friends,TOTAL,Total,TOTAL,Total,TOTAL,Total,PC,Percentage,IE,Ireland,2015,,43.0,,u,low reliability,,
dataflow,ESTAT:ILC_SCP12$DV_2746(1.0),"Persons having contacts with family and relatives or friends by income quintile, household composition, degree of urbanisation and frequency",A,Annual,WEEK,Every week,FRD,Friends,TOTAL,Total,TOTAL,Total,TOTAL,Total,PC,Percentage,IE,Ireland,2022,,41.6,,,,,
dataflow,ESTAT:ILC_SCP12$DV_2746(1.0),"Persons having contacts with family and relatives or friends by income quintile, household composition, degree of urbanisation and frequency",A,Annual,WEEK,Every week,FRD,Friends,TOTAL,Total,TOTAL,Total,TOTAL,Total,PC,Percentage,IS,Iceland,2015,,40.8,,,,,
dataflow,ESTAT:ILC_SCP12$DV_2746(1.0),"Persons having contacts with family and relatives or friends by income quintile, household composition, degree of urbanisation and frequency",A,Annual,WEEK,Every week,FRD,Friends,TOTAL,Total,TOTAL,Total,TOTAL,Total,PC,Percentage,IT,Italy,2015,,43.1,,,,,
dataflow,ESTAT:ILC_SCP12$DV_2746(1.0),"Persons having contacts with family and relatives or friends by income quintile, household composition, degree of urbanisation and frequency",A,Annual,WEEK,Every week,FRD,Friends,TOTAL,Total,TOTAL,Total,TOTAL,Total,PC,Percentage,IT,Italy,2022,,41.0,,,,,
dataflow,ESTAT:ILC_SCP12$DV_2746(1.0),"Persons having contacts with family and relatives or friends by income quintile, household composition, degree of urbanisation and frequency",A,Annual,WEEK,Every week,FRD,Friends,TOTAL,Total,TOTAL,Total,TOTAL,Total,PC,Percentage,LT,Lithuania,2015,,34.3,,,,,
dataflow,ESTAT:ILC_SCP12$DV_2746(1.0),"Persons having contacts with family and relatives or friends by income quintile, household composition, degree of urbanisation and frequency",A,Annual,WEEK,Every week,FRD,Friends,TOTAL,Total,TOTAL,Total,TOTAL,Total,PC,Percentage,LT,Lithuania,2022,,40.7,,,,,
dataflow,ESTAT:ILC_SCP12$DV_2746(1.0),"Persons having contacts with family and relatives or friends by income quintile, household composition, degree of urbanisation and frequency",A,Annual,WEEK,Every week,FRD,Friends,TOTAL,Total,TOTAL,Total,TOTAL,Total,PC,Percentage,LU,Luxembourg,2015,,39.9,,,,,
dataflow,ESTAT:ILC_SCP12$DV_2746(1.0),"Persons having contacts with family and relatives or friends by income quintile, household composition, degree of urbanisation and frequency",A,Annual,WEEK,Every week,FRD,Friends,TOTAL,Total,TOTAL,Total,TOTAL,Total,PC,Percentage,LU,Luxembourg,2022,,46.2,,,,,
dataflow,ESTAT:ILC_SCP12$DV_2746(1.0),"Persons having contacts with family and relatives or friends by income quintile, household composition, degree of urbanisation and frequency",A,Annual,WEEK,Every week,FRD,Friends,TOTAL,Total,TOTAL,Total,TOTAL,Total,PC,Percentage,LV,Latvia,2015,,45.0,,,,,
dataflow,ESTAT:ILC_SCP12$DV_2746(1.0),"Persons having contacts with family and relatives or friends by income quintile, household composition, degree of urbanisation and frequency",A,Annual,WEEK,Every week,FRD,Friends,TOTAL,Total,TOTAL,Total,TOTAL,Total,PC,Percentage,LV,Latvia,2022,,42.2,,,,,
dataflow,ESTAT:ILC_SCP12$DV_2746(1.0),"Persons having contacts with family and relatives or friends by income quintile, household composition, degree of urbanisation and frequency",A,Annual,WEEK,Every week,FRD,Friends,TOTAL,Total,TOTAL,Total,TOTAL,Total,PC,Percentage,MT,Malta,2015,,27.6,,,,,
dataflow,ESTAT:ILC_SCP12$DV_2746(1.0),"Persons having contacts with family and relatives or friends by income quintile, household composition, degree of urbanisation and frequency",A,Annual,WEEK,Every week,FRD,Friends,TOTAL,Total,TOTAL,Total,TOTAL,Total,PC,Percentage,MT,Malta,2022,,32.4,,,,,
dataflow,ESTAT:ILC_SCP12$DV_2746(1.0),"Persons having contacts with family and relatives or friends by income quintile, household composition, degree of urbanisation and frequency",A,Annual,WEEK,Every week,FRD,Friends,TOTAL,Total,TOTAL,Total,TOTAL,Total,PC,Percentage,NL,Netherlands,2015,,44.0,,,,,
dataflow,ESTAT:ILC_SCP12$DV_2746(1.0),"Persons having contacts with family and relatives or friends by income quintile, household composition, degree of urbanisation and frequency",A,Annual,WEEK,Every week,FRD,Friends,TOTAL,Total,TOTAL,Total,TOTAL,Total,PC,Percentage,NL,Netherlands,2022,,37.8,,,,,
dataflow,ESTAT:ILC_SCP12$DV_2746(1.0),"Persons having contacts with family and relatives or friends by income quintile, household composition, degree of urbanisation and frequency",A,Annual,WEEK,Every week,FRD,Friends,TOTAL,Total,TOTAL,Total,TOTAL,Total,PC,Percentage,NO,Norway,2015,,41.7,,,,,
dataflow,ESTAT:ILC_SCP12$DV_2746(1.0),"Persons having contacts with family and relatives or friends by income quintile, household composition, degree of urbanisation and frequency",A,Annual,WEEK,Every week,FRD,Friends,TOTAL,Total,TOTAL,Total,TOTAL,Total,PC,Percentage,NO,Norway,2022,,34.0,,,,,
dataflow,ESTAT:ILC_SCP12$DV_2746(1.0),"Persons having contacts with family and relatives or friends by income quintile, household composition, degree of urbanisation and frequency",A,Annual,WEEK,Every week,FRD,Friends,TOTAL,Total,TOTAL,Total,TOTAL,Total,PC,Percentage,PL,Poland,2015,,27.6,,u,low reliability,,
dataflow,ESTAT:ILC_SCP12$DV_2746(1.0),"Persons having contacts with family and relatives or friends by income quintile, household composition, degree of urbanisation and frequency",A,Annual,WEEK,Every week,FRD,Friends,TOTAL,Total,TOTAL,Total,TOTAL,Total,PC,Percentage,PL,Poland,2022,,37.2,,,,,
dataflow,ESTAT:ILC_SCP12$DV_2746(1.0),"Persons having contacts with family and relatives or friends by income quintile, household composition, degree of urbanisation and frequency",A,Annual,WEEK,Every week,FRD,Friends,TOTAL,Total,TOTAL,Total,TOTAL,Total,PC,Percentage,PT,Portugal,2015,,29.0,,,,,
dataflow,ESTAT:ILC_SCP12$DV_2746(1.0),"Persons having contacts with family and relatives or friends by income quintile, household composition, degree of urbanisation and frequency",A,Annual,WEEK,Every week,FRD,Friends,TOTAL,Total,TOTAL,Total,TOTAL,Total,PC,Percentage,PT,Portugal,2022,,33.1,,,,,
dataflow,ESTAT:ILC_SCP12$DV_2746(1.0),"Persons having contacts with family and relatives or friends by income quintile, household composition, degree of urbanisation and frequency",A,Annual,WEEK,Every week,FRD,Friends,TOTAL,Total,TOTAL,Total,TOTAL,Total,PC,Percentage,RO,Romania,2015,,31.3,,,,,
dataflow,ESTAT:ILC_SCP12$DV_2746(1.0),"Persons having contacts with family and relatives or friends by income quintile, household composition, degree of urbanisation and frequency",A,Annual,WEEK,Every week,FRD,Friends,TOTAL,Total,TOTAL,Total,TOTAL,Total,PC,Percentage,RO,Romania,2022,,38.5,,,,,
dataflow,ESTAT:ILC_SCP12$DV_2746(1.0),"Persons having contacts with family and relatives or friends by income quintile, household composition, degree of urbanisation and frequency",A,Annual,WEEK,Every week,FRD,Friends,TOTAL,Total,TOTAL,Total,TOTAL,Total,PC,Percentage,RS,Serbia,2015,,29.7,,,,,
dataflow,ESTAT:ILC_SCP12$DV_2746(1.0),"Persons having contacts with family and relatives or friends by income quintile, household composition, degree of urbanisation and frequency",A,Annual,WEEK,Every week,FRD,Friends,TOTAL,Total,TOTAL,Total,TOTAL,Total,PC,Percentage,RS,Serbia,2022,,28.2,,,,,
dataflow,ESTAT:ILC_SCP12$DV_2746(1.0),"Persons having contacts with family and relatives or friends by income quintile, household composition, degree of urbanisation and frequency",A,Annual,WEEK,Every week,FRD,Friends,TOTAL,Total,TOTAL,Total,TOTAL,Total,PC,Percentage,SE,Sweden,2015,,44.8,,,,,
dataflow,ESTAT:ILC_SCP12$DV_2746(1.0),"Persons having contacts with family and relatives or friends by income quintile, household composition, degree of urbanisation and frequency",A,Annual,WEEK,Every week,FRD,Friends,TOTAL,Total,TOTAL,Total,TOTAL,Total,PC,Percentage,SE,Sweden,2022,,39.9,,,,,
dataflow,ESTAT:ILC_SCP12$DV_2746(1.0),"Persons having contacts with family and relatives or friends by income quintile, household composition, degree of urbanisation and frequency",A,Annual,WEEK,Every week,FRD,Friends,TOTAL,Total,TOTAL,Total,TOTAL,Total,PC,Percentage,SI,Slovenia,2015,,41.6,,,,,
dataflow,ESTAT:ILC_SCP12$DV_2746(1.0),"Persons having contacts with family and relatives or friends by income quintile, household composition, degree of urbanisation and frequency",A,Annual,WEEK,Every week,FRD,Friends,TOTAL,Total,TOTAL,Total,TOTAL,Total,PC,Percentage,SI,Slovenia,2022,,43.3,,,,,
dataflow,ESTAT:ILC_SCP12$DV_2746(1.0),"Persons having contacts with family and relatives or friends by income quintile, household composition, degree of urbanisation and frequency",A,Annual,WEEK,Every week,FRD,Friends,TOTAL,Total,TOTAL,Total,TOTAL,Total,PC,Percentage,SK,Slovakia,2015,,32.8,,,,,
dataflow,ESTAT:ILC_SCP12$DV_2746(1.0),"Persons having contacts with family and relatives or friends by income quintile, household composition, degree of urbanisation and frequency",A,Annual,WEEK,Every week,FRD,Friends,TOTAL,Total,TOTAL,Total,TOTAL,Total,PC,Percentage,SK,Slovakia,2022,,36.1,,,,,
dataflow,ESTAT:ILC_SCP12$DV_2746(1.0),"Persons having contacts with family and relatives or friends by income quintile, household composition, degree of urbanisation and frequency",A,Annual,WEEK,Every week,FRD,Friends,TOTAL,Total,TOTAL,Total,TOTAL,Total,PC,Percentage,UK,United Kingdom,2015,,40.8,,u,low reliability,,
