STRUCTURE,STRUCTURE_ID,STRUCTURE_NAME,freq,Time frequency,frequenc,Frequency,acl00,Classification of activities for time use,deg_urb,Degree of urbanisation,hhcomp,Household composition,quant_inc,Income quantile,unit,Unit of measure,geo,Geopolitical entity (reporting),TIME_PERIOD,Time,OBS_VALUE,Observation value,OBS_FLAG,Observation status (Flag) V2 structure,CONF_STATUS,Confidentiality status (flag)
dataflow,ESTAT:ILC_SCP04$DV_2741(1.0),"Persons participating in in cultural or sport activities in the last 12 months by income quintile, household composition, degree of urbanisation, activity type and frequency",A,Annual,1-3,From 1 to 3 times,AC521,Cinema,TOTAL,Total,TOTAL,Total,TOTAL,Total,PC,Percentage,AL,Albania,2022,,16.7,,,,,
dataflow,ESTAT:ILC_SCP04$DV_2741(1.0),"Persons participating in in cultural or sport activities in the last 12 months by income quintile, household composition, degree of urbanisation, activity type and frequency",A,Annual,1-3,From 1 to 3 times,AC521,Cinema,TOTAL,Total,TOTAL,Total,TOTAL,Total,PC,Percentage,AT,Austria,2015,,28.2,,,,,
dataflow,ESTAT:ILC_SCP04$DV_2741(1.0),"Persons participating in in cultural or sport activities in the last 12 months by income quintile, household composition, degree of urbanisation, activity type and frequency",A,Annual,1-3,From 1 to 3 times,AC521,Cinema,TOTAL,Total,TOTAL,Total,TOTAL,Total,PC,Percentage,AT,Austria,2022,,26.2,,,,,
dataflow,ESTAT:ILC_SCP04$DV_2741(1.0),"Persons participating in in cultural or sport activities in the last 12 months by income quintile, household composition, degree of urbanisation, activity type and frequency",A,Annual,1-3,From 1 to 3 times,AC521,Cinema,TOTAL,Total,TOTAL,Total,TOTAL,Total,PC,Percentage,BE,Belgium,2015,,27.6,,,,,
dataflow,ESTAT:ILC_SCP04$DV_2741(1.0),"Persons participating in in cultural or sport activities in the last 12 months by income quintile, household composition, degree of urbanisation, activity type and frequency",A,Annual,1-3,From 1 to 3 times,AC521,Cinema,TOTAL,Total,TOTAL,Total,TOTAL,Total,PC,Percentage,BE,Belgium,2022,,24.7,,,,,
dataflow,ESTAT:ILC_SCP04$DV_2741(1.0),"Persons participating in in cultural or sport activities in the last 12 months by income quintile, household composition, degree of urbanisation, activity type and frequency",A,Annual,1-3,From 1 to 3 times,AC521,Cinema,TOTAL,Total,TOTAL,Total,TOTAL,Total,PC,Percentage,BG,Bulgaria,2015,,13.1,,,,,
dataflow,ESTAT:ILC_SCP04$DV_2741(1.0),"Persons participating in in cultural or sport activities in the last 12 months by income quintile, household composition, degree of urbanisation, activity type and frequency",A,Annual,1-3,From 1 to 3 times,AC521,Cinema,TOTAL,Total,TOTAL,Total,TOTAL,Total,PC,Percentage,BG,Bulgaria,2022,,9.7,,,,,
dataflow,ESTAT:ILC_SCP04$DV_2741(1.0),"Persons participating in in cultural or sport activities in the last 12 months by income quintile, household composition, degree of urbanisation, activity type and frequency",A,Annual,1-3,From 1 to 3 times,AC521,Cinema,TOTAL,Total,TOTAL,Total,TOTAL,Total,PC,Percentage,CH,Switzerland,2015,,31.7,,,,,
dataflow,ESTAT:ILC_SCP04$DV_2741(1.0),"Persons participating in in cultural or sport activities in the last 12 months by income quintile, household composition, degree of urbanisation, activity type and frequency",A,Annual,1-3,From 1 to 3 times,AC521,Cinema,TOTAL,Total,TOTAL,Total,TOTAL,Total,PC,Percentage,CH,Switzerland,2022,,31.4,,,,,
dataflow,ESTAT:ILC_SCP04$DV_2741(1.0),"Persons participating in in cultural or sport activities in the last 12 months by income quintile, household composition, degree of urbanisation, activity type and frequency",A,Annual,1-3,From 1 to 3 times,AC521,Cinema,TOTAL,Total,TOTAL,Total,TOTAL,Total,PC,Percentage,CY,Cyprus,2015,,22.6,,,,,
dataflow,ESTAT:ILC_SCP04$DV_2741(1.0),"Persons participating in in cultural or sport activities in the last 12 months by income quintile, household composition, degree of urbanisation, activity type and frequency",A,Annual,1-3,From 1 to 3 times,AC521,Cinema,TOTAL,Total,TOTAL,Total,TOTAL,Total,PC,Percentage,CY,Cyprus,2022,,15.6,,,,,
dataflow,ESTAT:ILC_SCP04$DV_2741(1.0),"Persons participating in in cultural or sport activities in the last 12 months by income quintile, household composition, degree of urbanisation, activity type and frequency",A,Annual,1-3,From 1 to 3 times,AC521,Cinema,TOTAL,Total,TOTAL,Total,TOTAL,Total,PC,Percentage,CZ,Czechia,2015,,31.2,,,,,
dataflow,ESTAT:ILC_SCP04$DV_2741(1.0),"Persons participating in in cultural or sport activities in the last 12 months by income quintile, household composition, degree of urbanisation, activity type and frequency",A,Annual,1-3,From 1 to 3 times,AC521,Cinema,TOTAL,Total,TOTAL,Total,TOTAL,Total,PC,Percentage,CZ,Czechia,2022,,30.4,,,,,
dataflow,ESTAT:ILC_SCP04$DV_2741(1.0),"Persons participating in in cultural or sport activities in the last 12 months by income quintile, household composition, degree of urbanisation, activity type and frequency",A,Annual,1-3,From 1 to 3 times,AC521,Cinema,TOTAL,Total,TOTAL,Total,TOTAL,Total,PC,Percentage,DE,Germany,2015,,30.8,,,,,
dataflow,ESTAT:ILC_SCP04$DV_2741(1.0),"Persons participating in in cultural or sport activities in the last 12 months by income quintile, household composition, degree of urbanisation, activity type and frequency",A,Annual,1-3,From 1 to 3 times,AC521,Cinema,TOTAL,Total,TOTAL,Total,TOTAL,Total,PC,Percentage,DE,Germany,2022,,,,u,low reliability,,
dataflow,ESTAT:ILC_SCP04$DV_2741(1.0),"Persons participating in in cultural or sport activities in the last 12 months by income quintile, household composition, degree of urbanisation, activity type and frequency",A,Annual,1-3,From 1 to 3 times,AC521,Cinema,TOTAL,Total,TOTAL,Total,TOTAL,Total,PC,Percentage,DK,Denmark,2015,,44.5,,,,,
dataflow,ESTAT:ILC_SCP04$DV_2741(1.0),"Persons participating in in cultural or sport activities in the last 12 months by income quintile, household composition, degree of urbanisation, activity type and frequency",A,Annual,1-3,From 1 to 3 times,AC521,Cinema,TOTAL,Total,TOTAL,Total,TOTAL,Total,PC,Percentage,DK,Denmark,2022,,38.4,,,,,
dataflow,ESTAT:ILC_SCP04$DV_2741(1.0),"Persons participating in in cultural or sport activities in the last 12 months by income quintile, household composition, degree of urbanisation, activity type and frequency",A,Annual,1-3,From 1 to 3 times,AC521,Cinema,TOTAL,Total,TOTAL,Total,TOTAL,Total,PC,Percentage,EE,Estonia,2015,,27.2,,,,,
dataflow,ESTAT:ILC_SCP04$DV_2741(1.0),"Persons participating in in cultural or sport activities in the last 12 months by income quintile, household composition, degree of urbanisation, activity type and frequency",A,Annual,1-3,From 1 to 3 times,AC521,Cinema,TOTAL,Total,TOTAL,Total,TOTAL,Total,PC,Percentage,EE,Estonia,2022,,28.3,,,,,
dataflow,ESTAT:ILC_SCP04$DV_2741(1.0),"Persons participating in in cultural or sport activities in the last 12 months by income quintile, household composition, degree of urbanisation, activity type and frequency",A,Annual,1-3,From 1 to 3 times,AC521,Cinema,TOTAL,Total,TOTAL,Total,TOTAL,Total,PC,Percentage,EL,Greece,2015,,26.6,,,,,
dataflow,ESTAT:ILC_SCP04$DV_2741(1.0),"Persons participating in in cultural or sport activities in the last 12 months by income quintile, household composition, degree of urbanisation, activity type and frequency",A,Annual,1-3,From 1 to 3 times,AC521,Cinema,TOTAL,Total,TOTAL,Total,TOTAL,Total,PC,Percentage,EL,Greece,2022,,20.8,,,,,
dataflow,ESTAT:ILC_SCP04$DV_2741(1.0),"Persons participating in in cultural or sport activities in the last 12 months by income quintile, household composition, degree of urbanisation, activity type and frequency",A,Annual,1-3,From 1 to 3 times,AC521,Cinema,TOTAL,Total,TOTAL,Total,TOTAL,Total,PC,Percentage,ES,Spain,2015,,25.8,,,,,
dataflow,ESTAT:ILC_SCP04$DV_2741(1.0),"Persons participating in in cultural or sport activities in the last 12 months by income quintile, household composition, degree of urbanisation, activity type and frequency",A,Annual,1-3,From 1 to 3 times,AC521,Cinema,TOTAL,Total,TOTAL,Total,TOTAL,Total,PC,Percentage,ES,Spain,2022,,25.3,,,,,
dataflow,ESTAT:ILC_SCP04$DV_2741(1.0),"Persons participating in in cultural or sport activities in the last 12 months by income quintile, household composition, degree of urbanisation, activity type and frequency",A,Annual,1-3,From 1 to 3 times,AC521,Cinema,TOTAL,Total,TOTAL,Total,TOTAL,Total,PC,Percentage,EU27_2020,European Union - 27 countries (from 2020),2015,,27.2,,,,,
dataflow,ESTAT:ILC_SCP04$DV_2741(1.0),"Persons participating in in cultural or sport activities in the last 12 months by income quintile, household composition, degree of urbanisation, activity type and frequency",A,Annual,1-3,From 1 to 3 times,AC521,Cinema,TOTAL,Total,TOTAL,Total,TOTAL,Total,PC,Percentage,FI,Finland,2015,,36.9,,,,,
dataflow,ESTAT:ILC_SCP04$DV_2741(1.0),"Persons participating in in cultural or sport activities in the last 12 months by income quintile, household composition, degree of urbanisation, activity type and frequency",A,Annual,1-3,From 1 to 3 times,AC521,Cinema,TOTAL,Total,TOTAL,Total,TOTAL,Total,PC,Percentage,FI,Finland,2022,,30.2,,,,,
dataflow,ESTAT:ILC_SCP04$DV_2741(1.0),"Persons participating in in cultural or sport activities in the last 12 months by income quintile, household composition, degree of urbanisation, activity type and frequency",A,Annual,1-3,From 1 to 3 times,AC521,Cinema,TOTAL,Total,TOTAL,Total,TOTAL,Total,PC,Percentage,FR,France,2015,,28.6,,,,,
dataflow,ESTAT:ILC_SCP04$DV_2741(1.0),"Persons participating in in cultural or sport activities in the last 12 months by income quintile, household composition, degree of urbanisation, activity type and frequency",A,Annual,1-3,From 1 to 3 times,AC521,Cinema,TOTAL,Total,TOTAL,Total,TOTAL,Total,PC,Percentage,FR,France,2022,,27.0,,,,,
dataflow,ESTAT:ILC_SCP04$DV_2741(1.0),"Persons participating in in cultural or sport activities in the last 12 months by income quintile, household composition, degree of urbanisation, activity type and frequency",A,Annual,1-3,From 1 to 3 times,AC521,Cinema,TOTAL,Total,TOTAL,Total,TOTAL,Total,PC,Percentage,HR,Croatia,2015,,15.7,,,,,
dataflow,ESTAT:ILC_SCP04$DV_2741(1.0),"Persons participating in in cultural or sport activities in the last 12 months by income quintile, household composition, degree of urbanisation, activity type and frequency",A,Annual,1-3,From 1 to 3 times,AC521,Cinema,TOTAL,Total,TOTAL,Total,TOTAL,Total,PC,Percentage,HR,Croatia,2022,,15.0,,,,,
dataflow,ESTAT:ILC_SCP04$DV_2741(1.0),"Persons participating in in cultural or sport activities in the last 12 months by income quintile, household composition, degree of urbanisation, activity type and frequency",A,Annual,1-3,From 1 to 3 times,AC521,Cinema,TOTAL,Total,TOTAL,Total,TOTAL,Total,PC,Percentage,HU,Hungary,2015,,20.0,,,,,
dataflow,ESTAT:ILC_SCP04$DV_2741(1.0),"Persons participating in in cultural or sport activities in the last 12 months by income quintile, household composition, degree of urbanisation, activity type and frequency",A,Annual,1-3,From 1 to 3 times,AC521,Cinema,TOTAL,Total,TOTAL,Total,TOTAL,Total,PC,Percentage,HU,Hungary,2022,,21.0,,,,,
dataflow,ESTAT:ILC_SCP04$DV_2741(1.0),"Persons participating in in cultural or sport activities in the last 12 months by income quintile, household composition, degree of urbanisation, activity type and frequency",A,Annual,1-3,From 1 to 3 times,AC521,Cinema,TOTAL,Total,TOTAL,Total,TOTAL,Total,PC,Percentage,IE,Ireland,2015,,29.0,,u,low reliability,,
dataflow,ESTAT:ILC_SCP04$DV_2741(1.0),"Persons participating in in cultural or sport activities in the last 12 months by income quintile, household composition, degree of urbanisation, activity type and frequency",A,Annual,1-3,From 1 to 3 times,AC521,Cinema,TOTAL,Total,TOTAL,Total,TOTAL,Total,PC,Percentage,IE,Ireland,2022,,33.6,,,,,
dataflow,ESTAT:ILC_SCP04$DV_2741(1.0),"Persons participating in in cultural or sport activities in the last 12 months by income quintile, household composition, degree of urbanisation, activity type and frequency",A,Annual,1-3,From 1 to 3 times,AC521,Cinema,TOTAL,Total,TOTAL,Total,TOTAL,Total,PC,Percentage,IS,Iceland,2015,,37.0,,,,,
dataflow,ESTAT:ILC_SCP04$DV_2741(1.0),"Persons participating in in cultural or sport activities in the last 12 months by income quintile, household composition, degree of urbanisation, activity type and frequency",A,Annual,1-3,From 1 to 3 times,AC521,Cinema,TOTAL,Total,TOTAL,Total,TOTAL,Total,PC,Percentage,IT,Italy,2015,,22.1,,,,,
dataflow,ESTAT:ILC_SCP04$DV_2741(1.0),"Persons participating in in cultural or sport activities in the last 12 months by income quintile, household composition, degree of urbanisation, activity type and frequency",A,Annual,1-3,From 1 to 3 times,AC521,Cinema,TOTAL,Total,TOTAL,Total,TOTAL,Total,PC,Percentage,IT,Italy,2022,,21.0,,,,,
dataflow,ESTAT:ILC_SCP04$DV_2741(1.0),"Persons participating in in cultural or sport activities in the last 12 months by income quintile, household composition, degree of urbanisation, activity type and frequency",A,Annual,1-3,From 1 to 3 times,AC521,Cinema,TOTAL,Total,TOTAL,Total,TOTAL,Total,PC,Percentage,LT,Lithuania,2015,,25.2,,,,,
dataflow,ESTAT:ILC_SCP04$DV_2741(1.0),"Persons participating in in cultural or sport activities in the last 12 months by income quintile, household composition, degree of urbanisation, activity type and frequency",A,Annual,1-3,From 1 to 3 times,AC521,Cinema,TOTAL,Total,TOTAL,Total,TOTAL,Total,PC,Percentage,LT,Lithuania,2022,,22.7,,,,,
dataflow,ESTAT:ILC_SCP04$DV_2741(1.0),"Persons participating in in cultural or sport activities in the last 12 months by income quintile, household composition, degree of urbanisation, activity type and frequency",A,Annual,1-3,From 1 to 3 times,AC521,Cinema,TOTAL,Total,TOTAL,Total,TOTAL,Total,PC,Percentage,LU,Luxembourg,2015,,29.2,,,,,
dataflow,ESTAT:ILC_SCP04$DV_2741(1.0),"Persons participating in in cultural or sport activities in the last 12 months by income quintile, household composition, degree of urbanisation, activity type and frequency",A,Annual,1-3,From 1 to 3 times,AC521,Cinema,TOTAL,Total,TOTAL,Total,TOTAL,Total,PC,Percentage,LU,Luxembourg,2022,,37.7,,,,,
dataflow,ESTAT:ILC_SCP04$DV_2741(1.0),"Persons participating in in cultural or sport activities in the last 12 months by income quintile, household composition, degree of urbanisation, activity type and frequency",A,Annual,1-3,From 1 to 3 times,AC521,Cinema,TOTAL,Total,TOTAL,Total,TOTAL,Total,PC,Percentage,LV,Latvia,2015,,21.0,,,,,
dataflow,ESTAT:ILC_SCP04$DV_2741(1.0),"Persons participating in in cultural or sport activities in the last 12 months by income quintile, household composition, degree of urbanisation, activity type and frequency",A,Annual,1-3,From 1 to 3 times,AC521,Cinema,TOTAL,Total,TOTAL,Total,TOTAL,Total,PC,Percentage,LV,Latvia,2022,,11.9,,,,,
dataflow,ESTAT:ILC_SCP04$DV_2741(1.0),"Persons participating in in cultural or sport activities in the last 12 months by income quintile, household composition, degree of urbanisation, activity type and frequency",A,Annual,1-3,From 1 to 3 times,AC521,Cinema,TOTAL,Total,TOTAL,Total,TOTAL,Total,PC,Percentage,MT,Malta,2015,,20.1,,,,,
dataflow,ESTAT:ILC_SCP04$DV_2741(1.0),"Persons participating in in cultural or sport activities in the last 12 months by income quintile, household composition, degree of urbanisation, activity type and frequency",A,Annual,1-3,From 1 to 3 times,AC521,Cinema,TOTAL,Total,TOTAL,Total,TOTAL,Total,PC,Percentage,MT,Malta,2022,,20.1,,,,,
dataflow,ESTAT:ILC_SCP04$DV_2741(1.0),"Persons participating in in cultural or sport activities in the last 12 months by income quintile, household composition, degree of urbanisation, activity type and frequency",A,Annual,1-3,From 1 to 3 times,AC521,Cinema,TOTAL,Total,TOTAL,Total,TOTAL,Total,PC,Percentage,NL,Netherlands,2015,,36.7,,,,,
dataflow,ESTAT:ILC_SCP04$DV_2741(1.0),"Persons participating in in cultural or sport activities in the last 12 months by income quintile, household composition, degree of urbanisation, activity type and frequency",A,Annual,1-3,From 1 to 3 times,AC521,Cinema,TOTAL,Total,TOTAL,Total,TOTAL,Total,PC,Percentage,NL,Netherlands,2022,,29.4,,,,,
dataflow,ESTAT:ILC_SCP04$DV_2741(1.0),"Persons participating in in cultural or sport activities in the last 12 months by income quintile, household composition, degree of urbanisation, activity type and frequency",A,Annual,1-3,From 1 to 3 times,AC521,Cinema,TOTAL,Total,TOTAL,Total,TOTAL,Total,PC,Percentage,NO,Norway,2015,,35.2,,,,,
dataflow,ESTAT:ILC_SCP04$DV_2741(1.0),"Persons participating in in cultural or sport activities in the last 12 months by income quintile, household composition, degree of urbanisation, activity type and frequency",A,Annual,1-3,From 1 to 3 times,AC521,Cinema,TOTAL,Total,TOTAL,Total,TOTAL,Total,PC,Percentage,NO,Norway,2022,,36.5,,,,,
dataflow,ESTAT:ILC_SCP04$DV_2741(1.0),"Persons participating in in cultural or sport activities in the last 12 months by income quintile, household composition, degree of urbanisation, activity type and frequency",A,Annual,1-3,From 1 to 3 times,AC521,Cinema,TOTAL,Total,TOTAL,Total,TOTAL,Total,PC,Percentage,PL,Poland,2015,,31.4,,u,low reliability,,
dataflow,ESTAT:ILC_SCP04$DV_2741(1.0),"Persons participating in in cultural or sport activities in the last 12 months by income quintile, household composition, degree of urbanisation, activity type and frequency",A,Annual,1-3,From 1 to 3 times,AC521,Cinema,TOTAL,Total,TOTAL,Total,TOTAL,Total,PC,Percentage,PL,Poland,2022,,28.6,,,,,
dataflow,ESTAT:ILC_SCP04$DV_2741(1.0),"Persons participating in in cultural or sport activities in the last 12 months by income quintile, household composition, degree of urbanisation, activity type and frequency",A,Annual,1-3,From 1 to 3 times,AC521,Cinema,TOTAL,Total,TOTAL,Total,TOTAL,Total,PC,Percentage,PT,Portugal,2015,,19.1,,,,,
dataflow,ESTAT:ILC_SCP04$DV_2741(1.0),"Persons participating in in cultural or sport activities in the last 12 months by income quintile, household composition, degree of urbanisation, activity type and frequency",A,Annual,1-3,From 1 to 3 times,AC521,Cinema,TOTAL,Total,TOTAL,Total,TOTAL,Total,PC,Percentage,PT,Portugal,2022,,19.2,,,,,
dataflow,ESTAT:ILC_SCP04$DV_2741(1.0),"Persons participating in in cultural or sport activities in the last 12 months by income quintile, household composition, degree of urbanisation, activity type and frequency",A,Annual,1-3,From 1 to 3 times,AC521,Cinema,TOTAL,Total,TOTAL,Total,TOTAL,Total,PC,Percentage,RO,Romania,2015,,12.2,,,,,
dataflow,ESTAT:ILC_SCP04$DV_2741(1.0),"Persons participating in in cultural or sport activities in the last 12 months by income quintile, household composition, degree of urbanisation, activity type and frequency",A,Annual,1-3,From 1 to 3 times,AC521,Cinema,TOTAL,Total,TOTAL,Total,TOTAL,Total,PC,Percentage,RO,Romania,2022,,12.5,,,,,
dataflow,ESTAT:ILC_SCP04$DV_2741(1.0),"Persons participating in in cultural or sport activities in the last 12 months by income quintile, household composition, degree of urbanisation, activity type and frequency",A,Annual,1-3,From 1 to 3 times,AC521,Cinema,TOTAL,Total,TOTAL,Total,TOTAL,Total,PC,Percentage,RS,Serbia,2015,,13.5,,,,,
dataflow,ESTAT:ILC_SCP04$DV_2741(1.0),"Persons participating in in cultural or sport activities in the last 12 months by income quintile, household composition, degree of urbanisation, activity type and frequency",A,Annual,1-3,From 1 to 3 times,AC521,Cinema,TOTAL,Total,TOTAL,Total,TOTAL,Total,PC,Percentage,RS,Serbia,2022,,18.1,,,,,
dataflow,ESTAT:ILC_SCP04$DV_2741(1.0),"Persons participating in in cultural or sport activities in the last 12 months by income quintile, household composition, degree of urbanisation, activity type and frequency",A,Annual,1-3,From 1 to 3 times,AC521,Cinema,TOTAL,Total,TOTAL,Total,TOTAL,Total,PC,Percentage,SE,Sweden,2015,,40.2,,,,,
dataflow,ESTAT:ILC_SCP04$DV_2741(1.0),"Persons participating in in cultural or sport activities in the last 12 months by income quintile, household composition, degree of urbanisation, activity type and frequency",A,Annual,1-3,From 1 to 3 times,AC521,Cinema,TOTAL,Total,TOTAL,Total,TOTAL,Total,PC,Percentage,SE,Sweden,2022,,28.9,,,,,
dataflow,ESTAT:ILC_SCP04$DV_2741(1.0),"Persons participating in in cultural or sport activities in the last 12 months by income quintile, household composition, degree of urbanisation, activity type and frequency",A,Annual,1-3,From 1 to 3 times,AC521,Cinema,TOTAL,Total,TOTAL,Total,TOTAL,Total,PC,Percentage,SI,Slovenia,2015,,24.8,,,,,
dataflow,ESTAT:ILC_SCP04$DV_2741(1.0),"Persons participating in in cultural or sport activities in the last 12 months by income quintile, household composition, degree of urbanisation, activity type and frequency",A,Annual,1-3,From 1 to 3 times,AC521,Cinema,TOTAL,Total,TOTAL,Total,TOTAL,Total,PC,Percentage,SI,Slovenia,2022,,18.3,,,,,
dataflow,ESTAT:ILC_SCP04$DV_2741(1.0),"Persons participating in in cultural or sport activities in the last 12 months by income quintile, household composition, degree of urbanisation, activity type and frequency",A,Annual,1-3,From 1 to 3 times,AC521,Cinema,TOTAL,Total,TOTAL,Total,TOTAL,Total,PC,Percentage,SK,Slovakia,2015,,22.5,,,,,
dataflow,ESTAT:ILC_SCP04$DV_2741(1.0),"Persons participating in in cultural or sport activities in the last 12 months by income quintile, household composition, degree of urbanisation, activity type and frequency",A,Annual,1-3,From 1 to 3 times,AC521,Cinema,TOTAL,Total,TOTAL,Total,TOTAL,Total,PC,Percentage,SK,Slovakia,2022,,20.0,,,,,
dataflow,ESTAT:ILC_SCP04$DV_2741(1.0),"Persons participating in in cultural or sport activities in the last 12 months by income quintile, household composition, degree of urbanisation, activity type and frequency",A,Annual,1-3,From 1 to 3 times,AC521,Cinema,TOTAL,Total,TOTAL,Total,TOTAL,Total,PC,Percentage,UK,United Kingdom,2015,,32.6,,u,low reliability,,
dataflow,ESTAT:ILC_SCP04$DV_2741(1.0),"Persons participating in in cultural or sport activities in the last 12 months by income quintile, household composition, degree of urbanisation, activity type and frequency",A,Annual,1-3,From 1 to 3 times,AC522A,"Live performances (theatre, concerts, ballet)",TOTAL,Total,TOTAL,Total,TOTAL,Total,PC,Percentage,AL,Albania,2022,,11.8,,,,,
dataflow,ESTAT:ILC_SCP04$DV_2741(1.0),"Persons participating in in cultural or sport activities in the last 12 months by income quintile, household composition, degree of urbanisation, activity type and frequency",A,Annual,1-3,From 1 to 3 times,AC522A,"Live performances (theatre, concerts, ballet)",TOTAL,Total,TOTAL,Total,TOTAL,Total,PC,Percentage,AT,Austria,2015,,31.0,,,,,
dataflow,ESTAT:ILC_SCP04$DV_2741(1.0),"Persons participating in in cultural or sport activities in the last 12 months by income quintile, household composition, degree of urbanisation, activity type and frequency",A,Annual,1-3,From 1 to 3 times,AC522A,"Live performances (theatre, concerts, ballet)",TOTAL,Total,TOTAL,Total,TOTAL,Total,PC,Percentage,AT,Austria,2022,,22.7,,,,,
dataflow,ESTAT:ILC_SCP04$DV_2741(1.0),"Persons participating in in cultural or sport activities in the last 12 months by income quintile, household composition, degree of urbanisation, activity type and frequency",A,Annual,1-3,From 1 to 3 times,AC522A,"Live performances (theatre, concerts, ballet)",TOTAL,Total,TOTAL,Total,TOTAL,Total,PC,Percentage,BE,Belgium,2015,,24.8,,,,,
dataflow,ESTAT:ILC_SCP04$DV_2741(1.0),"Persons participating in in cultural or sport activities in the last 12 months by income quintile, household composition, degree of urbanisation, activity type and frequency",A,Annual,1-3,From 1 to 3 times,AC522A,"Live performances (theatre, concerts, ballet)",TOTAL,Total,TOTAL,Total,TOTAL,Total,PC,Percentage,BE,Belgium,2022,,27.2,,,,,
dataflow,ESTAT:ILC_SCP04$DV_2741(1.0),"Persons participating in in cultural or sport activities in the last 12 months by income quintile, household composition, degree of urbanisation, activity type and frequency",A,Annual,1-3,From 1 to 3 times,AC522A,"Live performances (theatre, concerts, ballet)",TOTAL,Total,TOTAL,Total,TOTAL,Total,PC,Percentage,BG,Bulgaria,2015,,12.7,,,,,
dataflow,ESTAT:ILC_SCP04$DV_2741(1.0),"Persons participating in in cultural or sport activities in the last 12 months by income quintile, household composition, degree of urbanisation, activity type and frequency",A,Annual,1-3,From 1 to 3 times,AC522A,"Live performances (theatre, concerts, ballet)",TOTAL,Total,TOTAL,Total,TOTAL,Total,PC,Percentage,BG,Bulgaria,2022,,8.3,,,,,
dataflow,ESTAT:ILC_SCP04$DV_2741(1.0),"Persons participating in in cultural or sport activities in the last 12 months by income quintile, household composition, degree of urbanisation, activity type and frequency",A,Annual,1-3,From 1 to 3 times,AC522A,"Live performances (theatre, concerts, ballet)",TOTAL,Total,TOTAL,Total,TOTAL,Total,PC,Percentage,CH,Switzerland,2015,,31.1,,,,,
dataflow,ESTAT:ILC_SCP04$DV_2741(1.0),"Persons participating in in cultural or sport activities in the last 12 months by income quintile, household composition, degree of urbanisation, activity type and frequency",A,Annual,1-3,From 1 to 3 times,AC522A,"Live performances (theatre, concerts, ballet)",TOTAL,Total,TOTAL,Total,TOTAL,Total,PC,Percentage,CH,Switzerland,2022,,24.9,,,,,
dataflow,ESTAT:ILC_SCP04$DV_2741(1.0),"Persons participating in in cultural or sport activities in the last 12 months by income quintile, household composition, degree of urbanisation, activity type and frequency",A,Annual,1-3,From 1 to 3 times,AC522A,"Live performances (theatre, concerts, ballet)",TOTAL,Total,TOTAL,Total,TOTAL,Total,PC,Percentage,CY,Cyprus,2015,,31.9,,,,,
dataflow,ESTAT:ILC_SCP04$DV_2741(1.0),"Persons participating in in cultural or sport activities in the last 12 months by income quintile, household composition, degree of urbanisation, activity type and frequency",A,Annual,1-3,From 1 to 3 times,AC522A,"Live performances (theatre, concerts, ballet)",TOTAL,Total,TOTAL,Total,TOTAL,Total,PC,Percentage,CY,Cyprus,2022,,21.5,,,,,
dataflow,ESTAT:ILC_SCP04$DV_2741(1.0),"Persons participating in in cultural or sport activities in the last 12 months by income quintile, household composition, degree of urbanisation, activity type and frequency",A,Annual,1-3,From 1 to 3 times,AC522A,"Live performances (theatre, concerts, ballet)",TOTAL,Total,TOTAL,Total,TOTAL,Total,PC,Percentage,CZ,Czechia,2015,,32.6,,,,,
dataflow,ESTAT:ILC_SCP04$DV_2741(1.0),"Persons participating in in cultural or sport activities in the last 12 months by income quintile, household composition, degree of urbanisation, activity type and frequency",A,Annual,1-3,From 1 to 3 times,AC522A,"Live performances (theatre, concerts, ballet)",TOTAL,Total,TOTAL,Total,TOTAL,Total,PC,Percentage,CZ,Czechia,2022,,25.9,,,,,
dataflow,ESTAT:ILC_SCP04$DV_2741(1.0),"Persons participating in in cultural or sport activities in the last 12 months by income quintile, household composition, degree of urbanisation, activity type and frequency",A,Annual,1-3,From 1 to 3 times,AC522A,"Live performances (theatre, concerts, ballet)",TOTAL,Total,TOTAL,Total,TOTAL,Total,PC,Percentage,DE,Germany,2015,,33.7,,,,,
dataflow,ESTAT:ILC_SCP04$DV_2741(1.0),"Persons participating in in cultural or sport activities in the last 12 months by income quintile, household composition, degree of urbanisation, activity type and frequency",A,Annual,1-3,From 1 to 3 times,AC522A,"Live performances (theatre, concerts, ballet)",TOTAL,Total,TOTAL,Total,TOTAL,Total,PC,Percentage,DE,Germany,2022,,,,u,low reliability,,
dataflow,ESTAT:ILC_SCP04$DV_2741(1.0),"Persons participating in in cultural or sport activities in the last 12 months by income quintile, household composition, degree of urbanisation, activity type and frequency",A,Annual,1-3,From 1 to 3 times,AC522A,"Live performances (theatre, concerts, ballet)",TOTAL,Total,TOTAL,Total,TOTAL,Total,PC,Percentage,DK,Denmark,2015,,44.9,,,,,
dataflow,ESTAT:ILC_SCP04$DV_2741(1.0),"Persons participating in in cultural or sport activities in the last 12 months by income quintile, household composition, degree of urbanisation, activity type and frequency",A,Annual,1-3,From 1 to 3 times,AC522A,"Live performances (theatre, concerts, ballet)",TOTAL,Total,TOTAL,Total,TOTAL,Total,PC,Percentage,DK,Denmark,2022,,31.2,,,,,
dataflow,ESTAT:ILC_SCP04$DV_2741(1.0),"Persons participating in in cultural or sport activities in the last 12 months by income quintile, household composition, degree of urbanisation, activity type and frequency",A,Annual,1-3,From 1 to 3 times,AC522A,"Live performances (theatre, concerts, ballet)",TOTAL,Total,TOTAL,Total,TOTAL,Total,PC,Percentage,EE,Estonia,2015,,35.6,,,,,
dataflow,ESTAT:ILC_SCP04$DV_2741(1.0),"Persons participating in in cultural or sport activities in the last 12 months by income quintile, household composition, degree of urbanisation, activity type and frequency",A,Annual,1-3,From 1 to 3 times,AC522A,"Live performances (theatre, concerts, ballet)",TOTAL,Total,TOTAL,Total,TOTAL,Total,PC,Percentage,EE,Estonia,2022,,26.9,,,,,
dataflow,ESTAT:ILC_SCP04$DV_2741(1.0),"Persons participating in in cultural or sport activities in the last 12 months by income quintile, household composition, degree of urbanisation, activity type and frequency",A,Annual,1-3,From 1 to 3 times,AC522A,"Live performances (theatre, concerts, ballet)",TOTAL,Total,TOTAL,Total,TOTAL,Total,PC,Percentage,EL,Greece,2015,,29.2,,,,,
dataflow,ESTAT:ILC_SCP04$DV_2741(1.0),"Persons participating in in cultural or sport activities in the last 12 months by income quintile, household composition, degree of urbanisation, activity type and frequency",A,Annual,1-3,From 1 to 3 times,AC522A,"Live performances (theatre, concerts, ballet)",TOTAL,Total,TOTAL,Total,TOTAL,Total,PC,Percentage,EL,Greece,2022,,22.7,,,,,
dataflow,ESTAT:ILC_SCP04$DV_2741(1.0),"Persons participating in in cultural or sport activities in the last 12 months by income quintile, household composition, degree of urbanisation, activity type and frequency",A,Annual,1-3,From 1 to 3 times,AC522A,"Live performances (theatre, concerts, ballet)",TOTAL,Total,TOTAL,Total,TOTAL,Total,PC,Percentage,ES,Spain,2015,,20.4,,,,,
dataflow,ESTAT:ILC_SCP04$DV_2741(1.0),"Persons participating in in cultural or sport activities in the last 12 months by income quintile, household composition, degree of urbanisation, activity type and frequency",A,Annual,1-3,From 1 to 3 times,AC522A,"Live performances (theatre, concerts, ballet)",TOTAL,Total,TOTAL,Total,TOTAL,Total,PC,Percentage,ES,Spain,2022,,23.8,,,,,
dataflow,ESTAT:ILC_SCP04$DV_2741(1.0),"Persons participating in in cultural or sport activities in the last 12 months by income quintile, household composition, degree of urbanisation, activity type and frequency",A,Annual,1-3,From 1 to 3 times,AC522A,"Live performances (theatre, concerts, ballet)",TOTAL,Total,TOTAL,Total,TOTAL,Total,PC,Percentage,EU27_2020,European Union - 27 countries (from 2020),2015,,27.9,,,,,
dataflow,ESTAT:ILC_SCP04$DV_2741(1.0),"Persons participating in in cultural or sport activities in the last 12 months by income quintile, household composition, degree of urbanisation, activity type and frequency",A,Annual,1-3,From 1 to 3 times,AC522A,"Live performances (theatre, concerts, ballet)",TOTAL,Total,TOTAL,Total,TOTAL,Total,PC,Percentage,FI,Finland,2015,,42.4,,,,,
dataflow,ESTAT:ILC_SCP04$DV_2741(1.0),"Persons participating in in cultural or sport activities in the last 12 months by income quintile, household composition, degree of urbanisation, activity type and frequency",A,Annual,1-3,From 1 to 3 times,AC522A,"Live performances (theatre, concerts, ballet)",TOTAL,Total,TOTAL,Total,TOTAL,Total,PC,Percentage,FI,Finland,2022,,26.8,,,,,
dataflow,ESTAT:ILC_SCP04$DV_2741(1.0),"Persons participating in in cultural or sport activities in the last 12 months by income quintile, household composition, degree of urbanisation, activity type and frequency",A,Annual,1-3,From 1 to 3 times,AC522A,"Live performances (theatre, concerts, ballet)",TOTAL,Total,TOTAL,Total,TOTAL,Total,PC,Percentage,FR,France,2015,,36.9,,,,,
dataflow,ESTAT:ILC_SCP04$DV_2741(1.0),"Persons participating in in cultural or sport activities in the last 12 months by income quintile, household composition, degree of urbanisation, activity type and frequency",A,Annual,1-3,From 1 to 3 times,AC522A,"Live performances (theatre, concerts, ballet)",TOTAL,Total,TOTAL,Total,TOTAL,Total,PC,Percentage,FR,France,2022,,17.0,,,,,
dataflow,ESTAT:ILC_SCP04$DV_2741(1.0),"Persons participating in in cultural or sport activities in the last 12 months by income quintile, household composition, degree of urbanisation, activity type and frequency",A,Annual,1-3,From 1 to 3 times,AC522A,"Live performances (theatre, concerts, ballet)",TOTAL,Total,TOTAL,Total,TOTAL,Total,PC,Percentage,HR,Croatia,2015,,16.3,,,,,
dataflow,ESTAT:ILC_SCP04$DV_2741(1.0),"Persons participating in in cultural or sport activities in the last 12 months by income quintile, household composition, degree of urbanisation, activity type and frequency",A,Annual,1-3,From 1 to 3 times,AC522A,"Live performances (theatre, concerts, ballet)",TOTAL,Total,TOTAL,Total,TOTAL,Total,PC,Percentage,HR,Croatia,2022,,16.4,,,,,
dataflow,ESTAT:ILC_SCP04$DV_2741(1.0),"Persons participating in in cultural or sport activities in the last 12 months by income quintile, household composition, degree of urbanisation, activity type and frequency",A,Annual,1-3,From 1 to 3 times,AC522A,"Live performances (theatre, concerts, ballet)",TOTAL,Total,TOTAL,Total,TOTAL,Total,PC,Percentage,HU,Hungary,2015,,21.5,,,,,
dataflow,ESTAT:ILC_SCP04$DV_2741(1.0),"Persons participating in in cultural or sport activities in the last 12 months by income quintile, household composition, degree of urbanisation, activity type and frequency",A,Annual,1-3,From 1 to 3 times,AC522A,"Live performances (theatre, concerts, ballet)",TOTAL,Total,TOTAL,Total,TOTAL,Total,PC,Percentage,HU,Hungary,2022,,17.9,,,,,
dataflow,ESTAT:ILC_SCP04$DV_2741(1.0),"Persons participating in in cultural or sport activities in the last 12 months by income quintile, household composition, degree of urbanisation, activity type and frequency",A,Annual,1-3,From 1 to 3 times,AC522A,"Live performances (theatre, concerts, ballet)",TOTAL,Total,TOTAL,Total,TOTAL,Total,PC,Percentage,IE,Ireland,2015,,30.8,,u,low reliability,,
dataflow,ESTAT:ILC_SCP04$DV_2741(1.0),"Persons participating in in cultural or sport activities in the last 12 months by income quintile, household composition, degree of urbanisation, activity type and frequency",A,Annual,1-3,From 1 to 3 times,AC522A,"Live performances (theatre, concerts, ballet)",TOTAL,Total,TOTAL,Total,TOTAL,Total,PC,Percentage,IE,Ireland,2022,,28.1,,,,,
dataflow,ESTAT:ILC_SCP04$DV_2741(1.0),"Persons participating in in cultural or sport activities in the last 12 months by income quintile, household composition, degree of urbanisation, activity type and frequency",A,Annual,1-3,From 1 to 3 times,AC522A,"Live performances (theatre, concerts, ballet)",TOTAL,Total,TOTAL,Total,TOTAL,Total,PC,Percentage,IS,Iceland,2015,,38.4,,,,,
dataflow,ESTAT:ILC_SCP04$DV_2741(1.0),"Persons participating in in cultural or sport activities in the last 12 months by income quintile, household composition, degree of urbanisation, activity type and frequency",A,Annual,1-3,From 1 to 3 times,AC522A,"Live performances (theatre, concerts, ballet)",TOTAL,Total,TOTAL,Total,TOTAL,Total,PC,Percentage,IT,Italy,2015,,17.3,,,,,
dataflow,ESTAT:ILC_SCP04$DV_2741(1.0),"Persons participating in in cultural or sport activities in the last 12 months by income quintile, household composition, degree of urbanisation, activity type and frequency",A,Annual,1-3,From 1 to 3 times,AC522A,"Live performances (theatre, concerts, ballet)",TOTAL,Total,TOTAL,Total,TOTAL,Total,PC,Percentage,IT,Italy,2022,,15.7,,,,,
dataflow,ESTAT:ILC_SCP04$DV_2741(1.0),"Persons participating in in cultural or sport activities in the last 12 months by income quintile, household composition, degree of urbanisation, activity type and frequency",A,Annual,1-3,From 1 to 3 times,AC522A,"Live performances (theatre, concerts, ballet)",TOTAL,Total,TOTAL,Total,TOTAL,Total,PC,Percentage,LT,Lithuania,2015,,42.5,,,,,
dataflow,ESTAT:ILC_SCP04$DV_2741(1.0),"Persons participating in in cultural or sport activities in the last 12 months by income quintile, household composition, degree of urbanisation, activity type and frequency",A,Annual,1-3,From 1 to 3 times,AC522A,"Live performances (theatre, concerts, ballet)",TOTAL,Total,TOTAL,Total,TOTAL,Total,PC,Percentage,LT,Lithuania,2022,,28.4,,,,,
dataflow,ESTAT:ILC_SCP04$DV_2741(1.0),"Persons participating in in cultural or sport activities in the last 12 months by income quintile, household composition, degree of urbanisation, activity type and frequency",A,Annual,1-3,From 1 to 3 times,AC522A,"Live performances (theatre, concerts, ballet)",TOTAL,Total,TOTAL,Total,TOTAL,Total,PC,Percentage,LU,Luxembourg,2015,,31.1,,,,,
dataflow,ESTAT:ILC_SCP04$DV_2741(1.0),"Persons participating in in cultural or sport activities in the last 12 months by income quintile, household composition, degree of urbanisation, activity type and frequency",A,Annual,1-3,From 1 to 3 times,AC522A,"Live performances (theatre, concerts, ballet)",TOTAL,Total,TOTAL,Total,TOTAL,Total,PC,Percentage,LU,Luxembourg,2022,,41.3,,,,,
dataflow,ESTAT:ILC_SCP04$DV_2741(1.0),"Persons participating in in cultural or sport activities in the last 12 months by income quintile, household composition, degree of urbanisation, activity type and frequency",A,Annual,1-3,From 1 to 3 times,AC522A,"Live performances (theatre, concerts, ballet)",TOTAL,Total,TOTAL,Total,TOTAL,Total,PC,Percentage,LV,Latvia,2015,,34.9,,,,,
dataflow,ESTAT:ILC_SCP04$DV_2741(1.0),"Persons participating in in cultural or sport activities in the last 12 months by income quintile, household composition, degree of urbanisation, activity type and frequency",A,Annual,1-3,From 1 to 3 times,AC522A,"Live performances (theatre, concerts, ballet)",TOTAL,Total,TOTAL,Total,TOTAL,Total,PC,Percentage,LV,Latvia,2022,,20.0,,,,,
dataflow,ESTAT:ILC_SCP04$DV_2741(1.0),"Persons participating in in cultural or sport activities in the last 12 months by income quintile, household composition, degree of urbanisation, activity type and frequency",A,Annual,1-3,From 1 to 3 times,AC522A,"Live performances (theatre, concerts, ballet)",TOTAL,Total,TOTAL,Total,TOTAL,Total,PC,Percentage,MT,Malta,2015,,18.6,,,,,
dataflow,ESTAT:ILC_SCP04$DV_2741(1.0),"Persons participating in in cultural or sport activities in the last 12 months by income quintile, household composition, degree of urbanisation, activity type and frequency",A,Annual,1-3,From 1 to 3 times,AC522A,"Live performances (theatre, concerts, ballet)",TOTAL,Total,TOTAL,Total,TOTAL,Total,PC,Percentage,MT,Malta,2022,,18.3,,,,,
dataflow,ESTAT:ILC_SCP04$DV_2741(1.0),"Persons participating in in cultural or sport activities in the last 12 months by income quintile, household composition, degree of urbanisation, activity type and frequency",A,Annual,1-3,From 1 to 3 times,AC522A,"Live performances (theatre, concerts, ballet)",TOTAL,Total,TOTAL,Total,TOTAL,Total,PC,Percentage,NL,Netherlands,2015,,39.8,,,,,
dataflow,ESTAT:ILC_SCP04$DV_2741(1.0),"Persons participating in in cultural or sport activities in the last 12 months by income quintile, household composition, degree of urbanisation, activity type and frequency",A,Annual,1-3,From 1 to 3 times,AC522A,"Live performances (theatre, concerts, ballet)",TOTAL,Total,TOTAL,Total,TOTAL,Total,PC,Percentage,NL,Netherlands,2022,,26.3,,,,,
dataflow,ESTAT:ILC_SCP04$DV_2741(1.0),"Persons participating in in cultural or sport activities in the last 12 months by income quintile, household composition, degree of urbanisation, activity type and frequency",A,Annual,1-3,From 1 to 3 times,AC522A,"Live performances (theatre, concerts, ballet)",TOTAL,Total,TOTAL,Total,TOTAL,Total,PC,Percentage,NO,Norway,2015,,39.1,,,,,
dataflow,ESTAT:ILC_SCP04$DV_2741(1.0),"Persons participating in in cultural or sport activities in the last 12 months by income quintile, household composition, degree of urbanisation, activity type and frequency",A,Annual,1-3,From 1 to 3 times,AC522A,"Live performances (theatre, concerts, ballet)",TOTAL,Total,TOTAL,Total,TOTAL,Total,PC,Percentage,NO,Norway,2022,,32.8,,,,,
dataflow,ESTAT:ILC_SCP04$DV_2741(1.0),"Persons participating in in cultural or sport activities in the last 12 months by income quintile, household composition, degree of urbanisation, activity type and frequency",A,Annual,1-3,From 1 to 3 times,AC522A,"Live performances (theatre, concerts, ballet)",TOTAL,Total,TOTAL,Total,TOTAL,Total,PC,Percentage,PL,Poland,2015,,22.2,,u,low reliability,,
dataflow,ESTAT:ILC_SCP04$DV_2741(1.0),"Persons participating in in cultural or sport activities in the last 12 months by income quintile, household composition, degree of urbanisation, activity type and frequency",A,Annual,1-3,From 1 to 3 times,AC522A,"Live performances (theatre, concerts, ballet)",TOTAL,Total,TOTAL,Total,TOTAL,Total,PC,Percentage,PL,Poland,2022,,16.1,,,,,
dataflow,ESTAT:ILC_SCP04$DV_2741(1.0),"Persons participating in in cultural or sport activities in the last 12 months by income quintile, household composition, degree of urbanisation, activity type and frequency",A,Annual,1-3,From 1 to 3 times,AC522A,"Live performances (theatre, concerts, ballet)",TOTAL,Total,TOTAL,Total,TOTAL,Total,PC,Percentage,PT,Portugal,2015,,30.7,,,,,
dataflow,ESTAT:ILC_SCP04$DV_2741(1.0),"Persons participating in in cultural or sport activities in the last 12 months by income quintile, household composition, degree of urbanisation, activity type and frequency",A,Annual,1-3,From 1 to 3 times,AC522A,"Live performances (theatre, concerts, ballet)",TOTAL,Total,TOTAL,Total,TOTAL,Total,PC,Percentage,PT,Portugal,2022,,22.6,,,,,
dataflow,ESTAT:ILC_SCP04$DV_2741(1.0),"Persons participating in in cultural or sport activities in the last 12 months by income quintile, household composition, degree of urbanisation, activity type and frequency",A,Annual,1-3,From 1 to 3 times,AC522A,"Live performances (theatre, concerts, ballet)",TOTAL,Total,TOTAL,Total,TOTAL,Total,PC,Percentage,RO,Romania,2015,,14.6,,,,,
dataflow,ESTAT:ILC_SCP04$DV_2741(1.0),"Persons participating in in cultural or sport activities in the last 12 months by income quintile, household composition, degree of urbanisation, activity type and frequency",A,Annual,1-3,From 1 to 3 times,AC522A,"Live performances (theatre, concerts, ballet)",TOTAL,Total,TOTAL,Total,TOTAL,Total,PC,Percentage,RO,Romania,2022,,9.0,,,,,
dataflow,ESTAT:ILC_SCP04$DV_2741(1.0),"Persons participating in in cultural or sport activities in the last 12 months by income quintile, household composition, degree of urbanisation, activity type and frequency",A,Annual,1-3,From 1 to 3 times,AC522A,"Live performances (theatre, concerts, ballet)",TOTAL,Total,TOTAL,Total,TOTAL,Total,PC,Percentage,RS,Serbia,2015,,13.3,,,,,
dataflow,ESTAT:ILC_SCP04$DV_2741(1.0),"Persons participating in in cultural or sport activities in the last 12 months by income quintile, household composition, degree of urbanisation, activity type and frequency",A,Annual,1-3,From 1 to 3 times,AC522A,"Live performances (theatre, concerts, ballet)",TOTAL,Total,TOTAL,Total,TOTAL,Total,PC,Percentage,RS,Serbia,2022,,15.4,,,,,
dataflow,ESTAT:ILC_SCP04$DV_2741(1.0),"Persons participating in in cultural or sport activities in the last 12 months by income quintile, household composition, degree of urbanisation, activity type and frequency",A,Annual,1-3,From 1 to 3 times,AC522A,"Live performances (theatre, concerts, ballet)",TOTAL,Total,TOTAL,Total,TOTAL,Total,PC,Percentage,SE,Sweden,2015,,40.6,,,,,
dataflow,ESTAT:ILC_SCP04$DV_2741(1.0),"Persons participating in in cultural or sport activities in the last 12 months by income quintile, household composition, degree of urbanisation, activity type and frequency",A,Annual,1-3,From 1 to 3 times,AC522A,"Live performances (theatre, concerts, ballet)",TOTAL,Total,TOTAL,Total,TOTAL,Total,PC,Percentage,SE,Sweden,2022,,24.9,,,,,
dataflow,ESTAT:ILC_SCP04$DV_2741(1.0),"Persons participating in in cultural or sport activities in the last 12 months by income quintile, household composition, degree of urbanisation, activity type and frequency",A,Annual,1-3,From 1 to 3 times,AC522A,"Live performances (theatre, concerts, ballet)",TOTAL,Total,TOTAL,Total,TOTAL,Total,PC,Percentage,SI,Slovenia,2015,,28.6,,,,,
dataflow,ESTAT:ILC_SCP04$DV_2741(1.0),"Persons participating in in cultural or sport activities in the last 12 months by income quintile, household composition, degree of urbanisation, activity type and frequency",A,Annual,1-3,From 1 to 3 times,AC522A,"Live performances (theatre, concerts, ballet)",TOTAL,Total,TOTAL,Total,TOTAL,Total,PC,Percentage,SI,Slovenia,2022,,22.7,,,,,
dataflow,ESTAT:ILC_SCP04$DV_2741(1.0),"Persons participating in in cultural or sport activities in the last 12 months by income quintile, household composition, degree of urbanisation, activity type and frequency",A,Annual,1-3,From 1 to 3 times,AC522A,"Live performances (theatre, concerts, ballet)",TOTAL,Total,TOTAL,Total,TOTAL,Total,PC,Percentage,SK,Slovakia,2015,,31.0,,,,,
dataflow,ESTAT:ILC_SCP04$DV_2741(1.0),"Persons participating in in cultural or sport activities in the last 12 months by income quintile, household composition, degree of urbanisation, activity type and frequency",A,Annual,1-3,From 1 to 3 times,AC522A,"Live performances (theatre, concerts, ballet)",TOTAL,Total,TOTAL,Total,TOTAL,Total,PC,Percentage,SK,Slovakia,2022,,12.9,,,,,
dataflow,ESTAT:ILC_SCP04$DV_2741(1.0),"Persons participating in in cultural or sport activities in the last 12 months by income quintile, household composition, degree of urbanisation, activity type and frequency",A,Annual,1-3,From 1 to 3 times,AC522A,"Live performances (theatre, concerts, ballet)",TOTAL,Total,TOTAL,Total,TOTAL,Total,PC,Percentage,UK,United Kingdom,2015,,32.3,,u,low reliability,,
dataflow,ESTAT:ILC_SCP04$DV_2741(1.0),"Persons participating in in cultural or sport activities in the last 12 months by income quintile, household composition, degree of urbanisation, activity type and frequency",A,Annual,1-3,From 1 to 3 times,AC523H,"Cultural sites (historical monuments, museums, art galleries or archaeological sites)",TOTAL,Total,TOTAL,Total,TOTAL,Total,PC,Percentage,AL,Albania,2022,,13.8,,,,,
dataflow,ESTAT:ILC_SCP04$DV_2741(1.0),"Persons participating in in cultural or sport activities in the last 12 months by income quintile, household composition, degree of urbanisation, activity type and frequency",A,Annual,1-3,From 1 to 3 times,AC523H,"Cultural sites (historical monuments, museums, art galleries or archaeological sites)",TOTAL,Total,TOTAL,Total,TOTAL,Total,PC,Percentage,AT,Austria,2015,,28.2,,,,,
dataflow,ESTAT:ILC_SCP04$DV_2741(1.0),"Persons participating in in cultural or sport activities in the last 12 months by income quintile, household composition, degree of urbanisation, activity type and frequency",A,Annual,1-3,From 1 to 3 times,AC523H,"Cultural sites (historical monuments, museums, art galleries or archaeological sites)",TOTAL,Total,TOTAL,Total,TOTAL,Total,PC,Percentage,AT,Austria,2022,,22.9,,,,,
dataflow,ESTAT:ILC_SCP04$DV_2741(1.0),"Persons participating in in cultural or sport activities in the last 12 months by income quintile, household composition, degree of urbanisation, activity type and frequency",A,Annual,1-3,From 1 to 3 times,AC523H,"Cultural sites (historical monuments, museums, art galleries or archaeological sites)",TOTAL,Total,TOTAL,Total,TOTAL,Total,PC,Percentage,BE,Belgium,2015,,23.4,,,,,
dataflow,ESTAT:ILC_SCP04$DV_2741(1.0),"Persons participating in in cultural or sport activities in the last 12 months by income quintile, household composition, degree of urbanisation, activity type and frequency",A,Annual,1-3,From 1 to 3 times,AC523H,"Cultural sites (historical monuments, museums, art galleries or archaeological sites)",TOTAL,Total,TOTAL,Total,TOTAL,Total,PC,Percentage,BE,Belgium,2022,,25.8,,,,,
dataflow,ESTAT:ILC_SCP04$DV_2741(1.0),"Persons participating in in cultural or sport activities in the last 12 months by income quintile, household composition, degree of urbanisation, activity type and frequency",A,Annual,1-3,From 1 to 3 times,AC523H,"Cultural sites (historical monuments, museums, art galleries or archaeological sites)",TOTAL,Total,TOTAL,Total,TOTAL,Total,PC,Percentage,BG,Bulgaria,2015,,10.1,,,,,
dataflow,ESTAT:ILC_SCP04$DV_2741(1.0),"Persons participating in in cultural or sport activities in the last 12 months by income quintile, household composition, degree of urbanisation, activity type and frequency",A,Annual,1-3,From 1 to 3 times,AC523H,"Cultural sites (historical monuments, museums, art galleries or archaeological sites)",TOTAL,Total,TOTAL,Total,TOTAL,Total,PC,Percentage,BG,Bulgaria,2022,,8.4,,,,,
dataflow,ESTAT:ILC_SCP04$DV_2741(1.0),"Persons participating in in cultural or sport activities in the last 12 months by income quintile, household composition, degree of urbanisation, activity type and frequency",A,Annual,1-3,From 1 to 3 times,AC523H,"Cultural sites (historical monuments, museums, art galleries or archaeological sites)",TOTAL,Total,TOTAL,Total,TOTAL,Total,PC,Percentage,CH,Switzerland,2015,,35.7,,,,,
dataflow,ESTAT:ILC_SCP04$DV_2741(1.0),"Persons participating in in cultural or sport activities in the last 12 months by income quintile, household composition, degree of urbanisation, activity type and frequency",A,Annual,1-3,From 1 to 3 times,AC523H,"Cultural sites (historical monuments, museums, art galleries or archaeological sites)",TOTAL,Total,TOTAL,Total,TOTAL,Total,PC,Percentage,CH,Switzerland,2022,,31.6,,,,,
dataflow,ESTAT:ILC_SCP04$DV_2741(1.0),"Persons participating in in cultural or sport activities in the last 12 months by income quintile, household composition, degree of urbanisation, activity type and frequency",A,Annual,1-3,From 1 to 3 times,AC523H,"Cultural sites (historical monuments, museums, art galleries or archaeological sites)",TOTAL,Total,TOTAL,Total,TOTAL,Total,PC,Percentage,CY,Cyprus,2015,,16.4,,,,,
dataflow,ESTAT:ILC_SCP04$DV_2741(1.0),"Persons participating in in cultural or sport activities in the last 12 months by income quintile, household composition, degree of urbanisation, activity type and frequency",A,Annual,1-3,From 1 to 3 times,AC523H,"Cultural sites (historical monuments, museums, art galleries or archaeological sites)",TOTAL,Total,TOTAL,Total,TOTAL,Total,PC,Percentage,CY,Cyprus,2022,,12.6,,,,,
dataflow,ESTAT:ILC_SCP04$DV_2741(1.0),"Persons participating in in cultural or sport activities in the last 12 months by income quintile, household composition, degree of urbanisation, activity type and frequency",A,Annual,1-3,From 1 to 3 times,AC523H,"Cultural sites (historical monuments, museums, art galleries or archaeological sites)",TOTAL,Total,TOTAL,Total,TOTAL,Total,PC,Percentage,CZ,Czechia,2015,,35.0,,,,,
dataflow,ESTAT:ILC_SCP04$DV_2741(1.0),"Persons participating in in cultural or sport activities in the last 12 months by income quintile, household composition, degree of urbanisation, activity type and frequency",A,Annual,1-3,From 1 to 3 times,AC523H,"Cultural sites (historical monuments, museums, art galleries or archaeological sites)",TOTAL,Total,TOTAL,Total,TOTAL,Total,PC,Percentage,CZ,Czechia,2022,,28.6,,,,,
dataflow,ESTAT:ILC_SCP04$DV_2741(1.0),"Persons participating in in cultural or sport activities in the last 12 months by income quintile, household composition, degree of urbanisation, activity type and frequency",A,Annual,1-3,From 1 to 3 times,AC523H,"Cultural sites (historical monuments, museums, art galleries or archaeological sites)",TOTAL,Total,TOTAL,Total,TOTAL,Total,PC,Percentage,DE,Germany,2015,,32.3,,,,,
dataflow,ESTAT:ILC_SCP04$DV_2741(1.0),"Persons participating in in cultural or sport activities in the last 12 months by income quintile, household composition, degree of urbanisation, activity type and frequency",A,Annual,1-3,From 1 to 3 times,AC523H,"Cultural sites (historical monuments, museums, art galleries or archaeological sites)",TOTAL,Total,TOTAL,Total,TOTAL,Total,PC,Percentage,DE,Germany,2022,,,,u,low reliability,,
dataflow,ESTAT:ILC_SCP04$DV_2741(1.0),"Persons participating in in cultural or sport activities in the last 12 months by income quintile, household composition, degree of urbanisation, activity type and frequency",A,Annual,1-3,From 1 to 3 times,AC523H,"Cultural sites (historical monuments, museums, art galleries or archaeological sites)",TOTAL,Total,TOTAL,Total,TOTAL,Total,PC,Percentage,DK,Denmark,2015,,46.5,,,,,
dataflow,ESTAT:ILC_SCP04$DV_2741(1.0),"Persons participating in in cultural or sport activities in the last 12 months by income quintile, household composition, degree of urbanisation, activity type and frequency",A,Annual,1-3,From 1 to 3 times,AC523H,"Cultural sites (historical monuments, museums, art galleries or archaeological sites)",TOTAL,Total,TOTAL,Total,TOTAL,Total,PC,Percentage,DK,Denmark,2022,,34.4,,,,,
dataflow,ESTAT:ILC_SCP04$DV_2741(1.0),"Persons participating in in cultural or sport activities in the last 12 months by income quintile, household composition, degree of urbanisation, activity type and frequency",A,Annual,1-3,From 1 to 3 times,AC523H,"Cultural sites (historical monuments, museums, art galleries or archaeological sites)",TOTAL,Total,TOTAL,Total,TOTAL,Total,PC,Percentage,EE,Estonia,2015,,29.4,,,,,
dataflow,ESTAT:ILC_SCP04$DV_2741(1.0),"Persons participating in in cultural or sport activities in the last 12 months by income quintile, household composition, degree of urbanisation, activity type and frequency",A,Annual,1-3,From 1 to 3 times,AC523H,"Cultural sites (historical monuments, museums, art galleries or archaeological sites)",TOTAL,Total,TOTAL,Total,TOTAL,Total,PC,Percentage,EE,Estonia,2022,,26.7,,,,,
dataflow,ESTAT:ILC_SCP04$DV_2741(1.0),"Persons participating in in cultural or sport activities in the last 12 months by income quintile, household composition, degree of urbanisation, activity type and frequency",A,Annual,1-3,From 1 to 3 times,AC523H,"Cultural sites (historical monuments, museums, art galleries or archaeological sites)",TOTAL,Total,TOTAL,Total,TOTAL,Total,PC,Percentage,EL,Greece,2015,,15.0,,,,,
dataflow,ESTAT:ILC_SCP04$DV_2741(1.0),"Persons participating in in cultural or sport activities in the last 12 months by income quintile, household composition, degree of urbanisation, activity type and frequency",A,Annual,1-3,From 1 to 3 times,AC523H,"Cultural sites (historical monuments, museums, art galleries or archaeological sites)",TOTAL,Total,TOTAL,Total,TOTAL,Total,PC,Percentage,EL,Greece,2022,,15.2,,,,,
dataflow,ESTAT:ILC_SCP04$DV_2741(1.0),"Persons participating in in cultural or sport activities in the last 12 months by income quintile, household composition, degree of urbanisation, activity type and frequency",A,Annual,1-3,From 1 to 3 times,AC523H,"Cultural sites (historical monuments, museums, art galleries or archaeological sites)",TOTAL,Total,TOTAL,Total,TOTAL,Total,PC,Percentage,ES,Spain,2015,,19.5,,,,,
dataflow,ESTAT:ILC_SCP04$DV_2741(1.0),"Persons participating in in cultural or sport activities in the last 12 months by income quintile, household composition, degree of urbanisation, activity type and frequency",A,Annual,1-3,From 1 to 3 times,AC523H,"Cultural sites (historical monuments, museums, art galleries or archaeological sites)",TOTAL,Total,TOTAL,Total,TOTAL,Total,PC,Percentage,ES,Spain,2022,,25.1,,,,,
dataflow,ESTAT:ILC_SCP04$DV_2741(1.0),"Persons participating in in cultural or sport activities in the last 12 months by income quintile, household composition, degree of urbanisation, activity type and frequency",A,Annual,1-3,From 1 to 3 times,AC523H,"Cultural sites (historical monuments, museums, art galleries or archaeological sites)",TOTAL,Total,TOTAL,Total,TOTAL,Total,PC,Percentage,EU27_2020,European Union - 27 countries (from 2020),2015,,26.7,,,,,
dataflow,ESTAT:ILC_SCP04$DV_2741(1.0),"Persons participating in in cultural or sport activities in the last 12 months by income quintile, household composition, degree of urbanisation, activity type and frequency",A,Annual,1-3,From 1 to 3 times,AC523H,"Cultural sites (historical monuments, museums, art galleries or archaeological sites)",TOTAL,Total,TOTAL,Total,TOTAL,Total,PC,Percentage,FI,Finland,2015,,41.6,,,,,
dataflow,ESTAT:ILC_SCP04$DV_2741(1.0),"Persons participating in in cultural or sport activities in the last 12 months by income quintile, household composition, degree of urbanisation, activity type and frequency",A,Annual,1-3,From 1 to 3 times,AC523H,"Cultural sites (historical monuments, museums, art galleries or archaeological sites)",TOTAL,Total,TOTAL,Total,TOTAL,Total,PC,Percentage,FI,Finland,2022,,32.8,,,,,
dataflow,ESTAT:ILC_SCP04$DV_2741(1.0),"Persons participating in in cultural or sport activities in the last 12 months by income quintile, household composition, degree of urbanisation, activity type and frequency",A,Annual,1-3,From 1 to 3 times,AC523H,"Cultural sites (historical monuments, museums, art galleries or archaeological sites)",TOTAL,Total,TOTAL,Total,TOTAL,Total,PC,Percentage,FR,France,2015,,33.2,,,,,
dataflow,ESTAT:ILC_SCP04$DV_2741(1.0),"Persons participating in in cultural or sport activities in the last 12 months by income quintile, household composition, degree of urbanisation, activity type and frequency",A,Annual,1-3,From 1 to 3 times,AC523H,"Cultural sites (historical monuments, museums, art galleries or archaeological sites)",TOTAL,Total,TOTAL,Total,TOTAL,Total,PC,Percentage,FR,France,2022,,21.9,,,,,
dataflow,ESTAT:ILC_SCP04$DV_2741(1.0),"Persons participating in in cultural or sport activities in the last 12 months by income quintile, household composition, degree of urbanisation, activity type and frequency",A,Annual,1-3,From 1 to 3 times,AC523H,"Cultural sites (historical monuments, museums, art galleries or archaeological sites)",TOTAL,Total,TOTAL,Total,TOTAL,Total,PC,Percentage,HR,Croatia,2015,,14.1,,,,,
dataflow,ESTAT:ILC_SCP04$DV_2741(1.0),"Persons participating in in cultural or sport activities in the last 12 months by income quintile, household composition, degree of urbanisation, activity type and frequency",A,Annual,1-3,From 1 to 3 times,AC523H,"Cultural sites (historical monuments, museums, art galleries or archaeological sites)",TOTAL,Total,TOTAL,Total,TOTAL,Total,PC,Percentage,HR,Croatia,2022,,13.6,,,,,
dataflow,ESTAT:ILC_SCP04$DV_2741(1.0),"Persons participating in in cultural or sport activities in the last 12 months by income quintile, household composition, degree of urbanisation, activity type and frequency",A,Annual,1-3,From 1 to 3 times,AC523H,"Cultural sites (historical monuments, museums, art galleries or archaeological sites)",TOTAL,Total,TOTAL,Total,TOTAL,Total,PC,Percentage,HU,Hungary,2015,,27.5,,,,,
dataflow,ESTAT:ILC_SCP04$DV_2741(1.0),"Persons participating in in cultural or sport activities in the last 12 months by income quintile, household composition, degree of urbanisation, activity type and frequency",A,Annual,1-3,From 1 to 3 times,AC523H,"Cultural sites (historical monuments, museums, art galleries or archaeological sites)",TOTAL,Total,TOTAL,Total,TOTAL,Total,PC,Percentage,HU,Hungary,2022,,17.9,,,,,
dataflow,ESTAT:ILC_SCP04$DV_2741(1.0),"Persons participating in in cultural or sport activities in the last 12 months by income quintile, household composition, degree of urbanisation, activity type and frequency",A,Annual,1-3,From 1 to 3 times,AC523H,"Cultural sites (historical monuments, museums, art galleries or archaeological sites)",TOTAL,Total,TOTAL,Total,TOTAL,Total,PC,Percentage,IE,Ireland,2015,,25.1,,u,low reliability,,
dataflow,ESTAT:ILC_SCP04$DV_2741(1.0),"Persons participating in in cultural or sport activities in the last 12 months by income quintile, household composition, degree of urbanisation, activity type and frequency",A,Annual,1-3,From 1 to 3 times,AC523H,"Cultural sites (historical monuments, museums, art galleries or archaeological sites)",TOTAL,Total,TOTAL,Total,TOTAL,Total,PC,Percentage,IE,Ireland,2022,,26.1,,,,,
dataflow,ESTAT:ILC_SCP04$DV_2741(1.0),"Persons participating in in cultural or sport activities in the last 12 months by income quintile, household composition, degree of urbanisation, activity type and frequency",A,Annual,1-3,From 1 to 3 times,AC523H,"Cultural sites (historical monuments, museums, art galleries or archaeological sites)",TOTAL,Total,TOTAL,Total,TOTAL,Total,PC,Percentage,IS,Iceland,2015,,30.8,,,,,
dataflow,ESTAT:ILC_SCP04$DV_2741(1.0),"Persons participating in in cultural or sport activities in the last 12 months by income quintile, household composition, degree of urbanisation, activity type and frequency",A,Annual,1-3,From 1 to 3 times,AC523H,"Cultural sites (historical monuments, museums, art galleries or archaeological sites)",TOTAL,Total,TOTAL,Total,TOTAL,Total,PC,Percentage,IT,Italy,2015,,17.4,,,,,
dataflow,ESTAT:ILC_SCP04$DV_2741(1.0),"Persons participating in in cultural or sport activities in the last 12 months by income quintile, household composition, degree of urbanisation, activity type and frequency",A,Annual,1-3,From 1 to 3 times,AC523H,"Cultural sites (historical monuments, museums, art galleries or archaeological sites)",TOTAL,Total,TOTAL,Total,TOTAL,Total,PC,Percentage,IT,Italy,2022,,14.3,,,,,
dataflow,ESTAT:ILC_SCP04$DV_2741(1.0),"Persons participating in in cultural or sport activities in the last 12 months by income quintile, household composition, degree of urbanisation, activity type and frequency",A,Annual,1-3,From 1 to 3 times,AC523H,"Cultural sites (historical monuments, museums, art galleries or archaeological sites)",TOTAL,Total,TOTAL,Total,TOTAL,Total,PC,Percentage,LT,Lithuania,2015,,25.5,,,,,
dataflow,ESTAT:ILC_SCP04$DV_2741(1.0),"Persons participating in in cultural or sport activities in the last 12 months by income quintile, household composition, degree of urbanisation, activity type and frequency",A,Annual,1-3,From 1 to 3 times,AC523H,"Cultural sites (historical monuments, museums, art galleries or archaeological sites)",TOTAL,Total,TOTAL,Total,TOTAL,Total,PC,Percentage,LT,Lithuania,2022,,23.3,,,,,
dataflow,ESTAT:ILC_SCP04$DV_2741(1.0),"Persons participating in in cultural or sport activities in the last 12 months by income quintile, household composition, degree of urbanisation, activity type and frequency",A,Annual,1-3,From 1 to 3 times,AC523H,"Cultural sites (historical monuments, museums, art galleries or archaeological sites)",TOTAL,Total,TOTAL,Total,TOTAL,Total,PC,Percentage,LU,Luxembourg,2015,,29.5,,,,,
dataflow,ESTAT:ILC_SCP04$DV_2741(1.0),"Persons participating in in cultural or sport activities in the last 12 months by income quintile, household composition, degree of urbanisation, activity type and frequency",A,Annual,1-3,From 1 to 3 times,AC523H,"Cultural sites (historical monuments, museums, art galleries or archaeological sites)",TOTAL,Total,TOTAL,Total,TOTAL,Total,PC,Percentage,LU,Luxembourg,2022,,46.9,,,,,
dataflow,ESTAT:ILC_SCP04$DV_2741(1.0),"Persons participating in in cultural or sport activities in the last 12 months by income quintile, household composition, degree of urbanisation, activity type and frequency",A,Annual,1-3,From 1 to 3 times,AC523H,"Cultural sites (historical monuments, museums, art galleries or archaeological sites)",TOTAL,Total,TOTAL,Total,TOTAL,Total,PC,Percentage,LV,Latvia,2015,,33.8,,,,,
dataflow,ESTAT:ILC_SCP04$DV_2741(1.0),"Persons participating in in cultural or sport activities in the last 12 months by income quintile, household composition, degree of urbanisation, activity type and frequency",A,Annual,1-3,From 1 to 3 times,AC523H,"Cultural sites (historical monuments, museums, art galleries or archaeological sites)",TOTAL,Total,TOTAL,Total,TOTAL,Total,PC,Percentage,LV,Latvia,2022,,23.4,,,,,
dataflow,ESTAT:ILC_SCP04$DV_2741(1.0),"Persons participating in in cultural or sport activities in the last 12 months by income quintile, household composition, degree of urbanisation, activity type and frequency",A,Annual,1-3,From 1 to 3 times,AC523H,"Cultural sites (historical monuments, museums, art galleries or archaeological sites)",TOTAL,Total,TOTAL,Total,TOTAL,Total,PC,Percentage,MT,Malta,2015,,15.5,,,,,
dataflow,ESTAT:ILC_SCP04$DV_2741(1.0),"Persons participating in in cultural or sport activities in the last 12 months by income quintile, household composition, degree of urbanisation, activity type and frequency",A,Annual,1-3,From 1 to 3 times,AC523H,"Cultural sites (historical monuments, museums, art galleries or archaeological sites)",TOTAL,Total,TOTAL,Total,TOTAL,Total,PC,Percentage,MT,Malta,2022,,13.6,,,,,
dataflow,ESTAT:ILC_SCP04$DV_2741(1.0),"Persons participating in in cultural or sport activities in the last 12 months by income quintile, household composition, degree of urbanisation, activity type and frequency",A,Annual,1-3,From 1 to 3 times,AC523H,"Cultural sites (historical monuments, museums, art galleries or archaeological sites)",TOTAL,Total,TOTAL,Total,TOTAL,Total,PC,Percentage,NL,Netherlands,2015,,35.4,,,,,
dataflow,ESTAT:ILC_SCP04$DV_2741(1.0),"Persons participating in in cultural or sport activities in the last 12 months by income quintile, household composition, degree of urbanisation, activity type and frequency",A,Annual,1-3,From 1 to 3 times,AC523H,"Cultural sites (historical monuments, museums, art galleries or archaeological sites)",TOTAL,Total,TOTAL,Total,TOTAL,Total,PC,Percentage,NL,Netherlands,2022,,27.7,,,,,
dataflow,ESTAT:ILC_SCP04$DV_2741(1.0),"Persons participating in in cultural or sport activities in the last 12 months by income quintile, household composition, degree of urbanisation, activity type and frequency",A,Annual,1-3,From 1 to 3 times,AC523H,"Cultural sites (historical monuments, museums, art galleries or archaeological sites)",TOTAL,Total,TOTAL,Total,TOTAL,Total,PC,Percentage,NO,Norway,2015,,34.0,,,,,
dataflow,ESTAT:ILC_SCP04$DV_2741(1.0),"Persons participating in in cultural or sport activities in the last 12 months by income quintile, household composition, degree of urbanisation, activity type and frequency",A,Annual,1-3,From 1 to 3 times,AC523H,"Cultural sites (historical monuments, museums, art galleries or archaeological sites)",TOTAL,Total,TOTAL,Total,TOTAL,Total,PC,Percentage,NO,Norway,2022,,29.0,,,,,
dataflow,ESTAT:ILC_SCP04$DV_2741(1.0),"Persons participating in in cultural or sport activities in the last 12 months by income quintile, household composition, degree of urbanisation, activity type and frequency",A,Annual,1-3,From 1 to 3 times,AC523H,"Cultural sites (historical monuments, museums, art galleries or archaeological sites)",TOTAL,Total,TOTAL,Total,TOTAL,Total,PC,Percentage,PL,Poland,2015,,30.8,,u,low reliability,,
dataflow,ESTAT:ILC_SCP04$DV_2741(1.0),"Persons participating in in cultural or sport activities in the last 12 months by income quintile, household composition, degree of urbanisation, activity type and frequency",A,Annual,1-3,From 1 to 3 times,AC523H,"Cultural sites (historical monuments, museums, art galleries or archaeological sites)",TOTAL,Total,TOTAL,Total,TOTAL,Total,PC,Percentage,PL,Poland,2022,,24.7,,,,,
dataflow,ESTAT:ILC_SCP04$DV_2741(1.0),"Persons participating in in cultural or sport activities in the last 12 months by income quintile, household composition, degree of urbanisation, activity type and frequency",A,Annual,1-3,From 1 to 3 times,AC523H,"Cultural sites (historical monuments, museums, art galleries or archaeological sites)",TOTAL,Total,TOTAL,Total,TOTAL,Total,PC,Percentage,PT,Portugal,2015,,24.7,,,,,
dataflow,ESTAT:ILC_SCP04$DV_2741(1.0),"Persons participating in in cultural or sport activities in the last 12 months by income quintile, household composition, degree of urbanisation, activity type and frequency",A,Annual,1-3,From 1 to 3 times,AC523H,"Cultural sites (historical monuments, museums, art galleries or archaeological sites)",TOTAL,Total,TOTAL,Total,TOTAL,Total,PC,Percentage,PT,Portugal,2022,,22.7,,,,,
dataflow,ESTAT:ILC_SCP04$DV_2741(1.0),"Persons participating in in cultural or sport activities in the last 12 months by income quintile, household composition, degree of urbanisation, activity type and frequency",A,Annual,1-3,From 1 to 3 times,AC523H,"Cultural sites (historical monuments, museums, art galleries or archaeological sites)",TOTAL,Total,TOTAL,Total,TOTAL,Total,PC,Percentage,RO,Romania,2015,,12.1,,,,,
dataflow,ESTAT:ILC_SCP04$DV_2741(1.0),"Persons participating in in cultural or sport activities in the last 12 months by income quintile, household composition, degree of urbanisation, activity type and frequency",A,Annual,1-3,From 1 to 3 times,AC523H,"Cultural sites (historical monuments, museums, art galleries or archaeological sites)",TOTAL,Total,TOTAL,Total,TOTAL,Total,PC,Percentage,RO,Romania,2022,,11.5,,,,,
dataflow,ESTAT:ILC_SCP04$DV_2741(1.0),"Persons participating in in cultural or sport activities in the last 12 months by income quintile, household composition, degree of urbanisation, activity type and frequency",A,Annual,1-3,From 1 to 3 times,AC523H,"Cultural sites (historical monuments, museums, art galleries or archaeological sites)",TOTAL,Total,TOTAL,Total,TOTAL,Total,PC,Percentage,RS,Serbia,2015,,8.7,,,,,
dataflow,ESTAT:ILC_SCP04$DV_2741(1.0),"Persons participating in in cultural or sport activities in the last 12 months by income quintile, household composition, degree of urbanisation, activity type and frequency",A,Annual,1-3,From 1 to 3 times,AC523H,"Cultural sites (historical monuments, museums, art galleries or archaeological sites)",TOTAL,Total,TOTAL,Total,TOTAL,Total,PC,Percentage,RS,Serbia,2022,,10.9,,,,,
dataflow,ESTAT:ILC_SCP04$DV_2741(1.0),"Persons participating in in cultural or sport activities in the last 12 months by income quintile, household composition, degree of urbanisation, activity type and frequency",A,Annual,1-3,From 1 to 3 times,AC523H,"Cultural sites (historical monuments, museums, art galleries or archaeological sites)",TOTAL,Total,TOTAL,Total,TOTAL,Total,PC,Percentage,SE,Sweden,2015,,41.6,,,,,
dataflow,ESTAT:ILC_SCP04$DV_2741(1.0),"Persons participating in in cultural or sport activities in the last 12 months by income quintile, household composition, degree of urbanisation, activity type and frequency",A,Annual,1-3,From 1 to 3 times,AC523H,"Cultural sites (historical monuments, museums, art galleries or archaeological sites)",TOTAL,Total,TOTAL,Total,TOTAL,Total,PC,Percentage,SE,Sweden,2022,,30.2,,,,,
dataflow,ESTAT:ILC_SCP04$DV_2741(1.0),"Persons participating in in cultural or sport activities in the last 12 months by income quintile, household composition, degree of urbanisation, activity type and frequency",A,Annual,1-3,From 1 to 3 times,AC523H,"Cultural sites (historical monuments, museums, art galleries or archaeological sites)",TOTAL,Total,TOTAL,Total,TOTAL,Total,PC,Percentage,SI,Slovenia,2015,,17.8,,,,,
dataflow,ESTAT:ILC_SCP04$DV_2741(1.0),"Persons participating in in cultural or sport activities in the last 12 months by income quintile, household composition, degree of urbanisation, activity type and frequency",A,Annual,1-3,From 1 to 3 times,AC523H,"Cultural sites (historical monuments, museums, art galleries or archaeological sites)",TOTAL,Total,TOTAL,Total,TOTAL,Total,PC,Percentage,SI,Slovenia,2022,,26.0,,,,,
dataflow,ESTAT:ILC_SCP04$DV_2741(1.0),"Persons participating in in cultural or sport activities in the last 12 months by income quintile, household composition, degree of urbanisation, activity type and frequency",A,Annual,1-3,From 1 to 3 times,AC523H,"Cultural sites (historical monuments, museums, art galleries or archaeological sites)",TOTAL,Total,TOTAL,Total,TOTAL,Total,PC,Percentage,SK,Slovakia,2015,,26.8,,,,,
dataflow,ESTAT:ILC_SCP04$DV_2741(1.0),"Persons participating in in cultural or sport activities in the last 12 months by income quintile, household composition, degree of urbanisation, activity type and frequency",A,Annual,1-3,From 1 to 3 times,AC523H,"Cultural sites (historical monuments, museums, art galleries or archaeological sites)",TOTAL,Total,TOTAL,Total,TOTAL,Total,PC,Percentage,SK,Slovakia,2022,,18.9,,,,,
dataflow,ESTAT:ILC_SCP04$DV_2741(1.0),"Persons participating in in cultural or sport activities in the last 12 months by income quintile, household composition, degree of urbanisation, activity type and frequency",A,Annual,1-3,From 1 to 3 times,AC523H,"Cultural sites (historical monuments, museums, art galleries or archaeological sites)",TOTAL,Total,TOTAL,Total,TOTAL,Total,PC,Percentage,UK,United Kingdom,2015,,29.4,,u,low reliability,,
dataflow,ESTAT:ILC_SCP04$DV_2741(1.0),"Persons participating in in cultural or sport activities in the last 12 months by income quintile, household composition, degree of urbanisation, activity type and frequency",A,Annual,1-3,From 1 to 3 times,AC525,Sports events,TOTAL,Total,TOTAL,Total,TOTAL,Total,PC,Percentage,AL,Albania,2022,,9.3,,,,,
dataflow,ESTAT:ILC_SCP04$DV_2741(1.0),"Persons participating in in cultural or sport activities in the last 12 months by income quintile, household composition, degree of urbanisation, activity type and frequency",A,Annual,1-3,From 1 to 3 times,AC525,Sports events,TOTAL,Total,TOTAL,Total,TOTAL,Total,PC,Percentage,AT,Austria,2015,,19.1,,,,,
dataflow,ESTAT:ILC_SCP04$DV_2741(1.0),"Persons participating in in cultural or sport activities in the last 12 months by income quintile, household composition, degree of urbanisation, activity type and frequency",A,Annual,1-3,From 1 to 3 times,AC525,Sports events,TOTAL,Total,TOTAL,Total,TOTAL,Total,PC,Percentage,AT,Austria,2022,,11.5,,,,,
dataflow,ESTAT:ILC_SCP04$DV_2741(1.0),"Persons participating in in cultural or sport activities in the last 12 months by income quintile, household composition, degree of urbanisation, activity type and frequency",A,Annual,1-3,From 1 to 3 times,AC525,Sports events,TOTAL,Total,TOTAL,Total,TOTAL,Total,PC,Percentage,BE,Belgium,2015,,11.8,,,,,
dataflow,ESTAT:ILC_SCP04$DV_2741(1.0),"Persons participating in in cultural or sport activities in the last 12 months by income quintile, household composition, degree of urbanisation, activity type and frequency",A,Annual,1-3,From 1 to 3 times,AC525,Sports events,TOTAL,Total,TOTAL,Total,TOTAL,Total,PC,Percentage,BE,Belgium,2022,,11.8,,,,,
dataflow,ESTAT:ILC_SCP04$DV_2741(1.0),"Persons participating in in cultural or sport activities in the last 12 months by income quintile, household composition, degree of urbanisation, activity type and frequency",A,Annual,1-3,From 1 to 3 times,AC525,Sports events,TOTAL,Total,TOTAL,Total,TOTAL,Total,PC,Percentage,BG,Bulgaria,2015,,10.6,,,,,
dataflow,ESTAT:ILC_SCP04$DV_2741(1.0),"Persons participating in in cultural or sport activities in the last 12 months by income quintile, household composition, degree of urbanisation, activity type and frequency",A,Annual,1-3,From 1 to 3 times,AC525,Sports events,TOTAL,Total,TOTAL,Total,TOTAL,Total,PC,Percentage,BG,Bulgaria,2022,,4.8,,,,,
dataflow,ESTAT:ILC_SCP04$DV_2741(1.0),"Persons participating in in cultural or sport activities in the last 12 months by income quintile, household composition, degree of urbanisation, activity type and frequency",A,Annual,1-3,From 1 to 3 times,AC525,Sports events,TOTAL,Total,TOTAL,Total,TOTAL,Total,PC,Percentage,CH,Switzerland,2015,,21.5,,,,,
dataflow,ESTAT:ILC_SCP04$DV_2741(1.0),"Persons participating in in cultural or sport activities in the last 12 months by income quintile, household composition, degree of urbanisation, activity type and frequency",A,Annual,1-3,From 1 to 3 times,AC525,Sports events,TOTAL,Total,TOTAL,Total,TOTAL,Total,PC,Percentage,CH,Switzerland,2022,,16.2,,,,,
dataflow,ESTAT:ILC_SCP04$DV_2741(1.0),"Persons participating in in cultural or sport activities in the last 12 months by income quintile, household composition, degree of urbanisation, activity type and frequency",A,Annual,1-3,From 1 to 3 times,AC525,Sports events,TOTAL,Total,TOTAL,Total,TOTAL,Total,PC,Percentage,CY,Cyprus,2015,,11.1,,,,,
dataflow,ESTAT:ILC_SCP04$DV_2741(1.0),"Persons participating in in cultural or sport activities in the last 12 months by income quintile, household composition, degree of urbanisation, activity type and frequency",A,Annual,1-3,From 1 to 3 times,AC525,Sports events,TOTAL,Total,TOTAL,Total,TOTAL,Total,PC,Percentage,CY,Cyprus,2022,,8.2,,,,,
dataflow,ESTAT:ILC_SCP04$DV_2741(1.0),"Persons participating in in cultural or sport activities in the last 12 months by income quintile, household composition, degree of urbanisation, activity type and frequency",A,Annual,1-3,From 1 to 3 times,AC525,Sports events,TOTAL,Total,TOTAL,Total,TOTAL,Total,PC,Percentage,CZ,Czechia,2015,,21.8,,,,,
dataflow,ESTAT:ILC_SCP04$DV_2741(1.0),"Persons participating in in cultural or sport activities in the last 12 months by income quintile, household composition, degree of urbanisation, activity type and frequency",A,Annual,1-3,From 1 to 3 times,AC525,Sports events,TOTAL,Total,TOTAL,Total,TOTAL,Total,PC,Percentage,CZ,Czechia,2022,,4.0,,,,,
dataflow,ESTAT:ILC_SCP04$DV_2741(1.0),"Persons participating in in cultural or sport activities in the last 12 months by income quintile, household composition, degree of urbanisation, activity type and frequency",A,Annual,1-3,From 1 to 3 times,AC525,Sports events,TOTAL,Total,TOTAL,Total,TOTAL,Total,PC,Percentage,DE,Germany,2015,,18.1,,,,,
dataflow,ESTAT:ILC_SCP04$DV_2741(1.0),"Persons participating in in cultural or sport activities in the last 12 months by income quintile, household composition, degree of urbanisation, activity type and frequency",A,Annual,1-3,From 1 to 3 times,AC525,Sports events,TOTAL,Total,TOTAL,Total,TOTAL,Total,PC,Percentage,DE,Germany,2022,,,,u,low reliability,,
dataflow,ESTAT:ILC_SCP04$DV_2741(1.0),"Persons participating in in cultural or sport activities in the last 12 months by income quintile, household composition, degree of urbanisation, activity type and frequency",A,Annual,1-3,From 1 to 3 times,AC525,Sports events,TOTAL,Total,TOTAL,Total,TOTAL,Total,PC,Percentage,DK,Denmark,2015,,28.1,,,,,
dataflow,ESTAT:ILC_SCP04$DV_2741(1.0),"Persons participating in in cultural or sport activities in the last 12 months by income quintile, household composition, degree of urbanisation, activity type and frequency",A,Annual,1-3,From 1 to 3 times,AC525,Sports events,TOTAL,Total,TOTAL,Total,TOTAL,Total,PC,Percentage,DK,Denmark,2022,,16.9,,,,,
dataflow,ESTAT:ILC_SCP04$DV_2741(1.0),"Persons participating in in cultural or sport activities in the last 12 months by income quintile, household composition, degree of urbanisation, activity type and frequency",A,Annual,1-3,From 1 to 3 times,AC525,Sports events,TOTAL,Total,TOTAL,Total,TOTAL,Total,PC,Percentage,EE,Estonia,2015,,16.7,,,,,
dataflow,ESTAT:ILC_SCP04$DV_2741(1.0),"Persons participating in in cultural or sport activities in the last 12 months by income quintile, household composition, degree of urbanisation, activity type and frequency",A,Annual,1-3,From 1 to 3 times,AC525,Sports events,TOTAL,Total,TOTAL,Total,TOTAL,Total,PC,Percentage,EE,Estonia,2022,,12.2,,,,,
dataflow,ESTAT:ILC_SCP04$DV_2741(1.0),"Persons participating in in cultural or sport activities in the last 12 months by income quintile, household composition, degree of urbanisation, activity type and frequency",A,Annual,1-3,From 1 to 3 times,AC525,Sports events,TOTAL,Total,TOTAL,Total,TOTAL,Total,PC,Percentage,EL,Greece,2015,,22.0,,,,,
dataflow,ESTAT:ILC_SCP04$DV_2741(1.0),"Persons participating in in cultural or sport activities in the last 12 months by income quintile, household composition, degree of urbanisation, activity type and frequency",A,Annual,1-3,From 1 to 3 times,AC525,Sports events,TOTAL,Total,TOTAL,Total,TOTAL,Total,PC,Percentage,EL,Greece,2022,,11.1,,,,,
dataflow,ESTAT:ILC_SCP04$DV_2741(1.0),"Persons participating in in cultural or sport activities in the last 12 months by income quintile, household composition, degree of urbanisation, activity type and frequency",A,Annual,1-3,From 1 to 3 times,AC525,Sports events,TOTAL,Total,TOTAL,Total,TOTAL,Total,PC,Percentage,ES,Spain,2015,,11.2,,,,,
dataflow,ESTAT:ILC_SCP04$DV_2741(1.0),"Persons participating in in cultural or sport activities in the last 12 months by income quintile, household composition, degree of urbanisation, activity type and frequency",A,Annual,1-3,From 1 to 3 times,AC525,Sports events,TOTAL,Total,TOTAL,Total,TOTAL,Total,PC,Percentage,ES,Spain,2022,,12.0,,,,,
dataflow,ESTAT:ILC_SCP04$DV_2741(1.0),"Persons participating in in cultural or sport activities in the last 12 months by income quintile, household composition, degree of urbanisation, activity type and frequency",A,Annual,1-3,From 1 to 3 times,AC525,Sports events,TOTAL,Total,TOTAL,Total,TOTAL,Total,PC,Percentage,EU27_2020,European Union - 27 countries (from 2020),2015,,16.3,,,,,
dataflow,ESTAT:ILC_SCP04$DV_2741(1.0),"Persons participating in in cultural or sport activities in the last 12 months by income quintile, household composition, degree of urbanisation, activity type and frequency",A,Annual,1-3,From 1 to 3 times,AC525,Sports events,TOTAL,Total,TOTAL,Total,TOTAL,Total,PC,Percentage,FI,Finland,2015,,26.7,,,,,
dataflow,ESTAT:ILC_SCP04$DV_2741(1.0),"Persons participating in in cultural or sport activities in the last 12 months by income quintile, household composition, degree of urbanisation, activity type and frequency",A,Annual,1-3,From 1 to 3 times,AC525,Sports events,TOTAL,Total,TOTAL,Total,TOTAL,Total,PC,Percentage,FI,Finland,2022,,17.3,,,,,
dataflow,ESTAT:ILC_SCP04$DV_2741(1.0),"Persons participating in in cultural or sport activities in the last 12 months by income quintile, household composition, degree of urbanisation, activity type and frequency",A,Annual,1-3,From 1 to 3 times,AC525,Sports events,TOTAL,Total,TOTAL,Total,TOTAL,Total,PC,Percentage,FR,France,2015,,17.0,,,,,
dataflow,ESTAT:ILC_SCP04$DV_2741(1.0),"Persons participating in in cultural or sport activities in the last 12 months by income quintile, household composition, degree of urbanisation, activity type and frequency",A,Annual,1-3,From 1 to 3 times,AC525,Sports events,TOTAL,Total,TOTAL,Total,TOTAL,Total,PC,Percentage,FR,France,2022,,11.9,,,,,
dataflow,ESTAT:ILC_SCP04$DV_2741(1.0),"Persons participating in in cultural or sport activities in the last 12 months by income quintile, household composition, degree of urbanisation, activity type and frequency",A,Annual,1-3,From 1 to 3 times,AC525,Sports events,TOTAL,Total,TOTAL,Total,TOTAL,Total,PC,Percentage,HR,Croatia,2015,,14.2,,,,,
dataflow,ESTAT:ILC_SCP04$DV_2741(1.0),"Persons participating in in cultural or sport activities in the last 12 months by income quintile, household composition, degree of urbanisation, activity type and frequency",A,Annual,1-3,From 1 to 3 times,AC525,Sports events,TOTAL,Total,TOTAL,Total,TOTAL,Total,PC,Percentage,HR,Croatia,2022,,11.1,,,,,
dataflow,ESTAT:ILC_SCP04$DV_2741(1.0),"Persons participating in in cultural or sport activities in the last 12 months by income quintile, household composition, degree of urbanisation, activity type and frequency",A,Annual,1-3,From 1 to 3 times,AC525,Sports events,TOTAL,Total,TOTAL,Total,TOTAL,Total,PC,Percentage,HU,Hungary,2015,,15.3,,,,,
dataflow,ESTAT:ILC_SCP04$DV_2741(1.0),"Persons participating in in cultural or sport activities in the last 12 months by income quintile, household composition, degree of urbanisation, activity type and frequency",A,Annual,1-3,From 1 to 3 times,AC525,Sports events,TOTAL,Total,TOTAL,Total,TOTAL,Total,PC,Percentage,HU,Hungary,2022,,7.8,,,,,
dataflow,ESTAT:ILC_SCP04$DV_2741(1.0),"Persons participating in in cultural or sport activities in the last 12 months by income quintile, household composition, degree of urbanisation, activity type and frequency",A,Annual,1-3,From 1 to 3 times,AC525,Sports events,TOTAL,Total,TOTAL,Total,TOTAL,Total,PC,Percentage,IE,Ireland,2015,,17.9,,u,low reliability,,
dataflow,ESTAT:ILC_SCP04$DV_2741(1.0),"Persons participating in in cultural or sport activities in the last 12 months by income quintile, household composition, degree of urbanisation, activity type and frequency",A,Annual,1-3,From 1 to 3 times,AC525,Sports events,TOTAL,Total,TOTAL,Total,TOTAL,Total,PC,Percentage,IE,Ireland,2022,,22.9,,,,,
dataflow,ESTAT:ILC_SCP04$DV_2741(1.0),"Persons participating in in cultural or sport activities in the last 12 months by income quintile, household composition, degree of urbanisation, activity type and frequency",A,Annual,1-3,From 1 to 3 times,AC525,Sports events,TOTAL,Total,TOTAL,Total,TOTAL,Total,PC,Percentage,IS,Iceland,2015,,19.4,,,,,
dataflow,ESTAT:ILC_SCP04$DV_2741(1.0),"Persons participating in in cultural or sport activities in the last 12 months by income quintile, household composition, degree of urbanisation, activity type and frequency",A,Annual,1-3,From 1 to 3 times,AC525,Sports events,TOTAL,Total,TOTAL,Total,TOTAL,Total,PC,Percentage,IT,Italy,2015,,10.9,,,,,
dataflow,ESTAT:ILC_SCP04$DV_2741(1.0),"Persons participating in in cultural or sport activities in the last 12 months by income quintile, household composition, degree of urbanisation, activity type and frequency",A,Annual,1-3,From 1 to 3 times,AC525,Sports events,TOTAL,Total,TOTAL,Total,TOTAL,Total,PC,Percentage,IT,Italy,2022,,8.9,,,,,
dataflow,ESTAT:ILC_SCP04$DV_2741(1.0),"Persons participating in in cultural or sport activities in the last 12 months by income quintile, household composition, degree of urbanisation, activity type and frequency",A,Annual,1-3,From 1 to 3 times,AC525,Sports events,TOTAL,Total,TOTAL,Total,TOTAL,Total,PC,Percentage,LT,Lithuania,2015,,19.2,,,,,
dataflow,ESTAT:ILC_SCP04$DV_2741(1.0),"Persons participating in in cultural or sport activities in the last 12 months by income quintile, household composition, degree of urbanisation, activity type and frequency",A,Annual,1-3,From 1 to 3 times,AC525,Sports events,TOTAL,Total,TOTAL,Total,TOTAL,Total,PC,Percentage,LT,Lithuania,2022,,9.6,,,,,
dataflow,ESTAT:ILC_SCP04$DV_2741(1.0),"Persons participating in in cultural or sport activities in the last 12 months by income quintile, household composition, degree of urbanisation, activity type and frequency",A,Annual,1-3,From 1 to 3 times,AC525,Sports events,TOTAL,Total,TOTAL,Total,TOTAL,Total,PC,Percentage,LU,Luxembourg,2015,,18.8,,,,,
dataflow,ESTAT:ILC_SCP04$DV_2741(1.0),"Persons participating in in cultural or sport activities in the last 12 months by income quintile, household composition, degree of urbanisation, activity type and frequency",A,Annual,1-3,From 1 to 3 times,AC525,Sports events,TOTAL,Total,TOTAL,Total,TOTAL,Total,PC,Percentage,LU,Luxembourg,2022,,27.8,,,,,
dataflow,ESTAT:ILC_SCP04$DV_2741(1.0),"Persons participating in in cultural or sport activities in the last 12 months by income quintile, household composition, degree of urbanisation, activity type and frequency",A,Annual,1-3,From 1 to 3 times,AC525,Sports events,TOTAL,Total,TOTAL,Total,TOTAL,Total,PC,Percentage,LV,Latvia,2015,,21.7,,,,,
dataflow,ESTAT:ILC_SCP04$DV_2741(1.0),"Persons participating in in cultural or sport activities in the last 12 months by income quintile, household composition, degree of urbanisation, activity type and frequency",A,Annual,1-3,From 1 to 3 times,AC525,Sports events,TOTAL,Total,TOTAL,Total,TOTAL,Total,PC,Percentage,LV,Latvia,2022,,9.4,,,,,
dataflow,ESTAT:ILC_SCP04$DV_2741(1.0),"Persons participating in in cultural or sport activities in the last 12 months by income quintile, household composition, degree of urbanisation, activity type and frequency",A,Annual,1-3,From 1 to 3 times,AC525,Sports events,TOTAL,Total,TOTAL,Total,TOTAL,Total,PC,Percentage,MT,Malta,2015,,10.5,,,,,
dataflow,ESTAT:ILC_SCP04$DV_2741(1.0),"Persons participating in in cultural or sport activities in the last 12 months by income quintile, household composition, degree of urbanisation, activity type and frequency",A,Annual,1-3,From 1 to 3 times,AC525,Sports events,TOTAL,Total,TOTAL,Total,TOTAL,Total,PC,Percentage,MT,Malta,2022,,9.1,,,,,
dataflow,ESTAT:ILC_SCP04$DV_2741(1.0),"Persons participating in in cultural or sport activities in the last 12 months by income quintile, household composition, degree of urbanisation, activity type and frequency",A,Annual,1-3,From 1 to 3 times,AC525,Sports events,TOTAL,Total,TOTAL,Total,TOTAL,Total,PC,Percentage,NL,Netherlands,2015,,21.4,,,,,
dataflow,ESTAT:ILC_SCP04$DV_2741(1.0),"Persons participating in in cultural or sport activities in the last 12 months by income quintile, household composition, degree of urbanisation, activity type and frequency",A,Annual,1-3,From 1 to 3 times,AC525,Sports events,TOTAL,Total,TOTAL,Total,TOTAL,Total,PC,Percentage,NL,Netherlands,2022,,13.9,,,,,
dataflow,ESTAT:ILC_SCP04$DV_2741(1.0),"Persons participating in in cultural or sport activities in the last 12 months by income quintile, household composition, degree of urbanisation, activity type and frequency",A,Annual,1-3,From 1 to 3 times,AC525,Sports events,TOTAL,Total,TOTAL,Total,TOTAL,Total,PC,Percentage,NO,Norway,2015,,20.1,,,,,
dataflow,ESTAT:ILC_SCP04$DV_2741(1.0),"Persons participating in in cultural or sport activities in the last 12 months by income quintile, household composition, degree of urbanisation, activity type and frequency",A,Annual,1-3,From 1 to 3 times,AC525,Sports events,TOTAL,Total,TOTAL,Total,TOTAL,Total,PC,Percentage,NO,Norway,2022,,18.3,,,,,
dataflow,ESTAT:ILC_SCP04$DV_2741(1.0),"Persons participating in in cultural or sport activities in the last 12 months by income quintile, household composition, degree of urbanisation, activity type and frequency",A,Annual,1-3,From 1 to 3 times,AC525,Sports events,TOTAL,Total,TOTAL,Total,TOTAL,Total,PC,Percentage,PL,Poland,2015,,21.9,,u,low reliability,,
dataflow,ESTAT:ILC_SCP04$DV_2741(1.0),"Persons participating in in cultural or sport activities in the last 12 months by income quintile, household composition, degree of urbanisation, activity type and frequency",A,Annual,1-3,From 1 to 3 times,AC525,Sports events,TOTAL,Total,TOTAL,Total,TOTAL,Total,PC,Percentage,PL,Poland,2022,,11.8,,,,,
dataflow,ESTAT:ILC_SCP04$DV_2741(1.0),"Persons participating in in cultural or sport activities in the last 12 months by income quintile, household composition, degree of urbanisation, activity type and frequency",A,Annual,1-3,From 1 to 3 times,AC525,Sports events,TOTAL,Total,TOTAL,Total,TOTAL,Total,PC,Percentage,PT,Portugal,2015,,13.7,,,,,
dataflow,ESTAT:ILC_SCP04$DV_2741(1.0),"Persons participating in in cultural or sport activities in the last 12 months by income quintile, household composition, degree of urbanisation, activity type and frequency",A,Annual,1-3,From 1 to 3 times,AC525,Sports events,TOTAL,Total,TOTAL,Total,TOTAL,Total,PC,Percentage,PT,Portugal,2022,,12.3,,,,,
dataflow,ESTAT:ILC_SCP04$DV_2741(1.0),"Persons participating in in cultural or sport activities in the last 12 months by income quintile, household composition, degree of urbanisation, activity type and frequency",A,Annual,1-3,From 1 to 3 times,AC525,Sports events,TOTAL,Total,TOTAL,Total,TOTAL,Total,PC,Percentage,RO,Romania,2015,,9.9,,,,,
dataflow,ESTAT:ILC_SCP04$DV_2741(1.0),"Persons participating in in cultural or sport activities in the last 12 months by income quintile, household composition, degree of urbanisation, activity type and frequency",A,Annual,1-3,From 1 to 3 times,AC525,Sports events,TOTAL,Total,TOTAL,Total,TOTAL,Total,PC,Percentage,RO,Romania,2022,,5.2,,,,,
dataflow,ESTAT:ILC_SCP04$DV_2741(1.0),"Persons participating in in cultural or sport activities in the last 12 months by income quintile, household composition, degree of urbanisation, activity type and frequency",A,Annual,1-3,From 1 to 3 times,AC525,Sports events,TOTAL,Total,TOTAL,Total,TOTAL,Total,PC,Percentage,RS,Serbia,2015,,10.5,,,,,
dataflow,ESTAT:ILC_SCP04$DV_2741(1.0),"Persons participating in in cultural or sport activities in the last 12 months by income quintile, household composition, degree of urbanisation, activity type and frequency",A,Annual,1-3,From 1 to 3 times,AC525,Sports events,TOTAL,Total,TOTAL,Total,TOTAL,Total,PC,Percentage,RS,Serbia,2022,,10.0,,,,,
dataflow,ESTAT:ILC_SCP04$DV_2741(1.0),"Persons participating in in cultural or sport activities in the last 12 months by income quintile, household composition, degree of urbanisation, activity type and frequency",A,Annual,1-3,From 1 to 3 times,AC525,Sports events,TOTAL,Total,TOTAL,Total,TOTAL,Total,PC,Percentage,SE,Sweden,2015,,21.6,,,,,
dataflow,ESTAT:ILC_SCP04$DV_2741(1.0),"Persons participating in in cultural or sport activities in the last 12 months by income quintile, household composition, degree of urbanisation, activity type and frequency",A,Annual,1-3,From 1 to 3 times,AC525,Sports events,TOTAL,Total,TOTAL,Total,TOTAL,Total,PC,Percentage,SE,Sweden,2022,,15.4,,,,,
dataflow,ESTAT:ILC_SCP04$DV_2741(1.0),"Persons participating in in cultural or sport activities in the last 12 months by income quintile, household composition, degree of urbanisation, activity type and frequency",A,Annual,1-3,From 1 to 3 times,AC525,Sports events,TOTAL,Total,TOTAL,Total,TOTAL,Total,PC,Percentage,SI,Slovenia,2015,,15.6,,,,,
dataflow,ESTAT:ILC_SCP04$DV_2741(1.0),"Persons participating in in cultural or sport activities in the last 12 months by income quintile, household composition, degree of urbanisation, activity type and frequency",A,Annual,1-3,From 1 to 3 times,AC525,Sports events,TOTAL,Total,TOTAL,Total,TOTAL,Total,PC,Percentage,SI,Slovenia,2022,,11.8,,,,,
dataflow,ESTAT:ILC_SCP04$DV_2741(1.0),"Persons participating in in cultural or sport activities in the last 12 months by income quintile, household composition, degree of urbanisation, activity type and frequency",A,Annual,1-3,From 1 to 3 times,AC525,Sports events,TOTAL,Total,TOTAL,Total,TOTAL,Total,PC,Percentage,SK,Slovakia,2015,,20.1,,,,,
dataflow,ESTAT:ILC_SCP04$DV_2741(1.0),"Persons participating in in cultural or sport activities in the last 12 months by income quintile, household composition, degree of urbanisation, activity type and frequency",A,Annual,1-3,From 1 to 3 times,AC525,Sports events,TOTAL,Total,TOTAL,Total,TOTAL,Total,PC,Percentage,SK,Slovakia,2022,,14.7,,,,,
dataflow,ESTAT:ILC_SCP04$DV_2741(1.0),"Persons participating in in cultural or sport activities in the last 12 months by income quintile, household composition, degree of urbanisation, activity type and frequency",A,Annual,1-3,From 1 to 3 times,AC525,Sports events,TOTAL,Total,TOTAL,Total,TOTAL,Total,PC,Percentage,UK,United Kingdom,2015,,19.9,,u,low reliability,,
dataflow,ESTAT:ILC_SCP04$DV_2741(1.0),"Persons participating in in cultural or sport activities in the last 12 months by income quintile, household composition, degree of urbanisation, activity type and frequency",A,Annual,1-3,From 1 to 3 times,AC52A,"Cultural activities (cinema, live performances or cultural sites)",TOTAL,Total,TOTAL,Total,TOTAL,Total,PC,Percentage,AL,Albania,2022,,21.3,,,,,
dataflow,ESTAT:ILC_SCP04$DV_2741(1.0),"Persons participating in in cultural or sport activities in the last 12 months by income quintile, household composition, degree of urbanisation, activity type and frequency",A,Annual,1-3,From 1 to 3 times,AC52A,"Cultural activities (cinema, live performances or cultural sites)",TOTAL,Total,TOTAL,Total,TOTAL,Total,PC,Percentage,AT,Austria,2015,,36.6,,,,,
dataflow,ESTAT:ILC_SCP04$DV_2741(1.0),"Persons participating in in cultural or sport activities in the last 12 months by income quintile, household composition, degree of urbanisation, activity type and frequency",A,Annual,1-3,From 1 to 3 times,AC52A,"Cultural activities (cinema, live performances or cultural sites)",TOTAL,Total,TOTAL,Total,TOTAL,Total,PC,Percentage,AT,Austria,2022,,37.4,,,,,
dataflow,ESTAT:ILC_SCP04$DV_2741(1.0),"Persons participating in in cultural or sport activities in the last 12 months by income quintile, household composition, degree of urbanisation, activity type and frequency",A,Annual,1-3,From 1 to 3 times,AC52A,"Cultural activities (cinema, live performances or cultural sites)",TOTAL,Total,TOTAL,Total,TOTAL,Total,PC,Percentage,BE,Belgium,2015,,29.2,,,,,
dataflow,ESTAT:ILC_SCP04$DV_2741(1.0),"Persons participating in in cultural or sport activities in the last 12 months by income quintile, household composition, degree of urbanisation, activity type and frequency",A,Annual,1-3,From 1 to 3 times,AC52A,"Cultural activities (cinema, live performances or cultural sites)",TOTAL,Total,TOTAL,Total,TOTAL,Total,PC,Percentage,BE,Belgium,2022,,36.7,,,,,
dataflow,ESTAT:ILC_SCP04$DV_2741(1.0),"Persons participating in in cultural or sport activities in the last 12 months by income quintile, household composition, degree of urbanisation, activity type and frequency",A,Annual,1-3,From 1 to 3 times,AC52A,"Cultural activities (cinema, live performances or cultural sites)",TOTAL,Total,TOTAL,Total,TOTAL,Total,PC,Percentage,BG,Bulgaria,2015,,17.0,,,,,
dataflow,ESTAT:ILC_SCP04$DV_2741(1.0),"Persons participating in in cultural or sport activities in the last 12 months by income quintile, household composition, degree of urbanisation, activity type and frequency",A,Annual,1-3,From 1 to 3 times,AC52A,"Cultural activities (cinema, live performances or cultural sites)",TOTAL,Total,TOTAL,Total,TOTAL,Total,PC,Percentage,BG,Bulgaria,2022,,14.0,,,,,
dataflow,ESTAT:ILC_SCP04$DV_2741(1.0),"Persons participating in in cultural or sport activities in the last 12 months by income quintile, household composition, degree of urbanisation, activity type and frequency",A,Annual,1-3,From 1 to 3 times,AC52A,"Cultural activities (cinema, live performances or cultural sites)",TOTAL,Total,TOTAL,Total,TOTAL,Total,PC,Percentage,CH,Switzerland,2015,,29.5,,,,,
dataflow,ESTAT:ILC_SCP04$DV_2741(1.0),"Persons participating in in cultural or sport activities in the last 12 months by income quintile, household composition, degree of urbanisation, activity type and frequency",A,Annual,1-3,From 1 to 3 times,AC52A,"Cultural activities (cinema, live performances or cultural sites)",TOTAL,Total,TOTAL,Total,TOTAL,Total,PC,Percentage,CH,Switzerland,2022,,36.3,,,,,
dataflow,ESTAT:ILC_SCP04$DV_2741(1.0),"Persons participating in in cultural or sport activities in the last 12 months by income quintile, household composition, degree of urbanisation, activity type and frequency",A,Annual,1-3,From 1 to 3 times,AC52A,"Cultural activities (cinema, live performances or cultural sites)",TOTAL,Total,TOTAL,Total,TOTAL,Total,PC,Percentage,CY,Cyprus,2015,,36.7,,,,,
dataflow,ESTAT:ILC_SCP04$DV_2741(1.0),"Persons participating in in cultural or sport activities in the last 12 months by income quintile, household composition, degree of urbanisation, activity type and frequency",A,Annual,1-3,From 1 to 3 times,AC52A,"Cultural activities (cinema, live performances or cultural sites)",TOTAL,Total,TOTAL,Total,TOTAL,Total,PC,Percentage,CY,Cyprus,2022,,28.5,,,,,
dataflow,ESTAT:ILC_SCP04$DV_2741(1.0),"Persons participating in in cultural or sport activities in the last 12 months by income quintile, household composition, degree of urbanisation, activity type and frequency",A,Annual,1-3,From 1 to 3 times,AC52A,"Cultural activities (cinema, live performances or cultural sites)",TOTAL,Total,TOTAL,Total,TOTAL,Total,PC,Percentage,CZ,Czechia,2015,,40.0,,,,,
dataflow,ESTAT:ILC_SCP04$DV_2741(1.0),"Persons participating in in cultural or sport activities in the last 12 months by income quintile, household composition, degree of urbanisation, activity type and frequency",A,Annual,1-3,From 1 to 3 times,AC52A,"Cultural activities (cinema, live performances or cultural sites)",TOTAL,Total,TOTAL,Total,TOTAL,Total,PC,Percentage,CZ,Czechia,2022,,38.2,,,,,
dataflow,ESTAT:ILC_SCP04$DV_2741(1.0),"Persons participating in in cultural or sport activities in the last 12 months by income quintile, household composition, degree of urbanisation, activity type and frequency",A,Annual,1-3,From 1 to 3 times,AC52A,"Cultural activities (cinema, live performances or cultural sites)",TOTAL,Total,TOTAL,Total,TOTAL,Total,PC,Percentage,DE,Germany,2015,,41.1,,,,,
dataflow,ESTAT:ILC_SCP04$DV_2741(1.0),"Persons participating in in cultural or sport activities in the last 12 months by income quintile, household composition, degree of urbanisation, activity type and frequency",A,Annual,1-3,From 1 to 3 times,AC52A,"Cultural activities (cinema, live performances or cultural sites)",TOTAL,Total,TOTAL,Total,TOTAL,Total,PC,Percentage,DE,Germany,2022,,,,u,low reliability,,
dataflow,ESTAT:ILC_SCP04$DV_2741(1.0),"Persons participating in in cultural or sport activities in the last 12 months by income quintile, household composition, degree of urbanisation, activity type and frequency",A,Annual,1-3,From 1 to 3 times,AC52A,"Cultural activities (cinema, live performances or cultural sites)",TOTAL,Total,TOTAL,Total,TOTAL,Total,PC,Percentage,DK,Denmark,2015,,53.2,,,,,
dataflow,ESTAT:ILC_SCP04$DV_2741(1.0),"Persons participating in in cultural or sport activities in the last 12 months by income quintile, household composition, degree of urbanisation, activity type and frequency",A,Annual,1-3,From 1 to 3 times,AC52A,"Cultural activities (cinema, live performances or cultural sites)",TOTAL,Total,TOTAL,Total,TOTAL,Total,PC,Percentage,DK,Denmark,2022,,43.6,,,,,
dataflow,ESTAT:ILC_SCP04$DV_2741(1.0),"Persons participating in in cultural or sport activities in the last 12 months by income quintile, household composition, degree of urbanisation, activity type and frequency",A,Annual,1-3,From 1 to 3 times,AC52A,"Cultural activities (cinema, live performances or cultural sites)",TOTAL,Total,TOTAL,Total,TOTAL,Total,PC,Percentage,EE,Estonia,2015,,35.3,,,,,
dataflow,ESTAT:ILC_SCP04$DV_2741(1.0),"Persons participating in in cultural or sport activities in the last 12 months by income quintile, household composition, degree of urbanisation, activity type and frequency",A,Annual,1-3,From 1 to 3 times,AC52A,"Cultural activities (cinema, live performances or cultural sites)",TOTAL,Total,TOTAL,Total,TOTAL,Total,PC,Percentage,EE,Estonia,2022,,35.5,,,,,
dataflow,ESTAT:ILC_SCP04$DV_2741(1.0),"Persons participating in in cultural or sport activities in the last 12 months by income quintile, household composition, degree of urbanisation, activity type and frequency",A,Annual,1-3,From 1 to 3 times,AC52A,"Cultural activities (cinema, live performances or cultural sites)",TOTAL,Total,TOTAL,Total,TOTAL,Total,PC,Percentage,EL,Greece,2015,,37.7,,,,,
dataflow,ESTAT:ILC_SCP04$DV_2741(1.0),"Persons participating in in cultural or sport activities in the last 12 months by income quintile, household composition, degree of urbanisation, activity type and frequency",A,Annual,1-3,From 1 to 3 times,AC52A,"Cultural activities (cinema, live performances or cultural sites)",TOTAL,Total,TOTAL,Total,TOTAL,Total,PC,Percentage,EL,Greece,2022,,27.6,,,,,
dataflow,ESTAT:ILC_SCP04$DV_2741(1.0),"Persons participating in in cultural or sport activities in the last 12 months by income quintile, household composition, degree of urbanisation, activity type and frequency",A,Annual,1-3,From 1 to 3 times,AC52A,"Cultural activities (cinema, live performances or cultural sites)",TOTAL,Total,TOTAL,Total,TOTAL,Total,PC,Percentage,ES,Spain,2015,,29.1,,,,,
dataflow,ESTAT:ILC_SCP04$DV_2741(1.0),"Persons participating in in cultural or sport activities in the last 12 months by income quintile, household composition, degree of urbanisation, activity type and frequency",A,Annual,1-3,From 1 to 3 times,AC52A,"Cultural activities (cinema, live performances or cultural sites)",TOTAL,Total,TOTAL,Total,TOTAL,Total,PC,Percentage,ES,Spain,2022,,34.8,,,,,
dataflow,ESTAT:ILC_SCP04$DV_2741(1.0),"Persons participating in in cultural or sport activities in the last 12 months by income quintile, household composition, degree of urbanisation, activity type and frequency",A,Annual,1-3,From 1 to 3 times,AC52A,"Cultural activities (cinema, live performances or cultural sites)",TOTAL,Total,TOTAL,Total,TOTAL,Total,PC,Percentage,EU27_2020,European Union - 27 countries (from 2020),2015,,34.3,,,,,
dataflow,ESTAT:ILC_SCP04$DV_2741(1.0),"Persons participating in in cultural or sport activities in the last 12 months by income quintile, household composition, degree of urbanisation, activity type and frequency",A,Annual,1-3,From 1 to 3 times,AC52A,"Cultural activities (cinema, live performances or cultural sites)",TOTAL,Total,TOTAL,Total,TOTAL,Total,PC,Percentage,FI,Finland,2015,,42.8,,,,,
dataflow,ESTAT:ILC_SCP04$DV_2741(1.0),"Persons participating in in cultural or sport activities in the last 12 months by income quintile, household composition, degree of urbanisation, activity type and frequency",A,Annual,1-3,From 1 to 3 times,AC52A,"Cultural activities (cinema, live performances or cultural sites)",TOTAL,Total,TOTAL,Total,TOTAL,Total,PC,Percentage,FI,Finland,2022,,46.7,,,,,
dataflow,ESTAT:ILC_SCP04$DV_2741(1.0),"Persons participating in in cultural or sport activities in the last 12 months by income quintile, household composition, degree of urbanisation, activity type and frequency",A,Annual,1-3,From 1 to 3 times,AC52A,"Cultural activities (cinema, live performances or cultural sites)",TOTAL,Total,TOTAL,Total,TOTAL,Total,PC,Percentage,FR,France,2015,,35.6,,,,,
dataflow,ESTAT:ILC_SCP04$DV_2741(1.0),"Persons participating in in cultural or sport activities in the last 12 months by income quintile, household composition, degree of urbanisation, activity type and frequency",A,Annual,1-3,From 1 to 3 times,AC52A,"Cultural activities (cinema, live performances or cultural sites)",TOTAL,Total,TOTAL,Total,TOTAL,Total,PC,Percentage,FR,France,2022,,33.8,,,,,
dataflow,ESTAT:ILC_SCP04$DV_2741(1.0),"Persons participating in in cultural or sport activities in the last 12 months by income quintile, household composition, degree of urbanisation, activity type and frequency",A,Annual,1-3,From 1 to 3 times,AC52A,"Cultural activities (cinema, live performances or cultural sites)",TOTAL,Total,TOTAL,Total,TOTAL,Total,PC,Percentage,HR,Croatia,2015,,21.8,,,,,
dataflow,ESTAT:ILC_SCP04$DV_2741(1.0),"Persons participating in in cultural or sport activities in the last 12 months by income quintile, household composition, degree of urbanisation, activity type and frequency",A,Annual,1-3,From 1 to 3 times,AC52A,"Cultural activities (cinema, live performances or cultural sites)",TOTAL,Total,TOTAL,Total,TOTAL,Total,PC,Percentage,HR,Croatia,2022,,21.9,,,,,
dataflow,ESTAT:ILC_SCP04$DV_2741(1.0),"Persons participating in in cultural or sport activities in the last 12 months by income quintile, household composition, degree of urbanisation, activity type and frequency",A,Annual,1-3,From 1 to 3 times,AC52A,"Cultural activities (cinema, live performances or cultural sites)",TOTAL,Total,TOTAL,Total,TOTAL,Total,PC,Percentage,HU,Hungary,2015,,32.4,,,,,
dataflow,ESTAT:ILC_SCP04$DV_2741(1.0),"Persons participating in in cultural or sport activities in the last 12 months by income quintile, household composition, degree of urbanisation, activity type and frequency",A,Annual,1-3,From 1 to 3 times,AC52A,"Cultural activities (cinema, live performances or cultural sites)",TOTAL,Total,TOTAL,Total,TOTAL,Total,PC,Percentage,HU,Hungary,2022,,30.0,,,,,
dataflow,ESTAT:ILC_SCP04$DV_2741(1.0),"Persons participating in in cultural or sport activities in the last 12 months by income quintile, household composition, degree of urbanisation, activity type and frequency",A,Annual,1-3,From 1 to 3 times,AC52A,"Cultural activities (cinema, live performances or cultural sites)",TOTAL,Total,TOTAL,Total,TOTAL,Total,PC,Percentage,IE,Ireland,2015,,37.7,,u,low reliability,,
dataflow,ESTAT:ILC_SCP04$DV_2741(1.0),"Persons participating in in cultural or sport activities in the last 12 months by income quintile, household composition, degree of urbanisation, activity type and frequency",A,Annual,1-3,From 1 to 3 times,AC52A,"Cultural activities (cinema, live performances or cultural sites)",TOTAL,Total,TOTAL,Total,TOTAL,Total,PC,Percentage,IE,Ireland,2022,,43.2,,,,,
dataflow,ESTAT:ILC_SCP04$DV_2741(1.0),"Persons participating in in cultural or sport activities in the last 12 months by income quintile, household composition, degree of urbanisation, activity type and frequency",A,Annual,1-3,From 1 to 3 times,AC52A,"Cultural activities (cinema, live performances or cultural sites)",TOTAL,Total,TOTAL,Total,TOTAL,Total,PC,Percentage,IS,Iceland,2015,,34.6,,,,,
dataflow,ESTAT:ILC_SCP04$DV_2741(1.0),"Persons participating in in cultural or sport activities in the last 12 months by income quintile, household composition, degree of urbanisation, activity type and frequency",A,Annual,1-3,From 1 to 3 times,AC52A,"Cultural activities (cinema, live performances or cultural sites)",TOTAL,Total,TOTAL,Total,TOTAL,Total,PC,Percentage,IT,Italy,2015,,26.1,,,,,
dataflow,ESTAT:ILC_SCP04$DV_2741(1.0),"Persons participating in in cultural or sport activities in the last 12 months by income quintile, household composition, degree of urbanisation, activity type and frequency",A,Annual,1-3,From 1 to 3 times,AC52A,"Cultural activities (cinema, live performances or cultural sites)",TOTAL,Total,TOTAL,Total,TOTAL,Total,PC,Percentage,IT,Italy,2022,,26.6,,,,,
dataflow,ESTAT:ILC_SCP04$DV_2741(1.0),"Persons participating in in cultural or sport activities in the last 12 months by income quintile, household composition, degree of urbanisation, activity type and frequency",A,Annual,1-3,From 1 to 3 times,AC52A,"Cultural activities (cinema, live performances or cultural sites)",TOTAL,Total,TOTAL,Total,TOTAL,Total,PC,Percentage,LT,Lithuania,2015,,43.4,,,,,
dataflow,ESTAT:ILC_SCP04$DV_2741(1.0),"Persons participating in in cultural or sport activities in the last 12 months by income quintile, household composition, degree of urbanisation, activity type and frequency",A,Annual,1-3,From 1 to 3 times,AC52A,"Cultural activities (cinema, live performances or cultural sites)",TOTAL,Total,TOTAL,Total,TOTAL,Total,PC,Percentage,LT,Lithuania,2022,,35.0,,,,,
dataflow,ESTAT:ILC_SCP04$DV_2741(1.0),"Persons participating in in cultural or sport activities in the last 12 months by income quintile, household composition, degree of urbanisation, activity type and frequency",A,Annual,1-3,From 1 to 3 times,AC52A,"Cultural activities (cinema, live performances or cultural sites)",TOTAL,Total,TOTAL,Total,TOTAL,Total,PC,Percentage,LU,Luxembourg,2015,,31.9,,,,,
dataflow,ESTAT:ILC_SCP04$DV_2741(1.0),"Persons participating in in cultural or sport activities in the last 12 months by income quintile, household composition, degree of urbanisation, activity type and frequency",A,Annual,1-3,From 1 to 3 times,AC52A,"Cultural activities (cinema, live performances or cultural sites)",TOTAL,Total,TOTAL,Total,TOTAL,Total,PC,Percentage,LU,Luxembourg,2022,,51.6,,,,,
dataflow,ESTAT:ILC_SCP04$DV_2741(1.0),"Persons participating in in cultural or sport activities in the last 12 months by income quintile, household composition, degree of urbanisation, activity type and frequency",A,Annual,1-3,From 1 to 3 times,AC52A,"Cultural activities (cinema, live performances or cultural sites)",TOTAL,Total,TOTAL,Total,TOTAL,Total,PC,Percentage,LV,Latvia,2015,,39.5,,,,,
dataflow,ESTAT:ILC_SCP04$DV_2741(1.0),"Persons participating in in cultural or sport activities in the last 12 months by income quintile, household composition, degree of urbanisation, activity type and frequency",A,Annual,1-3,From 1 to 3 times,AC52A,"Cultural activities (cinema, live performances or cultural sites)",TOTAL,Total,TOTAL,Total,TOTAL,Total,PC,Percentage,LV,Latvia,2022,,29.7,,,,,
dataflow,ESTAT:ILC_SCP04$DV_2741(1.0),"Persons participating in in cultural or sport activities in the last 12 months by income quintile, household composition, degree of urbanisation, activity type and frequency",A,Annual,1-3,From 1 to 3 times,AC52A,"Cultural activities (cinema, live performances or cultural sites)",TOTAL,Total,TOTAL,Total,TOTAL,Total,PC,Percentage,MT,Malta,2015,,27.4,,,,,
dataflow,ESTAT:ILC_SCP04$DV_2741(1.0),"Persons participating in in cultural or sport activities in the last 12 months by income quintile, household composition, degree of urbanisation, activity type and frequency",A,Annual,1-3,From 1 to 3 times,AC52A,"Cultural activities (cinema, live performances or cultural sites)",TOTAL,Total,TOTAL,Total,TOTAL,Total,PC,Percentage,MT,Malta,2022,,29.0,,,,,
dataflow,ESTAT:ILC_SCP04$DV_2741(1.0),"Persons participating in in cultural or sport activities in the last 12 months by income quintile, household composition, degree of urbanisation, activity type and frequency",A,Annual,1-3,From 1 to 3 times,AC52A,"Cultural activities (cinema, live performances or cultural sites)",TOTAL,Total,TOTAL,Total,TOTAL,Total,PC,Percentage,NL,Netherlands,2015,,39.2,,,,,
dataflow,ESTAT:ILC_SCP04$DV_2741(1.0),"Persons participating in in cultural or sport activities in the last 12 months by income quintile, household composition, degree of urbanisation, activity type and frequency",A,Annual,1-3,From 1 to 3 times,AC52A,"Cultural activities (cinema, live performances or cultural sites)",TOTAL,Total,TOTAL,Total,TOTAL,Total,PC,Percentage,NL,Netherlands,2022,,38.6,,,,,
dataflow,ESTAT:ILC_SCP04$DV_2741(1.0),"Persons participating in in cultural or sport activities in the last 12 months by income quintile, household composition, degree of urbanisation, activity type and frequency",A,Annual,1-3,From 1 to 3 times,AC52A,"Cultural activities (cinema, live performances or cultural sites)",TOTAL,Total,TOTAL,Total,TOTAL,Total,PC,Percentage,NO,Norway,2015,,38.7,,,,,
dataflow,ESTAT:ILC_SCP04$DV_2741(1.0),"Persons participating in in cultural or sport activities in the last 12 months by income quintile, household composition, degree of urbanisation, activity type and frequency",A,Annual,1-3,From 1 to 3 times,AC52A,"Cultural activities (cinema, live performances or cultural sites)",TOTAL,Total,TOTAL,Total,TOTAL,Total,PC,Percentage,NO,Norway,2022,,49.3,,,,,
dataflow,ESTAT:ILC_SCP04$DV_2741(1.0),"Persons participating in in cultural or sport activities in the last 12 months by income quintile, household composition, degree of urbanisation, activity type and frequency",A,Annual,1-3,From 1 to 3 times,AC52A,"Cultural activities (cinema, live performances or cultural sites)",TOTAL,Total,TOTAL,Total,TOTAL,Total,PC,Percentage,PL,Poland,2015,,39.4,,u,low reliability,,
dataflow,ESTAT:ILC_SCP04$DV_2741(1.0),"Persons participating in in cultural or sport activities in the last 12 months by income quintile, household composition, degree of urbanisation, activity type and frequency",A,Annual,1-3,From 1 to 3 times,AC52A,"Cultural activities (cinema, live performances or cultural sites)",TOTAL,Total,TOTAL,Total,TOTAL,Total,PC,Percentage,PL,Poland,2022,,36.3,,,,,
dataflow,ESTAT:ILC_SCP04$DV_2741(1.0),"Persons participating in in cultural or sport activities in the last 12 months by income quintile, household composition, degree of urbanisation, activity type and frequency",A,Annual,1-3,From 1 to 3 times,AC52A,"Cultural activities (cinema, live performances or cultural sites)",TOTAL,Total,TOTAL,Total,TOTAL,Total,PC,Percentage,PT,Portugal,2015,,35.5,,,,,
dataflow,ESTAT:ILC_SCP04$DV_2741(1.0),"Persons participating in in cultural or sport activities in the last 12 months by income quintile, household composition, degree of urbanisation, activity type and frequency",A,Annual,1-3,From 1 to 3 times,AC52A,"Cultural activities (cinema, live performances or cultural sites)",TOTAL,Total,TOTAL,Total,TOTAL,Total,PC,Percentage,PT,Portugal,2022,,31.1,,,,,
dataflow,ESTAT:ILC_SCP04$DV_2741(1.0),"Persons participating in in cultural or sport activities in the last 12 months by income quintile, household composition, degree of urbanisation, activity type and frequency",A,Annual,1-3,From 1 to 3 times,AC52A,"Cultural activities (cinema, live performances or cultural sites)",TOTAL,Total,TOTAL,Total,TOTAL,Total,PC,Percentage,RO,Romania,2015,,17.3,,,,,
dataflow,ESTAT:ILC_SCP04$DV_2741(1.0),"Persons participating in in cultural or sport activities in the last 12 months by income quintile, household composition, degree of urbanisation, activity type and frequency",A,Annual,1-3,From 1 to 3 times,AC52A,"Cultural activities (cinema, live performances or cultural sites)",TOTAL,Total,TOTAL,Total,TOTAL,Total,PC,Percentage,RO,Romania,2022,,18.4,,,,,
dataflow,ESTAT:ILC_SCP04$DV_2741(1.0),"Persons participating in in cultural or sport activities in the last 12 months by income quintile, household composition, degree of urbanisation, activity type and frequency",A,Annual,1-3,From 1 to 3 times,AC52A,"Cultural activities (cinema, live performances or cultural sites)",TOTAL,Total,TOTAL,Total,TOTAL,Total,PC,Percentage,RS,Serbia,2015,,18.4,,,,,
dataflow,ESTAT:ILC_SCP04$DV_2741(1.0),"Persons participating in in cultural or sport activities in the last 12 months by income quintile, household composition, degree of urbanisation, activity type and frequency",A,Annual,1-3,From 1 to 3 times,AC52A,"Cultural activities (cinema, live performances or cultural sites)",TOTAL,Total,TOTAL,Total,TOTAL,Total,PC,Percentage,RS,Serbia,2022,,23.6,,,,,
dataflow,ESTAT:ILC_SCP04$DV_2741(1.0),"Persons participating in in cultural or sport activities in the last 12 months by income quintile, household composition, degree of urbanisation, activity type and frequency",A,Annual,1-3,From 1 to 3 times,AC52A,"Cultural activities (cinema, live performances or cultural sites)",TOTAL,Total,TOTAL,Total,TOTAL,Total,PC,Percentage,SE,Sweden,2015,,42.1,,,,,
dataflow,ESTAT:ILC_SCP04$DV_2741(1.0),"Persons participating in in cultural or sport activities in the last 12 months by income quintile, household composition, degree of urbanisation, activity type and frequency",A,Annual,1-3,From 1 to 3 times,AC52A,"Cultural activities (cinema, live performances or cultural sites)",TOTAL,Total,TOTAL,Total,TOTAL,Total,PC,Percentage,SE,Sweden,2022,,44.2,,,,,
dataflow,ESTAT:ILC_SCP04$DV_2741(1.0),"Persons participating in in cultural or sport activities in the last 12 months by income quintile, household composition, degree of urbanisation, activity type and frequency",A,Annual,1-3,From 1 to 3 times,AC52A,"Cultural activities (cinema, live performances or cultural sites)",TOTAL,Total,TOTAL,Total,TOTAL,Total,PC,Percentage,SI,Slovenia,2015,,28.2,,,,,
dataflow,ESTAT:ILC_SCP04$DV_2741(1.0),"Persons participating in in cultural or sport activities in the last 12 months by income quintile, household composition, degree of urbanisation, activity type and frequency",A,Annual,1-3,From 1 to 3 times,AC52A,"Cultural activities (cinema, live performances or cultural sites)",TOTAL,Total,TOTAL,Total,TOTAL,Total,PC,Percentage,SI,Slovenia,2022,,34.3,,,,,
dataflow,ESTAT:ILC_SCP04$DV_2741(1.0),"Persons participating in in cultural or sport activities in the last 12 months by income quintile, household composition, degree of urbanisation, activity type and frequency",A,Annual,1-3,From 1 to 3 times,AC52A,"Cultural activities (cinema, live performances or cultural sites)",TOTAL,Total,TOTAL,Total,TOTAL,Total,PC,Percentage,SK,Slovakia,2015,,39.3,,,,,
dataflow,ESTAT:ILC_SCP04$DV_2741(1.0),"Persons participating in in cultural or sport activities in the last 12 months by income quintile, household composition, degree of urbanisation, activity type and frequency",A,Annual,1-3,From 1 to 3 times,AC52A,"Cultural activities (cinema, live performances or cultural sites)",TOTAL,Total,TOTAL,Total,TOTAL,Total,PC,Percentage,SK,Slovakia,2022,,29.4,,,,,
dataflow,ESTAT:ILC_SCP04$DV_2741(1.0),"Persons participating in in cultural or sport activities in the last 12 months by income quintile, household composition, degree of urbanisation, activity type and frequency",A,Annual,1-3,From 1 to 3 times,AC52A,"Cultural activities (cinema, live performances or cultural sites)",TOTAL,Total,TOTAL,Total,TOTAL,Total,PC,Percentage,UK,United Kingdom,2015,,34.2,,u,low reliability,,
dataflow,ESTAT:ILC_SCP04$DV_2741(1.0),"Persons participating in in cultural or sport activities in the last 12 months by income quintile, household composition, degree of urbanisation, activity type and frequency",A,Annual,GE1,At least once,AC521,Cinema,TOTAL,Total,TOTAL,Total,TOTAL,Total,PC,Percentage,AL,Albania,2022,,21.8,,,,,
dataflow,ESTAT:ILC_SCP04$DV_2741(1.0),"Persons participating in in cultural or sport activities in the last 12 months by income quintile, household composition, degree of urbanisation, activity type and frequency",A,Annual,GE1,At least once,AC521,Cinema,TOTAL,Total,TOTAL,Total,TOTAL,Total,PC,Percentage,AT,Austria,2015,,47.6,,,,,
dataflow,ESTAT:ILC_SCP04$DV_2741(1.0),"Persons participating in in cultural or sport activities in the last 12 months by income quintile, household composition, degree of urbanisation, activity type and frequency",A,Annual,GE1,At least once,AC521,Cinema,TOTAL,Total,TOTAL,Total,TOTAL,Total,PC,Percentage,AT,Austria,2022,,32.4,,,,,
dataflow,ESTAT:ILC_SCP04$DV_2741(1.0),"Persons participating in in cultural or sport activities in the last 12 months by income quintile, household composition, degree of urbanisation, activity type and frequency",A,Annual,GE1,At least once,AC521,Cinema,TOTAL,Total,TOTAL,Total,TOTAL,Total,PC,Percentage,BE,Belgium,2015,,50.3,,,,,
dataflow,ESTAT:ILC_SCP04$DV_2741(1.0),"Persons participating in in cultural or sport activities in the last 12 months by income quintile, household composition, degree of urbanisation, activity type and frequency",A,Annual,GE1,At least once,AC521,Cinema,TOTAL,Total,TOTAL,Total,TOTAL,Total,PC,Percentage,BE,Belgium,2022,,32.9,,,,,
dataflow,ESTAT:ILC_SCP04$DV_2741(1.0),"Persons participating in in cultural or sport activities in the last 12 months by income quintile, household composition, degree of urbanisation, activity type and frequency",A,Annual,GE1,At least once,AC521,Cinema,TOTAL,Total,TOTAL,Total,TOTAL,Total,PC,Percentage,BG,Bulgaria,2015,,21.7,,,,,
dataflow,ESTAT:ILC_SCP04$DV_2741(1.0),"Persons participating in in cultural or sport activities in the last 12 months by income quintile, household composition, degree of urbanisation, activity type and frequency",A,Annual,GE1,At least once,AC521,Cinema,TOTAL,Total,TOTAL,Total,TOTAL,Total,PC,Percentage,BG,Bulgaria,2022,,13.0,,,,,
dataflow,ESTAT:ILC_SCP04$DV_2741(1.0),"Persons participating in in cultural or sport activities in the last 12 months by income quintile, household composition, degree of urbanisation, activity type and frequency",A,Annual,GE1,At least once,AC521,Cinema,TOTAL,Total,TOTAL,Total,TOTAL,Total,PC,Percentage,CH,Switzerland,2015,,62.1,,,,,
dataflow,ESTAT:ILC_SCP04$DV_2741(1.0),"Persons participating in in cultural or sport activities in the last 12 months by income quintile, household composition, degree of urbanisation, activity type and frequency",A,Annual,GE1,At least once,AC521,Cinema,TOTAL,Total,TOTAL,Total,TOTAL,Total,PC,Percentage,CH,Switzerland,2022,,43.0,,,,,
dataflow,ESTAT:ILC_SCP04$DV_2741(1.0),"Persons participating in in cultural or sport activities in the last 12 months by income quintile, household composition, degree of urbanisation, activity type and frequency",A,Annual,GE1,At least once,AC521,Cinema,TOTAL,Total,TOTAL,Total,TOTAL,Total,PC,Percentage,CY,Cyprus,2015,,30.5,,,,,
dataflow,ESTAT:ILC_SCP04$DV_2741(1.0),"Persons participating in in cultural or sport activities in the last 12 months by income quintile, household composition, degree of urbanisation, activity type and frequency",A,Annual,GE1,At least once,AC521,Cinema,TOTAL,Total,TOTAL,Total,TOTAL,Total,PC,Percentage,CY,Cyprus,2022,,17.2,,,,,
dataflow,ESTAT:ILC_SCP04$DV_2741(1.0),"Persons participating in in cultural or sport activities in the last 12 months by income quintile, household composition, degree of urbanisation, activity type and frequency",A,Annual,GE1,At least once,AC521,Cinema,TOTAL,Total,TOTAL,Total,TOTAL,Total,PC,Percentage,CZ,Czechia,2015,,47.8,,,,,
dataflow,ESTAT:ILC_SCP04$DV_2741(1.0),"Persons participating in in cultural or sport activities in the last 12 months by income quintile, household composition, degree of urbanisation, activity type and frequency",A,Annual,GE1,At least once,AC521,Cinema,TOTAL,Total,TOTAL,Total,TOTAL,Total,PC,Percentage,CZ,Czechia,2022,,39.5,,,,,
dataflow,ESTAT:ILC_SCP04$DV_2741(1.0),"Persons participating in in cultural or sport activities in the last 12 months by income quintile, household composition, degree of urbanisation, activity type and frequency",A,Annual,GE1,At least once,AC521,Cinema,TOTAL,Total,TOTAL,Total,TOTAL,Total,PC,Percentage,DE,Germany,2015,,46.6,,,,,
dataflow,ESTAT:ILC_SCP04$DV_2741(1.0),"Persons participating in in cultural or sport activities in the last 12 months by income quintile, household composition, degree of urbanisation, activity type and frequency",A,Annual,GE1,At least once,AC521,Cinema,TOTAL,Total,TOTAL,Total,TOTAL,Total,PC,Percentage,DE,Germany,2022,,,,u,low reliability,,
dataflow,ESTAT:ILC_SCP04$DV_2741(1.0),"Persons participating in in cultural or sport activities in the last 12 months by income quintile, household composition, degree of urbanisation, activity type and frequency",A,Annual,GE1,At least once,AC521,Cinema,TOTAL,Total,TOTAL,Total,TOTAL,Total,PC,Percentage,DK,Denmark,2015,,65.6,,,,,
dataflow,ESTAT:ILC_SCP04$DV_2741(1.0),"Persons participating in in cultural or sport activities in the last 12 months by income quintile, household composition, degree of urbanisation, activity type and frequency",A,Annual,GE1,At least once,AC521,Cinema,TOTAL,Total,TOTAL,Total,TOTAL,Total,PC,Percentage,DK,Denmark,2022,,52.1,,,,,
dataflow,ESTAT:ILC_SCP04$DV_2741(1.0),"Persons participating in in cultural or sport activities in the last 12 months by income quintile, household composition, degree of urbanisation, activity type and frequency",A,Annual,GE1,At least once,AC521,Cinema,TOTAL,Total,TOTAL,Total,TOTAL,Total,PC,Percentage,EE,Estonia,2015,,48.2,,,,,
dataflow,ESTAT:ILC_SCP04$DV_2741(1.0),"Persons participating in in cultural or sport activities in the last 12 months by income quintile, household composition, degree of urbanisation, activity type and frequency",A,Annual,GE1,At least once,AC521,Cinema,TOTAL,Total,TOTAL,Total,TOTAL,Total,PC,Percentage,EE,Estonia,2022,,41.4,,,,,
dataflow,ESTAT:ILC_SCP04$DV_2741(1.0),"Persons participating in in cultural or sport activities in the last 12 months by income quintile, household composition, degree of urbanisation, activity type and frequency",A,Annual,GE1,At least once,AC521,Cinema,TOTAL,Total,TOTAL,Total,TOTAL,Total,PC,Percentage,EL,Greece,2015,,32.8,,,,,
dataflow,ESTAT:ILC_SCP04$DV_2741(1.0),"Persons participating in in cultural or sport activities in the last 12 months by income quintile, household composition, degree of urbanisation, activity type and frequency",A,Annual,GE1,At least once,AC521,Cinema,TOTAL,Total,TOTAL,Total,TOTAL,Total,PC,Percentage,EL,Greece,2022,,26.4,,,,,
dataflow,ESTAT:ILC_SCP04$DV_2741(1.0),"Persons participating in in cultural or sport activities in the last 12 months by income quintile, household composition, degree of urbanisation, activity type and frequency",A,Annual,GE1,At least once,AC521,Cinema,TOTAL,Total,TOTAL,Total,TOTAL,Total,PC,Percentage,ES,Spain,2015,,45.9,,,,,
dataflow,ESTAT:ILC_SCP04$DV_2741(1.0),"Persons participating in in cultural or sport activities in the last 12 months by income quintile, household composition, degree of urbanisation, activity type and frequency",A,Annual,GE1,At least once,AC521,Cinema,TOTAL,Total,TOTAL,Total,TOTAL,Total,PC,Percentage,ES,Spain,2022,,36.7,,,,,
dataflow,ESTAT:ILC_SCP04$DV_2741(1.0),"Persons participating in in cultural or sport activities in the last 12 months by income quintile, household composition, degree of urbanisation, activity type and frequency",A,Annual,GE1,At least once,AC521,Cinema,TOTAL,Total,TOTAL,Total,TOTAL,Total,PC,Percentage,EU27_2020,European Union - 27 countries (from 2020),2015,,44.4,,,,,
dataflow,ESTAT:ILC_SCP04$DV_2741(1.0),"Persons participating in in cultural or sport activities in the last 12 months by income quintile, household composition, degree of urbanisation, activity type and frequency",A,Annual,GE1,At least once,AC521,Cinema,TOTAL,Total,TOTAL,Total,TOTAL,Total,PC,Percentage,FI,Finland,2015,,55.1,,,,,
dataflow,ESTAT:ILC_SCP04$DV_2741(1.0),"Persons participating in in cultural or sport activities in the last 12 months by income quintile, household composition, degree of urbanisation, activity type and frequency",A,Annual,GE1,At least once,AC521,Cinema,TOTAL,Total,TOTAL,Total,TOTAL,Total,PC,Percentage,FI,Finland,2022,,35.7,,,,,
dataflow,ESTAT:ILC_SCP04$DV_2741(1.0),"Persons participating in in cultural or sport activities in the last 12 months by income quintile, household composition, degree of urbanisation, activity type and frequency",A,Annual,GE1,At least once,AC521,Cinema,TOTAL,Total,TOTAL,Total,TOTAL,Total,PC,Percentage,FR,France,2015,,57.8,,,,,
dataflow,ESTAT:ILC_SCP04$DV_2741(1.0),"Persons participating in in cultural or sport activities in the last 12 months by income quintile, household composition, degree of urbanisation, activity type and frequency",A,Annual,GE1,At least once,AC521,Cinema,TOTAL,Total,TOTAL,Total,TOTAL,Total,PC,Percentage,FR,France,2022,,40.5,,,,,
dataflow,ESTAT:ILC_SCP04$DV_2741(1.0),"Persons participating in in cultural or sport activities in the last 12 months by income quintile, household composition, degree of urbanisation, activity type and frequency",A,Annual,GE1,At least once,AC521,Cinema,TOTAL,Total,TOTAL,Total,TOTAL,Total,PC,Percentage,HR,Croatia,2015,,24.9,,,,,
dataflow,ESTAT:ILC_SCP04$DV_2741(1.0),"Persons participating in in cultural or sport activities in the last 12 months by income quintile, household composition, degree of urbanisation, activity type and frequency",A,Annual,GE1,At least once,AC521,Cinema,TOTAL,Total,TOTAL,Total,TOTAL,Total,PC,Percentage,HR,Croatia,2022,,20.7,,,,,
dataflow,ESTAT:ILC_SCP04$DV_2741(1.0),"Persons participating in in cultural or sport activities in the last 12 months by income quintile, household composition, degree of urbanisation, activity type and frequency",A,Annual,GE1,At least once,AC521,Cinema,TOTAL,Total,TOTAL,Total,TOTAL,Total,PC,Percentage,HU,Hungary,2015,,30.8,,,,,
dataflow,ESTAT:ILC_SCP04$DV_2741(1.0),"Persons participating in in cultural or sport activities in the last 12 months by income quintile, household composition, degree of urbanisation, activity type and frequency",A,Annual,GE1,At least once,AC521,Cinema,TOTAL,Total,TOTAL,Total,TOTAL,Total,PC,Percentage,HU,Hungary,2022,,25.7,,,,,
dataflow,ESTAT:ILC_SCP04$DV_2741(1.0),"Persons participating in in cultural or sport activities in the last 12 months by income quintile, household composition, degree of urbanisation, activity type and frequency",A,Annual,GE1,At least once,AC521,Cinema,TOTAL,Total,TOTAL,Total,TOTAL,Total,PC,Percentage,IE,Ireland,2015,,49.0,,u,low reliability,,
dataflow,ESTAT:ILC_SCP04$DV_2741(1.0),"Persons participating in in cultural or sport activities in the last 12 months by income quintile, household composition, degree of urbanisation, activity type and frequency",A,Annual,GE1,At least once,AC521,Cinema,TOTAL,Total,TOTAL,Total,TOTAL,Total,PC,Percentage,IE,Ireland,2022,,42.0,,,,,
dataflow,ESTAT:ILC_SCP04$DV_2741(1.0),"Persons participating in in cultural or sport activities in the last 12 months by income quintile, household composition, degree of urbanisation, activity type and frequency",A,Annual,GE1,At least once,AC521,Cinema,TOTAL,Total,TOTAL,Total,TOTAL,Total,PC,Percentage,IS,Iceland,2015,,68.8,,,,,
dataflow,ESTAT:ILC_SCP04$DV_2741(1.0),"Persons participating in in cultural or sport activities in the last 12 months by income quintile, household composition, degree of urbanisation, activity type and frequency",A,Annual,GE1,At least once,AC521,Cinema,TOTAL,Total,TOTAL,Total,TOTAL,Total,PC,Percentage,IT,Italy,2015,,37.5,,,,,
dataflow,ESTAT:ILC_SCP04$DV_2741(1.0),"Persons participating in in cultural or sport activities in the last 12 months by income quintile, household composition, degree of urbanisation, activity type and frequency",A,Annual,GE1,At least once,AC521,Cinema,TOTAL,Total,TOTAL,Total,TOTAL,Total,PC,Percentage,IT,Italy,2022,,27.5,,,,,
dataflow,ESTAT:ILC_SCP04$DV_2741(1.0),"Persons participating in in cultural or sport activities in the last 12 months by income quintile, household composition, degree of urbanisation, activity type and frequency",A,Annual,GE1,At least once,AC521,Cinema,TOTAL,Total,TOTAL,Total,TOTAL,Total,PC,Percentage,LT,Lithuania,2015,,34.9,,,,,
dataflow,ESTAT:ILC_SCP04$DV_2741(1.0),"Persons participating in in cultural or sport activities in the last 12 months by income quintile, household composition, degree of urbanisation, activity type and frequency",A,Annual,GE1,At least once,AC521,Cinema,TOTAL,Total,TOTAL,Total,TOTAL,Total,PC,Percentage,LT,Lithuania,2022,,28.3,,,,,
dataflow,ESTAT:ILC_SCP04$DV_2741(1.0),"Persons participating in in cultural or sport activities in the last 12 months by income quintile, household composition, degree of urbanisation, activity type and frequency",A,Annual,GE1,At least once,AC521,Cinema,TOTAL,Total,TOTAL,Total,TOTAL,Total,PC,Percentage,LU,Luxembourg,2015,,55.7,,,,,
dataflow,ESTAT:ILC_SCP04$DV_2741(1.0),"Persons participating in in cultural or sport activities in the last 12 months by income quintile, household composition, degree of urbanisation, activity type and frequency",A,Annual,GE1,At least once,AC521,Cinema,TOTAL,Total,TOTAL,Total,TOTAL,Total,PC,Percentage,LU,Luxembourg,2022,,49.0,,,,,
dataflow,ESTAT:ILC_SCP04$DV_2741(1.0),"Persons participating in in cultural or sport activities in the last 12 months by income quintile, household composition, degree of urbanisation, activity type and frequency",A,Annual,GE1,At least once,AC521,Cinema,TOTAL,Total,TOTAL,Total,TOTAL,Total,PC,Percentage,LV,Latvia,2015,,31.9,,,,,
dataflow,ESTAT:ILC_SCP04$DV_2741(1.0),"Persons participating in in cultural or sport activities in the last 12 months by income quintile, household composition, degree of urbanisation, activity type and frequency",A,Annual,GE1,At least once,AC521,Cinema,TOTAL,Total,TOTAL,Total,TOTAL,Total,PC,Percentage,LV,Latvia,2022,,14.4,,,,,
dataflow,ESTAT:ILC_SCP04$DV_2741(1.0),"Persons participating in in cultural or sport activities in the last 12 months by income quintile, household composition, degree of urbanisation, activity type and frequency",A,Annual,GE1,At least once,AC521,Cinema,TOTAL,Total,TOTAL,Total,TOTAL,Total,PC,Percentage,MT,Malta,2015,,34.2,,,,,
dataflow,ESTAT:ILC_SCP04$DV_2741(1.0),"Persons participating in in cultural or sport activities in the last 12 months by income quintile, household composition, degree of urbanisation, activity type and frequency",A,Annual,GE1,At least once,AC521,Cinema,TOTAL,Total,TOTAL,Total,TOTAL,Total,PC,Percentage,MT,Malta,2022,,24.3,,,,,
dataflow,ESTAT:ILC_SCP04$DV_2741(1.0),"Persons participating in in cultural or sport activities in the last 12 months by income quintile, household composition, degree of urbanisation, activity type and frequency",A,Annual,GE1,At least once,AC521,Cinema,TOTAL,Total,TOTAL,Total,TOTAL,Total,PC,Percentage,NL,Netherlands,2015,,58.9,,,,,
dataflow,ESTAT:ILC_SCP04$DV_2741(1.0),"Persons participating in in cultural or sport activities in the last 12 months by income quintile, household composition, degree of urbanisation, activity type and frequency",A,Annual,GE1,At least once,AC521,Cinema,TOTAL,Total,TOTAL,Total,TOTAL,Total,PC,Percentage,NL,Netherlands,2022,,44.1,,,,,
dataflow,ESTAT:ILC_SCP04$DV_2741(1.0),"Persons participating in in cultural or sport activities in the last 12 months by income quintile, household composition, degree of urbanisation, activity type and frequency",A,Annual,GE1,At least once,AC521,Cinema,TOTAL,Total,TOTAL,Total,TOTAL,Total,PC,Percentage,NO,Norway,2015,,62.3,,,,,
dataflow,ESTAT:ILC_SCP04$DV_2741(1.0),"Persons participating in in cultural or sport activities in the last 12 months by income quintile, household composition, degree of urbanisation, activity type and frequency",A,Annual,GE1,At least once,AC521,Cinema,TOTAL,Total,TOTAL,Total,TOTAL,Total,PC,Percentage,NO,Norway,2022,,45.9,,,,,
dataflow,ESTAT:ILC_SCP04$DV_2741(1.0),"Persons participating in in cultural or sport activities in the last 12 months by income quintile, household composition, degree of urbanisation, activity type and frequency",A,Annual,GE1,At least once,AC521,Cinema,TOTAL,Total,TOTAL,Total,TOTAL,Total,PC,Percentage,PL,Poland,2015,,41.1,,u,low reliability,,
dataflow,ESTAT:ILC_SCP04$DV_2741(1.0),"Persons participating in in cultural or sport activities in the last 12 months by income quintile, household composition, degree of urbanisation, activity type and frequency",A,Annual,GE1,At least once,AC521,Cinema,TOTAL,Total,TOTAL,Total,TOTAL,Total,PC,Percentage,PL,Poland,2022,,38.1,,,,,
dataflow,ESTAT:ILC_SCP04$DV_2741(1.0),"Persons participating in in cultural or sport activities in the last 12 months by income quintile, household composition, degree of urbanisation, activity type and frequency",A,Annual,GE1,At least once,AC521,Cinema,TOTAL,Total,TOTAL,Total,TOTAL,Total,PC,Percentage,PT,Portugal,2015,,31.8,,,,,
dataflow,ESTAT:ILC_SCP04$DV_2741(1.0),"Persons participating in in cultural or sport activities in the last 12 months by income quintile, household composition, degree of urbanisation, activity type and frequency",A,Annual,GE1,At least once,AC521,Cinema,TOTAL,Total,TOTAL,Total,TOTAL,Total,PC,Percentage,PT,Portugal,2022,,26.4,,,,,
dataflow,ESTAT:ILC_SCP04$DV_2741(1.0),"Persons participating in in cultural or sport activities in the last 12 months by income quintile, household composition, degree of urbanisation, activity type and frequency",A,Annual,GE1,At least once,AC521,Cinema,TOTAL,Total,TOTAL,Total,TOTAL,Total,PC,Percentage,RO,Romania,2015,,19.3,,,,,
dataflow,ESTAT:ILC_SCP04$DV_2741(1.0),"Persons participating in in cultural or sport activities in the last 12 months by income quintile, household composition, degree of urbanisation, activity type and frequency",A,Annual,GE1,At least once,AC521,Cinema,TOTAL,Total,TOTAL,Total,TOTAL,Total,PC,Percentage,RO,Romania,2022,,14.5,,,,,
dataflow,ESTAT:ILC_SCP04$DV_2741(1.0),"Persons participating in in cultural or sport activities in the last 12 months by income quintile, household composition, degree of urbanisation, activity type and frequency",A,Annual,GE1,At least once,AC521,Cinema,TOTAL,Total,TOTAL,Total,TOTAL,Total,PC,Percentage,RS,Serbia,2015,,20.1,,,,,
dataflow,ESTAT:ILC_SCP04$DV_2741(1.0),"Persons participating in in cultural or sport activities in the last 12 months by income quintile, household composition, degree of urbanisation, activity type and frequency",A,Annual,GE1,At least once,AC521,Cinema,TOTAL,Total,TOTAL,Total,TOTAL,Total,PC,Percentage,RS,Serbia,2022,,22.6,,,,,
dataflow,ESTAT:ILC_SCP04$DV_2741(1.0),"Persons participating in in cultural or sport activities in the last 12 months by income quintile, household composition, degree of urbanisation, activity type and frequency",A,Annual,GE1,At least once,AC521,Cinema,TOTAL,Total,TOTAL,Total,TOTAL,Total,PC,Percentage,SE,Sweden,2015,,61.0,,,,,
dataflow,ESTAT:ILC_SCP04$DV_2741(1.0),"Persons participating in in cultural or sport activities in the last 12 months by income quintile, household composition, degree of urbanisation, activity type and frequency",A,Annual,GE1,At least once,AC521,Cinema,TOTAL,Total,TOTAL,Total,TOTAL,Total,PC,Percentage,SE,Sweden,2022,,35.6,,,,,
dataflow,ESTAT:ILC_SCP04$DV_2741(1.0),"Persons participating in in cultural or sport activities in the last 12 months by income quintile, household composition, degree of urbanisation, activity type and frequency",A,Annual,GE1,At least once,AC521,Cinema,TOTAL,Total,TOTAL,Total,TOTAL,Total,PC,Percentage,SI,Slovenia,2015,,36.7,,,,,
dataflow,ESTAT:ILC_SCP04$DV_2741(1.0),"Persons participating in in cultural or sport activities in the last 12 months by income quintile, household composition, degree of urbanisation, activity type and frequency",A,Annual,GE1,At least once,AC521,Cinema,TOTAL,Total,TOTAL,Total,TOTAL,Total,PC,Percentage,SI,Slovenia,2022,,22.0,,,,,
dataflow,ESTAT:ILC_SCP04$DV_2741(1.0),"Persons participating in in cultural or sport activities in the last 12 months by income quintile, household composition, degree of urbanisation, activity type and frequency",A,Annual,GE1,At least once,AC521,Cinema,TOTAL,Total,TOTAL,Total,TOTAL,Total,PC,Percentage,SK,Slovakia,2015,,35.1,,,,,
dataflow,ESTAT:ILC_SCP04$DV_2741(1.0),"Persons participating in in cultural or sport activities in the last 12 months by income quintile, household composition, degree of urbanisation, activity type and frequency",A,Annual,GE1,At least once,AC521,Cinema,TOTAL,Total,TOTAL,Total,TOTAL,Total,PC,Percentage,SK,Slovakia,2022,,22.8,,,,,
dataflow,ESTAT:ILC_SCP04$DV_2741(1.0),"Persons participating in in cultural or sport activities in the last 12 months by income quintile, household composition, degree of urbanisation, activity type and frequency",A,Annual,GE1,At least once,AC521,Cinema,TOTAL,Total,TOTAL,Total,TOTAL,Total,PC,Percentage,UK,United Kingdom,2015,,52.9,,u,low reliability,,
dataflow,ESTAT:ILC_SCP04$DV_2741(1.0),"Persons participating in in cultural or sport activities in the last 12 months by income quintile, household composition, degree of urbanisation, activity type and frequency",A,Annual,GE1,At least once,AC522A,"Live performances (theatre, concerts, ballet)",TOTAL,Total,TOTAL,Total,TOTAL,Total,PC,Percentage,AL,Albania,2022,,13.1,,,,,
dataflow,ESTAT:ILC_SCP04$DV_2741(1.0),"Persons participating in in cultural or sport activities in the last 12 months by income quintile, household composition, degree of urbanisation, activity type and frequency",A,Annual,GE1,At least once,AC522A,"Live performances (theatre, concerts, ballet)",TOTAL,Total,TOTAL,Total,TOTAL,Total,PC,Percentage,AT,Austria,2015,,52.8,,,,,
dataflow,ESTAT:ILC_SCP04$DV_2741(1.0),"Persons participating in in cultural or sport activities in the last 12 months by income quintile, household composition, degree of urbanisation, activity type and frequency",A,Annual,GE1,At least once,AC522A,"Live performances (theatre, concerts, ballet)",TOTAL,Total,TOTAL,Total,TOTAL,Total,PC,Percentage,AT,Austria,2022,,30.8,,,,,
dataflow,ESTAT:ILC_SCP04$DV_2741(1.0),"Persons participating in in cultural or sport activities in the last 12 months by income quintile, household composition, degree of urbanisation, activity type and frequency",A,Annual,GE1,At least once,AC522A,"Live performances (theatre, concerts, ballet)",TOTAL,Total,TOTAL,Total,TOTAL,Total,PC,Percentage,BE,Belgium,2015,,45.1,,,,,
dataflow,ESTAT:ILC_SCP04$DV_2741(1.0),"Persons participating in in cultural or sport activities in the last 12 months by income quintile, household composition, degree of urbanisation, activity type and frequency",A,Annual,GE1,At least once,AC522A,"Live performances (theatre, concerts, ballet)",TOTAL,Total,TOTAL,Total,TOTAL,Total,PC,Percentage,BE,Belgium,2022,,38.2,,,,,
dataflow,ESTAT:ILC_SCP04$DV_2741(1.0),"Persons participating in in cultural or sport activities in the last 12 months by income quintile, household composition, degree of urbanisation, activity type and frequency",A,Annual,GE1,At least once,AC522A,"Live performances (theatre, concerts, ballet)",TOTAL,Total,TOTAL,Total,TOTAL,Total,PC,Percentage,BG,Bulgaria,2015,,19.4,,,,,
dataflow,ESTAT:ILC_SCP04$DV_2741(1.0),"Persons participating in in cultural or sport activities in the last 12 months by income quintile, household composition, degree of urbanisation, activity type and frequency",A,Annual,GE1,At least once,AC522A,"Live performances (theatre, concerts, ballet)",TOTAL,Total,TOTAL,Total,TOTAL,Total,PC,Percentage,BG,Bulgaria,2022,,10.7,,,,,
dataflow,ESTAT:ILC_SCP04$DV_2741(1.0),"Persons participating in in cultural or sport activities in the last 12 months by income quintile, household composition, degree of urbanisation, activity type and frequency",A,Annual,GE1,At least once,AC522A,"Live performances (theatre, concerts, ballet)",TOTAL,Total,TOTAL,Total,TOTAL,Total,PC,Percentage,CH,Switzerland,2015,,68.1,,,,,
dataflow,ESTAT:ILC_SCP04$DV_2741(1.0),"Persons participating in in cultural or sport activities in the last 12 months by income quintile, household composition, degree of urbanisation, activity type and frequency",A,Annual,GE1,At least once,AC522A,"Live performances (theatre, concerts, ballet)",TOTAL,Total,TOTAL,Total,TOTAL,Total,PC,Percentage,CH,Switzerland,2022,,46.6,,,,,
dataflow,ESTAT:ILC_SCP04$DV_2741(1.0),"Persons participating in in cultural or sport activities in the last 12 months by income quintile, household composition, degree of urbanisation, activity type and frequency",A,Annual,GE1,At least once,AC522A,"Live performances (theatre, concerts, ballet)",TOTAL,Total,TOTAL,Total,TOTAL,Total,PC,Percentage,CY,Cyprus,2015,,43.2,,,,,
dataflow,ESTAT:ILC_SCP04$DV_2741(1.0),"Persons participating in in cultural or sport activities in the last 12 months by income quintile, household composition, degree of urbanisation, activity type and frequency",A,Annual,GE1,At least once,AC522A,"Live performances (theatre, concerts, ballet)",TOTAL,Total,TOTAL,Total,TOTAL,Total,PC,Percentage,CY,Cyprus,2022,,25.3,,,,,
dataflow,ESTAT:ILC_SCP04$DV_2741(1.0),"Persons participating in in cultural or sport activities in the last 12 months by income quintile, household composition, degree of urbanisation, activity type and frequency",A,Annual,GE1,At least once,AC522A,"Live performances (theatre, concerts, ballet)",TOTAL,Total,TOTAL,Total,TOTAL,Total,PC,Percentage,CZ,Czechia,2015,,48.0,,,,,
dataflow,ESTAT:ILC_SCP04$DV_2741(1.0),"Persons participating in in cultural or sport activities in the last 12 months by income quintile, household composition, degree of urbanisation, activity type and frequency",A,Annual,GE1,At least once,AC522A,"Live performances (theatre, concerts, ballet)",TOTAL,Total,TOTAL,Total,TOTAL,Total,PC,Percentage,CZ,Czechia,2022,,33.2,,,,,
dataflow,ESTAT:ILC_SCP04$DV_2741(1.0),"Persons participating in in cultural or sport activities in the last 12 months by income quintile, household composition, degree of urbanisation, activity type and frequency",A,Annual,GE1,At least once,AC522A,"Live performances (theatre, concerts, ballet)",TOTAL,Total,TOTAL,Total,TOTAL,Total,PC,Percentage,DE,Germany,2015,,48.6,,,,,
dataflow,ESTAT:ILC_SCP04$DV_2741(1.0),"Persons participating in in cultural or sport activities in the last 12 months by income quintile, household composition, degree of urbanisation, activity type and frequency",A,Annual,GE1,At least once,AC522A,"Live performances (theatre, concerts, ballet)",TOTAL,Total,TOTAL,Total,TOTAL,Total,PC,Percentage,DE,Germany,2022,,,,u,low reliability,,
dataflow,ESTAT:ILC_SCP04$DV_2741(1.0),"Persons participating in in cultural or sport activities in the last 12 months by income quintile, household composition, degree of urbanisation, activity type and frequency",A,Annual,GE1,At least once,AC522A,"Live performances (theatre, concerts, ballet)",TOTAL,Total,TOTAL,Total,TOTAL,Total,PC,Percentage,DK,Denmark,2015,,58.4,,,,,
dataflow,ESTAT:ILC_SCP04$DV_2741(1.0),"Persons participating in in cultural or sport activities in the last 12 months by income quintile, household composition, degree of urbanisation, activity type and frequency",A,Annual,GE1,At least once,AC522A,"Live performances (theatre, concerts, ballet)",TOTAL,Total,TOTAL,Total,TOTAL,Total,PC,Percentage,DK,Denmark,2022,,45.5,,,,,
dataflow,ESTAT:ILC_SCP04$DV_2741(1.0),"Persons participating in in cultural or sport activities in the last 12 months by income quintile, household composition, degree of urbanisation, activity type and frequency",A,Annual,GE1,At least once,AC522A,"Live performances (theatre, concerts, ballet)",TOTAL,Total,TOTAL,Total,TOTAL,Total,PC,Percentage,EE,Estonia,2015,,56.2,,,,,
dataflow,ESTAT:ILC_SCP04$DV_2741(1.0),"Persons participating in in cultural or sport activities in the last 12 months by income quintile, household composition, degree of urbanisation, activity type and frequency",A,Annual,GE1,At least once,AC522A,"Live performances (theatre, concerts, ballet)",TOTAL,Total,TOTAL,Total,TOTAL,Total,PC,Percentage,EE,Estonia,2022,,39.7,,,,,
dataflow,ESTAT:ILC_SCP04$DV_2741(1.0),"Persons participating in in cultural or sport activities in the last 12 months by income quintile, household composition, degree of urbanisation, activity type and frequency",A,Annual,GE1,At least once,AC522A,"Live performances (theatre, concerts, ballet)",TOTAL,Total,TOTAL,Total,TOTAL,Total,PC,Percentage,EL,Greece,2015,,33.8,,,,,
dataflow,ESTAT:ILC_SCP04$DV_2741(1.0),"Persons participating in in cultural or sport activities in the last 12 months by income quintile, household composition, degree of urbanisation, activity type and frequency",A,Annual,GE1,At least once,AC522A,"Live performances (theatre, concerts, ballet)",TOTAL,Total,TOTAL,Total,TOTAL,Total,PC,Percentage,EL,Greece,2022,,28.1,,,,,
dataflow,ESTAT:ILC_SCP04$DV_2741(1.0),"Persons participating in in cultural or sport activities in the last 12 months by income quintile, household composition, degree of urbanisation, activity type and frequency",A,Annual,GE1,At least once,AC522A,"Live performances (theatre, concerts, ballet)",TOTAL,Total,TOTAL,Total,TOTAL,Total,PC,Percentage,ES,Spain,2015,,32.7,,,,,
dataflow,ESTAT:ILC_SCP04$DV_2741(1.0),"Persons participating in in cultural or sport activities in the last 12 months by income quintile, household composition, degree of urbanisation, activity type and frequency",A,Annual,GE1,At least once,AC522A,"Live performances (theatre, concerts, ballet)",TOTAL,Total,TOTAL,Total,TOTAL,Total,PC,Percentage,ES,Spain,2022,,32.6,,,,,
dataflow,ESTAT:ILC_SCP04$DV_2741(1.0),"Persons participating in in cultural or sport activities in the last 12 months by income quintile, household composition, degree of urbanisation, activity type and frequency",A,Annual,GE1,At least once,AC522A,"Live performances (theatre, concerts, ballet)",TOTAL,Total,TOTAL,Total,TOTAL,Total,PC,Percentage,EU27_2020,European Union - 27 countries (from 2020),2015,,40.7,,,,,
dataflow,ESTAT:ILC_SCP04$DV_2741(1.0),"Persons participating in in cultural or sport activities in the last 12 months by income quintile, household composition, degree of urbanisation, activity type and frequency",A,Annual,GE1,At least once,AC522A,"Live performances (theatre, concerts, ballet)",TOTAL,Total,TOTAL,Total,TOTAL,Total,PC,Percentage,FI,Finland,2015,,66.3,,,,,
dataflow,ESTAT:ILC_SCP04$DV_2741(1.0),"Persons participating in in cultural or sport activities in the last 12 months by income quintile, household composition, degree of urbanisation, activity type and frequency",A,Annual,GE1,At least once,AC522A,"Live performances (theatre, concerts, ballet)",TOTAL,Total,TOTAL,Total,TOTAL,Total,PC,Percentage,FI,Finland,2022,,33.1,,,,,
dataflow,ESTAT:ILC_SCP04$DV_2741(1.0),"Persons participating in in cultural or sport activities in the last 12 months by income quintile, household composition, degree of urbanisation, activity type and frequency",A,Annual,GE1,At least once,AC522A,"Live performances (theatre, concerts, ballet)",TOTAL,Total,TOTAL,Total,TOTAL,Total,PC,Percentage,FR,France,2015,,54.7,,,,,
dataflow,ESTAT:ILC_SCP04$DV_2741(1.0),"Persons participating in in cultural or sport activities in the last 12 months by income quintile, household composition, degree of urbanisation, activity type and frequency",A,Annual,GE1,At least once,AC522A,"Live performances (theatre, concerts, ballet)",TOTAL,Total,TOTAL,Total,TOTAL,Total,PC,Percentage,FR,France,2022,,22.2,,,,,
dataflow,ESTAT:ILC_SCP04$DV_2741(1.0),"Persons participating in in cultural or sport activities in the last 12 months by income quintile, household composition, degree of urbanisation, activity type and frequency",A,Annual,GE1,At least once,AC522A,"Live performances (theatre, concerts, ballet)",TOTAL,Total,TOTAL,Total,TOTAL,Total,PC,Percentage,HR,Croatia,2015,,26.3,,,,,
dataflow,ESTAT:ILC_SCP04$DV_2741(1.0),"Persons participating in in cultural or sport activities in the last 12 months by income quintile, household composition, degree of urbanisation, activity type and frequency",A,Annual,GE1,At least once,AC522A,"Live performances (theatre, concerts, ballet)",TOTAL,Total,TOTAL,Total,TOTAL,Total,PC,Percentage,HR,Croatia,2022,,22.3,,,,,
dataflow,ESTAT:ILC_SCP04$DV_2741(1.0),"Persons participating in in cultural or sport activities in the last 12 months by income quintile, household composition, degree of urbanisation, activity type and frequency",A,Annual,GE1,At least once,AC522A,"Live performances (theatre, concerts, ballet)",TOTAL,Total,TOTAL,Total,TOTAL,Total,PC,Percentage,HU,Hungary,2015,,31.0,,,,,
dataflow,ESTAT:ILC_SCP04$DV_2741(1.0),"Persons participating in in cultural or sport activities in the last 12 months by income quintile, household composition, degree of urbanisation, activity type and frequency",A,Annual,GE1,At least once,AC522A,"Live performances (theatre, concerts, ballet)",TOTAL,Total,TOTAL,Total,TOTAL,Total,PC,Percentage,HU,Hungary,2022,,22.0,,,,,
dataflow,ESTAT:ILC_SCP04$DV_2741(1.0),"Persons participating in in cultural or sport activities in the last 12 months by income quintile, household composition, degree of urbanisation, activity type and frequency",A,Annual,GE1,At least once,AC522A,"Live performances (theatre, concerts, ballet)",TOTAL,Total,TOTAL,Total,TOTAL,Total,PC,Percentage,IE,Ireland,2015,,45.0,,u,low reliability,,
dataflow,ESTAT:ILC_SCP04$DV_2741(1.0),"Persons participating in in cultural or sport activities in the last 12 months by income quintile, household composition, degree of urbanisation, activity type and frequency",A,Annual,GE1,At least once,AC522A,"Live performances (theatre, concerts, ballet)",TOTAL,Total,TOTAL,Total,TOTAL,Total,PC,Percentage,IE,Ireland,2022,,32.9,,,,,
dataflow,ESTAT:ILC_SCP04$DV_2741(1.0),"Persons participating in in cultural or sport activities in the last 12 months by income quintile, household composition, degree of urbanisation, activity type and frequency",A,Annual,GE1,At least once,AC522A,"Live performances (theatre, concerts, ballet)",TOTAL,Total,TOTAL,Total,TOTAL,Total,PC,Percentage,IS,Iceland,2015,,73.3,,,,,
dataflow,ESTAT:ILC_SCP04$DV_2741(1.0),"Persons participating in in cultural or sport activities in the last 12 months by income quintile, household composition, degree of urbanisation, activity type and frequency",A,Annual,GE1,At least once,AC522A,"Live performances (theatre, concerts, ballet)",TOTAL,Total,TOTAL,Total,TOTAL,Total,PC,Percentage,IT,Italy,2015,,25.3,,,,,
dataflow,ESTAT:ILC_SCP04$DV_2741(1.0),"Persons participating in in cultural or sport activities in the last 12 months by income quintile, household composition, degree of urbanisation, activity type and frequency",A,Annual,GE1,At least once,AC522A,"Live performances (theatre, concerts, ballet)",TOTAL,Total,TOTAL,Total,TOTAL,Total,PC,Percentage,IT,Italy,2022,,19.1,,,,,
dataflow,ESTAT:ILC_SCP04$DV_2741(1.0),"Persons participating in in cultural or sport activities in the last 12 months by income quintile, household composition, degree of urbanisation, activity type and frequency",A,Annual,GE1,At least once,AC522A,"Live performances (theatre, concerts, ballet)",TOTAL,Total,TOTAL,Total,TOTAL,Total,PC,Percentage,LT,Lithuania,2015,,56.7,,,,,
dataflow,ESTAT:ILC_SCP04$DV_2741(1.0),"Persons participating in in cultural or sport activities in the last 12 months by income quintile, household composition, degree of urbanisation, activity type and frequency",A,Annual,GE1,At least once,AC522A,"Live performances (theatre, concerts, ballet)",TOTAL,Total,TOTAL,Total,TOTAL,Total,PC,Percentage,LT,Lithuania,2022,,35.1,,,,,
dataflow,ESTAT:ILC_SCP04$DV_2741(1.0),"Persons participating in in cultural or sport activities in the last 12 months by income quintile, household composition, degree of urbanisation, activity type and frequency",A,Annual,GE1,At least once,AC522A,"Live performances (theatre, concerts, ballet)",TOTAL,Total,TOTAL,Total,TOTAL,Total,PC,Percentage,LU,Luxembourg,2015,,57.9,,,,,
dataflow,ESTAT:ILC_SCP04$DV_2741(1.0),"Persons participating in in cultural or sport activities in the last 12 months by income quintile, household composition, degree of urbanisation, activity type and frequency",A,Annual,GE1,At least once,AC522A,"Live performances (theatre, concerts, ballet)",TOTAL,Total,TOTAL,Total,TOTAL,Total,PC,Percentage,LU,Luxembourg,2022,,48.3,,,,,
dataflow,ESTAT:ILC_SCP04$DV_2741(1.0),"Persons participating in in cultural or sport activities in the last 12 months by income quintile, household composition, degree of urbanisation, activity type and frequency",A,Annual,GE1,At least once,AC522A,"Live performances (theatre, concerts, ballet)",TOTAL,Total,TOTAL,Total,TOTAL,Total,PC,Percentage,LV,Latvia,2015,,52.4,,,,,
dataflow,ESTAT:ILC_SCP04$DV_2741(1.0),"Persons participating in in cultural or sport activities in the last 12 months by income quintile, household composition, degree of urbanisation, activity type and frequency",A,Annual,GE1,At least once,AC522A,"Live performances (theatre, concerts, ballet)",TOTAL,Total,TOTAL,Total,TOTAL,Total,PC,Percentage,LV,Latvia,2022,,23.1,,,,,
dataflow,ESTAT:ILC_SCP04$DV_2741(1.0),"Persons participating in in cultural or sport activities in the last 12 months by income quintile, household composition, degree of urbanisation, activity type and frequency",A,Annual,GE1,At least once,AC522A,"Live performances (theatre, concerts, ballet)",TOTAL,Total,TOTAL,Total,TOTAL,Total,PC,Percentage,MT,Malta,2015,,29.1,,,,,
dataflow,ESTAT:ILC_SCP04$DV_2741(1.0),"Persons participating in in cultural or sport activities in the last 12 months by income quintile, household composition, degree of urbanisation, activity type and frequency",A,Annual,GE1,At least once,AC522A,"Live performances (theatre, concerts, ballet)",TOTAL,Total,TOTAL,Total,TOTAL,Total,PC,Percentage,MT,Malta,2022,,22.4,,,,,
dataflow,ESTAT:ILC_SCP04$DV_2741(1.0),"Persons participating in in cultural or sport activities in the last 12 months by income quintile, household composition, degree of urbanisation, activity type and frequency",A,Annual,GE1,At least once,AC522A,"Live performances (theatre, concerts, ballet)",TOTAL,Total,TOTAL,Total,TOTAL,Total,PC,Percentage,NL,Netherlands,2015,,60.3,,,,,
dataflow,ESTAT:ILC_SCP04$DV_2741(1.0),"Persons participating in in cultural or sport activities in the last 12 months by income quintile, household composition, degree of urbanisation, activity type and frequency",A,Annual,GE1,At least once,AC522A,"Live performances (theatre, concerts, ballet)",TOTAL,Total,TOTAL,Total,TOTAL,Total,PC,Percentage,NL,Netherlands,2022,,37.3,,,,,
dataflow,ESTAT:ILC_SCP04$DV_2741(1.0),"Persons participating in in cultural or sport activities in the last 12 months by income quintile, household composition, degree of urbanisation, activity type and frequency",A,Annual,GE1,At least once,AC522A,"Live performances (theatre, concerts, ballet)",TOTAL,Total,TOTAL,Total,TOTAL,Total,PC,Percentage,NO,Norway,2015,,62.5,,,,,
dataflow,ESTAT:ILC_SCP04$DV_2741(1.0),"Persons participating in in cultural or sport activities in the last 12 months by income quintile, household composition, degree of urbanisation, activity type and frequency",A,Annual,GE1,At least once,AC522A,"Live performances (theatre, concerts, ballet)",TOTAL,Total,TOTAL,Total,TOTAL,Total,PC,Percentage,NO,Norway,2022,,41.7,,,,,
dataflow,ESTAT:ILC_SCP04$DV_2741(1.0),"Persons participating in in cultural or sport activities in the last 12 months by income quintile, household composition, degree of urbanisation, activity type and frequency",A,Annual,GE1,At least once,AC522A,"Live performances (theatre, concerts, ballet)",TOTAL,Total,TOTAL,Total,TOTAL,Total,PC,Percentage,PL,Poland,2015,,25.9,,u,low reliability,,
dataflow,ESTAT:ILC_SCP04$DV_2741(1.0),"Persons participating in in cultural or sport activities in the last 12 months by income quintile, household composition, degree of urbanisation, activity type and frequency",A,Annual,GE1,At least once,AC522A,"Live performances (theatre, concerts, ballet)",TOTAL,Total,TOTAL,Total,TOTAL,Total,PC,Percentage,PL,Poland,2022,,18.7,,,,,
dataflow,ESTAT:ILC_SCP04$DV_2741(1.0),"Persons participating in in cultural or sport activities in the last 12 months by income quintile, household composition, degree of urbanisation, activity type and frequency",A,Annual,GE1,At least once,AC522A,"Live performances (theatre, concerts, ballet)",TOTAL,Total,TOTAL,Total,TOTAL,Total,PC,Percentage,PT,Portugal,2015,,48.0,,,,,
dataflow,ESTAT:ILC_SCP04$DV_2741(1.0),"Persons participating in in cultural or sport activities in the last 12 months by income quintile, household composition, degree of urbanisation, activity type and frequency",A,Annual,GE1,At least once,AC522A,"Live performances (theatre, concerts, ballet)",TOTAL,Total,TOTAL,Total,TOTAL,Total,PC,Percentage,PT,Portugal,2022,,30.8,,,,,
dataflow,ESTAT:ILC_SCP04$DV_2741(1.0),"Persons participating in in cultural or sport activities in the last 12 months by income quintile, household composition, degree of urbanisation, activity type and frequency",A,Annual,GE1,At least once,AC522A,"Live performances (theatre, concerts, ballet)",TOTAL,Total,TOTAL,Total,TOTAL,Total,PC,Percentage,RO,Romania,2015,,21.4,,,,,
dataflow,ESTAT:ILC_SCP04$DV_2741(1.0),"Persons participating in in cultural or sport activities in the last 12 months by income quintile, household composition, degree of urbanisation, activity type and frequency",A,Annual,GE1,At least once,AC522A,"Live performances (theatre, concerts, ballet)",TOTAL,Total,TOTAL,Total,TOTAL,Total,PC,Percentage,RO,Romania,2022,,10.4,,,,,
dataflow,ESTAT:ILC_SCP04$DV_2741(1.0),"Persons participating in in cultural or sport activities in the last 12 months by income quintile, household composition, degree of urbanisation, activity type and frequency",A,Annual,GE1,At least once,AC522A,"Live performances (theatre, concerts, ballet)",TOTAL,Total,TOTAL,Total,TOTAL,Total,PC,Percentage,RS,Serbia,2015,,21.1,,,,,
dataflow,ESTAT:ILC_SCP04$DV_2741(1.0),"Persons participating in in cultural or sport activities in the last 12 months by income quintile, household composition, degree of urbanisation, activity type and frequency",A,Annual,GE1,At least once,AC522A,"Live performances (theatre, concerts, ballet)",TOTAL,Total,TOTAL,Total,TOTAL,Total,PC,Percentage,RS,Serbia,2022,,20.5,,,,,
dataflow,ESTAT:ILC_SCP04$DV_2741(1.0),"Persons participating in in cultural or sport activities in the last 12 months by income quintile, household composition, degree of urbanisation, activity type and frequency",A,Annual,GE1,At least once,AC522A,"Live performances (theatre, concerts, ballet)",TOTAL,Total,TOTAL,Total,TOTAL,Total,PC,Percentage,SE,Sweden,2015,,57.0,,,,,
dataflow,ESTAT:ILC_SCP04$DV_2741(1.0),"Persons participating in in cultural or sport activities in the last 12 months by income quintile, household composition, degree of urbanisation, activity type and frequency",A,Annual,GE1,At least once,AC522A,"Live performances (theatre, concerts, ballet)",TOTAL,Total,TOTAL,Total,TOTAL,Total,PC,Percentage,SE,Sweden,2022,,30.3,,,,,
dataflow,ESTAT:ILC_SCP04$DV_2741(1.0),"Persons participating in in cultural or sport activities in the last 12 months by income quintile, household composition, degree of urbanisation, activity type and frequency",A,Annual,GE1,At least once,AC522A,"Live performances (theatre, concerts, ballet)",TOTAL,Total,TOTAL,Total,TOTAL,Total,PC,Percentage,SI,Slovenia,2015,,56.8,,,,,
dataflow,ESTAT:ILC_SCP04$DV_2741(1.0),"Persons participating in in cultural or sport activities in the last 12 months by income quintile, household composition, degree of urbanisation, activity type and frequency",A,Annual,GE1,At least once,AC522A,"Live performances (theatre, concerts, ballet)",TOTAL,Total,TOTAL,Total,TOTAL,Total,PC,Percentage,SI,Slovenia,2022,,32.7,,,,,
dataflow,ESTAT:ILC_SCP04$DV_2741(1.0),"Persons participating in in cultural or sport activities in the last 12 months by income quintile, household composition, degree of urbanisation, activity type and frequency",A,Annual,GE1,At least once,AC522A,"Live performances (theatre, concerts, ballet)",TOTAL,Total,TOTAL,Total,TOTAL,Total,PC,Percentage,SK,Slovakia,2015,,40.3,,,,,
dataflow,ESTAT:ILC_SCP04$DV_2741(1.0),"Persons participating in in cultural or sport activities in the last 12 months by income quintile, household composition, degree of urbanisation, activity type and frequency",A,Annual,GE1,At least once,AC522A,"Live performances (theatre, concerts, ballet)",TOTAL,Total,TOTAL,Total,TOTAL,Total,PC,Percentage,SK,Slovakia,2022,,14.4,,,,,
dataflow,ESTAT:ILC_SCP04$DV_2741(1.0),"Persons participating in in cultural or sport activities in the last 12 months by income quintile, household composition, degree of urbanisation, activity type and frequency",A,Annual,GE1,At least once,AC522A,"Live performances (theatre, concerts, ballet)",TOTAL,Total,TOTAL,Total,TOTAL,Total,PC,Percentage,UK,United Kingdom,2015,,50.3,,u,low reliability,,
dataflow,ESTAT:ILC_SCP04$DV_2741(1.0),"Persons participating in in cultural or sport activities in the last 12 months by income quintile, household composition, degree of urbanisation, activity type and frequency",A,Annual,GE1,At least once,AC523H,"Cultural sites (historical monuments, museums, art galleries or archaeological sites)",TOTAL,Total,TOTAL,Total,TOTAL,Total,PC,Percentage,AL,Albania,2022,,15.4,,,,,
dataflow,ESTAT:ILC_SCP04$DV_2741(1.0),"Persons participating in in cultural or sport activities in the last 12 months by income quintile, household composition, degree of urbanisation, activity type and frequency",A,Annual,GE1,At least once,AC523H,"Cultural sites (historical monuments, museums, art galleries or archaeological sites)",TOTAL,Total,TOTAL,Total,TOTAL,Total,PC,Percentage,AT,Austria,2015,,44.0,,,,,
dataflow,ESTAT:ILC_SCP04$DV_2741(1.0),"Persons participating in in cultural or sport activities in the last 12 months by income quintile, household composition, degree of urbanisation, activity type and frequency",A,Annual,GE1,At least once,AC523H,"Cultural sites (historical monuments, museums, art galleries or archaeological sites)",TOTAL,Total,TOTAL,Total,TOTAL,Total,PC,Percentage,AT,Austria,2022,,32.0,,,,,
dataflow,ESTAT:ILC_SCP04$DV_2741(1.0),"Persons participating in in cultural or sport activities in the last 12 months by income quintile, household composition, degree of urbanisation, activity type and frequency",A,Annual,GE1,At least once,AC523H,"Cultural sites (historical monuments, museums, art galleries or archaeological sites)",TOTAL,Total,TOTAL,Total,TOTAL,Total,PC,Percentage,BE,Belgium,2015,,43.0,,,,,
dataflow,ESTAT:ILC_SCP04$DV_2741(1.0),"Persons participating in in cultural or sport activities in the last 12 months by income quintile, household composition, degree of urbanisation, activity type and frequency",A,Annual,GE1,At least once,AC523H,"Cultural sites (historical monuments, museums, art galleries or archaeological sites)",TOTAL,Total,TOTAL,Total,TOTAL,Total,PC,Percentage,BE,Belgium,2022,,38.7,,,,,
dataflow,ESTAT:ILC_SCP04$DV_2741(1.0),"Persons participating in in cultural or sport activities in the last 12 months by income quintile, household composition, degree of urbanisation, activity type and frequency",A,Annual,GE1,At least once,AC523H,"Cultural sites (historical monuments, museums, art galleries or archaeological sites)",TOTAL,Total,TOTAL,Total,TOTAL,Total,PC,Percentage,BG,Bulgaria,2015,,14.7,,,,,
dataflow,ESTAT:ILC_SCP04$DV_2741(1.0),"Persons participating in in cultural or sport activities in the last 12 months by income quintile, household composition, degree of urbanisation, activity type and frequency",A,Annual,GE1,At least once,AC523H,"Cultural sites (historical monuments, museums, art galleries or archaeological sites)",TOTAL,Total,TOTAL,Total,TOTAL,Total,PC,Percentage,BG,Bulgaria,2022,,11.2,,,,,
dataflow,ESTAT:ILC_SCP04$DV_2741(1.0),"Persons participating in in cultural or sport activities in the last 12 months by income quintile, household composition, degree of urbanisation, activity type and frequency",A,Annual,GE1,At least once,AC523H,"Cultural sites (historical monuments, museums, art galleries or archaeological sites)",TOTAL,Total,TOTAL,Total,TOTAL,Total,PC,Percentage,CH,Switzerland,2015,,62.1,,,,,
dataflow,ESTAT:ILC_SCP04$DV_2741(1.0),"Persons participating in in cultural or sport activities in the last 12 months by income quintile, household composition, degree of urbanisation, activity type and frequency",A,Annual,GE1,At least once,AC523H,"Cultural sites (historical monuments, museums, art galleries or archaeological sites)",TOTAL,Total,TOTAL,Total,TOTAL,Total,PC,Percentage,CH,Switzerland,2022,,53.7,,,,,
dataflow,ESTAT:ILC_SCP04$DV_2741(1.0),"Persons participating in in cultural or sport activities in the last 12 months by income quintile, household composition, degree of urbanisation, activity type and frequency",A,Annual,GE1,At least once,AC523H,"Cultural sites (historical monuments, museums, art galleries or archaeological sites)",TOTAL,Total,TOTAL,Total,TOTAL,Total,PC,Percentage,CY,Cyprus,2015,,20.5,,,,,
dataflow,ESTAT:ILC_SCP04$DV_2741(1.0),"Persons participating in in cultural or sport activities in the last 12 months by income quintile, household composition, degree of urbanisation, activity type and frequency",A,Annual,GE1,At least once,AC523H,"Cultural sites (historical monuments, museums, art galleries or archaeological sites)",TOTAL,Total,TOTAL,Total,TOTAL,Total,PC,Percentage,CY,Cyprus,2022,,13.7,,,,,
dataflow,ESTAT:ILC_SCP04$DV_2741(1.0),"Persons participating in in cultural or sport activities in the last 12 months by income quintile, household composition, degree of urbanisation, activity type and frequency",A,Annual,GE1,At least once,AC523H,"Cultural sites (historical monuments, museums, art galleries or archaeological sites)",TOTAL,Total,TOTAL,Total,TOTAL,Total,PC,Percentage,CZ,Czechia,2015,,52.1,,,,,
dataflow,ESTAT:ILC_SCP04$DV_2741(1.0),"Persons participating in in cultural or sport activities in the last 12 months by income quintile, household composition, degree of urbanisation, activity type and frequency",A,Annual,GE1,At least once,AC523H,"Cultural sites (historical monuments, museums, art galleries or archaeological sites)",TOTAL,Total,TOTAL,Total,TOTAL,Total,PC,Percentage,CZ,Czechia,2022,,42.0,,,,,
dataflow,ESTAT:ILC_SCP04$DV_2741(1.0),"Persons participating in in cultural or sport activities in the last 12 months by income quintile, household composition, degree of urbanisation, activity type and frequency",A,Annual,GE1,At least once,AC523H,"Cultural sites (historical monuments, museums, art galleries or archaeological sites)",TOTAL,Total,TOTAL,Total,TOTAL,Total,PC,Percentage,DE,Germany,2015,,49.8,,,,,
dataflow,ESTAT:ILC_SCP04$DV_2741(1.0),"Persons participating in in cultural or sport activities in the last 12 months by income quintile, household composition, degree of urbanisation, activity type and frequency",A,Annual,GE1,At least once,AC523H,"Cultural sites (historical monuments, museums, art galleries or archaeological sites)",TOTAL,Total,TOTAL,Total,TOTAL,Total,PC,Percentage,DE,Germany,2022,,,,u,low reliability,,
dataflow,ESTAT:ILC_SCP04$DV_2741(1.0),"Persons participating in in cultural or sport activities in the last 12 months by income quintile, household composition, degree of urbanisation, activity type and frequency",A,Annual,GE1,At least once,AC523H,"Cultural sites (historical monuments, museums, art galleries or archaeological sites)",TOTAL,Total,TOTAL,Total,TOTAL,Total,PC,Percentage,DK,Denmark,2015,,61.1,,,,,
dataflow,ESTAT:ILC_SCP04$DV_2741(1.0),"Persons participating in in cultural or sport activities in the last 12 months by income quintile, household composition, degree of urbanisation, activity type and frequency",A,Annual,GE1,At least once,AC523H,"Cultural sites (historical monuments, museums, art galleries or archaeological sites)",TOTAL,Total,TOTAL,Total,TOTAL,Total,PC,Percentage,DK,Denmark,2022,,53.9,,,,,
dataflow,ESTAT:ILC_SCP04$DV_2741(1.0),"Persons participating in in cultural or sport activities in the last 12 months by income quintile, household composition, degree of urbanisation, activity type and frequency",A,Annual,GE1,At least once,AC523H,"Cultural sites (historical monuments, museums, art galleries or archaeological sites)",TOTAL,Total,TOTAL,Total,TOTAL,Total,PC,Percentage,EE,Estonia,2015,,44.2,,,,,
dataflow,ESTAT:ILC_SCP04$DV_2741(1.0),"Persons participating in in cultural or sport activities in the last 12 months by income quintile, household composition, degree of urbanisation, activity type and frequency",A,Annual,GE1,At least once,AC523H,"Cultural sites (historical monuments, museums, art galleries or archaeological sites)",TOTAL,Total,TOTAL,Total,TOTAL,Total,PC,Percentage,EE,Estonia,2022,,39.5,,,,,
dataflow,ESTAT:ILC_SCP04$DV_2741(1.0),"Persons participating in in cultural or sport activities in the last 12 months by income quintile, household composition, degree of urbanisation, activity type and frequency",A,Annual,GE1,At least once,AC523H,"Cultural sites (historical monuments, museums, art galleries or archaeological sites)",TOTAL,Total,TOTAL,Total,TOTAL,Total,PC,Percentage,EL,Greece,2015,,16.9,,,,,
dataflow,ESTAT:ILC_SCP04$DV_2741(1.0),"Persons participating in in cultural or sport activities in the last 12 months by income quintile, household composition, degree of urbanisation, activity type and frequency",A,Annual,GE1,At least once,AC523H,"Cultural sites (historical monuments, museums, art galleries or archaeological sites)",TOTAL,Total,TOTAL,Total,TOTAL,Total,PC,Percentage,EL,Greece,2022,,17.9,,,,,
dataflow,ESTAT:ILC_SCP04$DV_2741(1.0),"Persons participating in in cultural or sport activities in the last 12 months by income quintile, household composition, degree of urbanisation, activity type and frequency",A,Annual,GE1,At least once,AC523H,"Cultural sites (historical monuments, museums, art galleries or archaeological sites)",TOTAL,Total,TOTAL,Total,TOTAL,Total,PC,Percentage,ES,Spain,2015,,34.2,,,,,
dataflow,ESTAT:ILC_SCP04$DV_2741(1.0),"Persons participating in in cultural or sport activities in the last 12 months by income quintile, household composition, degree of urbanisation, activity type and frequency",A,Annual,GE1,At least once,AC523H,"Cultural sites (historical monuments, museums, art galleries or archaeological sites)",TOTAL,Total,TOTAL,Total,TOTAL,Total,PC,Percentage,ES,Spain,2022,,39.2,,,,,
dataflow,ESTAT:ILC_SCP04$DV_2741(1.0),"Persons participating in in cultural or sport activities in the last 12 months by income quintile, household composition, degree of urbanisation, activity type and frequency",A,Annual,GE1,At least once,AC523H,"Cultural sites (historical monuments, museums, art galleries or archaeological sites)",TOTAL,Total,TOTAL,Total,TOTAL,Total,PC,Percentage,EU27_2020,European Union - 27 countries (from 2020),2015,,40.9,,,,,
dataflow,ESTAT:ILC_SCP04$DV_2741(1.0),"Persons participating in in cultural or sport activities in the last 12 months by income quintile, household composition, degree of urbanisation, activity type and frequency",A,Annual,GE1,At least once,AC523H,"Cultural sites (historical monuments, museums, art galleries or archaeological sites)",TOTAL,Total,TOTAL,Total,TOTAL,Total,PC,Percentage,FI,Finland,2015,,61.4,,,,,
dataflow,ESTAT:ILC_SCP04$DV_2741(1.0),"Persons participating in in cultural or sport activities in the last 12 months by income quintile, household composition, degree of urbanisation, activity type and frequency",A,Annual,GE1,At least once,AC523H,"Cultural sites (historical monuments, museums, art galleries or archaeological sites)",TOTAL,Total,TOTAL,Total,TOTAL,Total,PC,Percentage,FI,Finland,2022,,45.4,,,,,
dataflow,ESTAT:ILC_SCP04$DV_2741(1.0),"Persons participating in in cultural or sport activities in the last 12 months by income quintile, household composition, degree of urbanisation, activity type and frequency",A,Annual,GE1,At least once,AC523H,"Cultural sites (historical monuments, museums, art galleries or archaeological sites)",TOTAL,Total,TOTAL,Total,TOTAL,Total,PC,Percentage,FR,France,2015,,53.5,,,,,
dataflow,ESTAT:ILC_SCP04$DV_2741(1.0),"Persons participating in in cultural or sport activities in the last 12 months by income quintile, household composition, degree of urbanisation, activity type and frequency",A,Annual,GE1,At least once,AC523H,"Cultural sites (historical monuments, museums, art galleries or archaeological sites)",TOTAL,Total,TOTAL,Total,TOTAL,Total,PC,Percentage,FR,France,2022,,32.3,,,,,
dataflow,ESTAT:ILC_SCP04$DV_2741(1.0),"Persons participating in in cultural or sport activities in the last 12 months by income quintile, household composition, degree of urbanisation, activity type and frequency",A,Annual,GE1,At least once,AC523H,"Cultural sites (historical monuments, museums, art galleries or archaeological sites)",TOTAL,Total,TOTAL,Total,TOTAL,Total,PC,Percentage,HR,Croatia,2015,,19.2,,,,,
dataflow,ESTAT:ILC_SCP04$DV_2741(1.0),"Persons participating in in cultural or sport activities in the last 12 months by income quintile, household composition, degree of urbanisation, activity type and frequency",A,Annual,GE1,At least once,AC523H,"Cultural sites (historical monuments, museums, art galleries or archaeological sites)",TOTAL,Total,TOTAL,Total,TOTAL,Total,PC,Percentage,HR,Croatia,2022,,18.9,,,,,
dataflow,ESTAT:ILC_SCP04$DV_2741(1.0),"Persons participating in in cultural or sport activities in the last 12 months by income quintile, household composition, degree of urbanisation, activity type and frequency",A,Annual,GE1,At least once,AC523H,"Cultural sites (historical monuments, museums, art galleries or archaeological sites)",TOTAL,Total,TOTAL,Total,TOTAL,Total,PC,Percentage,HU,Hungary,2015,,34.8,,,,,
dataflow,ESTAT:ILC_SCP04$DV_2741(1.0),"Persons participating in in cultural or sport activities in the last 12 months by income quintile, household composition, degree of urbanisation, activity type and frequency",A,Annual,GE1,At least once,AC523H,"Cultural sites (historical monuments, museums, art galleries or archaeological sites)",TOTAL,Total,TOTAL,Total,TOTAL,Total,PC,Percentage,HU,Hungary,2022,,22.1,,,,,
dataflow,ESTAT:ILC_SCP04$DV_2741(1.0),"Persons participating in in cultural or sport activities in the last 12 months by income quintile, household composition, degree of urbanisation, activity type and frequency",A,Annual,GE1,At least once,AC523H,"Cultural sites (historical monuments, museums, art galleries or archaeological sites)",TOTAL,Total,TOTAL,Total,TOTAL,Total,PC,Percentage,IE,Ireland,2015,,39.4,,u,low reliability,,
dataflow,ESTAT:ILC_SCP04$DV_2741(1.0),"Persons participating in in cultural or sport activities in the last 12 months by income quintile, household composition, degree of urbanisation, activity type and frequency",A,Annual,GE1,At least once,AC523H,"Cultural sites (historical monuments, museums, art galleries or archaeological sites)",TOTAL,Total,TOTAL,Total,TOTAL,Total,PC,Percentage,IE,Ireland,2022,,36.3,,,,,
dataflow,ESTAT:ILC_SCP04$DV_2741(1.0),"Persons participating in in cultural or sport activities in the last 12 months by income quintile, household composition, degree of urbanisation, activity type and frequency",A,Annual,GE1,At least once,AC523H,"Cultural sites (historical monuments, museums, art galleries or archaeological sites)",TOTAL,Total,TOTAL,Total,TOTAL,Total,PC,Percentage,IS,Iceland,2015,,53.6,,,,,
dataflow,ESTAT:ILC_SCP04$DV_2741(1.0),"Persons participating in in cultural or sport activities in the last 12 months by income quintile, household composition, degree of urbanisation, activity type and frequency",A,Annual,GE1,At least once,AC523H,"Cultural sites (historical monuments, museums, art galleries or archaeological sites)",TOTAL,Total,TOTAL,Total,TOTAL,Total,PC,Percentage,IT,Italy,2015,,26.1,,,,,
dataflow,ESTAT:ILC_SCP04$DV_2741(1.0),"Persons participating in in cultural or sport activities in the last 12 months by income quintile, household composition, degree of urbanisation, activity type and frequency",A,Annual,GE1,At least once,AC523H,"Cultural sites (historical monuments, museums, art galleries or archaeological sites)",TOTAL,Total,TOTAL,Total,TOTAL,Total,PC,Percentage,IT,Italy,2022,,18.0,,,,,
dataflow,ESTAT:ILC_SCP04$DV_2741(1.0),"Persons participating in in cultural or sport activities in the last 12 months by income quintile, household composition, degree of urbanisation, activity type and frequency",A,Annual,GE1,At least once,AC523H,"Cultural sites (historical monuments, museums, art galleries or archaeological sites)",TOTAL,Total,TOTAL,Total,TOTAL,Total,PC,Percentage,LT,Lithuania,2015,,31.2,,,,,
dataflow,ESTAT:ILC_SCP04$DV_2741(1.0),"Persons participating in in cultural or sport activities in the last 12 months by income quintile, household composition, degree of urbanisation, activity type and frequency",A,Annual,GE1,At least once,AC523H,"Cultural sites (historical monuments, museums, art galleries or archaeological sites)",TOTAL,Total,TOTAL,Total,TOTAL,Total,PC,Percentage,LT,Lithuania,2022,,29.7,,,,,
dataflow,ESTAT:ILC_SCP04$DV_2741(1.0),"Persons participating in in cultural or sport activities in the last 12 months by income quintile, household composition, degree of urbanisation, activity type and frequency",A,Annual,GE1,At least once,AC523H,"Cultural sites (historical monuments, museums, art galleries or archaeological sites)",TOTAL,Total,TOTAL,Total,TOTAL,Total,PC,Percentage,LU,Luxembourg,2015,,55.6,,,,,
dataflow,ESTAT:ILC_SCP04$DV_2741(1.0),"Persons participating in in cultural or sport activities in the last 12 months by income quintile, household composition, degree of urbanisation, activity type and frequency",A,Annual,GE1,At least once,AC523H,"Cultural sites (historical monuments, museums, art galleries or archaeological sites)",TOTAL,Total,TOTAL,Total,TOTAL,Total,PC,Percentage,LU,Luxembourg,2022,,62.9,,,,,
dataflow,ESTAT:ILC_SCP04$DV_2741(1.0),"Persons participating in in cultural or sport activities in the last 12 months by income quintile, household composition, degree of urbanisation, activity type and frequency",A,Annual,GE1,At least once,AC523H,"Cultural sites (historical monuments, museums, art galleries or archaeological sites)",TOTAL,Total,TOTAL,Total,TOTAL,Total,PC,Percentage,LV,Latvia,2015,,44.2,,,,,
dataflow,ESTAT:ILC_SCP04$DV_2741(1.0),"Persons participating in in cultural or sport activities in the last 12 months by income quintile, household composition, degree of urbanisation, activity type and frequency",A,Annual,GE1,At least once,AC523H,"Cultural sites (historical monuments, museums, art galleries or archaeological sites)",TOTAL,Total,TOTAL,Total,TOTAL,Total,PC,Percentage,LV,Latvia,2022,,31.3,,,,,
dataflow,ESTAT:ILC_SCP04$DV_2741(1.0),"Persons participating in in cultural or sport activities in the last 12 months by income quintile, household composition, degree of urbanisation, activity type and frequency",A,Annual,GE1,At least once,AC523H,"Cultural sites (historical monuments, museums, art galleries or archaeological sites)",TOTAL,Total,TOTAL,Total,TOTAL,Total,PC,Percentage,MT,Malta,2015,,26.0,,,,,
dataflow,ESTAT:ILC_SCP04$DV_2741(1.0),"Persons participating in in cultural or sport activities in the last 12 months by income quintile, household composition, degree of urbanisation, activity type and frequency",A,Annual,GE1,At least once,AC523H,"Cultural sites (historical monuments, museums, art galleries or archaeological sites)",TOTAL,Total,TOTAL,Total,TOTAL,Total,PC,Percentage,MT,Malta,2022,,17.6,,,,,
dataflow,ESTAT:ILC_SCP04$DV_2741(1.0),"Persons participating in in cultural or sport activities in the last 12 months by income quintile, household composition, degree of urbanisation, activity type and frequency",A,Annual,GE1,At least once,AC523H,"Cultural sites (historical monuments, museums, art galleries or archaeological sites)",TOTAL,Total,TOTAL,Total,TOTAL,Total,PC,Percentage,NL,Netherlands,2015,,61.2,,,,,
dataflow,ESTAT:ILC_SCP04$DV_2741(1.0),"Persons participating in in cultural or sport activities in the last 12 months by income quintile, household composition, degree of urbanisation, activity type and frequency",A,Annual,GE1,At least once,AC523H,"Cultural sites (historical monuments, museums, art galleries or archaeological sites)",TOTAL,Total,TOTAL,Total,TOTAL,Total,PC,Percentage,NL,Netherlands,2022,,43.5,,,,,
dataflow,ESTAT:ILC_SCP04$DV_2741(1.0),"Persons participating in in cultural or sport activities in the last 12 months by income quintile, household composition, degree of urbanisation, activity type and frequency",A,Annual,GE1,At least once,AC523H,"Cultural sites (historical monuments, museums, art galleries or archaeological sites)",TOTAL,Total,TOTAL,Total,TOTAL,Total,PC,Percentage,NO,Norway,2015,,54.9,,,,,
dataflow,ESTAT:ILC_SCP04$DV_2741(1.0),"Persons participating in in cultural or sport activities in the last 12 months by income quintile, household composition, degree of urbanisation, activity type and frequency",A,Annual,GE1,At least once,AC523H,"Cultural sites (historical monuments, museums, art galleries or archaeological sites)",TOTAL,Total,TOTAL,Total,TOTAL,Total,PC,Percentage,NO,Norway,2022,,36.8,,,,,
dataflow,ESTAT:ILC_SCP04$DV_2741(1.0),"Persons participating in in cultural or sport activities in the last 12 months by income quintile, household composition, degree of urbanisation, activity type and frequency",A,Annual,GE1,At least once,AC523H,"Cultural sites (historical monuments, museums, art galleries or archaeological sites)",TOTAL,Total,TOTAL,Total,TOTAL,Total,PC,Percentage,PL,Poland,2015,,37.8,,u,low reliability,,
dataflow,ESTAT:ILC_SCP04$DV_2741(1.0),"Persons participating in in cultural or sport activities in the last 12 months by income quintile, household composition, degree of urbanisation, activity type and frequency",A,Annual,GE1,At least once,AC523H,"Cultural sites (historical monuments, museums, art galleries or archaeological sites)",TOTAL,Total,TOTAL,Total,TOTAL,Total,PC,Percentage,PL,Poland,2022,,31.6,,,,,
dataflow,ESTAT:ILC_SCP04$DV_2741(1.0),"Persons participating in in cultural or sport activities in the last 12 months by income quintile, household composition, degree of urbanisation, activity type and frequency",A,Annual,GE1,At least once,AC523H,"Cultural sites (historical monuments, museums, art galleries or archaeological sites)",TOTAL,Total,TOTAL,Total,TOTAL,Total,PC,Percentage,PT,Portugal,2015,,37.4,,,,,
dataflow,ESTAT:ILC_SCP04$DV_2741(1.0),"Persons participating in in cultural or sport activities in the last 12 months by income quintile, household composition, degree of urbanisation, activity type and frequency",A,Annual,GE1,At least once,AC523H,"Cultural sites (historical monuments, museums, art galleries or archaeological sites)",TOTAL,Total,TOTAL,Total,TOTAL,Total,PC,Percentage,PT,Portugal,2022,,36.2,,,,,
dataflow,ESTAT:ILC_SCP04$DV_2741(1.0),"Persons participating in in cultural or sport activities in the last 12 months by income quintile, household composition, degree of urbanisation, activity type and frequency",A,Annual,GE1,At least once,AC523H,"Cultural sites (historical monuments, museums, art galleries or archaeological sites)",TOTAL,Total,TOTAL,Total,TOTAL,Total,PC,Percentage,RO,Romania,2015,,18.3,,,,,
dataflow,ESTAT:ILC_SCP04$DV_2741(1.0),"Persons participating in in cultural or sport activities in the last 12 months by income quintile, household composition, degree of urbanisation, activity type and frequency",A,Annual,GE1,At least once,AC523H,"Cultural sites (historical monuments, museums, art galleries or archaeological sites)",TOTAL,Total,TOTAL,Total,TOTAL,Total,PC,Percentage,RO,Romania,2022,,13.6,,,,,
dataflow,ESTAT:ILC_SCP04$DV_2741(1.0),"Persons participating in in cultural or sport activities in the last 12 months by income quintile, household composition, degree of urbanisation, activity type and frequency",A,Annual,GE1,At least once,AC523H,"Cultural sites (historical monuments, museums, art galleries or archaeological sites)",TOTAL,Total,TOTAL,Total,TOTAL,Total,PC,Percentage,RS,Serbia,2015,,12.6,,,,,
dataflow,ESTAT:ILC_SCP04$DV_2741(1.0),"Persons participating in in cultural or sport activities in the last 12 months by income quintile, household composition, degree of urbanisation, activity type and frequency",A,Annual,GE1,At least once,AC523H,"Cultural sites (historical monuments, museums, art galleries or archaeological sites)",TOTAL,Total,TOTAL,Total,TOTAL,Total,PC,Percentage,RS,Serbia,2022,,13.1,,,,,
dataflow,ESTAT:ILC_SCP04$DV_2741(1.0),"Persons participating in in cultural or sport activities in the last 12 months by income quintile, household composition, degree of urbanisation, activity type and frequency",A,Annual,GE1,At least once,AC523H,"Cultural sites (historical monuments, museums, art galleries or archaeological sites)",TOTAL,Total,TOTAL,Total,TOTAL,Total,PC,Percentage,SE,Sweden,2015,,66.9,,,,,
dataflow,ESTAT:ILC_SCP04$DV_2741(1.0),"Persons participating in in cultural or sport activities in the last 12 months by income quintile, household composition, degree of urbanisation, activity type and frequency",A,Annual,GE1,At least once,AC523H,"Cultural sites (historical monuments, museums, art galleries or archaeological sites)",TOTAL,Total,TOTAL,Total,TOTAL,Total,PC,Percentage,SE,Sweden,2022,,41.7,,,,,
dataflow,ESTAT:ILC_SCP04$DV_2741(1.0),"Persons participating in in cultural or sport activities in the last 12 months by income quintile, household composition, degree of urbanisation, activity type and frequency",A,Annual,GE1,At least once,AC523H,"Cultural sites (historical monuments, museums, art galleries or archaeological sites)",TOTAL,Total,TOTAL,Total,TOTAL,Total,PC,Percentage,SI,Slovenia,2015,,43.8,,,,,
dataflow,ESTAT:ILC_SCP04$DV_2741(1.0),"Persons participating in in cultural or sport activities in the last 12 months by income quintile, household composition, degree of urbanisation, activity type and frequency",A,Annual,GE1,At least once,AC523H,"Cultural sites (historical monuments, museums, art galleries or archaeological sites)",TOTAL,Total,TOTAL,Total,TOTAL,Total,PC,Percentage,SI,Slovenia,2022,,41.4,,,,,
dataflow,ESTAT:ILC_SCP04$DV_2741(1.0),"Persons participating in in cultural or sport activities in the last 12 months by income quintile, household composition, degree of urbanisation, activity type and frequency",A,Annual,GE1,At least once,AC523H,"Cultural sites (historical monuments, museums, art galleries or archaeological sites)",TOTAL,Total,TOTAL,Total,TOTAL,Total,PC,Percentage,SK,Slovakia,2015,,33.7,,,,,
dataflow,ESTAT:ILC_SCP04$DV_2741(1.0),"Persons participating in in cultural or sport activities in the last 12 months by income quintile, household composition, degree of urbanisation, activity type and frequency",A,Annual,GE1,At least once,AC523H,"Cultural sites (historical monuments, museums, art galleries or archaeological sites)",TOTAL,Total,TOTAL,Total,TOTAL,Total,PC,Percentage,SK,Slovakia,2022,,22.9,,,,,
dataflow,ESTAT:ILC_SCP04$DV_2741(1.0),"Persons participating in in cultural or sport activities in the last 12 months by income quintile, household composition, degree of urbanisation, activity type and frequency",A,Annual,GE1,At least once,AC523H,"Cultural sites (historical monuments, museums, art galleries or archaeological sites)",TOTAL,Total,TOTAL,Total,TOTAL,Total,PC,Percentage,UK,United Kingdom,2015,,55.2,,u,low reliability,,
dataflow,ESTAT:ILC_SCP04$DV_2741(1.0),"Persons participating in in cultural or sport activities in the last 12 months by income quintile, household composition, degree of urbanisation, activity type and frequency",A,Annual,GE1,At least once,AC525,Sports events,TOTAL,Total,TOTAL,Total,TOTAL,Total,PC,Percentage,AL,Albania,2022,,10.8,,,,,
dataflow,ESTAT:ILC_SCP04$DV_2741(1.0),"Persons participating in in cultural or sport activities in the last 12 months by income quintile, household composition, degree of urbanisation, activity type and frequency",A,Annual,GE1,At least once,AC525,Sports events,TOTAL,Total,TOTAL,Total,TOTAL,Total,PC,Percentage,AT,Austria,2015,,35.8,,,,,
dataflow,ESTAT:ILC_SCP04$DV_2741(1.0),"Persons participating in in cultural or sport activities in the last 12 months by income quintile, household composition, degree of urbanisation, activity type and frequency",A,Annual,GE1,At least once,AC525,Sports events,TOTAL,Total,TOTAL,Total,TOTAL,Total,PC,Percentage,AT,Austria,2022,,19.9,,,,,
dataflow,ESTAT:ILC_SCP04$DV_2741(1.0),"Persons participating in in cultural or sport activities in the last 12 months by income quintile, household composition, degree of urbanisation, activity type and frequency",A,Annual,GE1,At least once,AC525,Sports events,TOTAL,Total,TOTAL,Total,TOTAL,Total,PC,Percentage,BE,Belgium,2015,,31.4,,,,,
dataflow,ESTAT:ILC_SCP04$DV_2741(1.0),"Persons participating in in cultural or sport activities in the last 12 months by income quintile, household composition, degree of urbanisation, activity type and frequency",A,Annual,GE1,At least once,AC525,Sports events,TOTAL,Total,TOTAL,Total,TOTAL,Total,PC,Percentage,BE,Belgium,2022,,25.6,,,,,
dataflow,ESTAT:ILC_SCP04$DV_2741(1.0),"Persons participating in in cultural or sport activities in the last 12 months by income quintile, household composition, degree of urbanisation, activity type and frequency",A,Annual,GE1,At least once,AC525,Sports events,TOTAL,Total,TOTAL,Total,TOTAL,Total,PC,Percentage,BG,Bulgaria,2015,,17.5,,,,,
dataflow,ESTAT:ILC_SCP04$DV_2741(1.0),"Persons participating in in cultural or sport activities in the last 12 months by income quintile, household composition, degree of urbanisation, activity type and frequency",A,Annual,GE1,At least once,AC525,Sports events,TOTAL,Total,TOTAL,Total,TOTAL,Total,PC,Percentage,BG,Bulgaria,2022,,7.1,,,,,
dataflow,ESTAT:ILC_SCP04$DV_2741(1.0),"Persons participating in in cultural or sport activities in the last 12 months by income quintile, household composition, degree of urbanisation, activity type and frequency",A,Annual,GE1,At least once,AC525,Sports events,TOTAL,Total,TOTAL,Total,TOTAL,Total,PC,Percentage,CH,Switzerland,2015,,50.9,,,,,
dataflow,ESTAT:ILC_SCP04$DV_2741(1.0),"Persons participating in in cultural or sport activities in the last 12 months by income quintile, household composition, degree of urbanisation, activity type and frequency",A,Annual,GE1,At least once,AC525,Sports events,TOTAL,Total,TOTAL,Total,TOTAL,Total,PC,Percentage,CH,Switzerland,2022,,35.0,,,,,
dataflow,ESTAT:ILC_SCP04$DV_2741(1.0),"Persons participating in in cultural or sport activities in the last 12 months by income quintile, household composition, degree of urbanisation, activity type and frequency",A,Annual,GE1,At least once,AC525,Sports events,TOTAL,Total,TOTAL,Total,TOTAL,Total,PC,Percentage,CY,Cyprus,2015,,23.3,,,,,
dataflow,ESTAT:ILC_SCP04$DV_2741(1.0),"Persons participating in in cultural or sport activities in the last 12 months by income quintile, household composition, degree of urbanisation, activity type and frequency",A,Annual,GE1,At least once,AC525,Sports events,TOTAL,Total,TOTAL,Total,TOTAL,Total,PC,Percentage,CY,Cyprus,2022,,17.8,,,,,
dataflow,ESTAT:ILC_SCP04$DV_2741(1.0),"Persons participating in in cultural or sport activities in the last 12 months by income quintile, household composition, degree of urbanisation, activity type and frequency",A,Annual,GE1,At least once,AC525,Sports events,TOTAL,Total,TOTAL,Total,TOTAL,Total,PC,Percentage,CZ,Czechia,2015,,41.3,,,,,
dataflow,ESTAT:ILC_SCP04$DV_2741(1.0),"Persons participating in in cultural or sport activities in the last 12 months by income quintile, household composition, degree of urbanisation, activity type and frequency",A,Annual,GE1,At least once,AC525,Sports events,TOTAL,Total,TOTAL,Total,TOTAL,Total,PC,Percentage,CZ,Czechia,2022,,15.1,,,,,
dataflow,ESTAT:ILC_SCP04$DV_2741(1.0),"Persons participating in in cultural or sport activities in the last 12 months by income quintile, household composition, degree of urbanisation, activity type and frequency",A,Annual,GE1,At least once,AC525,Sports events,TOTAL,Total,TOTAL,Total,TOTAL,Total,PC,Percentage,DE,Germany,2015,,35.2,,,,,
dataflow,ESTAT:ILC_SCP04$DV_2741(1.0),"Persons participating in in cultural or sport activities in the last 12 months by income quintile, household composition, degree of urbanisation, activity type and frequency",A,Annual,GE1,At least once,AC525,Sports events,TOTAL,Total,TOTAL,Total,TOTAL,Total,PC,Percentage,DE,Germany,2022,,,,u,low reliability,,
dataflow,ESTAT:ILC_SCP04$DV_2741(1.0),"Persons participating in in cultural or sport activities in the last 12 months by income quintile, household composition, degree of urbanisation, activity type and frequency",A,Annual,GE1,At least once,AC525,Sports events,TOTAL,Total,TOTAL,Total,TOTAL,Total,PC,Percentage,DK,Denmark,2015,,40.6,,,,,
dataflow,ESTAT:ILC_SCP04$DV_2741(1.0),"Persons participating in in cultural or sport activities in the last 12 months by income quintile, household composition, degree of urbanisation, activity type and frequency",A,Annual,GE1,At least once,AC525,Sports events,TOTAL,Total,TOTAL,Total,TOTAL,Total,PC,Percentage,DK,Denmark,2022,,30.9,,,,,
dataflow,ESTAT:ILC_SCP04$DV_2741(1.0),"Persons participating in in cultural or sport activities in the last 12 months by income quintile, household composition, degree of urbanisation, activity type and frequency",A,Annual,GE1,At least once,AC525,Sports events,TOTAL,Total,TOTAL,Total,TOTAL,Total,PC,Percentage,EE,Estonia,2015,,27.4,,,,,
dataflow,ESTAT:ILC_SCP04$DV_2741(1.0),"Persons participating in in cultural or sport activities in the last 12 months by income quintile, household composition, degree of urbanisation, activity type and frequency",A,Annual,GE1,At least once,AC525,Sports events,TOTAL,Total,TOTAL,Total,TOTAL,Total,PC,Percentage,EE,Estonia,2022,,19.8,,,,,
dataflow,ESTAT:ILC_SCP04$DV_2741(1.0),"Persons participating in in cultural or sport activities in the last 12 months by income quintile, household composition, degree of urbanisation, activity type and frequency",A,Annual,GE1,At least once,AC525,Sports events,TOTAL,Total,TOTAL,Total,TOTAL,Total,PC,Percentage,EL,Greece,2015,,26.9,,,,,
dataflow,ESTAT:ILC_SCP04$DV_2741(1.0),"Persons participating in in cultural or sport activities in the last 12 months by income quintile, household composition, degree of urbanisation, activity type and frequency",A,Annual,GE1,At least once,AC525,Sports events,TOTAL,Total,TOTAL,Total,TOTAL,Total,PC,Percentage,EL,Greece,2022,,16.1,,,,,
dataflow,ESTAT:ILC_SCP04$DV_2741(1.0),"Persons participating in in cultural or sport activities in the last 12 months by income quintile, household composition, degree of urbanisation, activity type and frequency",A,Annual,GE1,At least once,AC525,Sports events,TOTAL,Total,TOTAL,Total,TOTAL,Total,PC,Percentage,ES,Spain,2015,,25.5,,,,,
dataflow,ESTAT:ILC_SCP04$DV_2741(1.0),"Persons participating in in cultural or sport activities in the last 12 months by income quintile, household composition, degree of urbanisation, activity type and frequency",A,Annual,GE1,At least once,AC525,Sports events,TOTAL,Total,TOTAL,Total,TOTAL,Total,PC,Percentage,ES,Spain,2022,,24.5,,,,,
dataflow,ESTAT:ILC_SCP04$DV_2741(1.0),"Persons participating in in cultural or sport activities in the last 12 months by income quintile, household composition, degree of urbanisation, activity type and frequency",A,Annual,GE1,At least once,AC525,Sports events,TOTAL,Total,TOTAL,Total,TOTAL,Total,PC,Percentage,EU27_2020,European Union - 27 countries (from 2020),2015,,29.6,,,,,
dataflow,ESTAT:ILC_SCP04$DV_2741(1.0),"Persons participating in in cultural or sport activities in the last 12 months by income quintile, household composition, degree of urbanisation, activity type and frequency",A,Annual,GE1,At least once,AC525,Sports events,TOTAL,Total,TOTAL,Total,TOTAL,Total,PC,Percentage,FI,Finland,2015,,48.0,,,,,
dataflow,ESTAT:ILC_SCP04$DV_2741(1.0),"Persons participating in in cultural or sport activities in the last 12 months by income quintile, household composition, degree of urbanisation, activity type and frequency",A,Annual,GE1,At least once,AC525,Sports events,TOTAL,Total,TOTAL,Total,TOTAL,Total,PC,Percentage,FI,Finland,2022,,28.6,,,,,
dataflow,ESTAT:ILC_SCP04$DV_2741(1.0),"Persons participating in in cultural or sport activities in the last 12 months by income quintile, household composition, degree of urbanisation, activity type and frequency",A,Annual,GE1,At least once,AC525,Sports events,TOTAL,Total,TOTAL,Total,TOTAL,Total,PC,Percentage,FR,France,2015,,28.4,,,,,
dataflow,ESTAT:ILC_SCP04$DV_2741(1.0),"Persons participating in in cultural or sport activities in the last 12 months by income quintile, household composition, degree of urbanisation, activity type and frequency",A,Annual,GE1,At least once,AC525,Sports events,TOTAL,Total,TOTAL,Total,TOTAL,Total,PC,Percentage,FR,France,2022,,19.6,,,,,
dataflow,ESTAT:ILC_SCP04$DV_2741(1.0),"Persons participating in in cultural or sport activities in the last 12 months by income quintile, household composition, degree of urbanisation, activity type and frequency",A,Annual,GE1,At least once,AC525,Sports events,TOTAL,Total,TOTAL,Total,TOTAL,Total,PC,Percentage,HR,Croatia,2015,,25.9,,,,,
dataflow,ESTAT:ILC_SCP04$DV_2741(1.0),"Persons participating in in cultural or sport activities in the last 12 months by income quintile, household composition, degree of urbanisation, activity type and frequency",A,Annual,GE1,At least once,AC525,Sports events,TOTAL,Total,TOTAL,Total,TOTAL,Total,PC,Percentage,HR,Croatia,2022,,21.7,,,,,
dataflow,ESTAT:ILC_SCP04$DV_2741(1.0),"Persons participating in in cultural or sport activities in the last 12 months by income quintile, household composition, degree of urbanisation, activity type and frequency",A,Annual,GE1,At least once,AC525,Sports events,TOTAL,Total,TOTAL,Total,TOTAL,Total,PC,Percentage,HU,Hungary,2015,,25.0,,,,,
dataflow,ESTAT:ILC_SCP04$DV_2741(1.0),"Persons participating in in cultural or sport activities in the last 12 months by income quintile, household composition, degree of urbanisation, activity type and frequency",A,Annual,GE1,At least once,AC525,Sports events,TOTAL,Total,TOTAL,Total,TOTAL,Total,PC,Percentage,HU,Hungary,2022,,13.0,,,,,
dataflow,ESTAT:ILC_SCP04$DV_2741(1.0),"Persons participating in in cultural or sport activities in the last 12 months by income quintile, household composition, degree of urbanisation, activity type and frequency",A,Annual,GE1,At least once,AC525,Sports events,TOTAL,Total,TOTAL,Total,TOTAL,Total,PC,Percentage,IE,Ireland,2015,,43.3,,u,low reliability,,
dataflow,ESTAT:ILC_SCP04$DV_2741(1.0),"Persons participating in in cultural or sport activities in the last 12 months by income quintile, household composition, degree of urbanisation, activity type and frequency",A,Annual,GE1,At least once,AC525,Sports events,TOTAL,Total,TOTAL,Total,TOTAL,Total,PC,Percentage,IE,Ireland,2022,,39.9,,,,,
dataflow,ESTAT:ILC_SCP04$DV_2741(1.0),"Persons participating in in cultural or sport activities in the last 12 months by income quintile, household composition, degree of urbanisation, activity type and frequency",A,Annual,GE1,At least once,AC525,Sports events,TOTAL,Total,TOTAL,Total,TOTAL,Total,PC,Percentage,IS,Iceland,2015,,51.2,,,,,
dataflow,ESTAT:ILC_SCP04$DV_2741(1.0),"Persons participating in in cultural or sport activities in the last 12 months by income quintile, household composition, degree of urbanisation, activity type and frequency",A,Annual,GE1,At least once,AC525,Sports events,TOTAL,Total,TOTAL,Total,TOTAL,Total,PC,Percentage,IT,Italy,2015,,18.9,,,,,
dataflow,ESTAT:ILC_SCP04$DV_2741(1.0),"Persons participating in in cultural or sport activities in the last 12 months by income quintile, household composition, degree of urbanisation, activity type and frequency",A,Annual,GE1,At least once,AC525,Sports events,TOTAL,Total,TOTAL,Total,TOTAL,Total,PC,Percentage,IT,Italy,2022,,13.8,,,,,
dataflow,ESTAT:ILC_SCP04$DV_2741(1.0),"Persons participating in in cultural or sport activities in the last 12 months by income quintile, household composition, degree of urbanisation, activity type and frequency",A,Annual,GE1,At least once,AC525,Sports events,TOTAL,Total,TOTAL,Total,TOTAL,Total,PC,Percentage,LT,Lithuania,2015,,24.9,,,,,
dataflow,ESTAT:ILC_SCP04$DV_2741(1.0),"Persons participating in in cultural or sport activities in the last 12 months by income quintile, household composition, degree of urbanisation, activity type and frequency",A,Annual,GE1,At least once,AC525,Sports events,TOTAL,Total,TOTAL,Total,TOTAL,Total,PC,Percentage,LT,Lithuania,2022,,12.7,,,,,
dataflow,ESTAT:ILC_SCP04$DV_2741(1.0),"Persons participating in in cultural or sport activities in the last 12 months by income quintile, household composition, degree of urbanisation, activity type and frequency",A,Annual,GE1,At least once,AC525,Sports events,TOTAL,Total,TOTAL,Total,TOTAL,Total,PC,Percentage,LU,Luxembourg,2015,,40.6,,,,,
dataflow,ESTAT:ILC_SCP04$DV_2741(1.0),"Persons participating in in cultural or sport activities in the last 12 months by income quintile, household composition, degree of urbanisation, activity type and frequency",A,Annual,GE1,At least once,AC525,Sports events,TOTAL,Total,TOTAL,Total,TOTAL,Total,PC,Percentage,LU,Luxembourg,2022,,37.4,,,,,
dataflow,ESTAT:ILC_SCP04$DV_2741(1.0),"Persons participating in in cultural or sport activities in the last 12 months by income quintile, household composition, degree of urbanisation, activity type and frequency",A,Annual,GE1,At least once,AC525,Sports events,TOTAL,Total,TOTAL,Total,TOTAL,Total,PC,Percentage,LV,Latvia,2015,,33.5,,,,,
dataflow,ESTAT:ILC_SCP04$DV_2741(1.0),"Persons participating in in cultural or sport activities in the last 12 months by income quintile, household composition, degree of urbanisation, activity type and frequency",A,Annual,GE1,At least once,AC525,Sports events,TOTAL,Total,TOTAL,Total,TOTAL,Total,PC,Percentage,LV,Latvia,2022,,12.4,,,,,
dataflow,ESTAT:ILC_SCP04$DV_2741(1.0),"Persons participating in in cultural or sport activities in the last 12 months by income quintile, household composition, degree of urbanisation, activity type and frequency",A,Annual,GE1,At least once,AC525,Sports events,TOTAL,Total,TOTAL,Total,TOTAL,Total,PC,Percentage,MT,Malta,2015,,22.0,,,,,
dataflow,ESTAT:ILC_SCP04$DV_2741(1.0),"Persons participating in in cultural or sport activities in the last 12 months by income quintile, household composition, degree of urbanisation, activity type and frequency",A,Annual,GE1,At least once,AC525,Sports events,TOTAL,Total,TOTAL,Total,TOTAL,Total,PC,Percentage,MT,Malta,2022,,14.0,,,,,
dataflow,ESTAT:ILC_SCP04$DV_2741(1.0),"Persons participating in in cultural or sport activities in the last 12 months by income quintile, household composition, degree of urbanisation, activity type and frequency",A,Annual,GE1,At least once,AC525,Sports events,TOTAL,Total,TOTAL,Total,TOTAL,Total,PC,Percentage,NL,Netherlands,2015,,53.5,,,,,
dataflow,ESTAT:ILC_SCP04$DV_2741(1.0),"Persons participating in in cultural or sport activities in the last 12 months by income quintile, household composition, degree of urbanisation, activity type and frequency",A,Annual,GE1,At least once,AC525,Sports events,TOTAL,Total,TOTAL,Total,TOTAL,Total,PC,Percentage,NL,Netherlands,2022,,36.9,,,,,
dataflow,ESTAT:ILC_SCP04$DV_2741(1.0),"Persons participating in in cultural or sport activities in the last 12 months by income quintile, household composition, degree of urbanisation, activity type and frequency",A,Annual,GE1,At least once,AC525,Sports events,TOTAL,Total,TOTAL,Total,TOTAL,Total,PC,Percentage,NO,Norway,2015,,51.4,,,,,
dataflow,ESTAT:ILC_SCP04$DV_2741(1.0),"Persons participating in in cultural or sport activities in the last 12 months by income quintile, household composition, degree of urbanisation, activity type and frequency",A,Annual,GE1,At least once,AC525,Sports events,TOTAL,Total,TOTAL,Total,TOTAL,Total,PC,Percentage,NO,Norway,2022,,36.7,,,,,
dataflow,ESTAT:ILC_SCP04$DV_2741(1.0),"Persons participating in in cultural or sport activities in the last 12 months by income quintile, household composition, degree of urbanisation, activity type and frequency",A,Annual,GE1,At least once,AC525,Sports events,TOTAL,Total,TOTAL,Total,TOTAL,Total,PC,Percentage,PL,Poland,2015,,27.5,,u,low reliability,,
dataflow,ESTAT:ILC_SCP04$DV_2741(1.0),"Persons participating in in cultural or sport activities in the last 12 months by income quintile, household composition, degree of urbanisation, activity type and frequency",A,Annual,GE1,At least once,AC525,Sports events,TOTAL,Total,TOTAL,Total,TOTAL,Total,PC,Percentage,PL,Poland,2022,,16.6,,,,,
dataflow,ESTAT:ILC_SCP04$DV_2741(1.0),"Persons participating in in cultural or sport activities in the last 12 months by income quintile, household composition, degree of urbanisation, activity type and frequency",A,Annual,GE1,At least once,AC525,Sports events,TOTAL,Total,TOTAL,Total,TOTAL,Total,PC,Percentage,PT,Portugal,2015,,27.5,,,,,
dataflow,ESTAT:ILC_SCP04$DV_2741(1.0),"Persons participating in in cultural or sport activities in the last 12 months by income quintile, household composition, degree of urbanisation, activity type and frequency",A,Annual,GE1,At least once,AC525,Sports events,TOTAL,Total,TOTAL,Total,TOTAL,Total,PC,Percentage,PT,Portugal,2022,,23.8,,,,,
dataflow,ESTAT:ILC_SCP04$DV_2741(1.0),"Persons participating in in cultural or sport activities in the last 12 months by income quintile, household composition, degree of urbanisation, activity type and frequency",A,Annual,GE1,At least once,AC525,Sports events,TOTAL,Total,TOTAL,Total,TOTAL,Total,PC,Percentage,RO,Romania,2015,,16.2,,,,,
dataflow,ESTAT:ILC_SCP04$DV_2741(1.0),"Persons participating in in cultural or sport activities in the last 12 months by income quintile, household composition, degree of urbanisation, activity type and frequency",A,Annual,GE1,At least once,AC525,Sports events,TOTAL,Total,TOTAL,Total,TOTAL,Total,PC,Percentage,RO,Romania,2022,,7.0,,,,,
dataflow,ESTAT:ILC_SCP04$DV_2741(1.0),"Persons participating in in cultural or sport activities in the last 12 months by income quintile, household composition, degree of urbanisation, activity type and frequency",A,Annual,GE1,At least once,AC525,Sports events,TOTAL,Total,TOTAL,Total,TOTAL,Total,PC,Percentage,RS,Serbia,2015,,22.1,,,,,
dataflow,ESTAT:ILC_SCP04$DV_2741(1.0),"Persons participating in in cultural or sport activities in the last 12 months by income quintile, household composition, degree of urbanisation, activity type and frequency",A,Annual,GE1,At least once,AC525,Sports events,TOTAL,Total,TOTAL,Total,TOTAL,Total,PC,Percentage,RS,Serbia,2022,,14.8,,,,,
dataflow,ESTAT:ILC_SCP04$DV_2741(1.0),"Persons participating in in cultural or sport activities in the last 12 months by income quintile, household composition, degree of urbanisation, activity type and frequency",A,Annual,GE1,At least once,AC525,Sports events,TOTAL,Total,TOTAL,Total,TOTAL,Total,PC,Percentage,SE,Sweden,2015,,47.8,,,,,
dataflow,ESTAT:ILC_SCP04$DV_2741(1.0),"Persons participating in in cultural or sport activities in the last 12 months by income quintile, household composition, degree of urbanisation, activity type and frequency",A,Annual,GE1,At least once,AC525,Sports events,TOTAL,Total,TOTAL,Total,TOTAL,Total,PC,Percentage,SE,Sweden,2022,,29.4,,,,,
dataflow,ESTAT:ILC_SCP04$DV_2741(1.0),"Persons participating in in cultural or sport activities in the last 12 months by income quintile, household composition, degree of urbanisation, activity type and frequency",A,Annual,GE1,At least once,AC525,Sports events,TOTAL,Total,TOTAL,Total,TOTAL,Total,PC,Percentage,SI,Slovenia,2015,,31.2,,,,,
dataflow,ESTAT:ILC_SCP04$DV_2741(1.0),"Persons participating in in cultural or sport activities in the last 12 months by income quintile, household composition, degree of urbanisation, activity type and frequency",A,Annual,GE1,At least once,AC525,Sports events,TOTAL,Total,TOTAL,Total,TOTAL,Total,PC,Percentage,SI,Slovenia,2022,,20.3,,,,,
dataflow,ESTAT:ILC_SCP04$DV_2741(1.0),"Persons participating in in cultural or sport activities in the last 12 months by income quintile, household composition, degree of urbanisation, activity type and frequency",A,Annual,GE1,At least once,AC525,Sports events,TOTAL,Total,TOTAL,Total,TOTAL,Total,PC,Percentage,SK,Slovakia,2015,,39.0,,,,,
dataflow,ESTAT:ILC_SCP04$DV_2741(1.0),"Persons participating in in cultural or sport activities in the last 12 months by income quintile, household composition, degree of urbanisation, activity type and frequency",A,Annual,GE1,At least once,AC525,Sports events,TOTAL,Total,TOTAL,Total,TOTAL,Total,PC,Percentage,SK,Slovakia,2022,,22.1,,,,,
dataflow,ESTAT:ILC_SCP04$DV_2741(1.0),"Persons participating in in cultural or sport activities in the last 12 months by income quintile, household composition, degree of urbanisation, activity type and frequency",A,Annual,GE1,At least once,AC525,Sports events,TOTAL,Total,TOTAL,Total,TOTAL,Total,PC,Percentage,UK,United Kingdom,2015,,33.7,,u,low reliability,,
dataflow,ESTAT:ILC_SCP04$DV_2741(1.0),"Persons participating in in cultural or sport activities in the last 12 months by income quintile, household composition, degree of urbanisation, activity type and frequency",A,Annual,GE1,At least once,AC52A,"Cultural activities (cinema, live performances or cultural sites)",TOTAL,Total,TOTAL,Total,TOTAL,Total,PC,Percentage,AL,Albania,2022,,28.0,,,,,
dataflow,ESTAT:ILC_SCP04$DV_2741(1.0),"Persons participating in in cultural or sport activities in the last 12 months by income quintile, household composition, degree of urbanisation, activity type and frequency",A,Annual,GE1,At least once,AC52A,"Cultural activities (cinema, live performances or cultural sites)",TOTAL,Total,TOTAL,Total,TOTAL,Total,PC,Percentage,AT,Austria,2015,,73.6,,,,,
dataflow,ESTAT:ILC_SCP04$DV_2741(1.0),"Persons participating in in cultural or sport activities in the last 12 months by income quintile, household composition, degree of urbanisation, activity type and frequency",A,Annual,GE1,At least once,AC52A,"Cultural activities (cinema, live performances or cultural sites)",TOTAL,Total,TOTAL,Total,TOTAL,Total,PC,Percentage,AT,Austria,2022,,55.3,,,,,
dataflow,ESTAT:ILC_SCP04$DV_2741(1.0),"Persons participating in in cultural or sport activities in the last 12 months by income quintile, household composition, degree of urbanisation, activity type and frequency",A,Annual,GE1,At least once,AC52A,"Cultural activities (cinema, live performances or cultural sites)",TOTAL,Total,TOTAL,Total,TOTAL,Total,PC,Percentage,BE,Belgium,2015,,68.1,,,,,
dataflow,ESTAT:ILC_SCP04$DV_2741(1.0),"Persons participating in in cultural or sport activities in the last 12 months by income quintile, household composition, degree of urbanisation, activity type and frequency",A,Annual,GE1,At least once,AC52A,"Cultural activities (cinema, live performances or cultural sites)",TOTAL,Total,TOTAL,Total,TOTAL,Total,PC,Percentage,BE,Belgium,2022,,59.2,,,,,
dataflow,ESTAT:ILC_SCP04$DV_2741(1.0),"Persons participating in in cultural or sport activities in the last 12 months by income quintile, household composition, degree of urbanisation, activity type and frequency",A,Annual,GE1,At least once,AC52A,"Cultural activities (cinema, live performances or cultural sites)",TOTAL,Total,TOTAL,Total,TOTAL,Total,PC,Percentage,BG,Bulgaria,2015,,28.7,,,,,
dataflow,ESTAT:ILC_SCP04$DV_2741(1.0),"Persons participating in in cultural or sport activities in the last 12 months by income quintile, household composition, degree of urbanisation, activity type and frequency",A,Annual,GE1,At least once,AC52A,"Cultural activities (cinema, live performances or cultural sites)",TOTAL,Total,TOTAL,Total,TOTAL,Total,PC,Percentage,BG,Bulgaria,2022,,19.7,,,,,
dataflow,ESTAT:ILC_SCP04$DV_2741(1.0),"Persons participating in in cultural or sport activities in the last 12 months by income quintile, household composition, degree of urbanisation, activity type and frequency",A,Annual,GE1,At least once,AC52A,"Cultural activities (cinema, live performances or cultural sites)",TOTAL,Total,TOTAL,Total,TOTAL,Total,PC,Percentage,CH,Switzerland,2015,,86.5,,,,,
dataflow,ESTAT:ILC_SCP04$DV_2741(1.0),"Persons participating in in cultural or sport activities in the last 12 months by income quintile, household composition, degree of urbanisation, activity type and frequency",A,Annual,GE1,At least once,AC52A,"Cultural activities (cinema, live performances or cultural sites)",TOTAL,Total,TOTAL,Total,TOTAL,Total,PC,Percentage,CH,Switzerland,2022,,74.0,,,,,
dataflow,ESTAT:ILC_SCP04$DV_2741(1.0),"Persons participating in in cultural or sport activities in the last 12 months by income quintile, household composition, degree of urbanisation, activity type and frequency",A,Annual,GE1,At least once,AC52A,"Cultural activities (cinema, live performances or cultural sites)",TOTAL,Total,TOTAL,Total,TOTAL,Total,PC,Percentage,CY,Cyprus,2015,,52.6,,,,,
dataflow,ESTAT:ILC_SCP04$DV_2741(1.0),"Persons participating in in cultural or sport activities in the last 12 months by income quintile, household composition, degree of urbanisation, activity type and frequency",A,Annual,GE1,At least once,AC52A,"Cultural activities (cinema, live performances or cultural sites)",TOTAL,Total,TOTAL,Total,TOTAL,Total,PC,Percentage,CY,Cyprus,2022,,34.1,,,,,
dataflow,ESTAT:ILC_SCP04$DV_2741(1.0),"Persons participating in in cultural or sport activities in the last 12 months by income quintile, household composition, degree of urbanisation, activity type and frequency",A,Annual,GE1,At least once,AC52A,"Cultural activities (cinema, live performances or cultural sites)",TOTAL,Total,TOTAL,Total,TOTAL,Total,PC,Percentage,CZ,Czechia,2015,,70.2,,,,,
dataflow,ESTAT:ILC_SCP04$DV_2741(1.0),"Persons participating in in cultural or sport activities in the last 12 months by income quintile, household composition, degree of urbanisation, activity type and frequency",A,Annual,GE1,At least once,AC52A,"Cultural activities (cinema, live performances or cultural sites)",TOTAL,Total,TOTAL,Total,TOTAL,Total,PC,Percentage,CZ,Czechia,2022,,58.0,,,,,
dataflow,ESTAT:ILC_SCP04$DV_2741(1.0),"Persons participating in in cultural or sport activities in the last 12 months by income quintile, household composition, degree of urbanisation, activity type and frequency",A,Annual,GE1,At least once,AC52A,"Cultural activities (cinema, live performances or cultural sites)",TOTAL,Total,TOTAL,Total,TOTAL,Total,PC,Percentage,DE,Germany,2015,,73.5,,,,,
dataflow,ESTAT:ILC_SCP04$DV_2741(1.0),"Persons participating in in cultural or sport activities in the last 12 months by income quintile, household composition, degree of urbanisation, activity type and frequency",A,Annual,GE1,At least once,AC52A,"Cultural activities (cinema, live performances or cultural sites)",TOTAL,Total,TOTAL,Total,TOTAL,Total,PC,Percentage,DE,Germany,2022,,,,u,low reliability,,
dataflow,ESTAT:ILC_SCP04$DV_2741(1.0),"Persons participating in in cultural or sport activities in the last 12 months by income quintile, household composition, degree of urbanisation, activity type and frequency",A,Annual,GE1,At least once,AC52A,"Cultural activities (cinema, live performances or cultural sites)",TOTAL,Total,TOTAL,Total,TOTAL,Total,PC,Percentage,DK,Denmark,2015,,84.8,,,,,
dataflow,ESTAT:ILC_SCP04$DV_2741(1.0),"Persons participating in in cultural or sport activities in the last 12 months by income quintile, household composition, degree of urbanisation, activity type and frequency",A,Annual,GE1,At least once,AC52A,"Cultural activities (cinema, live performances or cultural sites)",TOTAL,Total,TOTAL,Total,TOTAL,Total,PC,Percentage,DK,Denmark,2022,,77.0,,,,,
dataflow,ESTAT:ILC_SCP04$DV_2741(1.0),"Persons participating in in cultural or sport activities in the last 12 months by income quintile, household composition, degree of urbanisation, activity type and frequency",A,Annual,GE1,At least once,AC52A,"Cultural activities (cinema, live performances or cultural sites)",TOTAL,Total,TOTAL,Total,TOTAL,Total,PC,Percentage,EE,Estonia,2015,,69.7,,,,,
dataflow,ESTAT:ILC_SCP04$DV_2741(1.0),"Persons participating in in cultural or sport activities in the last 12 months by income quintile, household composition, degree of urbanisation, activity type and frequency",A,Annual,GE1,At least once,AC52A,"Cultural activities (cinema, live performances or cultural sites)",TOTAL,Total,TOTAL,Total,TOTAL,Total,PC,Percentage,EE,Estonia,2022,,60.7,,,,,
dataflow,ESTAT:ILC_SCP04$DV_2741(1.0),"Persons participating in in cultural or sport activities in the last 12 months by income quintile, household composition, degree of urbanisation, activity type and frequency",A,Annual,GE1,At least once,AC52A,"Cultural activities (cinema, live performances or cultural sites)",TOTAL,Total,TOTAL,Total,TOTAL,Total,PC,Percentage,EL,Greece,2015,,46.9,,,,,
dataflow,ESTAT:ILC_SCP04$DV_2741(1.0),"Persons participating in in cultural or sport activities in the last 12 months by income quintile, household composition, degree of urbanisation, activity type and frequency",A,Annual,GE1,At least once,AC52A,"Cultural activities (cinema, live performances or cultural sites)",TOTAL,Total,TOTAL,Total,TOTAL,Total,PC,Percentage,EL,Greece,2022,,36.6,,,,,
dataflow,ESTAT:ILC_SCP04$DV_2741(1.0),"Persons participating in in cultural or sport activities in the last 12 months by income quintile, household composition, degree of urbanisation, activity type and frequency",A,Annual,GE1,At least once,AC52A,"Cultural activities (cinema, live performances or cultural sites)",TOTAL,Total,TOTAL,Total,TOTAL,Total,PC,Percentage,ES,Spain,2015,,58.5,,,,,
dataflow,ESTAT:ILC_SCP04$DV_2741(1.0),"Persons participating in in cultural or sport activities in the last 12 months by income quintile, household composition, degree of urbanisation, activity type and frequency",A,Annual,GE1,At least once,AC52A,"Cultural activities (cinema, live performances or cultural sites)",TOTAL,Total,TOTAL,Total,TOTAL,Total,PC,Percentage,ES,Spain,2022,,58.5,,,,,
dataflow,ESTAT:ILC_SCP04$DV_2741(1.0),"Persons participating in in cultural or sport activities in the last 12 months by income quintile, household composition, degree of urbanisation, activity type and frequency",A,Annual,GE1,At least once,AC52A,"Cultural activities (cinema, live performances or cultural sites)",TOTAL,Total,TOTAL,Total,TOTAL,Total,PC,Percentage,EU27_2020,European Union - 27 countries (from 2020),2015,,62.7,,,,,
dataflow,ESTAT:ILC_SCP04$DV_2741(1.0),"Persons participating in in cultural or sport activities in the last 12 months by income quintile, household composition, degree of urbanisation, activity type and frequency",A,Annual,GE1,At least once,AC52A,"Cultural activities (cinema, live performances or cultural sites)",TOTAL,Total,TOTAL,Total,TOTAL,Total,PC,Percentage,FI,Finland,2015,,83.6,,,,,
dataflow,ESTAT:ILC_SCP04$DV_2741(1.0),"Persons participating in in cultural or sport activities in the last 12 months by income quintile, household composition, degree of urbanisation, activity type and frequency",A,Annual,GE1,At least once,AC52A,"Cultural activities (cinema, live performances or cultural sites)",TOTAL,Total,TOTAL,Total,TOTAL,Total,PC,Percentage,FI,Finland,2022,,65.7,,,,,
dataflow,ESTAT:ILC_SCP04$DV_2741(1.0),"Persons participating in in cultural or sport activities in the last 12 months by income quintile, household composition, degree of urbanisation, activity type and frequency",A,Annual,GE1,At least once,AC52A,"Cultural activities (cinema, live performances or cultural sites)",TOTAL,Total,TOTAL,Total,TOTAL,Total,PC,Percentage,FR,France,2015,,77.8,,,,,
dataflow,ESTAT:ILC_SCP04$DV_2741(1.0),"Persons participating in in cultural or sport activities in the last 12 months by income quintile, household composition, degree of urbanisation, activity type and frequency",A,Annual,GE1,At least once,AC52A,"Cultural activities (cinema, live performances or cultural sites)",TOTAL,Total,TOTAL,Total,TOTAL,Total,PC,Percentage,FR,France,2022,,54.4,,,,,
dataflow,ESTAT:ILC_SCP04$DV_2741(1.0),"Persons participating in in cultural or sport activities in the last 12 months by income quintile, household composition, degree of urbanisation, activity type and frequency",A,Annual,GE1,At least once,AC52A,"Cultural activities (cinema, live performances or cultural sites)",TOTAL,Total,TOTAL,Total,TOTAL,Total,PC,Percentage,HR,Croatia,2015,,36.6,,,,,
dataflow,ESTAT:ILC_SCP04$DV_2741(1.0),"Persons participating in in cultural or sport activities in the last 12 months by income quintile, household composition, degree of urbanisation, activity type and frequency",A,Annual,GE1,At least once,AC52A,"Cultural activities (cinema, live performances or cultural sites)",TOTAL,Total,TOTAL,Total,TOTAL,Total,PC,Percentage,HR,Croatia,2022,,32.4,,,,,
dataflow,ESTAT:ILC_SCP04$DV_2741(1.0),"Persons participating in in cultural or sport activities in the last 12 months by income quintile, household composition, degree of urbanisation, activity type and frequency",A,Annual,GE1,At least once,AC52A,"Cultural activities (cinema, live performances or cultural sites)",TOTAL,Total,TOTAL,Total,TOTAL,Total,PC,Percentage,HU,Hungary,2015,,50.0,,,,,
dataflow,ESTAT:ILC_SCP04$DV_2741(1.0),"Persons participating in in cultural or sport activities in the last 12 months by income quintile, household composition, degree of urbanisation, activity type and frequency",A,Annual,GE1,At least once,AC52A,"Cultural activities (cinema, live performances or cultural sites)",TOTAL,Total,TOTAL,Total,TOTAL,Total,PC,Percentage,HU,Hungary,2022,,39.4,,,,,
dataflow,ESTAT:ILC_SCP04$DV_2741(1.0),"Persons participating in in cultural or sport activities in the last 12 months by income quintile, household composition, degree of urbanisation, activity type and frequency",A,Annual,GE1,At least once,AC52A,"Cultural activities (cinema, live performances or cultural sites)",TOTAL,Total,TOTAL,Total,TOTAL,Total,PC,Percentage,IE,Ireland,2015,,68.8,,u,low reliability,,
dataflow,ESTAT:ILC_SCP04$DV_2741(1.0),"Persons participating in in cultural or sport activities in the last 12 months by income quintile, household composition, degree of urbanisation, activity type and frequency",A,Annual,GE1,At least once,AC52A,"Cultural activities (cinema, live performances or cultural sites)",TOTAL,Total,TOTAL,Total,TOTAL,Total,PC,Percentage,IE,Ireland,2022,,60.8,,,,,
dataflow,ESTAT:ILC_SCP04$DV_2741(1.0),"Persons participating in in cultural or sport activities in the last 12 months by income quintile, household composition, degree of urbanisation, activity type and frequency",A,Annual,GE1,At least once,AC52A,"Cultural activities (cinema, live performances or cultural sites)",TOTAL,Total,TOTAL,Total,TOTAL,Total,PC,Percentage,IS,Iceland,2015,,90.0,,,,,
dataflow,ESTAT:ILC_SCP04$DV_2741(1.0),"Persons participating in in cultural or sport activities in the last 12 months by income quintile, household composition, degree of urbanisation, activity type and frequency",A,Annual,GE1,At least once,AC52A,"Cultural activities (cinema, live performances or cultural sites)",TOTAL,Total,TOTAL,Total,TOTAL,Total,PC,Percentage,IT,Italy,2015,,46.9,,,,,
dataflow,ESTAT:ILC_SCP04$DV_2741(1.0),"Persons participating in in cultural or sport activities in the last 12 months by income quintile, household composition, degree of urbanisation, activity type and frequency",A,Annual,GE1,At least once,AC52A,"Cultural activities (cinema, live performances or cultural sites)",TOTAL,Total,TOTAL,Total,TOTAL,Total,PC,Percentage,IT,Italy,2022,,36.8,,,,,
dataflow,ESTAT:ILC_SCP04$DV_2741(1.0),"Persons participating in in cultural or sport activities in the last 12 months by income quintile, household composition, degree of urbanisation, activity type and frequency",A,Annual,GE1,At least once,AC52A,"Cultural activities (cinema, live performances or cultural sites)",TOTAL,Total,TOTAL,Total,TOTAL,Total,PC,Percentage,LT,Lithuania,2015,,62.0,,,,,
dataflow,ESTAT:ILC_SCP04$DV_2741(1.0),"Persons participating in in cultural or sport activities in the last 12 months by income quintile, household composition, degree of urbanisation, activity type and frequency",A,Annual,GE1,At least once,AC52A,"Cultural activities (cinema, live performances or cultural sites)",TOTAL,Total,TOTAL,Total,TOTAL,Total,PC,Percentage,LT,Lithuania,2022,,47.6,,,,,
dataflow,ESTAT:ILC_SCP04$DV_2741(1.0),"Persons participating in in cultural or sport activities in the last 12 months by income quintile, household composition, degree of urbanisation, activity type and frequency",A,Annual,GE1,At least once,AC52A,"Cultural activities (cinema, live performances or cultural sites)",TOTAL,Total,TOTAL,Total,TOTAL,Total,PC,Percentage,LU,Luxembourg,2015,,79.4,,,,,
dataflow,ESTAT:ILC_SCP04$DV_2741(1.0),"Persons participating in in cultural or sport activities in the last 12 months by income quintile, household composition, degree of urbanisation, activity type and frequency",A,Annual,GE1,At least once,AC52A,"Cultural activities (cinema, live performances or cultural sites)",TOTAL,Total,TOTAL,Total,TOTAL,Total,PC,Percentage,LU,Luxembourg,2022,,77.4,,,,,
dataflow,ESTAT:ILC_SCP04$DV_2741(1.0),"Persons participating in in cultural or sport activities in the last 12 months by income quintile, household composition, degree of urbanisation, activity type and frequency",A,Annual,GE1,At least once,AC52A,"Cultural activities (cinema, live performances or cultural sites)",TOTAL,Total,TOTAL,Total,TOTAL,Total,PC,Percentage,LV,Latvia,2015,,63.3,,,,,
dataflow,ESTAT:ILC_SCP04$DV_2741(1.0),"Persons participating in in cultural or sport activities in the last 12 months by income quintile, household composition, degree of urbanisation, activity type and frequency",A,Annual,GE1,At least once,AC52A,"Cultural activities (cinema, live performances or cultural sites)",TOTAL,Total,TOTAL,Total,TOTAL,Total,PC,Percentage,LV,Latvia,2022,,40.1,,,,,
dataflow,ESTAT:ILC_SCP04$DV_2741(1.0),"Persons participating in in cultural or sport activities in the last 12 months by income quintile, household composition, degree of urbanisation, activity type and frequency",A,Annual,GE1,At least once,AC52A,"Cultural activities (cinema, live performances or cultural sites)",TOTAL,Total,TOTAL,Total,TOTAL,Total,PC,Percentage,MT,Malta,2015,,50.5,,,,,
dataflow,ESTAT:ILC_SCP04$DV_2741(1.0),"Persons participating in in cultural or sport activities in the last 12 months by income quintile, household composition, degree of urbanisation, activity type and frequency",A,Annual,GE1,At least once,AC52A,"Cultural activities (cinema, live performances or cultural sites)",TOTAL,Total,TOTAL,Total,TOTAL,Total,PC,Percentage,MT,Malta,2022,,37.9,,,,,
dataflow,ESTAT:ILC_SCP04$DV_2741(1.0),"Persons participating in in cultural or sport activities in the last 12 months by income quintile, household composition, degree of urbanisation, activity type and frequency",A,Annual,GE1,At least once,AC52A,"Cultural activities (cinema, live performances or cultural sites)",TOTAL,Total,TOTAL,Total,TOTAL,Total,PC,Percentage,NL,Netherlands,2015,,83.6,,,,,
dataflow,ESTAT:ILC_SCP04$DV_2741(1.0),"Persons participating in in cultural or sport activities in the last 12 months by income quintile, household composition, degree of urbanisation, activity type and frequency",A,Annual,GE1,At least once,AC52A,"Cultural activities (cinema, live performances or cultural sites)",TOTAL,Total,TOTAL,Total,TOTAL,Total,PC,Percentage,NL,Netherlands,2022,,68.5,,,,,
dataflow,ESTAT:ILC_SCP04$DV_2741(1.0),"Persons participating in in cultural or sport activities in the last 12 months by income quintile, household composition, degree of urbanisation, activity type and frequency",A,Annual,GE1,At least once,AC52A,"Cultural activities (cinema, live performances or cultural sites)",TOTAL,Total,TOTAL,Total,TOTAL,Total,PC,Percentage,NO,Norway,2015,,85.9,,,,,
dataflow,ESTAT:ILC_SCP04$DV_2741(1.0),"Persons participating in in cultural or sport activities in the last 12 months by income quintile, household composition, degree of urbanisation, activity type and frequency",A,Annual,GE1,At least once,AC52A,"Cultural activities (cinema, live performances or cultural sites)",TOTAL,Total,TOTAL,Total,TOTAL,Total,PC,Percentage,NO,Norway,2022,,70.3,,,,,
dataflow,ESTAT:ILC_SCP04$DV_2741(1.0),"Persons participating in in cultural or sport activities in the last 12 months by income quintile, household composition, degree of urbanisation, activity type and frequency",A,Annual,GE1,At least once,AC52A,"Cultural activities (cinema, live performances or cultural sites)",TOTAL,Total,TOTAL,Total,TOTAL,Total,PC,Percentage,PL,Poland,2015,,53.7,,u,low reliability,,
dataflow,ESTAT:ILC_SCP04$DV_2741(1.0),"Persons participating in in cultural or sport activities in the last 12 months by income quintile, household composition, degree of urbanisation, activity type and frequency",A,Annual,GE1,At least once,AC52A,"Cultural activities (cinema, live performances or cultural sites)",TOTAL,Total,TOTAL,Total,TOTAL,Total,PC,Percentage,PL,Poland,2022,,50.9,,,,,
dataflow,ESTAT:ILC_SCP04$DV_2741(1.0),"Persons participating in in cultural or sport activities in the last 12 months by income quintile, household composition, degree of urbanisation, activity type and frequency",A,Annual,GE1,At least once,AC52A,"Cultural activities (cinema, live performances or cultural sites)",TOTAL,Total,TOTAL,Total,TOTAL,Total,PC,Percentage,PT,Portugal,2015,,62.8,,,,,
dataflow,ESTAT:ILC_SCP04$DV_2741(1.0),"Persons participating in in cultural or sport activities in the last 12 months by income quintile, household composition, degree of urbanisation, activity type and frequency",A,Annual,GE1,At least once,AC52A,"Cultural activities (cinema, live performances or cultural sites)",TOTAL,Total,TOTAL,Total,TOTAL,Total,PC,Percentage,PT,Portugal,2022,,51.2,,,,,
dataflow,ESTAT:ILC_SCP04$DV_2741(1.0),"Persons participating in in cultural or sport activities in the last 12 months by income quintile, household composition, degree of urbanisation, activity type and frequency",A,Annual,GE1,At least once,AC52A,"Cultural activities (cinema, live performances or cultural sites)",TOTAL,Total,TOTAL,Total,TOTAL,Total,PC,Percentage,RO,Romania,2015,,27.4,,,,,
dataflow,ESTAT:ILC_SCP04$DV_2741(1.0),"Persons participating in in cultural or sport activities in the last 12 months by income quintile, household composition, degree of urbanisation, activity type and frequency",A,Annual,GE1,At least once,AC52A,"Cultural activities (cinema, live performances or cultural sites)",TOTAL,Total,TOTAL,Total,TOTAL,Total,PC,Percentage,RO,Romania,2022,,22.2,,,,,
dataflow,ESTAT:ILC_SCP04$DV_2741(1.0),"Persons participating in in cultural or sport activities in the last 12 months by income quintile, household composition, degree of urbanisation, activity type and frequency",A,Annual,GE1,At least once,AC52A,"Cultural activities (cinema, live performances or cultural sites)",TOTAL,Total,TOTAL,Total,TOTAL,Total,PC,Percentage,RS,Serbia,2015,,29.8,,,,,
dataflow,ESTAT:ILC_SCP04$DV_2741(1.0),"Persons participating in in cultural or sport activities in the last 12 months by income quintile, household composition, degree of urbanisation, activity type and frequency",A,Annual,GE1,At least once,AC52A,"Cultural activities (cinema, live performances or cultural sites)",TOTAL,Total,TOTAL,Total,TOTAL,Total,PC,Percentage,RS,Serbia,2022,,30.9,,,,,
dataflow,ESTAT:ILC_SCP04$DV_2741(1.0),"Persons participating in in cultural or sport activities in the last 12 months by income quintile, household composition, degree of urbanisation, activity type and frequency",A,Annual,GE1,At least once,AC52A,"Cultural activities (cinema, live performances or cultural sites)",TOTAL,Total,TOTAL,Total,TOTAL,Total,PC,Percentage,SE,Sweden,2015,,85.0,,,,,
dataflow,ESTAT:ILC_SCP04$DV_2741(1.0),"Persons participating in in cultural or sport activities in the last 12 months by income quintile, household composition, degree of urbanisation, activity type and frequency",A,Annual,GE1,At least once,AC52A,"Cultural activities (cinema, live performances or cultural sites)",TOTAL,Total,TOTAL,Total,TOTAL,Total,PC,Percentage,SE,Sweden,2022,,62.7,,,,,
dataflow,ESTAT:ILC_SCP04$DV_2741(1.0),"Persons participating in in cultural or sport activities in the last 12 months by income quintile, household composition, degree of urbanisation, activity type and frequency",A,Annual,GE1,At least once,AC52A,"Cultural activities (cinema, live performances or cultural sites)",TOTAL,Total,TOTAL,Total,TOTAL,Total,PC,Percentage,SI,Slovenia,2015,,70.1,,,,,
dataflow,ESTAT:ILC_SCP04$DV_2741(1.0),"Persons participating in in cultural or sport activities in the last 12 months by income quintile, household composition, degree of urbanisation, activity type and frequency",A,Annual,GE1,At least once,AC52A,"Cultural activities (cinema, live performances or cultural sites)",TOTAL,Total,TOTAL,Total,TOTAL,Total,PC,Percentage,SI,Slovenia,2022,,56.6,,,,,
dataflow,ESTAT:ILC_SCP04$DV_2741(1.0),"Persons participating in in cultural or sport activities in the last 12 months by income quintile, household composition, degree of urbanisation, activity type and frequency",A,Annual,GE1,At least once,AC52A,"Cultural activities (cinema, live performances or cultural sites)",TOTAL,Total,TOTAL,Total,TOTAL,Total,PC,Percentage,SK,Slovakia,2015,,59.4,,,,,
dataflow,ESTAT:ILC_SCP04$DV_2741(1.0),"Persons participating in in cultural or sport activities in the last 12 months by income quintile, household composition, degree of urbanisation, activity type and frequency",A,Annual,GE1,At least once,AC52A,"Cultural activities (cinema, live performances or cultural sites)",TOTAL,Total,TOTAL,Total,TOTAL,Total,PC,Percentage,SK,Slovakia,2022,,35.9,,,,,
dataflow,ESTAT:ILC_SCP04$DV_2741(1.0),"Persons participating in in cultural or sport activities in the last 12 months by income quintile, household composition, degree of urbanisation, activity type and frequency",A,Annual,GE1,At least once,AC52A,"Cultural activities (cinema, live performances or cultural sites)",TOTAL,Total,TOTAL,Total,TOTAL,Total,PC,Percentage,UK,United Kingdom,2015,,74.8,,u,low reliability,,
dataflow,ESTAT:ILC_SCP04$DV_2741(1.0),"Persons participating in in cultural or sport activities in the last 12 months by income quintile, household composition, degree of urbanisation, activity type and frequency",A,Annual,GE4,At least 4 times,AC521,Cinema,TOTAL,Total,TOTAL,Total,TOTAL,Total,PC,Percentage,AL,Albania,2022,,5.1,,,,,
dataflow,ESTAT:ILC_SCP04$DV_2741(1.0),"Persons participating in in cultural or sport activities in the last 12 months by income quintile, household composition, degree of urbanisation, activity type and frequency",A,Annual,GE4,At least 4 times,AC521,Cinema,TOTAL,Total,TOTAL,Total,TOTAL,Total,PC,Percentage,AT,Austria,2015,,19.3,,,,,
dataflow,ESTAT:ILC_SCP04$DV_2741(1.0),"Persons participating in in cultural or sport activities in the last 12 months by income quintile, household composition, degree of urbanisation, activity type and frequency",A,Annual,GE4,At least 4 times,AC521,Cinema,TOTAL,Total,TOTAL,Total,TOTAL,Total,PC,Percentage,AT,Austria,2022,,6.2,,,,,
dataflow,ESTAT:ILC_SCP04$DV_2741(1.0),"Persons participating in in cultural or sport activities in the last 12 months by income quintile, household composition, degree of urbanisation, activity type and frequency",A,Annual,GE4,At least 4 times,AC521,Cinema,TOTAL,Total,TOTAL,Total,TOTAL,Total,PC,Percentage,BE,Belgium,2015,,22.7,,,,,
dataflow,ESTAT:ILC_SCP04$DV_2741(1.0),"Persons participating in in cultural or sport activities in the last 12 months by income quintile, household composition, degree of urbanisation, activity type and frequency",A,Annual,GE4,At least 4 times,AC521,Cinema,TOTAL,Total,TOTAL,Total,TOTAL,Total,PC,Percentage,BE,Belgium,2022,,8.2,,,,,
dataflow,ESTAT:ILC_SCP04$DV_2741(1.0),"Persons participating in in cultural or sport activities in the last 12 months by income quintile, household composition, degree of urbanisation, activity type and frequency",A,Annual,GE4,At least 4 times,AC521,Cinema,TOTAL,Total,TOTAL,Total,TOTAL,Total,PC,Percentage,BG,Bulgaria,2015,,8.6,,,,,
dataflow,ESTAT:ILC_SCP04$DV_2741(1.0),"Persons participating in in cultural or sport activities in the last 12 months by income quintile, household composition, degree of urbanisation, activity type and frequency",A,Annual,GE4,At least 4 times,AC521,Cinema,TOTAL,Total,TOTAL,Total,TOTAL,Total,PC,Percentage,BG,Bulgaria,2022,,3.3,,,,,
dataflow,ESTAT:ILC_SCP04$DV_2741(1.0),"Persons participating in in cultural or sport activities in the last 12 months by income quintile, household composition, degree of urbanisation, activity type and frequency",A,Annual,GE4,At least 4 times,AC521,Cinema,TOTAL,Total,TOTAL,Total,TOTAL,Total,PC,Percentage,CH,Switzerland,2015,,30.5,,,,,
dataflow,ESTAT:ILC_SCP04$DV_2741(1.0),"Persons participating in in cultural or sport activities in the last 12 months by income quintile, household composition, degree of urbanisation, activity type and frequency",A,Annual,GE4,At least 4 times,AC521,Cinema,TOTAL,Total,TOTAL,Total,TOTAL,Total,PC,Percentage,CH,Switzerland,2022,,11.6,,,,,
dataflow,ESTAT:ILC_SCP04$DV_2741(1.0),"Persons participating in in cultural or sport activities in the last 12 months by income quintile, household composition, degree of urbanisation, activity type and frequency",A,Annual,GE4,At least 4 times,AC521,Cinema,TOTAL,Total,TOTAL,Total,TOTAL,Total,PC,Percentage,CY,Cyprus,2015,,7.9,,,,,
dataflow,ESTAT:ILC_SCP04$DV_2741(1.0),"Persons participating in in cultural or sport activities in the last 12 months by income quintile, household composition, degree of urbanisation, activity type and frequency",A,Annual,GE4,At least 4 times,AC521,Cinema,TOTAL,Total,TOTAL,Total,TOTAL,Total,PC,Percentage,CY,Cyprus,2022,,1.6,,,,,
dataflow,ESTAT:ILC_SCP04$DV_2741(1.0),"Persons participating in in cultural or sport activities in the last 12 months by income quintile, household composition, degree of urbanisation, activity type and frequency",A,Annual,GE4,At least 4 times,AC521,Cinema,TOTAL,Total,TOTAL,Total,TOTAL,Total,PC,Percentage,CZ,Czechia,2015,,16.6,,,,,
dataflow,ESTAT:ILC_SCP04$DV_2741(1.0),"Persons participating in in cultural or sport activities in the last 12 months by income quintile, household composition, degree of urbanisation, activity type and frequency",A,Annual,GE4,At least 4 times,AC521,Cinema,TOTAL,Total,TOTAL,Total,TOTAL,Total,PC,Percentage,CZ,Czechia,2022,,9.1,,,,,
dataflow,ESTAT:ILC_SCP04$DV_2741(1.0),"Persons participating in in cultural or sport activities in the last 12 months by income quintile, household composition, degree of urbanisation, activity type and frequency",A,Annual,GE4,At least 4 times,AC521,Cinema,TOTAL,Total,TOTAL,Total,TOTAL,Total,PC,Percentage,DE,Germany,2015,,15.8,,,,,
dataflow,ESTAT:ILC_SCP04$DV_2741(1.0),"Persons participating in in cultural or sport activities in the last 12 months by income quintile, household composition, degree of urbanisation, activity type and frequency",A,Annual,GE4,At least 4 times,AC521,Cinema,TOTAL,Total,TOTAL,Total,TOTAL,Total,PC,Percentage,DE,Germany,2022,,,,u,low reliability,,
dataflow,ESTAT:ILC_SCP04$DV_2741(1.0),"Persons participating in in cultural or sport activities in the last 12 months by income quintile, household composition, degree of urbanisation, activity type and frequency",A,Annual,GE4,At least 4 times,AC521,Cinema,TOTAL,Total,TOTAL,Total,TOTAL,Total,PC,Percentage,DK,Denmark,2015,,21.1,,,,,
dataflow,ESTAT:ILC_SCP04$DV_2741(1.0),"Persons participating in in cultural or sport activities in the last 12 months by income quintile, household composition, degree of urbanisation, activity type and frequency",A,Annual,GE4,At least 4 times,AC521,Cinema,TOTAL,Total,TOTAL,Total,TOTAL,Total,PC,Percentage,DK,Denmark,2022,,13.6,,,,,
dataflow,ESTAT:ILC_SCP04$DV_2741(1.0),"Persons participating in in cultural or sport activities in the last 12 months by income quintile, household composition, degree of urbanisation, activity type and frequency",A,Annual,GE4,At least 4 times,AC521,Cinema,TOTAL,Total,TOTAL,Total,TOTAL,Total,PC,Percentage,EE,Estonia,2015,,20.9,,,,,
dataflow,ESTAT:ILC_SCP04$DV_2741(1.0),"Persons participating in in cultural or sport activities in the last 12 months by income quintile, household composition, degree of urbanisation, activity type and frequency",A,Annual,GE4,At least 4 times,AC521,Cinema,TOTAL,Total,TOTAL,Total,TOTAL,Total,PC,Percentage,EE,Estonia,2022,,13.2,,,,,
dataflow,ESTAT:ILC_SCP04$DV_2741(1.0),"Persons participating in in cultural or sport activities in the last 12 months by income quintile, household composition, degree of urbanisation, activity type and frequency",A,Annual,GE4,At least 4 times,AC521,Cinema,TOTAL,Total,TOTAL,Total,TOTAL,Total,PC,Percentage,EL,Greece,2015,,6.2,,,,,
dataflow,ESTAT:ILC_SCP04$DV_2741(1.0),"Persons participating in in cultural or sport activities in the last 12 months by income quintile, household composition, degree of urbanisation, activity type and frequency",A,Annual,GE4,At least 4 times,AC521,Cinema,TOTAL,Total,TOTAL,Total,TOTAL,Total,PC,Percentage,EL,Greece,2022,,5.7,,,,,
dataflow,ESTAT:ILC_SCP04$DV_2741(1.0),"Persons participating in in cultural or sport activities in the last 12 months by income quintile, household composition, degree of urbanisation, activity type and frequency",A,Annual,GE4,At least 4 times,AC521,Cinema,TOTAL,Total,TOTAL,Total,TOTAL,Total,PC,Percentage,ES,Spain,2015,,20.1,,,,,
dataflow,ESTAT:ILC_SCP04$DV_2741(1.0),"Persons participating in in cultural or sport activities in the last 12 months by income quintile, household composition, degree of urbanisation, activity type and frequency",A,Annual,GE4,At least 4 times,AC521,Cinema,TOTAL,Total,TOTAL,Total,TOTAL,Total,PC,Percentage,ES,Spain,2022,,11.5,,,,,
dataflow,ESTAT:ILC_SCP04$DV_2741(1.0),"Persons participating in in cultural or sport activities in the last 12 months by income quintile, household composition, degree of urbanisation, activity type and frequency",A,Annual,GE4,At least 4 times,AC521,Cinema,TOTAL,Total,TOTAL,Total,TOTAL,Total,PC,Percentage,EU27_2020,European Union - 27 countries (from 2020),2015,,17.2,,,,,
dataflow,ESTAT:ILC_SCP04$DV_2741(1.0),"Persons participating in in cultural or sport activities in the last 12 months by income quintile, household composition, degree of urbanisation, activity type and frequency",A,Annual,GE4,At least 4 times,AC521,Cinema,TOTAL,Total,TOTAL,Total,TOTAL,Total,PC,Percentage,FI,Finland,2015,,18.2,,,,,
dataflow,ESTAT:ILC_SCP04$DV_2741(1.0),"Persons participating in in cultural or sport activities in the last 12 months by income quintile, household composition, degree of urbanisation, activity type and frequency",A,Annual,GE4,At least 4 times,AC521,Cinema,TOTAL,Total,TOTAL,Total,TOTAL,Total,PC,Percentage,FI,Finland,2022,,5.4,,,,,
dataflow,ESTAT:ILC_SCP04$DV_2741(1.0),"Persons participating in in cultural or sport activities in the last 12 months by income quintile, household composition, degree of urbanisation, activity type and frequency",A,Annual,GE4,At least 4 times,AC521,Cinema,TOTAL,Total,TOTAL,Total,TOTAL,Total,PC,Percentage,FR,France,2015,,29.2,,,,,
dataflow,ESTAT:ILC_SCP04$DV_2741(1.0),"Persons participating in in cultural or sport activities in the last 12 months by income quintile, household composition, degree of urbanisation, activity type and frequency",A,Annual,GE4,At least 4 times,AC521,Cinema,TOTAL,Total,TOTAL,Total,TOTAL,Total,PC,Percentage,FR,France,2022,,13.5,,,,,
dataflow,ESTAT:ILC_SCP04$DV_2741(1.0),"Persons participating in in cultural or sport activities in the last 12 months by income quintile, household composition, degree of urbanisation, activity type and frequency",A,Annual,GE4,At least 4 times,AC521,Cinema,TOTAL,Total,TOTAL,Total,TOTAL,Total,PC,Percentage,HR,Croatia,2015,,9.2,,,,,
dataflow,ESTAT:ILC_SCP04$DV_2741(1.0),"Persons participating in in cultural or sport activities in the last 12 months by income quintile, household composition, degree of urbanisation, activity type and frequency",A,Annual,GE4,At least 4 times,AC521,Cinema,TOTAL,Total,TOTAL,Total,TOTAL,Total,PC,Percentage,HR,Croatia,2022,,5.8,,,,,
dataflow,ESTAT:ILC_SCP04$DV_2741(1.0),"Persons participating in in cultural or sport activities in the last 12 months by income quintile, household composition, degree of urbanisation, activity type and frequency",A,Annual,GE4,At least 4 times,AC521,Cinema,TOTAL,Total,TOTAL,Total,TOTAL,Total,PC,Percentage,HU,Hungary,2015,,10.8,,,,,
dataflow,ESTAT:ILC_SCP04$DV_2741(1.0),"Persons participating in in cultural or sport activities in the last 12 months by income quintile, household composition, degree of urbanisation, activity type and frequency",A,Annual,GE4,At least 4 times,AC521,Cinema,TOTAL,Total,TOTAL,Total,TOTAL,Total,PC,Percentage,HU,Hungary,2022,,4.7,,,,,
dataflow,ESTAT:ILC_SCP04$DV_2741(1.0),"Persons participating in in cultural or sport activities in the last 12 months by income quintile, household composition, degree of urbanisation, activity type and frequency",A,Annual,GE4,At least 4 times,AC521,Cinema,TOTAL,Total,TOTAL,Total,TOTAL,Total,PC,Percentage,IE,Ireland,2015,,19.9,,u,low reliability,,
dataflow,ESTAT:ILC_SCP04$DV_2741(1.0),"Persons participating in in cultural or sport activities in the last 12 months by income quintile, household composition, degree of urbanisation, activity type and frequency",A,Annual,GE4,At least 4 times,AC521,Cinema,TOTAL,Total,TOTAL,Total,TOTAL,Total,PC,Percentage,IE,Ireland,2022,,8.4,,,,,
dataflow,ESTAT:ILC_SCP04$DV_2741(1.0),"Persons participating in in cultural or sport activities in the last 12 months by income quintile, household composition, degree of urbanisation, activity type and frequency",A,Annual,GE4,At least 4 times,AC521,Cinema,TOTAL,Total,TOTAL,Total,TOTAL,Total,PC,Percentage,IS,Iceland,2015,,31.8,,,,,
dataflow,ESTAT:ILC_SCP04$DV_2741(1.0),"Persons participating in in cultural or sport activities in the last 12 months by income quintile, household composition, degree of urbanisation, activity type and frequency",A,Annual,GE4,At least 4 times,AC521,Cinema,TOTAL,Total,TOTAL,Total,TOTAL,Total,PC,Percentage,IT,Italy,2015,,15.3,,,,,
dataflow,ESTAT:ILC_SCP04$DV_2741(1.0),"Persons participating in in cultural or sport activities in the last 12 months by income quintile, household composition, degree of urbanisation, activity type and frequency",A,Annual,GE4,At least 4 times,AC521,Cinema,TOTAL,Total,TOTAL,Total,TOTAL,Total,PC,Percentage,IT,Italy,2022,,6.5,,,,,
dataflow,ESTAT:ILC_SCP04$DV_2741(1.0),"Persons participating in in cultural or sport activities in the last 12 months by income quintile, household composition, degree of urbanisation, activity type and frequency",A,Annual,GE4,At least 4 times,AC521,Cinema,TOTAL,Total,TOTAL,Total,TOTAL,Total,PC,Percentage,LT,Lithuania,2015,,9.6,,,,,
dataflow,ESTAT:ILC_SCP04$DV_2741(1.0),"Persons participating in in cultural or sport activities in the last 12 months by income quintile, household composition, degree of urbanisation, activity type and frequency",A,Annual,GE4,At least 4 times,AC521,Cinema,TOTAL,Total,TOTAL,Total,TOTAL,Total,PC,Percentage,LT,Lithuania,2022,,5.6,,,,,
dataflow,ESTAT:ILC_SCP04$DV_2741(1.0),"Persons participating in in cultural or sport activities in the last 12 months by income quintile, household composition, degree of urbanisation, activity type and frequency",A,Annual,GE4,At least 4 times,AC521,Cinema,TOTAL,Total,TOTAL,Total,TOTAL,Total,PC,Percentage,LU,Luxembourg,2015,,26.5,,,,,
dataflow,ESTAT:ILC_SCP04$DV_2741(1.0),"Persons participating in in cultural or sport activities in the last 12 months by income quintile, household composition, degree of urbanisation, activity type and frequency",A,Annual,GE4,At least 4 times,AC521,Cinema,TOTAL,Total,TOTAL,Total,TOTAL,Total,PC,Percentage,LU,Luxembourg,2022,,11.4,,,,,
dataflow,ESTAT:ILC_SCP04$DV_2741(1.0),"Persons participating in in cultural or sport activities in the last 12 months by income quintile, household composition, degree of urbanisation, activity type and frequency",A,Annual,GE4,At least 4 times,AC521,Cinema,TOTAL,Total,TOTAL,Total,TOTAL,Total,PC,Percentage,LV,Latvia,2015,,10.9,,,,,
dataflow,ESTAT:ILC_SCP04$DV_2741(1.0),"Persons participating in in cultural or sport activities in the last 12 months by income quintile, household composition, degree of urbanisation, activity type and frequency",A,Annual,GE4,At least 4 times,AC521,Cinema,TOTAL,Total,TOTAL,Total,TOTAL,Total,PC,Percentage,LV,Latvia,2022,,2.5,,,,,
dataflow,ESTAT:ILC_SCP04$DV_2741(1.0),"Persons participating in in cultural or sport activities in the last 12 months by income quintile, household composition, degree of urbanisation, activity type and frequency",A,Annual,GE4,At least 4 times,AC521,Cinema,TOTAL,Total,TOTAL,Total,TOTAL,Total,PC,Percentage,MT,Malta,2015,,14.1,,,,,
dataflow,ESTAT:ILC_SCP04$DV_2741(1.0),"Persons participating in in cultural or sport activities in the last 12 months by income quintile, household composition, degree of urbanisation, activity type and frequency",A,Annual,GE4,At least 4 times,AC521,Cinema,TOTAL,Total,TOTAL,Total,TOTAL,Total,PC,Percentage,MT,Malta,2022,,4.2,,,,,
dataflow,ESTAT:ILC_SCP04$DV_2741(1.0),"Persons participating in in cultural or sport activities in the last 12 months by income quintile, household composition, degree of urbanisation, activity type and frequency",A,Annual,GE4,At least 4 times,AC521,Cinema,TOTAL,Total,TOTAL,Total,TOTAL,Total,PC,Percentage,NL,Netherlands,2015,,22.2,,,,,
dataflow,ESTAT:ILC_SCP04$DV_2741(1.0),"Persons participating in in cultural or sport activities in the last 12 months by income quintile, household composition, degree of urbanisation, activity type and frequency",A,Annual,GE4,At least 4 times,AC521,Cinema,TOTAL,Total,TOTAL,Total,TOTAL,Total,PC,Percentage,NL,Netherlands,2022,,14.7,,,,,
dataflow,ESTAT:ILC_SCP04$DV_2741(1.0),"Persons participating in in cultural or sport activities in the last 12 months by income quintile, household composition, degree of urbanisation, activity type and frequency",A,Annual,GE4,At least 4 times,AC521,Cinema,TOTAL,Total,TOTAL,Total,TOTAL,Total,PC,Percentage,NO,Norway,2015,,27.1,,,,,
dataflow,ESTAT:ILC_SCP04$DV_2741(1.0),"Persons participating in in cultural or sport activities in the last 12 months by income quintile, household composition, degree of urbanisation, activity type and frequency",A,Annual,GE4,At least 4 times,AC521,Cinema,TOTAL,Total,TOTAL,Total,TOTAL,Total,PC,Percentage,NO,Norway,2022,,9.4,,,,,
dataflow,ESTAT:ILC_SCP04$DV_2741(1.0),"Persons participating in in cultural or sport activities in the last 12 months by income quintile, household composition, degree of urbanisation, activity type and frequency",A,Annual,GE4,At least 4 times,AC521,Cinema,TOTAL,Total,TOTAL,Total,TOTAL,Total,PC,Percentage,PL,Poland,2015,,9.7,,u,low reliability,,
dataflow,ESTAT:ILC_SCP04$DV_2741(1.0),"Persons participating in in cultural or sport activities in the last 12 months by income quintile, household composition, degree of urbanisation, activity type and frequency",A,Annual,GE4,At least 4 times,AC521,Cinema,TOTAL,Total,TOTAL,Total,TOTAL,Total,PC,Percentage,PL,Poland,2022,,9.5,,,,,
dataflow,ESTAT:ILC_SCP04$DV_2741(1.0),"Persons participating in in cultural or sport activities in the last 12 months by income quintile, household composition, degree of urbanisation, activity type and frequency",A,Annual,GE4,At least 4 times,AC521,Cinema,TOTAL,Total,TOTAL,Total,TOTAL,Total,PC,Percentage,PT,Portugal,2015,,12.7,,,,,
dataflow,ESTAT:ILC_SCP04$DV_2741(1.0),"Persons participating in in cultural or sport activities in the last 12 months by income quintile, household composition, degree of urbanisation, activity type and frequency",A,Annual,GE4,At least 4 times,AC521,Cinema,TOTAL,Total,TOTAL,Total,TOTAL,Total,PC,Percentage,PT,Portugal,2022,,7.2,,,,,
dataflow,ESTAT:ILC_SCP04$DV_2741(1.0),"Persons participating in in cultural or sport activities in the last 12 months by income quintile, household composition, degree of urbanisation, activity type and frequency",A,Annual,GE4,At least 4 times,AC521,Cinema,TOTAL,Total,TOTAL,Total,TOTAL,Total,PC,Percentage,RO,Romania,2015,,7.1,,,,,
dataflow,ESTAT:ILC_SCP04$DV_2741(1.0),"Persons participating in in cultural or sport activities in the last 12 months by income quintile, household composition, degree of urbanisation, activity type and frequency",A,Annual,GE4,At least 4 times,AC521,Cinema,TOTAL,Total,TOTAL,Total,TOTAL,Total,PC,Percentage,RO,Romania,2022,,2.0,,,,,
dataflow,ESTAT:ILC_SCP04$DV_2741(1.0),"Persons participating in in cultural or sport activities in the last 12 months by income quintile, household composition, degree of urbanisation, activity type and frequency",A,Annual,GE4,At least 4 times,AC521,Cinema,TOTAL,Total,TOTAL,Total,TOTAL,Total,PC,Percentage,RS,Serbia,2015,,6.6,,,,,
dataflow,ESTAT:ILC_SCP04$DV_2741(1.0),"Persons participating in in cultural or sport activities in the last 12 months by income quintile, household composition, degree of urbanisation, activity type and frequency",A,Annual,GE4,At least 4 times,AC521,Cinema,TOTAL,Total,TOTAL,Total,TOTAL,Total,PC,Percentage,RS,Serbia,2022,,4.6,,,,,
dataflow,ESTAT:ILC_SCP04$DV_2741(1.0),"Persons participating in in cultural or sport activities in the last 12 months by income quintile, household composition, degree of urbanisation, activity type and frequency",A,Annual,GE4,At least 4 times,AC521,Cinema,TOTAL,Total,TOTAL,Total,TOTAL,Total,PC,Percentage,SE,Sweden,2015,,20.8,,,,,
dataflow,ESTAT:ILC_SCP04$DV_2741(1.0),"Persons participating in in cultural or sport activities in the last 12 months by income quintile, household composition, degree of urbanisation, activity type and frequency",A,Annual,GE4,At least 4 times,AC521,Cinema,TOTAL,Total,TOTAL,Total,TOTAL,Total,PC,Percentage,SE,Sweden,2022,,6.6,,,,,
dataflow,ESTAT:ILC_SCP04$DV_2741(1.0),"Persons participating in in cultural or sport activities in the last 12 months by income quintile, household composition, degree of urbanisation, activity type and frequency",A,Annual,GE4,At least 4 times,AC521,Cinema,TOTAL,Total,TOTAL,Total,TOTAL,Total,PC,Percentage,SI,Slovenia,2015,,11.9,,,,,
dataflow,ESTAT:ILC_SCP04$DV_2741(1.0),"Persons participating in in cultural or sport activities in the last 12 months by income quintile, household composition, degree of urbanisation, activity type and frequency",A,Annual,GE4,At least 4 times,AC521,Cinema,TOTAL,Total,TOTAL,Total,TOTAL,Total,PC,Percentage,SI,Slovenia,2022,,3.7,,,,,
dataflow,ESTAT:ILC_SCP04$DV_2741(1.0),"Persons participating in in cultural or sport activities in the last 12 months by income quintile, household composition, degree of urbanisation, activity type and frequency",A,Annual,GE4,At least 4 times,AC521,Cinema,TOTAL,Total,TOTAL,Total,TOTAL,Total,PC,Percentage,SK,Slovakia,2015,,12.5,,,,,
dataflow,ESTAT:ILC_SCP04$DV_2741(1.0),"Persons participating in in cultural or sport activities in the last 12 months by income quintile, household composition, degree of urbanisation, activity type and frequency",A,Annual,GE4,At least 4 times,AC521,Cinema,TOTAL,Total,TOTAL,Total,TOTAL,Total,PC,Percentage,SK,Slovakia,2022,,2.8,,,,,
dataflow,ESTAT:ILC_SCP04$DV_2741(1.0),"Persons participating in in cultural or sport activities in the last 12 months by income quintile, household composition, degree of urbanisation, activity type and frequency",A,Annual,GE4,At least 4 times,AC521,Cinema,TOTAL,Total,TOTAL,Total,TOTAL,Total,PC,Percentage,UK,United Kingdom,2015,,20.4,,u,low reliability,,
dataflow,ESTAT:ILC_SCP04$DV_2741(1.0),"Persons participating in in cultural or sport activities in the last 12 months by income quintile, household composition, degree of urbanisation, activity type and frequency",A,Annual,GE4,At least 4 times,AC522A,"Live performances (theatre, concerts, ballet)",TOTAL,Total,TOTAL,Total,TOTAL,Total,PC,Percentage,AL,Albania,2022,,1.3,,,,,
dataflow,ESTAT:ILC_SCP04$DV_2741(1.0),"Persons participating in in cultural or sport activities in the last 12 months by income quintile, household composition, degree of urbanisation, activity type and frequency",A,Annual,GE4,At least 4 times,AC522A,"Live performances (theatre, concerts, ballet)",TOTAL,Total,TOTAL,Total,TOTAL,Total,PC,Percentage,AT,Austria,2015,,21.8,,,,,
dataflow,ESTAT:ILC_SCP04$DV_2741(1.0),"Persons participating in in cultural or sport activities in the last 12 months by income quintile, household composition, degree of urbanisation, activity type and frequency",A,Annual,GE4,At least 4 times,AC522A,"Live performances (theatre, concerts, ballet)",TOTAL,Total,TOTAL,Total,TOTAL,Total,PC,Percentage,AT,Austria,2022,,8.1,,,,,
dataflow,ESTAT:ILC_SCP04$DV_2741(1.0),"Persons participating in in cultural or sport activities in the last 12 months by income quintile, household composition, degree of urbanisation, activity type and frequency",A,Annual,GE4,At least 4 times,AC522A,"Live performances (theatre, concerts, ballet)",TOTAL,Total,TOTAL,Total,TOTAL,Total,PC,Percentage,BE,Belgium,2015,,20.3,,,,,
dataflow,ESTAT:ILC_SCP04$DV_2741(1.0),"Persons participating in in cultural or sport activities in the last 12 months by income quintile, household composition, degree of urbanisation, activity type and frequency",A,Annual,GE4,At least 4 times,AC522A,"Live performances (theatre, concerts, ballet)",TOTAL,Total,TOTAL,Total,TOTAL,Total,PC,Percentage,BE,Belgium,2022,,10.9,,,,,
dataflow,ESTAT:ILC_SCP04$DV_2741(1.0),"Persons participating in in cultural or sport activities in the last 12 months by income quintile, household composition, degree of urbanisation, activity type and frequency",A,Annual,GE4,At least 4 times,AC522A,"Live performances (theatre, concerts, ballet)",TOTAL,Total,TOTAL,Total,TOTAL,Total,PC,Percentage,BG,Bulgaria,2015,,6.7,,,,,
dataflow,ESTAT:ILC_SCP04$DV_2741(1.0),"Persons participating in in cultural or sport activities in the last 12 months by income quintile, household composition, degree of urbanisation, activity type and frequency",A,Annual,GE4,At least 4 times,AC522A,"Live performances (theatre, concerts, ballet)",TOTAL,Total,TOTAL,Total,TOTAL,Total,PC,Percentage,BG,Bulgaria,2022,,2.4,,,,,
dataflow,ESTAT:ILC_SCP04$DV_2741(1.0),"Persons participating in in cultural or sport activities in the last 12 months by income quintile, household composition, degree of urbanisation, activity type and frequency",A,Annual,GE4,At least 4 times,AC522A,"Live performances (theatre, concerts, ballet)",TOTAL,Total,TOTAL,Total,TOTAL,Total,PC,Percentage,CH,Switzerland,2015,,37.0,,,,,
dataflow,ESTAT:ILC_SCP04$DV_2741(1.0),"Persons participating in in cultural or sport activities in the last 12 months by income quintile, household composition, degree of urbanisation, activity type and frequency",A,Annual,GE4,At least 4 times,AC522A,"Live performances (theatre, concerts, ballet)",TOTAL,Total,TOTAL,Total,TOTAL,Total,PC,Percentage,CH,Switzerland,2022,,21.7,,,,,
dataflow,ESTAT:ILC_SCP04$DV_2741(1.0),"Persons participating in in cultural or sport activities in the last 12 months by income quintile, household composition, degree of urbanisation, activity type and frequency",A,Annual,GE4,At least 4 times,AC522A,"Live performances (theatre, concerts, ballet)",TOTAL,Total,TOTAL,Total,TOTAL,Total,PC,Percentage,CY,Cyprus,2015,,11.3,,,,,
dataflow,ESTAT:ILC_SCP04$DV_2741(1.0),"Persons participating in in cultural or sport activities in the last 12 months by income quintile, household composition, degree of urbanisation, activity type and frequency",A,Annual,GE4,At least 4 times,AC522A,"Live performances (theatre, concerts, ballet)",TOTAL,Total,TOTAL,Total,TOTAL,Total,PC,Percentage,CY,Cyprus,2022,,3.8,,,,,
dataflow,ESTAT:ILC_SCP04$DV_2741(1.0),"Persons participating in in cultural or sport activities in the last 12 months by income quintile, household composition, degree of urbanisation, activity type and frequency",A,Annual,GE4,At least 4 times,AC522A,"Live performances (theatre, concerts, ballet)",TOTAL,Total,TOTAL,Total,TOTAL,Total,PC,Percentage,CZ,Czechia,2015,,15.4,,,,,
dataflow,ESTAT:ILC_SCP04$DV_2741(1.0),"Persons participating in in cultural or sport activities in the last 12 months by income quintile, household composition, degree of urbanisation, activity type and frequency",A,Annual,GE4,At least 4 times,AC522A,"Live performances (theatre, concerts, ballet)",TOTAL,Total,TOTAL,Total,TOTAL,Total,PC,Percentage,CZ,Czechia,2022,,7.3,,,,,
dataflow,ESTAT:ILC_SCP04$DV_2741(1.0),"Persons participating in in cultural or sport activities in the last 12 months by income quintile, household composition, degree of urbanisation, activity type and frequency",A,Annual,GE4,At least 4 times,AC522A,"Live performances (theatre, concerts, ballet)",TOTAL,Total,TOTAL,Total,TOTAL,Total,PC,Percentage,DE,Germany,2015,,14.9,,,,,
dataflow,ESTAT:ILC_SCP04$DV_2741(1.0),"Persons participating in in cultural or sport activities in the last 12 months by income quintile, household composition, degree of urbanisation, activity type and frequency",A,Annual,GE4,At least 4 times,AC522A,"Live performances (theatre, concerts, ballet)",TOTAL,Total,TOTAL,Total,TOTAL,Total,PC,Percentage,DE,Germany,2022,,,,u,low reliability,,
dataflow,ESTAT:ILC_SCP04$DV_2741(1.0),"Persons participating in in cultural or sport activities in the last 12 months by income quintile, household composition, degree of urbanisation, activity type and frequency",A,Annual,GE4,At least 4 times,AC522A,"Live performances (theatre, concerts, ballet)",TOTAL,Total,TOTAL,Total,TOTAL,Total,PC,Percentage,DK,Denmark,2015,,13.4,,,,,
dataflow,ESTAT:ILC_SCP04$DV_2741(1.0),"Persons participating in in cultural or sport activities in the last 12 months by income quintile, household composition, degree of urbanisation, activity type and frequency",A,Annual,GE4,At least 4 times,AC522A,"Live performances (theatre, concerts, ballet)",TOTAL,Total,TOTAL,Total,TOTAL,Total,PC,Percentage,DK,Denmark,2022,,14.3,,,,,
dataflow,ESTAT:ILC_SCP04$DV_2741(1.0),"Persons participating in in cultural or sport activities in the last 12 months by income quintile, household composition, degree of urbanisation, activity type and frequency",A,Annual,GE4,At least 4 times,AC522A,"Live performances (theatre, concerts, ballet)",TOTAL,Total,TOTAL,Total,TOTAL,Total,PC,Percentage,EE,Estonia,2015,,20.6,,,,,
dataflow,ESTAT:ILC_SCP04$DV_2741(1.0),"Persons participating in in cultural or sport activities in the last 12 months by income quintile, household composition, degree of urbanisation, activity type and frequency",A,Annual,GE4,At least 4 times,AC522A,"Live performances (theatre, concerts, ballet)",TOTAL,Total,TOTAL,Total,TOTAL,Total,PC,Percentage,EE,Estonia,2022,,12.8,,,,,
dataflow,ESTAT:ILC_SCP04$DV_2741(1.0),"Persons participating in in cultural or sport activities in the last 12 months by income quintile, household composition, degree of urbanisation, activity type and frequency",A,Annual,GE4,At least 4 times,AC522A,"Live performances (theatre, concerts, ballet)",TOTAL,Total,TOTAL,Total,TOTAL,Total,PC,Percentage,EL,Greece,2015,,4.6,,,,,
dataflow,ESTAT:ILC_SCP04$DV_2741(1.0),"Persons participating in in cultural or sport activities in the last 12 months by income quintile, household composition, degree of urbanisation, activity type and frequency",A,Annual,GE4,At least 4 times,AC522A,"Live performances (theatre, concerts, ballet)",TOTAL,Total,TOTAL,Total,TOTAL,Total,PC,Percentage,EL,Greece,2022,,5.4,,,,,
dataflow,ESTAT:ILC_SCP04$DV_2741(1.0),"Persons participating in in cultural or sport activities in the last 12 months by income quintile, household composition, degree of urbanisation, activity type and frequency",A,Annual,GE4,At least 4 times,AC522A,"Live performances (theatre, concerts, ballet)",TOTAL,Total,TOTAL,Total,TOTAL,Total,PC,Percentage,ES,Spain,2015,,12.3,,,,,
dataflow,ESTAT:ILC_SCP04$DV_2741(1.0),"Persons participating in in cultural or sport activities in the last 12 months by income quintile, household composition, degree of urbanisation, activity type and frequency",A,Annual,GE4,At least 4 times,AC522A,"Live performances (theatre, concerts, ballet)",TOTAL,Total,TOTAL,Total,TOTAL,Total,PC,Percentage,ES,Spain,2022,,8.8,,,,,
dataflow,ESTAT:ILC_SCP04$DV_2741(1.0),"Persons participating in in cultural or sport activities in the last 12 months by income quintile, household composition, degree of urbanisation, activity type and frequency",A,Annual,GE4,At least 4 times,AC522A,"Live performances (theatre, concerts, ballet)",TOTAL,Total,TOTAL,Total,TOTAL,Total,PC,Percentage,EU27_2020,European Union - 27 countries (from 2020),2015,,12.8,,,,,
dataflow,ESTAT:ILC_SCP04$DV_2741(1.0),"Persons participating in in cultural or sport activities in the last 12 months by income quintile, household composition, degree of urbanisation, activity type and frequency",A,Annual,GE4,At least 4 times,AC522A,"Live performances (theatre, concerts, ballet)",TOTAL,Total,TOTAL,Total,TOTAL,Total,PC,Percentage,FI,Finland,2015,,23.9,,,,,
dataflow,ESTAT:ILC_SCP04$DV_2741(1.0),"Persons participating in in cultural or sport activities in the last 12 months by income quintile, household composition, degree of urbanisation, activity type and frequency",A,Annual,GE4,At least 4 times,AC522A,"Live performances (theatre, concerts, ballet)",TOTAL,Total,TOTAL,Total,TOTAL,Total,PC,Percentage,FI,Finland,2022,,6.3,,,,,
dataflow,ESTAT:ILC_SCP04$DV_2741(1.0),"Persons participating in in cultural or sport activities in the last 12 months by income quintile, household composition, degree of urbanisation, activity type and frequency",A,Annual,GE4,At least 4 times,AC522A,"Live performances (theatre, concerts, ballet)",TOTAL,Total,TOTAL,Total,TOTAL,Total,PC,Percentage,FR,France,2015,,17.7,,,,,
dataflow,ESTAT:ILC_SCP04$DV_2741(1.0),"Persons participating in in cultural or sport activities in the last 12 months by income quintile, household composition, degree of urbanisation, activity type and frequency",A,Annual,GE4,At least 4 times,AC522A,"Live performances (theatre, concerts, ballet)",TOTAL,Total,TOTAL,Total,TOTAL,Total,PC,Percentage,FR,France,2022,,5.2,,,,,
dataflow,ESTAT:ILC_SCP04$DV_2741(1.0),"Persons participating in in cultural or sport activities in the last 12 months by income quintile, household composition, degree of urbanisation, activity type and frequency",A,Annual,GE4,At least 4 times,AC522A,"Live performances (theatre, concerts, ballet)",TOTAL,Total,TOTAL,Total,TOTAL,Total,PC,Percentage,HR,Croatia,2015,,10.0,,,,,
dataflow,ESTAT:ILC_SCP04$DV_2741(1.0),"Persons participating in in cultural or sport activities in the last 12 months by income quintile, household composition, degree of urbanisation, activity type and frequency",A,Annual,GE4,At least 4 times,AC522A,"Live performances (theatre, concerts, ballet)",TOTAL,Total,TOTAL,Total,TOTAL,Total,PC,Percentage,HR,Croatia,2022,,5.9,,,,,
dataflow,ESTAT:ILC_SCP04$DV_2741(1.0),"Persons participating in in cultural or sport activities in the last 12 months by income quintile, household composition, degree of urbanisation, activity type and frequency",A,Annual,GE4,At least 4 times,AC522A,"Live performances (theatre, concerts, ballet)",TOTAL,Total,TOTAL,Total,TOTAL,Total,PC,Percentage,HU,Hungary,2015,,9.5,,,,,
dataflow,ESTAT:ILC_SCP04$DV_2741(1.0),"Persons participating in in cultural or sport activities in the last 12 months by income quintile, household composition, degree of urbanisation, activity type and frequency",A,Annual,GE4,At least 4 times,AC522A,"Live performances (theatre, concerts, ballet)",TOTAL,Total,TOTAL,Total,TOTAL,Total,PC,Percentage,HU,Hungary,2022,,4.1,,,,,
dataflow,ESTAT:ILC_SCP04$DV_2741(1.0),"Persons participating in in cultural or sport activities in the last 12 months by income quintile, household composition, degree of urbanisation, activity type and frequency",A,Annual,GE4,At least 4 times,AC522A,"Live performances (theatre, concerts, ballet)",TOTAL,Total,TOTAL,Total,TOTAL,Total,PC,Percentage,IE,Ireland,2015,,14.2,,u,low reliability,,
dataflow,ESTAT:ILC_SCP04$DV_2741(1.0),"Persons participating in in cultural or sport activities in the last 12 months by income quintile, household composition, degree of urbanisation, activity type and frequency",A,Annual,GE4,At least 4 times,AC522A,"Live performances (theatre, concerts, ballet)",TOTAL,Total,TOTAL,Total,TOTAL,Total,PC,Percentage,IE,Ireland,2022,,4.8,,,,,
dataflow,ESTAT:ILC_SCP04$DV_2741(1.0),"Persons participating in in cultural or sport activities in the last 12 months by income quintile, household composition, degree of urbanisation, activity type and frequency",A,Annual,GE4,At least 4 times,AC522A,"Live performances (theatre, concerts, ballet)",TOTAL,Total,TOTAL,Total,TOTAL,Total,PC,Percentage,IS,Iceland,2015,,34.8,,,,,
dataflow,ESTAT:ILC_SCP04$DV_2741(1.0),"Persons participating in in cultural or sport activities in the last 12 months by income quintile, household composition, degree of urbanisation, activity type and frequency",A,Annual,GE4,At least 4 times,AC522A,"Live performances (theatre, concerts, ballet)",TOTAL,Total,TOTAL,Total,TOTAL,Total,PC,Percentage,IT,Italy,2015,,8.0,,,,,
dataflow,ESTAT:ILC_SCP04$DV_2741(1.0),"Persons participating in in cultural or sport activities in the last 12 months by income quintile, household composition, degree of urbanisation, activity type and frequency",A,Annual,GE4,At least 4 times,AC522A,"Live performances (theatre, concerts, ballet)",TOTAL,Total,TOTAL,Total,TOTAL,Total,PC,Percentage,IT,Italy,2022,,3.3,,,,,
dataflow,ESTAT:ILC_SCP04$DV_2741(1.0),"Persons participating in in cultural or sport activities in the last 12 months by income quintile, household composition, degree of urbanisation, activity type and frequency",A,Annual,GE4,At least 4 times,AC522A,"Live performances (theatre, concerts, ballet)",TOTAL,Total,TOTAL,Total,TOTAL,Total,PC,Percentage,LT,Lithuania,2015,,14.2,,,,,
dataflow,ESTAT:ILC_SCP04$DV_2741(1.0),"Persons participating in in cultural or sport activities in the last 12 months by income quintile, household composition, degree of urbanisation, activity type and frequency",A,Annual,GE4,At least 4 times,AC522A,"Live performances (theatre, concerts, ballet)",TOTAL,Total,TOTAL,Total,TOTAL,Total,PC,Percentage,LT,Lithuania,2022,,6.7,,,,,
dataflow,ESTAT:ILC_SCP04$DV_2741(1.0),"Persons participating in in cultural or sport activities in the last 12 months by income quintile, household composition, degree of urbanisation, activity type and frequency",A,Annual,GE4,At least 4 times,AC522A,"Live performances (theatre, concerts, ballet)",TOTAL,Total,TOTAL,Total,TOTAL,Total,PC,Percentage,LU,Luxembourg,2015,,26.8,,,,,
dataflow,ESTAT:ILC_SCP04$DV_2741(1.0),"Persons participating in in cultural or sport activities in the last 12 months by income quintile, household composition, degree of urbanisation, activity type and frequency",A,Annual,GE4,At least 4 times,AC522A,"Live performances (theatre, concerts, ballet)",TOTAL,Total,TOTAL,Total,TOTAL,Total,PC,Percentage,LU,Luxembourg,2022,,7.0,,,,,
dataflow,ESTAT:ILC_SCP04$DV_2741(1.0),"Persons participating in in cultural or sport activities in the last 12 months by income quintile, household composition, degree of urbanisation, activity type and frequency",A,Annual,GE4,At least 4 times,AC522A,"Live performances (theatre, concerts, ballet)",TOTAL,Total,TOTAL,Total,TOTAL,Total,PC,Percentage,LV,Latvia,2015,,17.5,,,,,
dataflow,ESTAT:ILC_SCP04$DV_2741(1.0),"Persons participating in in cultural or sport activities in the last 12 months by income quintile, household composition, degree of urbanisation, activity type and frequency",A,Annual,GE4,At least 4 times,AC522A,"Live performances (theatre, concerts, ballet)",TOTAL,Total,TOTAL,Total,TOTAL,Total,PC,Percentage,LV,Latvia,2022,,3.1,,,,,
dataflow,ESTAT:ILC_SCP04$DV_2741(1.0),"Persons participating in in cultural or sport activities in the last 12 months by income quintile, household composition, degree of urbanisation, activity type and frequency",A,Annual,GE4,At least 4 times,AC522A,"Live performances (theatre, concerts, ballet)",TOTAL,Total,TOTAL,Total,TOTAL,Total,PC,Percentage,MT,Malta,2015,,10.5,,,,,
dataflow,ESTAT:ILC_SCP04$DV_2741(1.0),"Persons participating in in cultural or sport activities in the last 12 months by income quintile, household composition, degree of urbanisation, activity type and frequency",A,Annual,GE4,At least 4 times,AC522A,"Live performances (theatre, concerts, ballet)",TOTAL,Total,TOTAL,Total,TOTAL,Total,PC,Percentage,MT,Malta,2022,,4.1,,,,,
dataflow,ESTAT:ILC_SCP04$DV_2741(1.0),"Persons participating in in cultural or sport activities in the last 12 months by income quintile, household composition, degree of urbanisation, activity type and frequency",A,Annual,GE4,At least 4 times,AC522A,"Live performances (theatre, concerts, ballet)",TOTAL,Total,TOTAL,Total,TOTAL,Total,PC,Percentage,NL,Netherlands,2015,,20.5,,,,,
dataflow,ESTAT:ILC_SCP04$DV_2741(1.0),"Persons participating in in cultural or sport activities in the last 12 months by income quintile, household composition, degree of urbanisation, activity type and frequency",A,Annual,GE4,At least 4 times,AC522A,"Live performances (theatre, concerts, ballet)",TOTAL,Total,TOTAL,Total,TOTAL,Total,PC,Percentage,NL,Netherlands,2022,,10.9,,,,,
dataflow,ESTAT:ILC_SCP04$DV_2741(1.0),"Persons participating in in cultural or sport activities in the last 12 months by income quintile, household composition, degree of urbanisation, activity type and frequency",A,Annual,GE4,At least 4 times,AC522A,"Live performances (theatre, concerts, ballet)",TOTAL,Total,TOTAL,Total,TOTAL,Total,PC,Percentage,NO,Norway,2015,,23.4,,,,,
dataflow,ESTAT:ILC_SCP04$DV_2741(1.0),"Persons participating in in cultural or sport activities in the last 12 months by income quintile, household composition, degree of urbanisation, activity type and frequency",A,Annual,GE4,At least 4 times,AC522A,"Live performances (theatre, concerts, ballet)",TOTAL,Total,TOTAL,Total,TOTAL,Total,PC,Percentage,NO,Norway,2022,,8.9,,,,,
dataflow,ESTAT:ILC_SCP04$DV_2741(1.0),"Persons participating in in cultural or sport activities in the last 12 months by income quintile, household composition, degree of urbanisation, activity type and frequency",A,Annual,GE4,At least 4 times,AC522A,"Live performances (theatre, concerts, ballet)",TOTAL,Total,TOTAL,Total,TOTAL,Total,PC,Percentage,PL,Poland,2015,,3.7,,u,low reliability,,
dataflow,ESTAT:ILC_SCP04$DV_2741(1.0),"Persons participating in in cultural or sport activities in the last 12 months by income quintile, household composition, degree of urbanisation, activity type and frequency",A,Annual,GE4,At least 4 times,AC522A,"Live performances (theatre, concerts, ballet)",TOTAL,Total,TOTAL,Total,TOTAL,Total,PC,Percentage,PL,Poland,2022,,2.6,,,,,
dataflow,ESTAT:ILC_SCP04$DV_2741(1.0),"Persons participating in in cultural or sport activities in the last 12 months by income quintile, household composition, degree of urbanisation, activity type and frequency",A,Annual,GE4,At least 4 times,AC522A,"Live performances (theatre, concerts, ballet)",TOTAL,Total,TOTAL,Total,TOTAL,Total,PC,Percentage,PT,Portugal,2015,,17.3,,,,,
dataflow,ESTAT:ILC_SCP04$DV_2741(1.0),"Persons participating in in cultural or sport activities in the last 12 months by income quintile, household composition, degree of urbanisation, activity type and frequency",A,Annual,GE4,At least 4 times,AC522A,"Live performances (theatre, concerts, ballet)",TOTAL,Total,TOTAL,Total,TOTAL,Total,PC,Percentage,PT,Portugal,2022,,8.2,,,,,
dataflow,ESTAT:ILC_SCP04$DV_2741(1.0),"Persons participating in in cultural or sport activities in the last 12 months by income quintile, household composition, degree of urbanisation, activity type and frequency",A,Annual,GE4,At least 4 times,AC522A,"Live performances (theatre, concerts, ballet)",TOTAL,Total,TOTAL,Total,TOTAL,Total,PC,Percentage,RO,Romania,2015,,6.7,,,,,
dataflow,ESTAT:ILC_SCP04$DV_2741(1.0),"Persons participating in in cultural or sport activities in the last 12 months by income quintile, household composition, degree of urbanisation, activity type and frequency",A,Annual,GE4,At least 4 times,AC522A,"Live performances (theatre, concerts, ballet)",TOTAL,Total,TOTAL,Total,TOTAL,Total,PC,Percentage,RO,Romania,2022,,1.4,,,,,
dataflow,ESTAT:ILC_SCP04$DV_2741(1.0),"Persons participating in in cultural or sport activities in the last 12 months by income quintile, household composition, degree of urbanisation, activity type and frequency",A,Annual,GE4,At least 4 times,AC522A,"Live performances (theatre, concerts, ballet)",TOTAL,Total,TOTAL,Total,TOTAL,Total,PC,Percentage,RS,Serbia,2015,,7.8,,,,,
dataflow,ESTAT:ILC_SCP04$DV_2741(1.0),"Persons participating in in cultural or sport activities in the last 12 months by income quintile, household composition, degree of urbanisation, activity type and frequency",A,Annual,GE4,At least 4 times,AC522A,"Live performances (theatre, concerts, ballet)",TOTAL,Total,TOTAL,Total,TOTAL,Total,PC,Percentage,RS,Serbia,2022,,5.1,,,,,
dataflow,ESTAT:ILC_SCP04$DV_2741(1.0),"Persons participating in in cultural or sport activities in the last 12 months by income quintile, household composition, degree of urbanisation, activity type and frequency",A,Annual,GE4,At least 4 times,AC522A,"Live performances (theatre, concerts, ballet)",TOTAL,Total,TOTAL,Total,TOTAL,Total,PC,Percentage,SE,Sweden,2015,,16.4,,,,,
dataflow,ESTAT:ILC_SCP04$DV_2741(1.0),"Persons participating in in cultural or sport activities in the last 12 months by income quintile, household composition, degree of urbanisation, activity type and frequency",A,Annual,GE4,At least 4 times,AC522A,"Live performances (theatre, concerts, ballet)",TOTAL,Total,TOTAL,Total,TOTAL,Total,PC,Percentage,SE,Sweden,2022,,5.4,,,,,
dataflow,ESTAT:ILC_SCP04$DV_2741(1.0),"Persons participating in in cultural or sport activities in the last 12 months by income quintile, household composition, degree of urbanisation, activity type and frequency",A,Annual,GE4,At least 4 times,AC522A,"Live performances (theatre, concerts, ballet)",TOTAL,Total,TOTAL,Total,TOTAL,Total,PC,Percentage,SI,Slovenia,2015,,28.2,,,,,
dataflow,ESTAT:ILC_SCP04$DV_2741(1.0),"Persons participating in in cultural or sport activities in the last 12 months by income quintile, household composition, degree of urbanisation, activity type and frequency",A,Annual,GE4,At least 4 times,AC522A,"Live performances (theatre, concerts, ballet)",TOTAL,Total,TOTAL,Total,TOTAL,Total,PC,Percentage,SI,Slovenia,2022,,10.0,,,,,
dataflow,ESTAT:ILC_SCP04$DV_2741(1.0),"Persons participating in in cultural or sport activities in the last 12 months by income quintile, household composition, degree of urbanisation, activity type and frequency",A,Annual,GE4,At least 4 times,AC522A,"Live performances (theatre, concerts, ballet)",TOTAL,Total,TOTAL,Total,TOTAL,Total,PC,Percentage,SK,Slovakia,2015,,9.3,,,,,
dataflow,ESTAT:ILC_SCP04$DV_2741(1.0),"Persons participating in in cultural or sport activities in the last 12 months by income quintile, household composition, degree of urbanisation, activity type and frequency",A,Annual,GE4,At least 4 times,AC522A,"Live performances (theatre, concerts, ballet)",TOTAL,Total,TOTAL,Total,TOTAL,Total,PC,Percentage,SK,Slovakia,2022,,1.5,,,,,
dataflow,ESTAT:ILC_SCP04$DV_2741(1.0),"Persons participating in in cultural or sport activities in the last 12 months by income quintile, household composition, degree of urbanisation, activity type and frequency",A,Annual,GE4,At least 4 times,AC522A,"Live performances (theatre, concerts, ballet)",TOTAL,Total,TOTAL,Total,TOTAL,Total,PC,Percentage,UK,United Kingdom,2015,,18.0,,u,low reliability,,
dataflow,ESTAT:ILC_SCP04$DV_2741(1.0),"Persons participating in in cultural or sport activities in the last 12 months by income quintile, household composition, degree of urbanisation, activity type and frequency",A,Annual,GE4,At least 4 times,AC523H,"Cultural sites (historical monuments, museums, art galleries or archaeological sites)",TOTAL,Total,TOTAL,Total,TOTAL,Total,PC,Percentage,AL,Albania,2022,,1.6,,,,,
dataflow,ESTAT:ILC_SCP04$DV_2741(1.0),"Persons participating in in cultural or sport activities in the last 12 months by income quintile, household composition, degree of urbanisation, activity type and frequency",A,Annual,GE4,At least 4 times,AC523H,"Cultural sites (historical monuments, museums, art galleries or archaeological sites)",TOTAL,Total,TOTAL,Total,TOTAL,Total,PC,Percentage,AT,Austria,2015,,15.8,,,,,
dataflow,ESTAT:ILC_SCP04$DV_2741(1.0),"Persons participating in in cultural or sport activities in the last 12 months by income quintile, household composition, degree of urbanisation, activity type and frequency",A,Annual,GE4,At least 4 times,AC523H,"Cultural sites (historical monuments, museums, art galleries or archaeological sites)",TOTAL,Total,TOTAL,Total,TOTAL,Total,PC,Percentage,AT,Austria,2022,,9.1,,,,,
dataflow,ESTAT:ILC_SCP04$DV_2741(1.0),"Persons participating in in cultural or sport activities in the last 12 months by income quintile, household composition, degree of urbanisation, activity type and frequency",A,Annual,GE4,At least 4 times,AC523H,"Cultural sites (historical monuments, museums, art galleries or archaeological sites)",TOTAL,Total,TOTAL,Total,TOTAL,Total,PC,Percentage,BE,Belgium,2015,,19.6,,,,,
dataflow,ESTAT:ILC_SCP04$DV_2741(1.0),"Persons participating in in cultural or sport activities in the last 12 months by income quintile, household composition, degree of urbanisation, activity type and frequency",A,Annual,GE4,At least 4 times,AC523H,"Cultural sites (historical monuments, museums, art galleries or archaeological sites)",TOTAL,Total,TOTAL,Total,TOTAL,Total,PC,Percentage,BE,Belgium,2022,,12.9,,,,,
dataflow,ESTAT:ILC_SCP04$DV_2741(1.0),"Persons participating in in cultural or sport activities in the last 12 months by income quintile, household composition, degree of urbanisation, activity type and frequency",A,Annual,GE4,At least 4 times,AC523H,"Cultural sites (historical monuments, museums, art galleries or archaeological sites)",TOTAL,Total,TOTAL,Total,TOTAL,Total,PC,Percentage,BG,Bulgaria,2015,,4.5,,,,,
dataflow,ESTAT:ILC_SCP04$DV_2741(1.0),"Persons participating in in cultural or sport activities in the last 12 months by income quintile, household composition, degree of urbanisation, activity type and frequency",A,Annual,GE4,At least 4 times,AC523H,"Cultural sites (historical monuments, museums, art galleries or archaeological sites)",TOTAL,Total,TOTAL,Total,TOTAL,Total,PC,Percentage,BG,Bulgaria,2022,,2.8,,,,,
dataflow,ESTAT:ILC_SCP04$DV_2741(1.0),"Persons participating in in cultural or sport activities in the last 12 months by income quintile, household composition, degree of urbanisation, activity type and frequency",A,Annual,GE4,At least 4 times,AC523H,"Cultural sites (historical monuments, museums, art galleries or archaeological sites)",TOTAL,Total,TOTAL,Total,TOTAL,Total,PC,Percentage,CH,Switzerland,2015,,26.5,,,,,
dataflow,ESTAT:ILC_SCP04$DV_2741(1.0),"Persons participating in in cultural or sport activities in the last 12 months by income quintile, household composition, degree of urbanisation, activity type and frequency",A,Annual,GE4,At least 4 times,AC523H,"Cultural sites (historical monuments, museums, art galleries or archaeological sites)",TOTAL,Total,TOTAL,Total,TOTAL,Total,PC,Percentage,CH,Switzerland,2022,,22.1,,,,,
dataflow,ESTAT:ILC_SCP04$DV_2741(1.0),"Persons participating in in cultural or sport activities in the last 12 months by income quintile, household composition, degree of urbanisation, activity type and frequency",A,Annual,GE4,At least 4 times,AC523H,"Cultural sites (historical monuments, museums, art galleries or archaeological sites)",TOTAL,Total,TOTAL,Total,TOTAL,Total,PC,Percentage,CY,Cyprus,2015,,4.0,,,,,
dataflow,ESTAT:ILC_SCP04$DV_2741(1.0),"Persons participating in in cultural or sport activities in the last 12 months by income quintile, household composition, degree of urbanisation, activity type and frequency",A,Annual,GE4,At least 4 times,AC523H,"Cultural sites (historical monuments, museums, art galleries or archaeological sites)",TOTAL,Total,TOTAL,Total,TOTAL,Total,PC,Percentage,CY,Cyprus,2022,,1.2,,,,,
dataflow,ESTAT:ILC_SCP04$DV_2741(1.0),"Persons participating in in cultural or sport activities in the last 12 months by income quintile, household composition, degree of urbanisation, activity type and frequency",A,Annual,GE4,At least 4 times,AC523H,"Cultural sites (historical monuments, museums, art galleries or archaeological sites)",TOTAL,Total,TOTAL,Total,TOTAL,Total,PC,Percentage,CZ,Czechia,2015,,17.1,,,,,
dataflow,ESTAT:ILC_SCP04$DV_2741(1.0),"Persons participating in in cultural or sport activities in the last 12 months by income quintile, household composition, degree of urbanisation, activity type and frequency",A,Annual,GE4,At least 4 times,AC523H,"Cultural sites (historical monuments, museums, art galleries or archaeological sites)",TOTAL,Total,TOTAL,Total,TOTAL,Total,PC,Percentage,CZ,Czechia,2022,,13.3,,,,,
dataflow,ESTAT:ILC_SCP04$DV_2741(1.0),"Persons participating in in cultural or sport activities in the last 12 months by income quintile, household composition, degree of urbanisation, activity type and frequency",A,Annual,GE4,At least 4 times,AC523H,"Cultural sites (historical monuments, museums, art galleries or archaeological sites)",TOTAL,Total,TOTAL,Total,TOTAL,Total,PC,Percentage,DE,Germany,2015,,17.5,,,,,
dataflow,ESTAT:ILC_SCP04$DV_2741(1.0),"Persons participating in in cultural or sport activities in the last 12 months by income quintile, household composition, degree of urbanisation, activity type and frequency",A,Annual,GE4,At least 4 times,AC523H,"Cultural sites (historical monuments, museums, art galleries or archaeological sites)",TOTAL,Total,TOTAL,Total,TOTAL,Total,PC,Percentage,DE,Germany,2022,,,,u,low reliability,,
dataflow,ESTAT:ILC_SCP04$DV_2741(1.0),"Persons participating in in cultural or sport activities in the last 12 months by income quintile, household composition, degree of urbanisation, activity type and frequency",A,Annual,GE4,At least 4 times,AC523H,"Cultural sites (historical monuments, museums, art galleries or archaeological sites)",TOTAL,Total,TOTAL,Total,TOTAL,Total,PC,Percentage,DK,Denmark,2015,,14.6,,,,,
dataflow,ESTAT:ILC_SCP04$DV_2741(1.0),"Persons participating in in cultural or sport activities in the last 12 months by income quintile, household composition, degree of urbanisation, activity type and frequency",A,Annual,GE4,At least 4 times,AC523H,"Cultural sites (historical monuments, museums, art galleries or archaeological sites)",TOTAL,Total,TOTAL,Total,TOTAL,Total,PC,Percentage,DK,Denmark,2022,,19.5,,,,,
dataflow,ESTAT:ILC_SCP04$DV_2741(1.0),"Persons participating in in cultural or sport activities in the last 12 months by income quintile, household composition, degree of urbanisation, activity type and frequency",A,Annual,GE4,At least 4 times,AC523H,"Cultural sites (historical monuments, museums, art galleries or archaeological sites)",TOTAL,Total,TOTAL,Total,TOTAL,Total,PC,Percentage,EE,Estonia,2015,,14.8,,,,,
dataflow,ESTAT:ILC_SCP04$DV_2741(1.0),"Persons participating in in cultural or sport activities in the last 12 months by income quintile, household composition, degree of urbanisation, activity type and frequency",A,Annual,GE4,At least 4 times,AC523H,"Cultural sites (historical monuments, museums, art galleries or archaeological sites)",TOTAL,Total,TOTAL,Total,TOTAL,Total,PC,Percentage,EE,Estonia,2022,,12.8,,,,,
dataflow,ESTAT:ILC_SCP04$DV_2741(1.0),"Persons participating in in cultural or sport activities in the last 12 months by income quintile, household composition, degree of urbanisation, activity type and frequency",A,Annual,GE4,At least 4 times,AC523H,"Cultural sites (historical monuments, museums, art galleries or archaeological sites)",TOTAL,Total,TOTAL,Total,TOTAL,Total,PC,Percentage,EL,Greece,2015,,1.9,,,,,
dataflow,ESTAT:ILC_SCP04$DV_2741(1.0),"Persons participating in in cultural or sport activities in the last 12 months by income quintile, household composition, degree of urbanisation, activity type and frequency",A,Annual,GE4,At least 4 times,AC523H,"Cultural sites (historical monuments, museums, art galleries or archaeological sites)",TOTAL,Total,TOTAL,Total,TOTAL,Total,PC,Percentage,EL,Greece,2022,,2.7,,,,,
dataflow,ESTAT:ILC_SCP04$DV_2741(1.0),"Persons participating in in cultural or sport activities in the last 12 months by income quintile, household composition, degree of urbanisation, activity type and frequency",A,Annual,GE4,At least 4 times,AC523H,"Cultural sites (historical monuments, museums, art galleries or archaeological sites)",TOTAL,Total,TOTAL,Total,TOTAL,Total,PC,Percentage,ES,Spain,2015,,14.7,,,,,
dataflow,ESTAT:ILC_SCP04$DV_2741(1.0),"Persons participating in in cultural or sport activities in the last 12 months by income quintile, household composition, degree of urbanisation, activity type and frequency",A,Annual,GE4,At least 4 times,AC523H,"Cultural sites (historical monuments, museums, art galleries or archaeological sites)",TOTAL,Total,TOTAL,Total,TOTAL,Total,PC,Percentage,ES,Spain,2022,,14.2,,,,,
dataflow,ESTAT:ILC_SCP04$DV_2741(1.0),"Persons participating in in cultural or sport activities in the last 12 months by income quintile, household composition, degree of urbanisation, activity type and frequency",A,Annual,GE4,At least 4 times,AC523H,"Cultural sites (historical monuments, museums, art galleries or archaeological sites)",TOTAL,Total,TOTAL,Total,TOTAL,Total,PC,Percentage,EU27_2020,European Union - 27 countries (from 2020),2015,,14.1,,,,,
dataflow,ESTAT:ILC_SCP04$DV_2741(1.0),"Persons participating in in cultural or sport activities in the last 12 months by income quintile, household composition, degree of urbanisation, activity type and frequency",A,Annual,GE4,At least 4 times,AC523H,"Cultural sites (historical monuments, museums, art galleries or archaeological sites)",TOTAL,Total,TOTAL,Total,TOTAL,Total,PC,Percentage,FI,Finland,2015,,19.8,,,,,
dataflow,ESTAT:ILC_SCP04$DV_2741(1.0),"Persons participating in in cultural or sport activities in the last 12 months by income quintile, household composition, degree of urbanisation, activity type and frequency",A,Annual,GE4,At least 4 times,AC523H,"Cultural sites (historical monuments, museums, art galleries or archaeological sites)",TOTAL,Total,TOTAL,Total,TOTAL,Total,PC,Percentage,FI,Finland,2022,,12.6,,,,,
dataflow,ESTAT:ILC_SCP04$DV_2741(1.0),"Persons participating in in cultural or sport activities in the last 12 months by income quintile, household composition, degree of urbanisation, activity type and frequency",A,Annual,GE4,At least 4 times,AC523H,"Cultural sites (historical monuments, museums, art galleries or archaeological sites)",TOTAL,Total,TOTAL,Total,TOTAL,Total,PC,Percentage,FR,France,2015,,20.4,,,,,
dataflow,ESTAT:ILC_SCP04$DV_2741(1.0),"Persons participating in in cultural or sport activities in the last 12 months by income quintile, household composition, degree of urbanisation, activity type and frequency",A,Annual,GE4,At least 4 times,AC523H,"Cultural sites (historical monuments, museums, art galleries or archaeological sites)",TOTAL,Total,TOTAL,Total,TOTAL,Total,PC,Percentage,FR,France,2022,,10.4,,,,,
dataflow,ESTAT:ILC_SCP04$DV_2741(1.0),"Persons participating in in cultural or sport activities in the last 12 months by income quintile, household composition, degree of urbanisation, activity type and frequency",A,Annual,GE4,At least 4 times,AC523H,"Cultural sites (historical monuments, museums, art galleries or archaeological sites)",TOTAL,Total,TOTAL,Total,TOTAL,Total,PC,Percentage,HR,Croatia,2015,,5.1,,,,,
dataflow,ESTAT:ILC_SCP04$DV_2741(1.0),"Persons participating in in cultural or sport activities in the last 12 months by income quintile, household composition, degree of urbanisation, activity type and frequency",A,Annual,GE4,At least 4 times,AC523H,"Cultural sites (historical monuments, museums, art galleries or archaeological sites)",TOTAL,Total,TOTAL,Total,TOTAL,Total,PC,Percentage,HR,Croatia,2022,,5.2,,,,,
dataflow,ESTAT:ILC_SCP04$DV_2741(1.0),"Persons participating in in cultural or sport activities in the last 12 months by income quintile, household composition, degree of urbanisation, activity type and frequency",A,Annual,GE4,At least 4 times,AC523H,"Cultural sites (historical monuments, museums, art galleries or archaeological sites)",TOTAL,Total,TOTAL,Total,TOTAL,Total,PC,Percentage,HU,Hungary,2015,,7.3,,,,,
dataflow,ESTAT:ILC_SCP04$DV_2741(1.0),"Persons participating in in cultural or sport activities in the last 12 months by income quintile, household composition, degree of urbanisation, activity type and frequency",A,Annual,GE4,At least 4 times,AC523H,"Cultural sites (historical monuments, museums, art galleries or archaeological sites)",TOTAL,Total,TOTAL,Total,TOTAL,Total,PC,Percentage,HU,Hungary,2022,,4.2,,,,,
dataflow,ESTAT:ILC_SCP04$DV_2741(1.0),"Persons participating in in cultural or sport activities in the last 12 months by income quintile, household composition, degree of urbanisation, activity type and frequency",A,Annual,GE4,At least 4 times,AC523H,"Cultural sites (historical monuments, museums, art galleries or archaeological sites)",TOTAL,Total,TOTAL,Total,TOTAL,Total,PC,Percentage,IE,Ireland,2015,,14.3,,u,low reliability,,
dataflow,ESTAT:ILC_SCP04$DV_2741(1.0),"Persons participating in in cultural or sport activities in the last 12 months by income quintile, household composition, degree of urbanisation, activity type and frequency",A,Annual,GE4,At least 4 times,AC523H,"Cultural sites (historical monuments, museums, art galleries or archaeological sites)",TOTAL,Total,TOTAL,Total,TOTAL,Total,PC,Percentage,IE,Ireland,2022,,10.2,,,,,
dataflow,ESTAT:ILC_SCP04$DV_2741(1.0),"Persons participating in in cultural or sport activities in the last 12 months by income quintile, household composition, degree of urbanisation, activity type and frequency",A,Annual,GE4,At least 4 times,AC523H,"Cultural sites (historical monuments, museums, art galleries or archaeological sites)",TOTAL,Total,TOTAL,Total,TOTAL,Total,PC,Percentage,IS,Iceland,2015,,22.8,,,,,
dataflow,ESTAT:ILC_SCP04$DV_2741(1.0),"Persons participating in in cultural or sport activities in the last 12 months by income quintile, household composition, degree of urbanisation, activity type and frequency",A,Annual,GE4,At least 4 times,AC523H,"Cultural sites (historical monuments, museums, art galleries or archaeological sites)",TOTAL,Total,TOTAL,Total,TOTAL,Total,PC,Percentage,IT,Italy,2015,,8.6,,,,,
dataflow,ESTAT:ILC_SCP04$DV_2741(1.0),"Persons participating in in cultural or sport activities in the last 12 months by income quintile, household composition, degree of urbanisation, activity type and frequency",A,Annual,GE4,At least 4 times,AC523H,"Cultural sites (historical monuments, museums, art galleries or archaeological sites)",TOTAL,Total,TOTAL,Total,TOTAL,Total,PC,Percentage,IT,Italy,2022,,3.7,,,,,
dataflow,ESTAT:ILC_SCP04$DV_2741(1.0),"Persons participating in in cultural or sport activities in the last 12 months by income quintile, household composition, degree of urbanisation, activity type and frequency",A,Annual,GE4,At least 4 times,AC523H,"Cultural sites (historical monuments, museums, art galleries or archaeological sites)",TOTAL,Total,TOTAL,Total,TOTAL,Total,PC,Percentage,LT,Lithuania,2015,,5.7,,,,,
dataflow,ESTAT:ILC_SCP04$DV_2741(1.0),"Persons participating in in cultural or sport activities in the last 12 months by income quintile, household composition, degree of urbanisation, activity type and frequency",A,Annual,GE4,At least 4 times,AC523H,"Cultural sites (historical monuments, museums, art galleries or archaeological sites)",TOTAL,Total,TOTAL,Total,TOTAL,Total,PC,Percentage,LT,Lithuania,2022,,6.4,,,,,
dataflow,ESTAT:ILC_SCP04$DV_2741(1.0),"Persons participating in in cultural or sport activities in the last 12 months by income quintile, household composition, degree of urbanisation, activity type and frequency",A,Annual,GE4,At least 4 times,AC523H,"Cultural sites (historical monuments, museums, art galleries or archaeological sites)",TOTAL,Total,TOTAL,Total,TOTAL,Total,PC,Percentage,LU,Luxembourg,2015,,26.1,,,,,
dataflow,ESTAT:ILC_SCP04$DV_2741(1.0),"Persons participating in in cultural or sport activities in the last 12 months by income quintile, household composition, degree of urbanisation, activity type and frequency",A,Annual,GE4,At least 4 times,AC523H,"Cultural sites (historical monuments, museums, art galleries or archaeological sites)",TOTAL,Total,TOTAL,Total,TOTAL,Total,PC,Percentage,LU,Luxembourg,2022,,16.0,,,,,
dataflow,ESTAT:ILC_SCP04$DV_2741(1.0),"Persons participating in in cultural or sport activities in the last 12 months by income quintile, household composition, degree of urbanisation, activity type and frequency",A,Annual,GE4,At least 4 times,AC523H,"Cultural sites (historical monuments, museums, art galleries or archaeological sites)",TOTAL,Total,TOTAL,Total,TOTAL,Total,PC,Percentage,LV,Latvia,2015,,10.5,,,,,
dataflow,ESTAT:ILC_SCP04$DV_2741(1.0),"Persons participating in in cultural or sport activities in the last 12 months by income quintile, household composition, degree of urbanisation, activity type and frequency",A,Annual,GE4,At least 4 times,AC523H,"Cultural sites (historical monuments, museums, art galleries or archaeological sites)",TOTAL,Total,TOTAL,Total,TOTAL,Total,PC,Percentage,LV,Latvia,2022,,7.9,,,,,
dataflow,ESTAT:ILC_SCP04$DV_2741(1.0),"Persons participating in in cultural or sport activities in the last 12 months by income quintile, household composition, degree of urbanisation, activity type and frequency",A,Annual,GE4,At least 4 times,AC523H,"Cultural sites (historical monuments, museums, art galleries or archaeological sites)",TOTAL,Total,TOTAL,Total,TOTAL,Total,PC,Percentage,MT,Malta,2015,,10.5,,,,,
dataflow,ESTAT:ILC_SCP04$DV_2741(1.0),"Persons participating in in cultural or sport activities in the last 12 months by income quintile, household composition, degree of urbanisation, activity type and frequency",A,Annual,GE4,At least 4 times,AC523H,"Cultural sites (historical monuments, museums, art galleries or archaeological sites)",TOTAL,Total,TOTAL,Total,TOTAL,Total,PC,Percentage,MT,Malta,2022,,4.0,,,,,
dataflow,ESTAT:ILC_SCP04$DV_2741(1.0),"Persons participating in in cultural or sport activities in the last 12 months by income quintile, household composition, degree of urbanisation, activity type and frequency",A,Annual,GE4,At least 4 times,AC523H,"Cultural sites (historical monuments, museums, art galleries or archaeological sites)",TOTAL,Total,TOTAL,Total,TOTAL,Total,PC,Percentage,NL,Netherlands,2015,,25.8,,,,,
dataflow,ESTAT:ILC_SCP04$DV_2741(1.0),"Persons participating in in cultural or sport activities in the last 12 months by income quintile, household composition, degree of urbanisation, activity type and frequency",A,Annual,GE4,At least 4 times,AC523H,"Cultural sites (historical monuments, museums, art galleries or archaeological sites)",TOTAL,Total,TOTAL,Total,TOTAL,Total,PC,Percentage,NL,Netherlands,2022,,15.8,,,,,
dataflow,ESTAT:ILC_SCP04$DV_2741(1.0),"Persons participating in in cultural or sport activities in the last 12 months by income quintile, household composition, degree of urbanisation, activity type and frequency",A,Annual,GE4,At least 4 times,AC523H,"Cultural sites (historical monuments, museums, art galleries or archaeological sites)",TOTAL,Total,TOTAL,Total,TOTAL,Total,PC,Percentage,NO,Norway,2015,,20.9,,,,,
dataflow,ESTAT:ILC_SCP04$DV_2741(1.0),"Persons participating in in cultural or sport activities in the last 12 months by income quintile, household composition, degree of urbanisation, activity type and frequency",A,Annual,GE4,At least 4 times,AC523H,"Cultural sites (historical monuments, museums, art galleries or archaeological sites)",TOTAL,Total,TOTAL,Total,TOTAL,Total,PC,Percentage,NO,Norway,2022,,7.8,,,,,
dataflow,ESTAT:ILC_SCP04$DV_2741(1.0),"Persons participating in in cultural or sport activities in the last 12 months by income quintile, household composition, degree of urbanisation, activity type and frequency",A,Annual,GE4,At least 4 times,AC523H,"Cultural sites (historical monuments, museums, art galleries or archaeological sites)",TOTAL,Total,TOTAL,Total,TOTAL,Total,PC,Percentage,PL,Poland,2015,,6.9,,u,low reliability,,
dataflow,ESTAT:ILC_SCP04$DV_2741(1.0),"Persons participating in in cultural or sport activities in the last 12 months by income quintile, household composition, degree of urbanisation, activity type and frequency",A,Annual,GE4,At least 4 times,AC523H,"Cultural sites (historical monuments, museums, art galleries or archaeological sites)",TOTAL,Total,TOTAL,Total,TOTAL,Total,PC,Percentage,PL,Poland,2022,,6.9,,,,,
dataflow,ESTAT:ILC_SCP04$DV_2741(1.0),"Persons participating in in cultural or sport activities in the last 12 months by income quintile, household composition, degree of urbanisation, activity type and frequency",A,Annual,GE4,At least 4 times,AC523H,"Cultural sites (historical monuments, museums, art galleries or archaeological sites)",TOTAL,Total,TOTAL,Total,TOTAL,Total,PC,Percentage,PT,Portugal,2015,,12.7,,,,,
dataflow,ESTAT:ILC_SCP04$DV_2741(1.0),"Persons participating in in cultural or sport activities in the last 12 months by income quintile, household composition, degree of urbanisation, activity type and frequency",A,Annual,GE4,At least 4 times,AC523H,"Cultural sites (historical monuments, museums, art galleries or archaeological sites)",TOTAL,Total,TOTAL,Total,TOTAL,Total,PC,Percentage,PT,Portugal,2022,,13.5,,,,,
dataflow,ESTAT:ILC_SCP04$DV_2741(1.0),"Persons participating in in cultural or sport activities in the last 12 months by income quintile, household composition, degree of urbanisation, activity type and frequency",A,Annual,GE4,At least 4 times,AC523H,"Cultural sites (historical monuments, museums, art galleries or archaeological sites)",TOTAL,Total,TOTAL,Total,TOTAL,Total,PC,Percentage,RO,Romania,2015,,6.3,,,,,
dataflow,ESTAT:ILC_SCP04$DV_2741(1.0),"Persons participating in in cultural or sport activities in the last 12 months by income quintile, household composition, degree of urbanisation, activity type and frequency",A,Annual,GE4,At least 4 times,AC523H,"Cultural sites (historical monuments, museums, art galleries or archaeological sites)",TOTAL,Total,TOTAL,Total,TOTAL,Total,PC,Percentage,RO,Romania,2022,,2.1,,,,,
dataflow,ESTAT:ILC_SCP04$DV_2741(1.0),"Persons participating in in cultural or sport activities in the last 12 months by income quintile, household composition, degree of urbanisation, activity type and frequency",A,Annual,GE4,At least 4 times,AC523H,"Cultural sites (historical monuments, museums, art galleries or archaeological sites)",TOTAL,Total,TOTAL,Total,TOTAL,Total,PC,Percentage,RS,Serbia,2015,,3.9,,,,,
dataflow,ESTAT:ILC_SCP04$DV_2741(1.0),"Persons participating in in cultural or sport activities in the last 12 months by income quintile, household composition, degree of urbanisation, activity type and frequency",A,Annual,GE4,At least 4 times,AC523H,"Cultural sites (historical monuments, museums, art galleries or archaeological sites)",TOTAL,Total,TOTAL,Total,TOTAL,Total,PC,Percentage,RS,Serbia,2022,,2.2,,,,,
dataflow,ESTAT:ILC_SCP04$DV_2741(1.0),"Persons participating in in cultural or sport activities in the last 12 months by income quintile, household composition, degree of urbanisation, activity type and frequency",A,Annual,GE4,At least 4 times,AC523H,"Cultural sites (historical monuments, museums, art galleries or archaeological sites)",TOTAL,Total,TOTAL,Total,TOTAL,Total,PC,Percentage,SE,Sweden,2015,,25.3,,,,,
dataflow,ESTAT:ILC_SCP04$DV_2741(1.0),"Persons participating in in cultural or sport activities in the last 12 months by income quintile, household composition, degree of urbanisation, activity type and frequency",A,Annual,GE4,At least 4 times,AC523H,"Cultural sites (historical monuments, museums, art galleries or archaeological sites)",TOTAL,Total,TOTAL,Total,TOTAL,Total,PC,Percentage,SE,Sweden,2022,,11.5,,,,,
dataflow,ESTAT:ILC_SCP04$DV_2741(1.0),"Persons participating in in cultural or sport activities in the last 12 months by income quintile, household composition, degree of urbanisation, activity type and frequency",A,Annual,GE4,At least 4 times,AC523H,"Cultural sites (historical monuments, museums, art galleries or archaeological sites)",TOTAL,Total,TOTAL,Total,TOTAL,Total,PC,Percentage,SI,Slovenia,2015,,25.9,,,,,
dataflow,ESTAT:ILC_SCP04$DV_2741(1.0),"Persons participating in in cultural or sport activities in the last 12 months by income quintile, household composition, degree of urbanisation, activity type and frequency",A,Annual,GE4,At least 4 times,AC523H,"Cultural sites (historical monuments, museums, art galleries or archaeological sites)",TOTAL,Total,TOTAL,Total,TOTAL,Total,PC,Percentage,SI,Slovenia,2022,,15.3,,,,,
dataflow,ESTAT:ILC_SCP04$DV_2741(1.0),"Persons participating in in cultural or sport activities in the last 12 months by income quintile, household composition, degree of urbanisation, activity type and frequency",A,Annual,GE4,At least 4 times,AC523H,"Cultural sites (historical monuments, museums, art galleries or archaeological sites)",TOTAL,Total,TOTAL,Total,TOTAL,Total,PC,Percentage,SK,Slovakia,2015,,6.9,,,,,
dataflow,ESTAT:ILC_SCP04$DV_2741(1.0),"Persons participating in in cultural or sport activities in the last 12 months by income quintile, household composition, degree of urbanisation, activity type and frequency",A,Annual,GE4,At least 4 times,AC523H,"Cultural sites (historical monuments, museums, art galleries or archaeological sites)",TOTAL,Total,TOTAL,Total,TOTAL,Total,PC,Percentage,SK,Slovakia,2022,,4.0,,,,,
dataflow,ESTAT:ILC_SCP04$DV_2741(1.0),"Persons participating in in cultural or sport activities in the last 12 months by income quintile, household composition, degree of urbanisation, activity type and frequency",A,Annual,GE4,At least 4 times,AC523H,"Cultural sites (historical monuments, museums, art galleries or archaeological sites)",TOTAL,Total,TOTAL,Total,TOTAL,Total,PC,Percentage,UK,United Kingdom,2015,,25.7,,u,low reliability,,
dataflow,ESTAT:ILC_SCP04$DV_2741(1.0),"Persons participating in in cultural or sport activities in the last 12 months by income quintile, household composition, degree of urbanisation, activity type and frequency",A,Annual,GE4,At least 4 times,AC525,Sports events,TOTAL,Total,TOTAL,Total,TOTAL,Total,PC,Percentage,AL,Albania,2022,,1.5,,,,,
dataflow,ESTAT:ILC_SCP04$DV_2741(1.0),"Persons participating in in cultural or sport activities in the last 12 months by income quintile, household composition, degree of urbanisation, activity type and frequency",A,Annual,GE4,At least 4 times,AC525,Sports events,TOTAL,Total,TOTAL,Total,TOTAL,Total,PC,Percentage,AT,Austria,2015,,16.7,,,,,
dataflow,ESTAT:ILC_SCP04$DV_2741(1.0),"Persons participating in in cultural or sport activities in the last 12 months by income quintile, household composition, degree of urbanisation, activity type and frequency",A,Annual,GE4,At least 4 times,AC525,Sports events,TOTAL,Total,TOTAL,Total,TOTAL,Total,PC,Percentage,AT,Austria,2022,,8.3,,,,,
dataflow,ESTAT:ILC_SCP04$DV_2741(1.0),"Persons participating in in cultural or sport activities in the last 12 months by income quintile, household composition, degree of urbanisation, activity type and frequency",A,Annual,GE4,At least 4 times,AC525,Sports events,TOTAL,Total,TOTAL,Total,TOTAL,Total,PC,Percentage,BE,Belgium,2015,,19.6,,,,,
dataflow,ESTAT:ILC_SCP04$DV_2741(1.0),"Persons participating in in cultural or sport activities in the last 12 months by income quintile, household composition, degree of urbanisation, activity type and frequency",A,Annual,GE4,At least 4 times,AC525,Sports events,TOTAL,Total,TOTAL,Total,TOTAL,Total,PC,Percentage,BE,Belgium,2022,,13.8,,,,,
dataflow,ESTAT:ILC_SCP04$DV_2741(1.0),"Persons participating in in cultural or sport activities in the last 12 months by income quintile, household composition, degree of urbanisation, activity type and frequency",A,Annual,GE4,At least 4 times,AC525,Sports events,TOTAL,Total,TOTAL,Total,TOTAL,Total,PC,Percentage,BG,Bulgaria,2015,,7.0,,,,,
dataflow,ESTAT:ILC_SCP04$DV_2741(1.0),"Persons participating in in cultural or sport activities in the last 12 months by income quintile, household composition, degree of urbanisation, activity type and frequency",A,Annual,GE4,At least 4 times,AC525,Sports events,TOTAL,Total,TOTAL,Total,TOTAL,Total,PC,Percentage,BG,Bulgaria,2022,,2.4,,,,,
dataflow,ESTAT:ILC_SCP04$DV_2741(1.0),"Persons participating in in cultural or sport activities in the last 12 months by income quintile, household composition, degree of urbanisation, activity type and frequency",A,Annual,GE4,At least 4 times,AC525,Sports events,TOTAL,Total,TOTAL,Total,TOTAL,Total,PC,Percentage,CH,Switzerland,2015,,29.4,,,,,
dataflow,ESTAT:ILC_SCP04$DV_2741(1.0),"Persons participating in in cultural or sport activities in the last 12 months by income quintile, household composition, degree of urbanisation, activity type and frequency",A,Annual,GE4,At least 4 times,AC525,Sports events,TOTAL,Total,TOTAL,Total,TOTAL,Total,PC,Percentage,CH,Switzerland,2022,,18.8,,,,,
dataflow,ESTAT:ILC_SCP04$DV_2741(1.0),"Persons participating in in cultural or sport activities in the last 12 months by income quintile, household composition, degree of urbanisation, activity type and frequency",A,Annual,GE4,At least 4 times,AC525,Sports events,TOTAL,Total,TOTAL,Total,TOTAL,Total,PC,Percentage,CY,Cyprus,2015,,12.2,,,,,
dataflow,ESTAT:ILC_SCP04$DV_2741(1.0),"Persons participating in in cultural or sport activities in the last 12 months by income quintile, household composition, degree of urbanisation, activity type and frequency",A,Annual,GE4,At least 4 times,AC525,Sports events,TOTAL,Total,TOTAL,Total,TOTAL,Total,PC,Percentage,CY,Cyprus,2022,,9.6,,,,,
dataflow,ESTAT:ILC_SCP04$DV_2741(1.0),"Persons participating in in cultural or sport activities in the last 12 months by income quintile, household composition, degree of urbanisation, activity type and frequency",A,Annual,GE4,At least 4 times,AC525,Sports events,TOTAL,Total,TOTAL,Total,TOTAL,Total,PC,Percentage,CZ,Czechia,2015,,19.5,,,,,
dataflow,ESTAT:ILC_SCP04$DV_2741(1.0),"Persons participating in in cultural or sport activities in the last 12 months by income quintile, household composition, degree of urbanisation, activity type and frequency",A,Annual,GE4,At least 4 times,AC525,Sports events,TOTAL,Total,TOTAL,Total,TOTAL,Total,PC,Percentage,CZ,Czechia,2022,,11.2,,,,,
dataflow,ESTAT:ILC_SCP04$DV_2741(1.0),"Persons participating in in cultural or sport activities in the last 12 months by income quintile, household composition, degree of urbanisation, activity type and frequency",A,Annual,GE4,At least 4 times,AC525,Sports events,TOTAL,Total,TOTAL,Total,TOTAL,Total,PC,Percentage,DE,Germany,2015,,17.1,,,,,
dataflow,ESTAT:ILC_SCP04$DV_2741(1.0),"Persons participating in in cultural or sport activities in the last 12 months by income quintile, household composition, degree of urbanisation, activity type and frequency",A,Annual,GE4,At least 4 times,AC525,Sports events,TOTAL,Total,TOTAL,Total,TOTAL,Total,PC,Percentage,DE,Germany,2022,,,,u,low reliability,,
dataflow,ESTAT:ILC_SCP04$DV_2741(1.0),"Persons participating in in cultural or sport activities in the last 12 months by income quintile, household composition, degree of urbanisation, activity type and frequency",A,Annual,GE4,At least 4 times,AC525,Sports events,TOTAL,Total,TOTAL,Total,TOTAL,Total,PC,Percentage,DK,Denmark,2015,,12.4,,,,,
dataflow,ESTAT:ILC_SCP04$DV_2741(1.0),"Persons participating in in cultural or sport activities in the last 12 months by income quintile, household composition, degree of urbanisation, activity type and frequency",A,Annual,GE4,At least 4 times,AC525,Sports events,TOTAL,Total,TOTAL,Total,TOTAL,Total,PC,Percentage,DK,Denmark,2022,,13.9,,,,,
dataflow,ESTAT:ILC_SCP04$DV_2741(1.0),"Persons participating in in cultural or sport activities in the last 12 months by income quintile, household composition, degree of urbanisation, activity type and frequency",A,Annual,GE4,At least 4 times,AC525,Sports events,TOTAL,Total,TOTAL,Total,TOTAL,Total,PC,Percentage,EE,Estonia,2015,,10.7,,,,,
dataflow,ESTAT:ILC_SCP04$DV_2741(1.0),"Persons participating in in cultural or sport activities in the last 12 months by income quintile, household composition, degree of urbanisation, activity type and frequency",A,Annual,GE4,At least 4 times,AC525,Sports events,TOTAL,Total,TOTAL,Total,TOTAL,Total,PC,Percentage,EE,Estonia,2022,,7.6,,,,,
dataflow,ESTAT:ILC_SCP04$DV_2741(1.0),"Persons participating in in cultural or sport activities in the last 12 months by income quintile, household composition, degree of urbanisation, activity type and frequency",A,Annual,GE4,At least 4 times,AC525,Sports events,TOTAL,Total,TOTAL,Total,TOTAL,Total,PC,Percentage,EL,Greece,2015,,4.9,,,,,
dataflow,ESTAT:ILC_SCP04$DV_2741(1.0),"Persons participating in in cultural or sport activities in the last 12 months by income quintile, household composition, degree of urbanisation, activity type and frequency",A,Annual,GE4,At least 4 times,AC525,Sports events,TOTAL,Total,TOTAL,Total,TOTAL,Total,PC,Percentage,EL,Greece,2022,,5.0,,,,,
dataflow,ESTAT:ILC_SCP04$DV_2741(1.0),"Persons participating in in cultural or sport activities in the last 12 months by income quintile, household composition, degree of urbanisation, activity type and frequency",A,Annual,GE4,At least 4 times,AC525,Sports events,TOTAL,Total,TOTAL,Total,TOTAL,Total,PC,Percentage,ES,Spain,2015,,14.3,,,,,
dataflow,ESTAT:ILC_SCP04$DV_2741(1.0),"Persons participating in in cultural or sport activities in the last 12 months by income quintile, household composition, degree of urbanisation, activity type and frequency",A,Annual,GE4,At least 4 times,AC525,Sports events,TOTAL,Total,TOTAL,Total,TOTAL,Total,PC,Percentage,ES,Spain,2022,,12.5,,,,,
dataflow,ESTAT:ILC_SCP04$DV_2741(1.0),"Persons participating in in cultural or sport activities in the last 12 months by income quintile, household composition, degree of urbanisation, activity type and frequency",A,Annual,GE4,At least 4 times,AC525,Sports events,TOTAL,Total,TOTAL,Total,TOTAL,Total,PC,Percentage,EU27_2020,European Union - 27 countries (from 2020),2015,,13.3,,,,,
dataflow,ESTAT:ILC_SCP04$DV_2741(1.0),"Persons participating in in cultural or sport activities in the last 12 months by income quintile, household composition, degree of urbanisation, activity type and frequency",A,Annual,GE4,At least 4 times,AC525,Sports events,TOTAL,Total,TOTAL,Total,TOTAL,Total,PC,Percentage,FI,Finland,2015,,21.4,,,,,
dataflow,ESTAT:ILC_SCP04$DV_2741(1.0),"Persons participating in in cultural or sport activities in the last 12 months by income quintile, household composition, degree of urbanisation, activity type and frequency",A,Annual,GE4,At least 4 times,AC525,Sports events,TOTAL,Total,TOTAL,Total,TOTAL,Total,PC,Percentage,FI,Finland,2022,,11.3,,,,,
dataflow,ESTAT:ILC_SCP04$DV_2741(1.0),"Persons participating in in cultural or sport activities in the last 12 months by income quintile, household composition, degree of urbanisation, activity type and frequency",A,Annual,GE4,At least 4 times,AC525,Sports events,TOTAL,Total,TOTAL,Total,TOTAL,Total,PC,Percentage,FR,France,2015,,11.4,,,,,
dataflow,ESTAT:ILC_SCP04$DV_2741(1.0),"Persons participating in in cultural or sport activities in the last 12 months by income quintile, household composition, degree of urbanisation, activity type and frequency",A,Annual,GE4,At least 4 times,AC525,Sports events,TOTAL,Total,TOTAL,Total,TOTAL,Total,PC,Percentage,FR,France,2022,,7.6,,,,,
dataflow,ESTAT:ILC_SCP04$DV_2741(1.0),"Persons participating in in cultural or sport activities in the last 12 months by income quintile, household composition, degree of urbanisation, activity type and frequency",A,Annual,GE4,At least 4 times,AC525,Sports events,TOTAL,Total,TOTAL,Total,TOTAL,Total,PC,Percentage,HR,Croatia,2015,,11.8,,,,,
dataflow,ESTAT:ILC_SCP04$DV_2741(1.0),"Persons participating in in cultural or sport activities in the last 12 months by income quintile, household composition, degree of urbanisation, activity type and frequency",A,Annual,GE4,At least 4 times,AC525,Sports events,TOTAL,Total,TOTAL,Total,TOTAL,Total,PC,Percentage,HR,Croatia,2022,,10.6,,,,,
dataflow,ESTAT:ILC_SCP04$DV_2741(1.0),"Persons participating in in cultural or sport activities in the last 12 months by income quintile, household composition, degree of urbanisation, activity type and frequency",A,Annual,GE4,At least 4 times,AC525,Sports events,TOTAL,Total,TOTAL,Total,TOTAL,Total,PC,Percentage,HU,Hungary,2015,,9.7,,,,,
dataflow,ESTAT:ILC_SCP04$DV_2741(1.0),"Persons participating in in cultural or sport activities in the last 12 months by income quintile, household composition, degree of urbanisation, activity type and frequency",A,Annual,GE4,At least 4 times,AC525,Sports events,TOTAL,Total,TOTAL,Total,TOTAL,Total,PC,Percentage,HU,Hungary,2022,,5.2,,,,,
dataflow,ESTAT:ILC_SCP04$DV_2741(1.0),"Persons participating in in cultural or sport activities in the last 12 months by income quintile, household composition, degree of urbanisation, activity type and frequency",A,Annual,GE4,At least 4 times,AC525,Sports events,TOTAL,Total,TOTAL,Total,TOTAL,Total,PC,Percentage,IE,Ireland,2015,,25.5,,u,low reliability,,
dataflow,ESTAT:ILC_SCP04$DV_2741(1.0),"Persons participating in in cultural or sport activities in the last 12 months by income quintile, household composition, degree of urbanisation, activity type and frequency",A,Annual,GE4,At least 4 times,AC525,Sports events,TOTAL,Total,TOTAL,Total,TOTAL,Total,PC,Percentage,IE,Ireland,2022,,17.1,,,,,
dataflow,ESTAT:ILC_SCP04$DV_2741(1.0),"Persons participating in in cultural or sport activities in the last 12 months by income quintile, household composition, degree of urbanisation, activity type and frequency",A,Annual,GE4,At least 4 times,AC525,Sports events,TOTAL,Total,TOTAL,Total,TOTAL,Total,PC,Percentage,IS,Iceland,2015,,31.8,,,,,
dataflow,ESTAT:ILC_SCP04$DV_2741(1.0),"Persons participating in in cultural or sport activities in the last 12 months by income quintile, household composition, degree of urbanisation, activity type and frequency",A,Annual,GE4,At least 4 times,AC525,Sports events,TOTAL,Total,TOTAL,Total,TOTAL,Total,PC,Percentage,IT,Italy,2015,,8.0,,,,,
dataflow,ESTAT:ILC_SCP04$DV_2741(1.0),"Persons participating in in cultural or sport activities in the last 12 months by income quintile, household composition, degree of urbanisation, activity type and frequency",A,Annual,GE4,At least 4 times,AC525,Sports events,TOTAL,Total,TOTAL,Total,TOTAL,Total,PC,Percentage,IT,Italy,2022,,4.8,,,,,
dataflow,ESTAT:ILC_SCP04$DV_2741(1.0),"Persons participating in in cultural or sport activities in the last 12 months by income quintile, household composition, degree of urbanisation, activity type and frequency",A,Annual,GE4,At least 4 times,AC525,Sports events,TOTAL,Total,TOTAL,Total,TOTAL,Total,PC,Percentage,LT,Lithuania,2015,,5.8,,,,,
dataflow,ESTAT:ILC_SCP04$DV_2741(1.0),"Persons participating in in cultural or sport activities in the last 12 months by income quintile, household composition, degree of urbanisation, activity type and frequency",A,Annual,GE4,At least 4 times,AC525,Sports events,TOTAL,Total,TOTAL,Total,TOTAL,Total,PC,Percentage,LT,Lithuania,2022,,3.1,,,,,
dataflow,ESTAT:ILC_SCP04$DV_2741(1.0),"Persons participating in in cultural or sport activities in the last 12 months by income quintile, household composition, degree of urbanisation, activity type and frequency",A,Annual,GE4,At least 4 times,AC525,Sports events,TOTAL,Total,TOTAL,Total,TOTAL,Total,PC,Percentage,LU,Luxembourg,2015,,21.8,,,,,
dataflow,ESTAT:ILC_SCP04$DV_2741(1.0),"Persons participating in in cultural or sport activities in the last 12 months by income quintile, household composition, degree of urbanisation, activity type and frequency",A,Annual,GE4,At least 4 times,AC525,Sports events,TOTAL,Total,TOTAL,Total,TOTAL,Total,PC,Percentage,LU,Luxembourg,2022,,9.6,,,,,
dataflow,ESTAT:ILC_SCP04$DV_2741(1.0),"Persons participating in in cultural or sport activities in the last 12 months by income quintile, household composition, degree of urbanisation, activity type and frequency",A,Annual,GE4,At least 4 times,AC525,Sports events,TOTAL,Total,TOTAL,Total,TOTAL,Total,PC,Percentage,LV,Latvia,2015,,11.8,,,,,
dataflow,ESTAT:ILC_SCP04$DV_2741(1.0),"Persons participating in in cultural or sport activities in the last 12 months by income quintile, household composition, degree of urbanisation, activity type and frequency",A,Annual,GE4,At least 4 times,AC525,Sports events,TOTAL,Total,TOTAL,Total,TOTAL,Total,PC,Percentage,LV,Latvia,2022,,3.1,,,,,
dataflow,ESTAT:ILC_SCP04$DV_2741(1.0),"Persons participating in in cultural or sport activities in the last 12 months by income quintile, household composition, degree of urbanisation, activity type and frequency",A,Annual,GE4,At least 4 times,AC525,Sports events,TOTAL,Total,TOTAL,Total,TOTAL,Total,PC,Percentage,MT,Malta,2015,,11.5,,,,,
dataflow,ESTAT:ILC_SCP04$DV_2741(1.0),"Persons participating in in cultural or sport activities in the last 12 months by income quintile, household composition, degree of urbanisation, activity type and frequency",A,Annual,GE4,At least 4 times,AC525,Sports events,TOTAL,Total,TOTAL,Total,TOTAL,Total,PC,Percentage,MT,Malta,2022,,4.9,,,,,
dataflow,ESTAT:ILC_SCP04$DV_2741(1.0),"Persons participating in in cultural or sport activities in the last 12 months by income quintile, household composition, degree of urbanisation, activity type and frequency",A,Annual,GE4,At least 4 times,AC525,Sports events,TOTAL,Total,TOTAL,Total,TOTAL,Total,PC,Percentage,NL,Netherlands,2015,,32.1,,,,,
dataflow,ESTAT:ILC_SCP04$DV_2741(1.0),"Persons participating in in cultural or sport activities in the last 12 months by income quintile, household composition, degree of urbanisation, activity type and frequency",A,Annual,GE4,At least 4 times,AC525,Sports events,TOTAL,Total,TOTAL,Total,TOTAL,Total,PC,Percentage,NL,Netherlands,2022,,23.0,,,,,
dataflow,ESTAT:ILC_SCP04$DV_2741(1.0),"Persons participating in in cultural or sport activities in the last 12 months by income quintile, household composition, degree of urbanisation, activity type and frequency",A,Annual,GE4,At least 4 times,AC525,Sports events,TOTAL,Total,TOTAL,Total,TOTAL,Total,PC,Percentage,NO,Norway,2015,,31.2,,,,,
dataflow,ESTAT:ILC_SCP04$DV_2741(1.0),"Persons participating in in cultural or sport activities in the last 12 months by income quintile, household composition, degree of urbanisation, activity type and frequency",A,Annual,GE4,At least 4 times,AC525,Sports events,TOTAL,Total,TOTAL,Total,TOTAL,Total,PC,Percentage,NO,Norway,2022,,18.4,,,,,
dataflow,ESTAT:ILC_SCP04$DV_2741(1.0),"Persons participating in in cultural or sport activities in the last 12 months by income quintile, household composition, degree of urbanisation, activity type and frequency",A,Annual,GE4,At least 4 times,AC525,Sports events,TOTAL,Total,TOTAL,Total,TOTAL,Total,PC,Percentage,PL,Poland,2015,,5.6,,u,low reliability,,
dataflow,ESTAT:ILC_SCP04$DV_2741(1.0),"Persons participating in in cultural or sport activities in the last 12 months by income quintile, household composition, degree of urbanisation, activity type and frequency",A,Annual,GE4,At least 4 times,AC525,Sports events,TOTAL,Total,TOTAL,Total,TOTAL,Total,PC,Percentage,PL,Poland,2022,,4.8,,,,,
dataflow,ESTAT:ILC_SCP04$DV_2741(1.0),"Persons participating in in cultural or sport activities in the last 12 months by income quintile, household composition, degree of urbanisation, activity type and frequency",A,Annual,GE4,At least 4 times,AC525,Sports events,TOTAL,Total,TOTAL,Total,TOTAL,Total,PC,Percentage,PT,Portugal,2015,,13.8,,,,,
dataflow,ESTAT:ILC_SCP04$DV_2741(1.0),"Persons participating in in cultural or sport activities in the last 12 months by income quintile, household composition, degree of urbanisation, activity type and frequency",A,Annual,GE4,At least 4 times,AC525,Sports events,TOTAL,Total,TOTAL,Total,TOTAL,Total,PC,Percentage,PT,Portugal,2022,,11.5,,,,,
dataflow,ESTAT:ILC_SCP04$DV_2741(1.0),"Persons participating in in cultural or sport activities in the last 12 months by income quintile, household composition, degree of urbanisation, activity type and frequency",A,Annual,GE4,At least 4 times,AC525,Sports events,TOTAL,Total,TOTAL,Total,TOTAL,Total,PC,Percentage,RO,Romania,2015,,6.3,,,,,
dataflow,ESTAT:ILC_SCP04$DV_2741(1.0),"Persons participating in in cultural or sport activities in the last 12 months by income quintile, household composition, degree of urbanisation, activity type and frequency",A,Annual,GE4,At least 4 times,AC525,Sports events,TOTAL,Total,TOTAL,Total,TOTAL,Total,PC,Percentage,RO,Romania,2022,,1.8,,,,,
dataflow,ESTAT:ILC_SCP04$DV_2741(1.0),"Persons participating in in cultural or sport activities in the last 12 months by income quintile, household composition, degree of urbanisation, activity type and frequency",A,Annual,GE4,At least 4 times,AC525,Sports events,TOTAL,Total,TOTAL,Total,TOTAL,Total,PC,Percentage,RS,Serbia,2015,,11.6,,,,,
dataflow,ESTAT:ILC_SCP04$DV_2741(1.0),"Persons participating in in cultural or sport activities in the last 12 months by income quintile, household composition, degree of urbanisation, activity type and frequency",A,Annual,GE4,At least 4 times,AC525,Sports events,TOTAL,Total,TOTAL,Total,TOTAL,Total,PC,Percentage,RS,Serbia,2022,,4.8,,,,,
dataflow,ESTAT:ILC_SCP04$DV_2741(1.0),"Persons participating in in cultural or sport activities in the last 12 months by income quintile, household composition, degree of urbanisation, activity type and frequency",A,Annual,GE4,At least 4 times,AC525,Sports events,TOTAL,Total,TOTAL,Total,TOTAL,Total,PC,Percentage,SE,Sweden,2015,,26.2,,,,,
dataflow,ESTAT:ILC_SCP04$DV_2741(1.0),"Persons participating in in cultural or sport activities in the last 12 months by income quintile, household composition, degree of urbanisation, activity type and frequency",A,Annual,GE4,At least 4 times,AC525,Sports events,TOTAL,Total,TOTAL,Total,TOTAL,Total,PC,Percentage,SE,Sweden,2022,,14.0,,,,,
dataflow,ESTAT:ILC_SCP04$DV_2741(1.0),"Persons participating in in cultural or sport activities in the last 12 months by income quintile, household composition, degree of urbanisation, activity type and frequency",A,Annual,GE4,At least 4 times,AC525,Sports events,TOTAL,Total,TOTAL,Total,TOTAL,Total,PC,Percentage,SI,Slovenia,2015,,15.6,,,,,
dataflow,ESTAT:ILC_SCP04$DV_2741(1.0),"Persons participating in in cultural or sport activities in the last 12 months by income quintile, household composition, degree of urbanisation, activity type and frequency",A,Annual,GE4,At least 4 times,AC525,Sports events,TOTAL,Total,TOTAL,Total,TOTAL,Total,PC,Percentage,SI,Slovenia,2022,,8.5,,,,,
dataflow,ESTAT:ILC_SCP04$DV_2741(1.0),"Persons participating in in cultural or sport activities in the last 12 months by income quintile, household composition, degree of urbanisation, activity type and frequency",A,Annual,GE4,At least 4 times,AC525,Sports events,TOTAL,Total,TOTAL,Total,TOTAL,Total,PC,Percentage,SK,Slovakia,2015,,18.9,,,,,
dataflow,ESTAT:ILC_SCP04$DV_2741(1.0),"Persons participating in in cultural or sport activities in the last 12 months by income quintile, household composition, degree of urbanisation, activity type and frequency",A,Annual,GE4,At least 4 times,AC525,Sports events,TOTAL,Total,TOTAL,Total,TOTAL,Total,PC,Percentage,SK,Slovakia,2022,,7.4,,,,,
dataflow,ESTAT:ILC_SCP04$DV_2741(1.0),"Persons participating in in cultural or sport activities in the last 12 months by income quintile, household composition, degree of urbanisation, activity type and frequency",A,Annual,GE4,At least 4 times,AC525,Sports events,TOTAL,Total,TOTAL,Total,TOTAL,Total,PC,Percentage,UK,United Kingdom,2015,,13.8,,u,low reliability,,
dataflow,ESTAT:ILC_SCP04$DV_2741(1.0),"Persons participating in in cultural or sport activities in the last 12 months by income quintile, household composition, degree of urbanisation, activity type and frequency",A,Annual,GE4,At least 4 times,AC52A,"Cultural activities (cinema, live performances or cultural sites)",TOTAL,Total,TOTAL,Total,TOTAL,Total,PC,Percentage,AL,Albania,2022,,6.7,,,,,
dataflow,ESTAT:ILC_SCP04$DV_2741(1.0),"Persons participating in in cultural or sport activities in the last 12 months by income quintile, household composition, degree of urbanisation, activity type and frequency",A,Annual,GE4,At least 4 times,AC52A,"Cultural activities (cinema, live performances or cultural sites)",TOTAL,Total,TOTAL,Total,TOTAL,Total,PC,Percentage,AT,Austria,2015,,37.0,,,,,
dataflow,ESTAT:ILC_SCP04$DV_2741(1.0),"Persons participating in in cultural or sport activities in the last 12 months by income quintile, household composition, degree of urbanisation, activity type and frequency",A,Annual,GE4,At least 4 times,AC52A,"Cultural activities (cinema, live performances or cultural sites)",TOTAL,Total,TOTAL,Total,TOTAL,Total,PC,Percentage,AT,Austria,2022,,17.9,,,,,
dataflow,ESTAT:ILC_SCP04$DV_2741(1.0),"Persons participating in in cultural or sport activities in the last 12 months by income quintile, household composition, degree of urbanisation, activity type and frequency",A,Annual,GE4,At least 4 times,AC52A,"Cultural activities (cinema, live performances or cultural sites)",TOTAL,Total,TOTAL,Total,TOTAL,Total,PC,Percentage,BE,Belgium,2015,,38.9,,,,,
dataflow,ESTAT:ILC_SCP04$DV_2741(1.0),"Persons participating in in cultural or sport activities in the last 12 months by income quintile, household composition, degree of urbanisation, activity type and frequency",A,Annual,GE4,At least 4 times,AC52A,"Cultural activities (cinema, live performances or cultural sites)",TOTAL,Total,TOTAL,Total,TOTAL,Total,PC,Percentage,BE,Belgium,2022,,22.5,,,,,
dataflow,ESTAT:ILC_SCP04$DV_2741(1.0),"Persons participating in in cultural or sport activities in the last 12 months by income quintile, household composition, degree of urbanisation, activity type and frequency",A,Annual,GE4,At least 4 times,AC52A,"Cultural activities (cinema, live performances or cultural sites)",TOTAL,Total,TOTAL,Total,TOTAL,Total,PC,Percentage,BG,Bulgaria,2015,,11.7,,,,,
dataflow,ESTAT:ILC_SCP04$DV_2741(1.0),"Persons participating in in cultural or sport activities in the last 12 months by income quintile, household composition, degree of urbanisation, activity type and frequency",A,Annual,GE4,At least 4 times,AC52A,"Cultural activities (cinema, live performances or cultural sites)",TOTAL,Total,TOTAL,Total,TOTAL,Total,PC,Percentage,BG,Bulgaria,2022,,5.7,,,,,
dataflow,ESTAT:ILC_SCP04$DV_2741(1.0),"Persons participating in in cultural or sport activities in the last 12 months by income quintile, household composition, degree of urbanisation, activity type and frequency",A,Annual,GE4,At least 4 times,AC52A,"Cultural activities (cinema, live performances or cultural sites)",TOTAL,Total,TOTAL,Total,TOTAL,Total,PC,Percentage,CH,Switzerland,2015,,57.0,,,,,
dataflow,ESTAT:ILC_SCP04$DV_2741(1.0),"Persons participating in in cultural or sport activities in the last 12 months by income quintile, household composition, degree of urbanisation, activity type and frequency",A,Annual,GE4,At least 4 times,AC52A,"Cultural activities (cinema, live performances or cultural sites)",TOTAL,Total,TOTAL,Total,TOTAL,Total,PC,Percentage,CH,Switzerland,2022,,37.6,,,,,
dataflow,ESTAT:ILC_SCP04$DV_2741(1.0),"Persons participating in in cultural or sport activities in the last 12 months by income quintile, household composition, degree of urbanisation, activity type and frequency",A,Annual,GE4,At least 4 times,AC52A,"Cultural activities (cinema, live performances or cultural sites)",TOTAL,Total,TOTAL,Total,TOTAL,Total,PC,Percentage,CY,Cyprus,2015,,15.9,,,,,
dataflow,ESTAT:ILC_SCP04$DV_2741(1.0),"Persons participating in in cultural or sport activities in the last 12 months by income quintile, household composition, degree of urbanisation, activity type and frequency",A,Annual,GE4,At least 4 times,AC52A,"Cultural activities (cinema, live performances or cultural sites)",TOTAL,Total,TOTAL,Total,TOTAL,Total,PC,Percentage,CY,Cyprus,2022,,5.6,,,,,
dataflow,ESTAT:ILC_SCP04$DV_2741(1.0),"Persons participating in in cultural or sport activities in the last 12 months by income quintile, household composition, degree of urbanisation, activity type and frequency",A,Annual,GE4,At least 4 times,AC52A,"Cultural activities (cinema, live performances or cultural sites)",TOTAL,Total,TOTAL,Total,TOTAL,Total,PC,Percentage,CZ,Czechia,2015,,30.2,,,,,
dataflow,ESTAT:ILC_SCP04$DV_2741(1.0),"Persons participating in in cultural or sport activities in the last 12 months by income quintile, household composition, degree of urbanisation, activity type and frequency",A,Annual,GE4,At least 4 times,AC52A,"Cultural activities (cinema, live performances or cultural sites)",TOTAL,Total,TOTAL,Total,TOTAL,Total,PC,Percentage,CZ,Czechia,2022,,19.8,,,,,
dataflow,ESTAT:ILC_SCP04$DV_2741(1.0),"Persons participating in in cultural or sport activities in the last 12 months by income quintile, household composition, degree of urbanisation, activity type and frequency",A,Annual,GE4,At least 4 times,AC52A,"Cultural activities (cinema, live performances or cultural sites)",TOTAL,Total,TOTAL,Total,TOTAL,Total,PC,Percentage,DE,Germany,2015,,32.4,,,,,
dataflow,ESTAT:ILC_SCP04$DV_2741(1.0),"Persons participating in in cultural or sport activities in the last 12 months by income quintile, household composition, degree of urbanisation, activity type and frequency",A,Annual,GE4,At least 4 times,AC52A,"Cultural activities (cinema, live performances or cultural sites)",TOTAL,Total,TOTAL,Total,TOTAL,Total,PC,Percentage,DE,Germany,2022,,,,u,low reliability,,
dataflow,ESTAT:ILC_SCP04$DV_2741(1.0),"Persons participating in in cultural or sport activities in the last 12 months by income quintile, household composition, degree of urbanisation, activity type and frequency",A,Annual,GE4,At least 4 times,AC52A,"Cultural activities (cinema, live performances or cultural sites)",TOTAL,Total,TOTAL,Total,TOTAL,Total,PC,Percentage,DK,Denmark,2015,,31.6,,,,,
dataflow,ESTAT:ILC_SCP04$DV_2741(1.0),"Persons participating in in cultural or sport activities in the last 12 months by income quintile, household composition, degree of urbanisation, activity type and frequency",A,Annual,GE4,At least 4 times,AC52A,"Cultural activities (cinema, live performances or cultural sites)",TOTAL,Total,TOTAL,Total,TOTAL,Total,PC,Percentage,DK,Denmark,2022,,33.4,,,,,
dataflow,ESTAT:ILC_SCP04$DV_2741(1.0),"Persons participating in in cultural or sport activities in the last 12 months by income quintile, household composition, degree of urbanisation, activity type and frequency",A,Annual,GE4,At least 4 times,AC52A,"Cultural activities (cinema, live performances or cultural sites)",TOTAL,Total,TOTAL,Total,TOTAL,Total,PC,Percentage,EE,Estonia,2015,,34.5,,,,,
dataflow,ESTAT:ILC_SCP04$DV_2741(1.0),"Persons participating in in cultural or sport activities in the last 12 months by income quintile, household composition, degree of urbanisation, activity type and frequency",A,Annual,GE4,At least 4 times,AC52A,"Cultural activities (cinema, live performances or cultural sites)",TOTAL,Total,TOTAL,Total,TOTAL,Total,PC,Percentage,EE,Estonia,2022,,25.3,,,,,
dataflow,ESTAT:ILC_SCP04$DV_2741(1.0),"Persons participating in in cultural or sport activities in the last 12 months by income quintile, household composition, degree of urbanisation, activity type and frequency",A,Annual,GE4,At least 4 times,AC52A,"Cultural activities (cinema, live performances or cultural sites)",TOTAL,Total,TOTAL,Total,TOTAL,Total,PC,Percentage,EL,Greece,2015,,9.3,,,,,
dataflow,ESTAT:ILC_SCP04$DV_2741(1.0),"Persons participating in in cultural or sport activities in the last 12 months by income quintile, household composition, degree of urbanisation, activity type and frequency",A,Annual,GE4,At least 4 times,AC52A,"Cultural activities (cinema, live performances or cultural sites)",TOTAL,Total,TOTAL,Total,TOTAL,Total,PC,Percentage,EL,Greece,2022,,9.0,,,,,
dataflow,ESTAT:ILC_SCP04$DV_2741(1.0),"Persons participating in in cultural or sport activities in the last 12 months by income quintile, household composition, degree of urbanisation, activity type and frequency",A,Annual,GE4,At least 4 times,AC52A,"Cultural activities (cinema, live performances or cultural sites)",TOTAL,Total,TOTAL,Total,TOTAL,Total,PC,Percentage,ES,Spain,2015,,29.5,,,,,
dataflow,ESTAT:ILC_SCP04$DV_2741(1.0),"Persons participating in in cultural or sport activities in the last 12 months by income quintile, household composition, degree of urbanisation, activity type and frequency",A,Annual,GE4,At least 4 times,AC52A,"Cultural activities (cinema, live performances or cultural sites)",TOTAL,Total,TOTAL,Total,TOTAL,Total,PC,Percentage,ES,Spain,2022,,23.7,,,,,
dataflow,ESTAT:ILC_SCP04$DV_2741(1.0),"Persons participating in in cultural or sport activities in the last 12 months by income quintile, household composition, degree of urbanisation, activity type and frequency",A,Annual,GE4,At least 4 times,AC52A,"Cultural activities (cinema, live performances or cultural sites)",TOTAL,Total,TOTAL,Total,TOTAL,Total,PC,Percentage,EU27_2020,European Union - 27 countries (from 2020),2015,,28.4,,,,,
dataflow,ESTAT:ILC_SCP04$DV_2741(1.0),"Persons participating in in cultural or sport activities in the last 12 months by income quintile, household composition, degree of urbanisation, activity type and frequency",A,Annual,GE4,At least 4 times,AC52A,"Cultural activities (cinema, live performances or cultural sites)",TOTAL,Total,TOTAL,Total,TOTAL,Total,PC,Percentage,FI,Finland,2015,,40.8,,,,,
dataflow,ESTAT:ILC_SCP04$DV_2741(1.0),"Persons participating in in cultural or sport activities in the last 12 months by income quintile, household composition, degree of urbanisation, activity type and frequency",A,Annual,GE4,At least 4 times,AC52A,"Cultural activities (cinema, live performances or cultural sites)",TOTAL,Total,TOTAL,Total,TOTAL,Total,PC,Percentage,FI,Finland,2022,,18.9,,,,,
dataflow,ESTAT:ILC_SCP04$DV_2741(1.0),"Persons participating in in cultural or sport activities in the last 12 months by income quintile, household composition, degree of urbanisation, activity type and frequency",A,Annual,GE4,At least 4 times,AC52A,"Cultural activities (cinema, live performances or cultural sites)",TOTAL,Total,TOTAL,Total,TOTAL,Total,PC,Percentage,FR,France,2015,,42.1,,,,,
dataflow,ESTAT:ILC_SCP04$DV_2741(1.0),"Persons participating in in cultural or sport activities in the last 12 months by income quintile, household composition, degree of urbanisation, activity type and frequency",A,Annual,GE4,At least 4 times,AC52A,"Cultural activities (cinema, live performances or cultural sites)",TOTAL,Total,TOTAL,Total,TOTAL,Total,PC,Percentage,FR,France,2022,,20.6,,,,,
dataflow,ESTAT:ILC_SCP04$DV_2741(1.0),"Persons participating in in cultural or sport activities in the last 12 months by income quintile, household composition, degree of urbanisation, activity type and frequency",A,Annual,GE4,At least 4 times,AC52A,"Cultural activities (cinema, live performances or cultural sites)",TOTAL,Total,TOTAL,Total,TOTAL,Total,PC,Percentage,HR,Croatia,2015,,14.8,,,,,
dataflow,ESTAT:ILC_SCP04$DV_2741(1.0),"Persons participating in in cultural or sport activities in the last 12 months by income quintile, household composition, degree of urbanisation, activity type and frequency",A,Annual,GE4,At least 4 times,AC52A,"Cultural activities (cinema, live performances or cultural sites)",TOTAL,Total,TOTAL,Total,TOTAL,Total,PC,Percentage,HR,Croatia,2022,,10.5,,,,,
dataflow,ESTAT:ILC_SCP04$DV_2741(1.0),"Persons participating in in cultural or sport activities in the last 12 months by income quintile, household composition, degree of urbanisation, activity type and frequency",A,Annual,GE4,At least 4 times,AC52A,"Cultural activities (cinema, live performances or cultural sites)",TOTAL,Total,TOTAL,Total,TOTAL,Total,PC,Percentage,HU,Hungary,2015,,17.6,,,,,
dataflow,ESTAT:ILC_SCP04$DV_2741(1.0),"Persons participating in in cultural or sport activities in the last 12 months by income quintile, household composition, degree of urbanisation, activity type and frequency",A,Annual,GE4,At least 4 times,AC52A,"Cultural activities (cinema, live performances or cultural sites)",TOTAL,Total,TOTAL,Total,TOTAL,Total,PC,Percentage,HU,Hungary,2022,,9.4,,,,,
dataflow,ESTAT:ILC_SCP04$DV_2741(1.0),"Persons participating in in cultural or sport activities in the last 12 months by income quintile, household composition, degree of urbanisation, activity type and frequency",A,Annual,GE4,At least 4 times,AC52A,"Cultural activities (cinema, live performances or cultural sites)",TOTAL,Total,TOTAL,Total,TOTAL,Total,PC,Percentage,IE,Ireland,2015,,31.1,,u,low reliability,,
dataflow,ESTAT:ILC_SCP04$DV_2741(1.0),"Persons participating in in cultural or sport activities in the last 12 months by income quintile, household composition, degree of urbanisation, activity type and frequency",A,Annual,GE4,At least 4 times,AC52A,"Cultural activities (cinema, live performances or cultural sites)",TOTAL,Total,TOTAL,Total,TOTAL,Total,PC,Percentage,IE,Ireland,2022,,17.6,,,,,
dataflow,ESTAT:ILC_SCP04$DV_2741(1.0),"Persons participating in in cultural or sport activities in the last 12 months by income quintile, household composition, degree of urbanisation, activity type and frequency",A,Annual,GE4,At least 4 times,AC52A,"Cultural activities (cinema, live performances or cultural sites)",TOTAL,Total,TOTAL,Total,TOTAL,Total,PC,Percentage,IS,Iceland,2015,,55.4,,,,,
dataflow,ESTAT:ILC_SCP04$DV_2741(1.0),"Persons participating in in cultural or sport activities in the last 12 months by income quintile, household composition, degree of urbanisation, activity type and frequency",A,Annual,GE4,At least 4 times,AC52A,"Cultural activities (cinema, live performances or cultural sites)",TOTAL,Total,TOTAL,Total,TOTAL,Total,PC,Percentage,IT,Italy,2015,,20.7,,,,,
dataflow,ESTAT:ILC_SCP04$DV_2741(1.0),"Persons participating in in cultural or sport activities in the last 12 months by income quintile, household composition, degree of urbanisation, activity type and frequency",A,Annual,GE4,At least 4 times,AC52A,"Cultural activities (cinema, live performances or cultural sites)",TOTAL,Total,TOTAL,Total,TOTAL,Total,PC,Percentage,IT,Italy,2022,,10.2,,,,,
dataflow,ESTAT:ILC_SCP04$DV_2741(1.0),"Persons participating in in cultural or sport activities in the last 12 months by income quintile, household composition, degree of urbanisation, activity type and frequency",A,Annual,GE4,At least 4 times,AC52A,"Cultural activities (cinema, live performances or cultural sites)",TOTAL,Total,TOTAL,Total,TOTAL,Total,PC,Percentage,LT,Lithuania,2015,,18.7,,,,,
dataflow,ESTAT:ILC_SCP04$DV_2741(1.0),"Persons participating in in cultural or sport activities in the last 12 months by income quintile, household composition, degree of urbanisation, activity type and frequency",A,Annual,GE4,At least 4 times,AC52A,"Cultural activities (cinema, live performances or cultural sites)",TOTAL,Total,TOTAL,Total,TOTAL,Total,PC,Percentage,LT,Lithuania,2022,,12.5,,,,,
dataflow,ESTAT:ILC_SCP04$DV_2741(1.0),"Persons participating in in cultural or sport activities in the last 12 months by income quintile, household composition, degree of urbanisation, activity type and frequency",A,Annual,GE4,At least 4 times,AC52A,"Cultural activities (cinema, live performances or cultural sites)",TOTAL,Total,TOTAL,Total,TOTAL,Total,PC,Percentage,LU,Luxembourg,2015,,47.5,,,,,
dataflow,ESTAT:ILC_SCP04$DV_2741(1.0),"Persons participating in in cultural or sport activities in the last 12 months by income quintile, household composition, degree of urbanisation, activity type and frequency",A,Annual,GE4,At least 4 times,AC52A,"Cultural activities (cinema, live performances or cultural sites)",TOTAL,Total,TOTAL,Total,TOTAL,Total,PC,Percentage,LU,Luxembourg,2022,,25.8,,,,,
dataflow,ESTAT:ILC_SCP04$DV_2741(1.0),"Persons participating in in cultural or sport activities in the last 12 months by income quintile, household composition, degree of urbanisation, activity type and frequency",A,Annual,GE4,At least 4 times,AC52A,"Cultural activities (cinema, live performances or cultural sites)",TOTAL,Total,TOTAL,Total,TOTAL,Total,PC,Percentage,LV,Latvia,2015,,23.8,,,,,
dataflow,ESTAT:ILC_SCP04$DV_2741(1.0),"Persons participating in in cultural or sport activities in the last 12 months by income quintile, household composition, degree of urbanisation, activity type and frequency",A,Annual,GE4,At least 4 times,AC52A,"Cultural activities (cinema, live performances or cultural sites)",TOTAL,Total,TOTAL,Total,TOTAL,Total,PC,Percentage,LV,Latvia,2022,,10.4,,,,,
dataflow,ESTAT:ILC_SCP04$DV_2741(1.0),"Persons participating in in cultural or sport activities in the last 12 months by income quintile, household composition, degree of urbanisation, activity type and frequency",A,Annual,GE4,At least 4 times,AC52A,"Cultural activities (cinema, live performances or cultural sites)",TOTAL,Total,TOTAL,Total,TOTAL,Total,PC,Percentage,MT,Malta,2015,,23.1,,,,,
dataflow,ESTAT:ILC_SCP04$DV_2741(1.0),"Persons participating in in cultural or sport activities in the last 12 months by income quintile, household composition, degree of urbanisation, activity type and frequency",A,Annual,GE4,At least 4 times,AC52A,"Cultural activities (cinema, live performances or cultural sites)",TOTAL,Total,TOTAL,Total,TOTAL,Total,PC,Percentage,MT,Malta,2022,,8.9,,,,,
dataflow,ESTAT:ILC_SCP04$DV_2741(1.0),"Persons participating in in cultural or sport activities in the last 12 months by income quintile, household composition, degree of urbanisation, activity type and frequency",A,Annual,GE4,At least 4 times,AC52A,"Cultural activities (cinema, live performances or cultural sites)",TOTAL,Total,TOTAL,Total,TOTAL,Total,PC,Percentage,NL,Netherlands,2015,,44.4,,,,,
dataflow,ESTAT:ILC_SCP04$DV_2741(1.0),"Persons participating in in cultural or sport activities in the last 12 months by income quintile, household composition, degree of urbanisation, activity type and frequency",A,Annual,GE4,At least 4 times,AC52A,"Cultural activities (cinema, live performances or cultural sites)",TOTAL,Total,TOTAL,Total,TOTAL,Total,PC,Percentage,NL,Netherlands,2022,,29.9,,,,,
dataflow,ESTAT:ILC_SCP04$DV_2741(1.0),"Persons participating in in cultural or sport activities in the last 12 months by income quintile, household composition, degree of urbanisation, activity type and frequency",A,Annual,GE4,At least 4 times,AC52A,"Cultural activities (cinema, live performances or cultural sites)",TOTAL,Total,TOTAL,Total,TOTAL,Total,PC,Percentage,NO,Norway,2015,,47.2,,,,,
dataflow,ESTAT:ILC_SCP04$DV_2741(1.0),"Persons participating in in cultural or sport activities in the last 12 months by income quintile, household composition, degree of urbanisation, activity type and frequency",A,Annual,GE4,At least 4 times,AC52A,"Cultural activities (cinema, live performances or cultural sites)",TOTAL,Total,TOTAL,Total,TOTAL,Total,PC,Percentage,NO,Norway,2022,,21.0,,,,,
dataflow,ESTAT:ILC_SCP04$DV_2741(1.0),"Persons participating in in cultural or sport activities in the last 12 months by income quintile, household composition, degree of urbanisation, activity type and frequency",A,Annual,GE4,At least 4 times,AC52A,"Cultural activities (cinema, live performances or cultural sites)",TOTAL,Total,TOTAL,Total,TOTAL,Total,PC,Percentage,PL,Poland,2015,,14.3,,u,low reliability,,
dataflow,ESTAT:ILC_SCP04$DV_2741(1.0),"Persons participating in in cultural or sport activities in the last 12 months by income quintile, household composition, degree of urbanisation, activity type and frequency",A,Annual,GE4,At least 4 times,AC52A,"Cultural activities (cinema, live performances or cultural sites)",TOTAL,Total,TOTAL,Total,TOTAL,Total,PC,Percentage,PL,Poland,2022,,14.5,,,,,
dataflow,ESTAT:ILC_SCP04$DV_2741(1.0),"Persons participating in in cultural or sport activities in the last 12 months by income quintile, household composition, degree of urbanisation, activity type and frequency",A,Annual,GE4,At least 4 times,AC52A,"Cultural activities (cinema, live performances or cultural sites)",TOTAL,Total,TOTAL,Total,TOTAL,Total,PC,Percentage,PT,Portugal,2015,,27.2,,,,,
dataflow,ESTAT:ILC_SCP04$DV_2741(1.0),"Persons participating in in cultural or sport activities in the last 12 months by income quintile, household composition, degree of urbanisation, activity type and frequency",A,Annual,GE4,At least 4 times,AC52A,"Cultural activities (cinema, live performances or cultural sites)",TOTAL,Total,TOTAL,Total,TOTAL,Total,PC,Percentage,PT,Portugal,2022,,20.1,,,,,
dataflow,ESTAT:ILC_SCP04$DV_2741(1.0),"Persons participating in in cultural or sport activities in the last 12 months by income quintile, household composition, degree of urbanisation, activity type and frequency",A,Annual,GE4,At least 4 times,AC52A,"Cultural activities (cinema, live performances or cultural sites)",TOTAL,Total,TOTAL,Total,TOTAL,Total,PC,Percentage,RO,Romania,2015,,10.1,,,,,
dataflow,ESTAT:ILC_SCP04$DV_2741(1.0),"Persons participating in in cultural or sport activities in the last 12 months by income quintile, household composition, degree of urbanisation, activity type and frequency",A,Annual,GE4,At least 4 times,AC52A,"Cultural activities (cinema, live performances or cultural sites)",TOTAL,Total,TOTAL,Total,TOTAL,Total,PC,Percentage,RO,Romania,2022,,3.8,,,,,
dataflow,ESTAT:ILC_SCP04$DV_2741(1.0),"Persons participating in in cultural or sport activities in the last 12 months by income quintile, household composition, degree of urbanisation, activity type and frequency",A,Annual,GE4,At least 4 times,AC52A,"Cultural activities (cinema, live performances or cultural sites)",TOTAL,Total,TOTAL,Total,TOTAL,Total,PC,Percentage,RS,Serbia,2015,,11.4,,,,,
dataflow,ESTAT:ILC_SCP04$DV_2741(1.0),"Persons participating in in cultural or sport activities in the last 12 months by income quintile, household composition, degree of urbanisation, activity type and frequency",A,Annual,GE4,At least 4 times,AC52A,"Cultural activities (cinema, live performances or cultural sites)",TOTAL,Total,TOTAL,Total,TOTAL,Total,PC,Percentage,RS,Serbia,2022,,7.3,,,,,
dataflow,ESTAT:ILC_SCP04$DV_2741(1.0),"Persons participating in in cultural or sport activities in the last 12 months by income quintile, household composition, degree of urbanisation, activity type and frequency",A,Annual,GE4,At least 4 times,AC52A,"Cultural activities (cinema, live performances or cultural sites)",TOTAL,Total,TOTAL,Total,TOTAL,Total,PC,Percentage,SE,Sweden,2015,,42.9,,,,,
dataflow,ESTAT:ILC_SCP04$DV_2741(1.0),"Persons participating in in cultural or sport activities in the last 12 months by income quintile, household composition, degree of urbanisation, activity type and frequency",A,Annual,GE4,At least 4 times,AC52A,"Cultural activities (cinema, live performances or cultural sites)",TOTAL,Total,TOTAL,Total,TOTAL,Total,PC,Percentage,SE,Sweden,2022,,18.5,,,,,
dataflow,ESTAT:ILC_SCP04$DV_2741(1.0),"Persons participating in in cultural or sport activities in the last 12 months by income quintile, household composition, degree of urbanisation, activity type and frequency",A,Annual,GE4,At least 4 times,AC52A,"Cultural activities (cinema, live performances or cultural sites)",TOTAL,Total,TOTAL,Total,TOTAL,Total,PC,Percentage,SI,Slovenia,2015,,41.9,,,,,
dataflow,ESTAT:ILC_SCP04$DV_2741(1.0),"Persons participating in in cultural or sport activities in the last 12 months by income quintile, household composition, degree of urbanisation, activity type and frequency",A,Annual,GE4,At least 4 times,AC52A,"Cultural activities (cinema, live performances or cultural sites)",TOTAL,Total,TOTAL,Total,TOTAL,Total,PC,Percentage,SI,Slovenia,2022,,22.2,,,,,
dataflow,ESTAT:ILC_SCP04$DV_2741(1.0),"Persons participating in in cultural or sport activities in the last 12 months by income quintile, household composition, degree of urbanisation, activity type and frequency",A,Annual,GE4,At least 4 times,AC52A,"Cultural activities (cinema, live performances or cultural sites)",TOTAL,Total,TOTAL,Total,TOTAL,Total,PC,Percentage,SK,Slovakia,2015,,20.1,,,,,
dataflow,ESTAT:ILC_SCP04$DV_2741(1.0),"Persons participating in in cultural or sport activities in the last 12 months by income quintile, household composition, degree of urbanisation, activity type and frequency",A,Annual,GE4,At least 4 times,AC52A,"Cultural activities (cinema, live performances or cultural sites)",TOTAL,Total,TOTAL,Total,TOTAL,Total,PC,Percentage,SK,Slovakia,2022,,6.5,,,,,
dataflow,ESTAT:ILC_SCP04$DV_2741(1.0),"Persons participating in in cultural or sport activities in the last 12 months by income quintile, household composition, degree of urbanisation, activity type and frequency",A,Annual,GE4,At least 4 times,AC52A,"Cultural activities (cinema, live performances or cultural sites)",TOTAL,Total,TOTAL,Total,TOTAL,Total,PC,Percentage,UK,United Kingdom,2015,,40.7,,u,low reliability,,
dataflow,ESTAT:ILC_SCP04$DV_2741(1.0),"Persons participating in in cultural or sport activities in the last 12 months by income quintile, household composition, degree of urbanisation, activity type and frequency",A,Annual,NM12,Not in the last 12 months,AC521,Cinema,TOTAL,Total,TOTAL,Total,TOTAL,Total,PC,Percentage,AL,Albania,2022,,78.2,,,,,
dataflow,ESTAT:ILC_SCP04$DV_2741(1.0),"Persons participating in in cultural or sport activities in the last 12 months by income quintile, household composition, degree of urbanisation, activity type and frequency",A,Annual,NM12,Not in the last 12 months,AC521,Cinema,TOTAL,Total,TOTAL,Total,TOTAL,Total,PC,Percentage,AT,Austria,2015,,52.4,,,,,
dataflow,ESTAT:ILC_SCP04$DV_2741(1.0),"Persons participating in in cultural or sport activities in the last 12 months by income quintile, household composition, degree of urbanisation, activity type and frequency",A,Annual,NM12,Not in the last 12 months,AC521,Cinema,TOTAL,Total,TOTAL,Total,TOTAL,Total,PC,Percentage,AT,Austria,2022,,67.6,,,,,
dataflow,ESTAT:ILC_SCP04$DV_2741(1.0),"Persons participating in in cultural or sport activities in the last 12 months by income quintile, household composition, degree of urbanisation, activity type and frequency",A,Annual,NM12,Not in the last 12 months,AC521,Cinema,TOTAL,Total,TOTAL,Total,TOTAL,Total,PC,Percentage,BE,Belgium,2015,,49.7,,,,,
dataflow,ESTAT:ILC_SCP04$DV_2741(1.0),"Persons participating in in cultural or sport activities in the last 12 months by income quintile, household composition, degree of urbanisation, activity type and frequency",A,Annual,NM12,Not in the last 12 months,AC521,Cinema,TOTAL,Total,TOTAL,Total,TOTAL,Total,PC,Percentage,BE,Belgium,2022,,67.1,,,,,
dataflow,ESTAT:ILC_SCP04$DV_2741(1.0),"Persons participating in in cultural or sport activities in the last 12 months by income quintile, household composition, degree of urbanisation, activity type and frequency",A,Annual,NM12,Not in the last 12 months,AC521,Cinema,TOTAL,Total,TOTAL,Total,TOTAL,Total,PC,Percentage,BG,Bulgaria,2015,,78.3,,,,,
dataflow,ESTAT:ILC_SCP04$DV_2741(1.0),"Persons participating in in cultural or sport activities in the last 12 months by income quintile, household composition, degree of urbanisation, activity type and frequency",A,Annual,NM12,Not in the last 12 months,AC521,Cinema,TOTAL,Total,TOTAL,Total,TOTAL,Total,PC,Percentage,BG,Bulgaria,2022,,87.0,,,,,
dataflow,ESTAT:ILC_SCP04$DV_2741(1.0),"Persons participating in in cultural or sport activities in the last 12 months by income quintile, household composition, degree of urbanisation, activity type and frequency",A,Annual,NM12,Not in the last 12 months,AC521,Cinema,TOTAL,Total,TOTAL,Total,TOTAL,Total,PC,Percentage,CH,Switzerland,2015,,37.9,,,,,
dataflow,ESTAT:ILC_SCP04$DV_2741(1.0),"Persons participating in in cultural or sport activities in the last 12 months by income quintile, household composition, degree of urbanisation, activity type and frequency",A,Annual,NM12,Not in the last 12 months,AC521,Cinema,TOTAL,Total,TOTAL,Total,TOTAL,Total,PC,Percentage,CH,Switzerland,2022,,57.0,,,,,
dataflow,ESTAT:ILC_SCP04$DV_2741(1.0),"Persons participating in in cultural or sport activities in the last 12 months by income quintile, household composition, degree of urbanisation, activity type and frequency",A,Annual,NM12,Not in the last 12 months,AC521,Cinema,TOTAL,Total,TOTAL,Total,TOTAL,Total,PC,Percentage,CY,Cyprus,2015,,69.5,,,,,
dataflow,ESTAT:ILC_SCP04$DV_2741(1.0),"Persons participating in in cultural or sport activities in the last 12 months by income quintile, household composition, degree of urbanisation, activity type and frequency",A,Annual,NM12,Not in the last 12 months,AC521,Cinema,TOTAL,Total,TOTAL,Total,TOTAL,Total,PC,Percentage,CY,Cyprus,2022,,82.8,,,,,
dataflow,ESTAT:ILC_SCP04$DV_2741(1.0),"Persons participating in in cultural or sport activities in the last 12 months by income quintile, household composition, degree of urbanisation, activity type and frequency",A,Annual,NM12,Not in the last 12 months,AC521,Cinema,TOTAL,Total,TOTAL,Total,TOTAL,Total,PC,Percentage,CZ,Czechia,2015,,52.2,,,,,
dataflow,ESTAT:ILC_SCP04$DV_2741(1.0),"Persons participating in in cultural or sport activities in the last 12 months by income quintile, household composition, degree of urbanisation, activity type and frequency",A,Annual,NM12,Not in the last 12 months,AC521,Cinema,TOTAL,Total,TOTAL,Total,TOTAL,Total,PC,Percentage,CZ,Czechia,2022,,60.5,,,,,
dataflow,ESTAT:ILC_SCP04$DV_2741(1.0),"Persons participating in in cultural or sport activities in the last 12 months by income quintile, household composition, degree of urbanisation, activity type and frequency",A,Annual,NM12,Not in the last 12 months,AC521,Cinema,TOTAL,Total,TOTAL,Total,TOTAL,Total,PC,Percentage,DE,Germany,2015,,53.4,,,,,
dataflow,ESTAT:ILC_SCP04$DV_2741(1.0),"Persons participating in in cultural or sport activities in the last 12 months by income quintile, household composition, degree of urbanisation, activity type and frequency",A,Annual,NM12,Not in the last 12 months,AC521,Cinema,TOTAL,Total,TOTAL,Total,TOTAL,Total,PC,Percentage,DE,Germany,2022,,,,u,low reliability,,
dataflow,ESTAT:ILC_SCP04$DV_2741(1.0),"Persons participating in in cultural or sport activities in the last 12 months by income quintile, household composition, degree of urbanisation, activity type and frequency",A,Annual,NM12,Not in the last 12 months,AC521,Cinema,TOTAL,Total,TOTAL,Total,TOTAL,Total,PC,Percentage,DK,Denmark,2015,,34.4,,,,,
dataflow,ESTAT:ILC_SCP04$DV_2741(1.0),"Persons participating in in cultural or sport activities in the last 12 months by income quintile, household composition, degree of urbanisation, activity type and frequency",A,Annual,NM12,Not in the last 12 months,AC521,Cinema,TOTAL,Total,TOTAL,Total,TOTAL,Total,PC,Percentage,DK,Denmark,2022,,47.9,,,,,
dataflow,ESTAT:ILC_SCP04$DV_2741(1.0),"Persons participating in in cultural or sport activities in the last 12 months by income quintile, household composition, degree of urbanisation, activity type and frequency",A,Annual,NM12,Not in the last 12 months,AC521,Cinema,TOTAL,Total,TOTAL,Total,TOTAL,Total,PC,Percentage,EE,Estonia,2015,,51.8,,,,,
dataflow,ESTAT:ILC_SCP04$DV_2741(1.0),"Persons participating in in cultural or sport activities in the last 12 months by income quintile, household composition, degree of urbanisation, activity type and frequency",A,Annual,NM12,Not in the last 12 months,AC521,Cinema,TOTAL,Total,TOTAL,Total,TOTAL,Total,PC,Percentage,EE,Estonia,2022,,58.6,,,,,
dataflow,ESTAT:ILC_SCP04$DV_2741(1.0),"Persons participating in in cultural or sport activities in the last 12 months by income quintile, household composition, degree of urbanisation, activity type and frequency",A,Annual,NM12,Not in the last 12 months,AC521,Cinema,TOTAL,Total,TOTAL,Total,TOTAL,Total,PC,Percentage,EL,Greece,2015,,67.2,,,,,
dataflow,ESTAT:ILC_SCP04$DV_2741(1.0),"Persons participating in in cultural or sport activities in the last 12 months by income quintile, household composition, degree of urbanisation, activity type and frequency",A,Annual,NM12,Not in the last 12 months,AC521,Cinema,TOTAL,Total,TOTAL,Total,TOTAL,Total,PC,Percentage,EL,Greece,2022,,73.6,,,,,
dataflow,ESTAT:ILC_SCP04$DV_2741(1.0),"Persons participating in in cultural or sport activities in the last 12 months by income quintile, household composition, degree of urbanisation, activity type and frequency",A,Annual,NM12,Not in the last 12 months,AC521,Cinema,TOTAL,Total,TOTAL,Total,TOTAL,Total,PC,Percentage,ES,Spain,2015,,54.1,,,,,
dataflow,ESTAT:ILC_SCP04$DV_2741(1.0),"Persons participating in in cultural or sport activities in the last 12 months by income quintile, household composition, degree of urbanisation, activity type and frequency",A,Annual,NM12,Not in the last 12 months,AC521,Cinema,TOTAL,Total,TOTAL,Total,TOTAL,Total,PC,Percentage,ES,Spain,2022,,63.3,,,,,
dataflow,ESTAT:ILC_SCP04$DV_2741(1.0),"Persons participating in in cultural or sport activities in the last 12 months by income quintile, household composition, degree of urbanisation, activity type and frequency",A,Annual,NM12,Not in the last 12 months,AC521,Cinema,TOTAL,Total,TOTAL,Total,TOTAL,Total,PC,Percentage,EU27_2020,European Union - 27 countries (from 2020),2015,,55.6,,,,,
dataflow,ESTAT:ILC_SCP04$DV_2741(1.0),"Persons participating in in cultural or sport activities in the last 12 months by income quintile, household composition, degree of urbanisation, activity type and frequency",A,Annual,NM12,Not in the last 12 months,AC521,Cinema,TOTAL,Total,TOTAL,Total,TOTAL,Total,PC,Percentage,FI,Finland,2015,,44.9,,,,,
dataflow,ESTAT:ILC_SCP04$DV_2741(1.0),"Persons participating in in cultural or sport activities in the last 12 months by income quintile, household composition, degree of urbanisation, activity type and frequency",A,Annual,NM12,Not in the last 12 months,AC521,Cinema,TOTAL,Total,TOTAL,Total,TOTAL,Total,PC,Percentage,FI,Finland,2022,,64.3,,,,,
dataflow,ESTAT:ILC_SCP04$DV_2741(1.0),"Persons participating in in cultural or sport activities in the last 12 months by income quintile, household composition, degree of urbanisation, activity type and frequency",A,Annual,NM12,Not in the last 12 months,AC521,Cinema,TOTAL,Total,TOTAL,Total,TOTAL,Total,PC,Percentage,FR,France,2015,,42.2,,,,,
dataflow,ESTAT:ILC_SCP04$DV_2741(1.0),"Persons participating in in cultural or sport activities in the last 12 months by income quintile, household composition, degree of urbanisation, activity type and frequency",A,Annual,NM12,Not in the last 12 months,AC521,Cinema,TOTAL,Total,TOTAL,Total,TOTAL,Total,PC,Percentage,FR,France,2022,,59.5,,,,,
dataflow,ESTAT:ILC_SCP04$DV_2741(1.0),"Persons participating in in cultural or sport activities in the last 12 months by income quintile, household composition, degree of urbanisation, activity type and frequency",A,Annual,NM12,Not in the last 12 months,AC521,Cinema,TOTAL,Total,TOTAL,Total,TOTAL,Total,PC,Percentage,HR,Croatia,2015,,75.1,,,,,
dataflow,ESTAT:ILC_SCP04$DV_2741(1.0),"Persons participating in in cultural or sport activities in the last 12 months by income quintile, household composition, degree of urbanisation, activity type and frequency",A,Annual,NM12,Not in the last 12 months,AC521,Cinema,TOTAL,Total,TOTAL,Total,TOTAL,Total,PC,Percentage,HR,Croatia,2022,,79.3,,,,,
dataflow,ESTAT:ILC_SCP04$DV_2741(1.0),"Persons participating in in cultural or sport activities in the last 12 months by income quintile, household composition, degree of urbanisation, activity type and frequency",A,Annual,NM12,Not in the last 12 months,AC521,Cinema,TOTAL,Total,TOTAL,Total,TOTAL,Total,PC,Percentage,HU,Hungary,2015,,69.2,,,,,
dataflow,ESTAT:ILC_SCP04$DV_2741(1.0),"Persons participating in in cultural or sport activities in the last 12 months by income quintile, household composition, degree of urbanisation, activity type and frequency",A,Annual,NM12,Not in the last 12 months,AC521,Cinema,TOTAL,Total,TOTAL,Total,TOTAL,Total,PC,Percentage,HU,Hungary,2022,,74.3,,,,,
dataflow,ESTAT:ILC_SCP04$DV_2741(1.0),"Persons participating in in cultural or sport activities in the last 12 months by income quintile, household composition, degree of urbanisation, activity type and frequency",A,Annual,NM12,Not in the last 12 months,AC521,Cinema,TOTAL,Total,TOTAL,Total,TOTAL,Total,PC,Percentage,IE,Ireland,2015,,51.0,,u,low reliability,,
dataflow,ESTAT:ILC_SCP04$DV_2741(1.0),"Persons participating in in cultural or sport activities in the last 12 months by income quintile, household composition, degree of urbanisation, activity type and frequency",A,Annual,NM12,Not in the last 12 months,AC521,Cinema,TOTAL,Total,TOTAL,Total,TOTAL,Total,PC,Percentage,IE,Ireland,2022,,58.0,,,,,
dataflow,ESTAT:ILC_SCP04$DV_2741(1.0),"Persons participating in in cultural or sport activities in the last 12 months by income quintile, household composition, degree of urbanisation, activity type and frequency",A,Annual,NM12,Not in the last 12 months,AC521,Cinema,TOTAL,Total,TOTAL,Total,TOTAL,Total,PC,Percentage,IS,Iceland,2015,,31.2,,,,,
dataflow,ESTAT:ILC_SCP04$DV_2741(1.0),"Persons participating in in cultural or sport activities in the last 12 months by income quintile, household composition, degree of urbanisation, activity type and frequency",A,Annual,NM12,Not in the last 12 months,AC521,Cinema,TOTAL,Total,TOTAL,Total,TOTAL,Total,PC,Percentage,IT,Italy,2015,,62.5,,,,,
dataflow,ESTAT:ILC_SCP04$DV_2741(1.0),"Persons participating in in cultural or sport activities in the last 12 months by income quintile, household composition, degree of urbanisation, activity type and frequency",A,Annual,NM12,Not in the last 12 months,AC521,Cinema,TOTAL,Total,TOTAL,Total,TOTAL,Total,PC,Percentage,IT,Italy,2022,,72.5,,,,,
dataflow,ESTAT:ILC_SCP04$DV_2741(1.0),"Persons participating in in cultural or sport activities in the last 12 months by income quintile, household composition, degree of urbanisation, activity type and frequency",A,Annual,NM12,Not in the last 12 months,AC521,Cinema,TOTAL,Total,TOTAL,Total,TOTAL,Total,PC,Percentage,LT,Lithuania,2015,,65.1,,,,,
dataflow,ESTAT:ILC_SCP04$DV_2741(1.0),"Persons participating in in cultural or sport activities in the last 12 months by income quintile, household composition, degree of urbanisation, activity type and frequency",A,Annual,NM12,Not in the last 12 months,AC521,Cinema,TOTAL,Total,TOTAL,Total,TOTAL,Total,PC,Percentage,LT,Lithuania,2022,,71.7,,,,,
dataflow,ESTAT:ILC_SCP04$DV_2741(1.0),"Persons participating in in cultural or sport activities in the last 12 months by income quintile, household composition, degree of urbanisation, activity type and frequency",A,Annual,NM12,Not in the last 12 months,AC521,Cinema,TOTAL,Total,TOTAL,Total,TOTAL,Total,PC,Percentage,LU,Luxembourg,2015,,44.3,,,,,
dataflow,ESTAT:ILC_SCP04$DV_2741(1.0),"Persons participating in in cultural or sport activities in the last 12 months by income quintile, household composition, degree of urbanisation, activity type and frequency",A,Annual,NM12,Not in the last 12 months,AC521,Cinema,TOTAL,Total,TOTAL,Total,TOTAL,Total,PC,Percentage,LU,Luxembourg,2022,,51.0,,,,,
dataflow,ESTAT:ILC_SCP04$DV_2741(1.0),"Persons participating in in cultural or sport activities in the last 12 months by income quintile, household composition, degree of urbanisation, activity type and frequency",A,Annual,NM12,Not in the last 12 months,AC521,Cinema,TOTAL,Total,TOTAL,Total,TOTAL,Total,PC,Percentage,LV,Latvia,2015,,68.1,,,,,
dataflow,ESTAT:ILC_SCP04$DV_2741(1.0),"Persons participating in in cultural or sport activities in the last 12 months by income quintile, household composition, degree of urbanisation, activity type and frequency",A,Annual,NM12,Not in the last 12 months,AC521,Cinema,TOTAL,Total,TOTAL,Total,TOTAL,Total,PC,Percentage,LV,Latvia,2022,,85.6,,,,,
dataflow,ESTAT:ILC_SCP04$DV_2741(1.0),"Persons participating in in cultural or sport activities in the last 12 months by income quintile, household composition, degree of urbanisation, activity type and frequency",A,Annual,NM12,Not in the last 12 months,AC521,Cinema,TOTAL,Total,TOTAL,Total,TOTAL,Total,PC,Percentage,MT,Malta,2015,,65.8,,,,,
dataflow,ESTAT:ILC_SCP04$DV_2741(1.0),"Persons participating in in cultural or sport activities in the last 12 months by income quintile, household composition, degree of urbanisation, activity type and frequency",A,Annual,NM12,Not in the last 12 months,AC521,Cinema,TOTAL,Total,TOTAL,Total,TOTAL,Total,PC,Percentage,MT,Malta,2022,,75.7,,,,,
dataflow,ESTAT:ILC_SCP04$DV_2741(1.0),"Persons participating in in cultural or sport activities in the last 12 months by income quintile, household composition, degree of urbanisation, activity type and frequency",A,Annual,NM12,Not in the last 12 months,AC521,Cinema,TOTAL,Total,TOTAL,Total,TOTAL,Total,PC,Percentage,NL,Netherlands,2015,,41.1,,,,,
dataflow,ESTAT:ILC_SCP04$DV_2741(1.0),"Persons participating in in cultural or sport activities in the last 12 months by income quintile, household composition, degree of urbanisation, activity type and frequency",A,Annual,NM12,Not in the last 12 months,AC521,Cinema,TOTAL,Total,TOTAL,Total,TOTAL,Total,PC,Percentage,NL,Netherlands,2022,,55.9,,,,,
dataflow,ESTAT:ILC_SCP04$DV_2741(1.0),"Persons participating in in cultural or sport activities in the last 12 months by income quintile, household composition, degree of urbanisation, activity type and frequency",A,Annual,NM12,Not in the last 12 months,AC521,Cinema,TOTAL,Total,TOTAL,Total,TOTAL,Total,PC,Percentage,NO,Norway,2015,,37.7,,,,,
dataflow,ESTAT:ILC_SCP04$DV_2741(1.0),"Persons participating in in cultural or sport activities in the last 12 months by income quintile, household composition, degree of urbanisation, activity type and frequency",A,Annual,NM12,Not in the last 12 months,AC521,Cinema,TOTAL,Total,TOTAL,Total,TOTAL,Total,PC,Percentage,NO,Norway,2022,,54.1,,,,,
dataflow,ESTAT:ILC_SCP04$DV_2741(1.0),"Persons participating in in cultural or sport activities in the last 12 months by income quintile, household composition, degree of urbanisation, activity type and frequency",A,Annual,NM12,Not in the last 12 months,AC521,Cinema,TOTAL,Total,TOTAL,Total,TOTAL,Total,PC,Percentage,PL,Poland,2015,,58.9,,u,low reliability,,
dataflow,ESTAT:ILC_SCP04$DV_2741(1.0),"Persons participating in in cultural or sport activities in the last 12 months by income quintile, household composition, degree of urbanisation, activity type and frequency",A,Annual,NM12,Not in the last 12 months,AC521,Cinema,TOTAL,Total,TOTAL,Total,TOTAL,Total,PC,Percentage,PL,Poland,2022,,61.9,,,,,
dataflow,ESTAT:ILC_SCP04$DV_2741(1.0),"Persons participating in in cultural or sport activities in the last 12 months by income quintile, household composition, degree of urbanisation, activity type and frequency",A,Annual,NM12,Not in the last 12 months,AC521,Cinema,TOTAL,Total,TOTAL,Total,TOTAL,Total,PC,Percentage,PT,Portugal,2015,,68.2,,,,,
dataflow,ESTAT:ILC_SCP04$DV_2741(1.0),"Persons participating in in cultural or sport activities in the last 12 months by income quintile, household composition, degree of urbanisation, activity type and frequency",A,Annual,NM12,Not in the last 12 months,AC521,Cinema,TOTAL,Total,TOTAL,Total,TOTAL,Total,PC,Percentage,PT,Portugal,2022,,73.6,,,,,
dataflow,ESTAT:ILC_SCP04$DV_2741(1.0),"Persons participating in in cultural or sport activities in the last 12 months by income quintile, household composition, degree of urbanisation, activity type and frequency",A,Annual,NM12,Not in the last 12 months,AC521,Cinema,TOTAL,Total,TOTAL,Total,TOTAL,Total,PC,Percentage,RO,Romania,2015,,80.7,,,,,
dataflow,ESTAT:ILC_SCP04$DV_2741(1.0),"Persons participating in in cultural or sport activities in the last 12 months by income quintile, household composition, degree of urbanisation, activity type and frequency",A,Annual,NM12,Not in the last 12 months,AC521,Cinema,TOTAL,Total,TOTAL,Total,TOTAL,Total,PC,Percentage,RO,Romania,2022,,85.5,,,,,
dataflow,ESTAT:ILC_SCP04$DV_2741(1.0),"Persons participating in in cultural or sport activities in the last 12 months by income quintile, household composition, degree of urbanisation, activity type and frequency",A,Annual,NM12,Not in the last 12 months,AC521,Cinema,TOTAL,Total,TOTAL,Total,TOTAL,Total,PC,Percentage,RS,Serbia,2015,,79.9,,,,,
dataflow,ESTAT:ILC_SCP04$DV_2741(1.0),"Persons participating in in cultural or sport activities in the last 12 months by income quintile, household composition, degree of urbanisation, activity type and frequency",A,Annual,NM12,Not in the last 12 months,AC521,Cinema,TOTAL,Total,TOTAL,Total,TOTAL,Total,PC,Percentage,RS,Serbia,2022,,77.4,,,,,
dataflow,ESTAT:ILC_SCP04$DV_2741(1.0),"Persons participating in in cultural or sport activities in the last 12 months by income quintile, household composition, degree of urbanisation, activity type and frequency",A,Annual,NM12,Not in the last 12 months,AC521,Cinema,TOTAL,Total,TOTAL,Total,TOTAL,Total,PC,Percentage,SE,Sweden,2015,,39.0,,,,,
dataflow,ESTAT:ILC_SCP04$DV_2741(1.0),"Persons participating in in cultural or sport activities in the last 12 months by income quintile, household composition, degree of urbanisation, activity type and frequency",A,Annual,NM12,Not in the last 12 months,AC521,Cinema,TOTAL,Total,TOTAL,Total,TOTAL,Total,PC,Percentage,SE,Sweden,2022,,64.4,,,,,
dataflow,ESTAT:ILC_SCP04$DV_2741(1.0),"Persons participating in in cultural or sport activities in the last 12 months by income quintile, household composition, degree of urbanisation, activity type and frequency",A,Annual,NM12,Not in the last 12 months,AC521,Cinema,TOTAL,Total,TOTAL,Total,TOTAL,Total,PC,Percentage,SI,Slovenia,2015,,63.3,,,,,
dataflow,ESTAT:ILC_SCP04$DV_2741(1.0),"Persons participating in in cultural or sport activities in the last 12 months by income quintile, household composition, degree of urbanisation, activity type and frequency",A,Annual,NM12,Not in the last 12 months,AC521,Cinema,TOTAL,Total,TOTAL,Total,TOTAL,Total,PC,Percentage,SI,Slovenia,2022,,78.0,,,,,
dataflow,ESTAT:ILC_SCP04$DV_2741(1.0),"Persons participating in in cultural or sport activities in the last 12 months by income quintile, household composition, degree of urbanisation, activity type and frequency",A,Annual,NM12,Not in the last 12 months,AC521,Cinema,TOTAL,Total,TOTAL,Total,TOTAL,Total,PC,Percentage,SK,Slovakia,2015,,64.9,,,,,
dataflow,ESTAT:ILC_SCP04$DV_2741(1.0),"Persons participating in in cultural or sport activities in the last 12 months by income quintile, household composition, degree of urbanisation, activity type and frequency",A,Annual,NM12,Not in the last 12 months,AC521,Cinema,TOTAL,Total,TOTAL,Total,TOTAL,Total,PC,Percentage,SK,Slovakia,2022,,77.2,,,,,
dataflow,ESTAT:ILC_SCP04$DV_2741(1.0),"Persons participating in in cultural or sport activities in the last 12 months by income quintile, household composition, degree of urbanisation, activity type and frequency",A,Annual,NM12,Not in the last 12 months,AC521,Cinema,TOTAL,Total,TOTAL,Total,TOTAL,Total,PC,Percentage,UK,United Kingdom,2015,,47.1,,u,low reliability,,
dataflow,ESTAT:ILC_SCP04$DV_2741(1.0),"Persons participating in in cultural or sport activities in the last 12 months by income quintile, household composition, degree of urbanisation, activity type and frequency",A,Annual,NM12,Not in the last 12 months,AC522A,"Live performances (theatre, concerts, ballet)",TOTAL,Total,TOTAL,Total,TOTAL,Total,PC,Percentage,AL,Albania,2022,,86.9,,,,,
dataflow,ESTAT:ILC_SCP04$DV_2741(1.0),"Persons participating in in cultural or sport activities in the last 12 months by income quintile, household composition, degree of urbanisation, activity type and frequency",A,Annual,NM12,Not in the last 12 months,AC522A,"Live performances (theatre, concerts, ballet)",TOTAL,Total,TOTAL,Total,TOTAL,Total,PC,Percentage,AT,Austria,2015,,47.2,,,,,
dataflow,ESTAT:ILC_SCP04$DV_2741(1.0),"Persons participating in in cultural or sport activities in the last 12 months by income quintile, household composition, degree of urbanisation, activity type and frequency",A,Annual,NM12,Not in the last 12 months,AC522A,"Live performances (theatre, concerts, ballet)",TOTAL,Total,TOTAL,Total,TOTAL,Total,PC,Percentage,AT,Austria,2022,,69.2,,,,,
dataflow,ESTAT:ILC_SCP04$DV_2741(1.0),"Persons participating in in cultural or sport activities in the last 12 months by income quintile, household composition, degree of urbanisation, activity type and frequency",A,Annual,NM12,Not in the last 12 months,AC522A,"Live performances (theatre, concerts, ballet)",TOTAL,Total,TOTAL,Total,TOTAL,Total,PC,Percentage,BE,Belgium,2015,,54.9,,,,,
dataflow,ESTAT:ILC_SCP04$DV_2741(1.0),"Persons participating in in cultural or sport activities in the last 12 months by income quintile, household composition, degree of urbanisation, activity type and frequency",A,Annual,NM12,Not in the last 12 months,AC522A,"Live performances (theatre, concerts, ballet)",TOTAL,Total,TOTAL,Total,TOTAL,Total,PC,Percentage,BE,Belgium,2022,,61.8,,,,,
dataflow,ESTAT:ILC_SCP04$DV_2741(1.0),"Persons participating in in cultural or sport activities in the last 12 months by income quintile, household composition, degree of urbanisation, activity type and frequency",A,Annual,NM12,Not in the last 12 months,AC522A,"Live performances (theatre, concerts, ballet)",TOTAL,Total,TOTAL,Total,TOTAL,Total,PC,Percentage,BG,Bulgaria,2015,,80.6,,,,,
dataflow,ESTAT:ILC_SCP04$DV_2741(1.0),"Persons participating in in cultural or sport activities in the last 12 months by income quintile, household composition, degree of urbanisation, activity type and frequency",A,Annual,NM12,Not in the last 12 months,AC522A,"Live performances (theatre, concerts, ballet)",TOTAL,Total,TOTAL,Total,TOTAL,Total,PC,Percentage,BG,Bulgaria,2022,,89.3,,,,,
dataflow,ESTAT:ILC_SCP04$DV_2741(1.0),"Persons participating in in cultural or sport activities in the last 12 months by income quintile, household composition, degree of urbanisation, activity type and frequency",A,Annual,NM12,Not in the last 12 months,AC522A,"Live performances (theatre, concerts, ballet)",TOTAL,Total,TOTAL,Total,TOTAL,Total,PC,Percentage,CH,Switzerland,2015,,31.9,,,,,
dataflow,ESTAT:ILC_SCP04$DV_2741(1.0),"Persons participating in in cultural or sport activities in the last 12 months by income quintile, household composition, degree of urbanisation, activity type and frequency",A,Annual,NM12,Not in the last 12 months,AC522A,"Live performances (theatre, concerts, ballet)",TOTAL,Total,TOTAL,Total,TOTAL,Total,PC,Percentage,CH,Switzerland,2022,,53.4,,,,,
dataflow,ESTAT:ILC_SCP04$DV_2741(1.0),"Persons participating in in cultural or sport activities in the last 12 months by income quintile, household composition, degree of urbanisation, activity type and frequency",A,Annual,NM12,Not in the last 12 months,AC522A,"Live performances (theatre, concerts, ballet)",TOTAL,Total,TOTAL,Total,TOTAL,Total,PC,Percentage,CY,Cyprus,2015,,56.8,,,,,
dataflow,ESTAT:ILC_SCP04$DV_2741(1.0),"Persons participating in in cultural or sport activities in the last 12 months by income quintile, household composition, degree of urbanisation, activity type and frequency",A,Annual,NM12,Not in the last 12 months,AC522A,"Live performances (theatre, concerts, ballet)",TOTAL,Total,TOTAL,Total,TOTAL,Total,PC,Percentage,CY,Cyprus,2022,,74.7,,,,,
dataflow,ESTAT:ILC_SCP04$DV_2741(1.0),"Persons participating in in cultural or sport activities in the last 12 months by income quintile, household composition, degree of urbanisation, activity type and frequency",A,Annual,NM12,Not in the last 12 months,AC522A,"Live performances (theatre, concerts, ballet)",TOTAL,Total,TOTAL,Total,TOTAL,Total,PC,Percentage,CZ,Czechia,2015,,52.0,,,,,
dataflow,ESTAT:ILC_SCP04$DV_2741(1.0),"Persons participating in in cultural or sport activities in the last 12 months by income quintile, household composition, degree of urbanisation, activity type and frequency",A,Annual,NM12,Not in the last 12 months,AC522A,"Live performances (theatre, concerts, ballet)",TOTAL,Total,TOTAL,Total,TOTAL,Total,PC,Percentage,CZ,Czechia,2022,,66.8,,,,,
dataflow,ESTAT:ILC_SCP04$DV_2741(1.0),"Persons participating in in cultural or sport activities in the last 12 months by income quintile, household composition, degree of urbanisation, activity type and frequency",A,Annual,NM12,Not in the last 12 months,AC522A,"Live performances (theatre, concerts, ballet)",TOTAL,Total,TOTAL,Total,TOTAL,Total,PC,Percentage,DE,Germany,2015,,51.4,,,,,
dataflow,ESTAT:ILC_SCP04$DV_2741(1.0),"Persons participating in in cultural or sport activities in the last 12 months by income quintile, household composition, degree of urbanisation, activity type and frequency",A,Annual,NM12,Not in the last 12 months,AC522A,"Live performances (theatre, concerts, ballet)",TOTAL,Total,TOTAL,Total,TOTAL,Total,PC,Percentage,DE,Germany,2022,,,,u,low reliability,,
dataflow,ESTAT:ILC_SCP04$DV_2741(1.0),"Persons participating in in cultural or sport activities in the last 12 months by income quintile, household composition, degree of urbanisation, activity type and frequency",A,Annual,NM12,Not in the last 12 months,AC522A,"Live performances (theatre, concerts, ballet)",TOTAL,Total,TOTAL,Total,TOTAL,Total,PC,Percentage,DK,Denmark,2015,,41.6,,,,,
dataflow,ESTAT:ILC_SCP04$DV_2741(1.0),"Persons participating in in cultural or sport activities in the last 12 months by income quintile, household composition, degree of urbanisation, activity type and frequency",A,Annual,NM12,Not in the last 12 months,AC522A,"Live performances (theatre, concerts, ballet)",TOTAL,Total,TOTAL,Total,TOTAL,Total,PC,Percentage,DK,Denmark,2022,,54.5,,,,,
dataflow,ESTAT:ILC_SCP04$DV_2741(1.0),"Persons participating in in cultural or sport activities in the last 12 months by income quintile, household composition, degree of urbanisation, activity type and frequency",A,Annual,NM12,Not in the last 12 months,AC522A,"Live performances (theatre, concerts, ballet)",TOTAL,Total,TOTAL,Total,TOTAL,Total,PC,Percentage,EE,Estonia,2015,,43.8,,,,,
dataflow,ESTAT:ILC_SCP04$DV_2741(1.0),"Persons participating in in cultural or sport activities in the last 12 months by income quintile, household composition, degree of urbanisation, activity type and frequency",A,Annual,NM12,Not in the last 12 months,AC522A,"Live performances (theatre, concerts, ballet)",TOTAL,Total,TOTAL,Total,TOTAL,Total,PC,Percentage,EE,Estonia,2022,,60.3,,,,,
dataflow,ESTAT:ILC_SCP04$DV_2741(1.0),"Persons participating in in cultural or sport activities in the last 12 months by income quintile, household composition, degree of urbanisation, activity type and frequency",A,Annual,NM12,Not in the last 12 months,AC522A,"Live performances (theatre, concerts, ballet)",TOTAL,Total,TOTAL,Total,TOTAL,Total,PC,Percentage,EL,Greece,2015,,66.2,,,,,
dataflow,ESTAT:ILC_SCP04$DV_2741(1.0),"Persons participating in in cultural or sport activities in the last 12 months by income quintile, household composition, degree of urbanisation, activity type and frequency",A,Annual,NM12,Not in the last 12 months,AC522A,"Live performances (theatre, concerts, ballet)",TOTAL,Total,TOTAL,Total,TOTAL,Total,PC,Percentage,EL,Greece,2022,,71.9,,,,,
dataflow,ESTAT:ILC_SCP04$DV_2741(1.0),"Persons participating in in cultural or sport activities in the last 12 months by income quintile, household composition, degree of urbanisation, activity type and frequency",A,Annual,NM12,Not in the last 12 months,AC522A,"Live performances (theatre, concerts, ballet)",TOTAL,Total,TOTAL,Total,TOTAL,Total,PC,Percentage,ES,Spain,2015,,67.3,,,,,
dataflow,ESTAT:ILC_SCP04$DV_2741(1.0),"Persons participating in in cultural or sport activities in the last 12 months by income quintile, household composition, degree of urbanisation, activity type and frequency",A,Annual,NM12,Not in the last 12 months,AC522A,"Live performances (theatre, concerts, ballet)",TOTAL,Total,TOTAL,Total,TOTAL,Total,PC,Percentage,ES,Spain,2022,,67.4,,,,,
dataflow,ESTAT:ILC_SCP04$DV_2741(1.0),"Persons participating in in cultural or sport activities in the last 12 months by income quintile, household composition, degree of urbanisation, activity type and frequency",A,Annual,NM12,Not in the last 12 months,AC522A,"Live performances (theatre, concerts, ballet)",TOTAL,Total,TOTAL,Total,TOTAL,Total,PC,Percentage,EU27_2020,European Union - 27 countries (from 2020),2015,,59.3,,,,,
dataflow,ESTAT:ILC_SCP04$DV_2741(1.0),"Persons participating in in cultural or sport activities in the last 12 months by income quintile, household composition, degree of urbanisation, activity type and frequency",A,Annual,NM12,Not in the last 12 months,AC522A,"Live performances (theatre, concerts, ballet)",TOTAL,Total,TOTAL,Total,TOTAL,Total,PC,Percentage,FI,Finland,2015,,33.7,,,,,
dataflow,ESTAT:ILC_SCP04$DV_2741(1.0),"Persons participating in in cultural or sport activities in the last 12 months by income quintile, household composition, degree of urbanisation, activity type and frequency",A,Annual,NM12,Not in the last 12 months,AC522A,"Live performances (theatre, concerts, ballet)",TOTAL,Total,TOTAL,Total,TOTAL,Total,PC,Percentage,FI,Finland,2022,,66.9,,,,,
dataflow,ESTAT:ILC_SCP04$DV_2741(1.0),"Persons participating in in cultural or sport activities in the last 12 months by income quintile, household composition, degree of urbanisation, activity type and frequency",A,Annual,NM12,Not in the last 12 months,AC522A,"Live performances (theatre, concerts, ballet)",TOTAL,Total,TOTAL,Total,TOTAL,Total,PC,Percentage,FR,France,2015,,45.3,,,,,
dataflow,ESTAT:ILC_SCP04$DV_2741(1.0),"Persons participating in in cultural or sport activities in the last 12 months by income quintile, household composition, degree of urbanisation, activity type and frequency",A,Annual,NM12,Not in the last 12 months,AC522A,"Live performances (theatre, concerts, ballet)",TOTAL,Total,TOTAL,Total,TOTAL,Total,PC,Percentage,FR,France,2022,,77.8,,,,,
dataflow,ESTAT:ILC_SCP04$DV_2741(1.0),"Persons participating in in cultural or sport activities in the last 12 months by income quintile, household composition, degree of urbanisation, activity type and frequency",A,Annual,NM12,Not in the last 12 months,AC522A,"Live performances (theatre, concerts, ballet)",TOTAL,Total,TOTAL,Total,TOTAL,Total,PC,Percentage,HR,Croatia,2015,,73.7,,,,,
dataflow,ESTAT:ILC_SCP04$DV_2741(1.0),"Persons participating in in cultural or sport activities in the last 12 months by income quintile, household composition, degree of urbanisation, activity type and frequency",A,Annual,NM12,Not in the last 12 months,AC522A,"Live performances (theatre, concerts, ballet)",TOTAL,Total,TOTAL,Total,TOTAL,Total,PC,Percentage,HR,Croatia,2022,,77.7,,,,,
dataflow,ESTAT:ILC_SCP04$DV_2741(1.0),"Persons participating in in cultural or sport activities in the last 12 months by income quintile, household composition, degree of urbanisation, activity type and frequency",A,Annual,NM12,Not in the last 12 months,AC522A,"Live performances (theatre, concerts, ballet)",TOTAL,Total,TOTAL,Total,TOTAL,Total,PC,Percentage,HU,Hungary,2015,,69.0,,,,,
dataflow,ESTAT:ILC_SCP04$DV_2741(1.0),"Persons participating in in cultural or sport activities in the last 12 months by income quintile, household composition, degree of urbanisation, activity type and frequency",A,Annual,NM12,Not in the last 12 months,AC522A,"Live performances (theatre, concerts, ballet)",TOTAL,Total,TOTAL,Total,TOTAL,Total,PC,Percentage,HU,Hungary,2022,,78.0,,,,,
dataflow,ESTAT:ILC_SCP04$DV_2741(1.0),"Persons participating in in cultural or sport activities in the last 12 months by income quintile, household composition, degree of urbanisation, activity type and frequency",A,Annual,NM12,Not in the last 12 months,AC522A,"Live performances (theatre, concerts, ballet)",TOTAL,Total,TOTAL,Total,TOTAL,Total,PC,Percentage,IE,Ireland,2015,,55.0,,u,low reliability,,
dataflow,ESTAT:ILC_SCP04$DV_2741(1.0),"Persons participating in in cultural or sport activities in the last 12 months by income quintile, household composition, degree of urbanisation, activity type and frequency",A,Annual,NM12,Not in the last 12 months,AC522A,"Live performances (theatre, concerts, ballet)",TOTAL,Total,TOTAL,Total,TOTAL,Total,PC,Percentage,IE,Ireland,2022,,67.1,,,,,
dataflow,ESTAT:ILC_SCP04$DV_2741(1.0),"Persons participating in in cultural or sport activities in the last 12 months by income quintile, household composition, degree of urbanisation, activity type and frequency",A,Annual,NM12,Not in the last 12 months,AC522A,"Live performances (theatre, concerts, ballet)",TOTAL,Total,TOTAL,Total,TOTAL,Total,PC,Percentage,IS,Iceland,2015,,26.7,,,,,
dataflow,ESTAT:ILC_SCP04$DV_2741(1.0),"Persons participating in in cultural or sport activities in the last 12 months by income quintile, household composition, degree of urbanisation, activity type and frequency",A,Annual,NM12,Not in the last 12 months,AC522A,"Live performances (theatre, concerts, ballet)",TOTAL,Total,TOTAL,Total,TOTAL,Total,PC,Percentage,IT,Italy,2015,,74.7,,,,,
dataflow,ESTAT:ILC_SCP04$DV_2741(1.0),"Persons participating in in cultural or sport activities in the last 12 months by income quintile, household composition, degree of urbanisation, activity type and frequency",A,Annual,NM12,Not in the last 12 months,AC522A,"Live performances (theatre, concerts, ballet)",TOTAL,Total,TOTAL,Total,TOTAL,Total,PC,Percentage,IT,Italy,2022,,80.9,,,,,
dataflow,ESTAT:ILC_SCP04$DV_2741(1.0),"Persons participating in in cultural or sport activities in the last 12 months by income quintile, household composition, degree of urbanisation, activity type and frequency",A,Annual,NM12,Not in the last 12 months,AC522A,"Live performances (theatre, concerts, ballet)",TOTAL,Total,TOTAL,Total,TOTAL,Total,PC,Percentage,LT,Lithuania,2015,,43.3,,,,,
dataflow,ESTAT:ILC_SCP04$DV_2741(1.0),"Persons participating in in cultural or sport activities in the last 12 months by income quintile, household composition, degree of urbanisation, activity type and frequency",A,Annual,NM12,Not in the last 12 months,AC522A,"Live performances (theatre, concerts, ballet)",TOTAL,Total,TOTAL,Total,TOTAL,Total,PC,Percentage,LT,Lithuania,2022,,64.9,,,,,
dataflow,ESTAT:ILC_SCP04$DV_2741(1.0),"Persons participating in in cultural or sport activities in the last 12 months by income quintile, household composition, degree of urbanisation, activity type and frequency",A,Annual,NM12,Not in the last 12 months,AC522A,"Live performances (theatre, concerts, ballet)",TOTAL,Total,TOTAL,Total,TOTAL,Total,PC,Percentage,LU,Luxembourg,2015,,42.1,,,,,
dataflow,ESTAT:ILC_SCP04$DV_2741(1.0),"Persons participating in in cultural or sport activities in the last 12 months by income quintile, household composition, degree of urbanisation, activity type and frequency",A,Annual,NM12,Not in the last 12 months,AC522A,"Live performances (theatre, concerts, ballet)",TOTAL,Total,TOTAL,Total,TOTAL,Total,PC,Percentage,LU,Luxembourg,2022,,51.7,,,,,
dataflow,ESTAT:ILC_SCP04$DV_2741(1.0),"Persons participating in in cultural or sport activities in the last 12 months by income quintile, household composition, degree of urbanisation, activity type and frequency",A,Annual,NM12,Not in the last 12 months,AC522A,"Live performances (theatre, concerts, ballet)",TOTAL,Total,TOTAL,Total,TOTAL,Total,PC,Percentage,LV,Latvia,2015,,47.6,,,,,
dataflow,ESTAT:ILC_SCP04$DV_2741(1.0),"Persons participating in in cultural or sport activities in the last 12 months by income quintile, household composition, degree of urbanisation, activity type and frequency",A,Annual,NM12,Not in the last 12 months,AC522A,"Live performances (theatre, concerts, ballet)",TOTAL,Total,TOTAL,Total,TOTAL,Total,PC,Percentage,LV,Latvia,2022,,76.9,,,,,
dataflow,ESTAT:ILC_SCP04$DV_2741(1.0),"Persons participating in in cultural or sport activities in the last 12 months by income quintile, household composition, degree of urbanisation, activity type and frequency",A,Annual,NM12,Not in the last 12 months,AC522A,"Live performances (theatre, concerts, ballet)",TOTAL,Total,TOTAL,Total,TOTAL,Total,PC,Percentage,MT,Malta,2015,,70.9,,,,,
dataflow,ESTAT:ILC_SCP04$DV_2741(1.0),"Persons participating in in cultural or sport activities in the last 12 months by income quintile, household composition, degree of urbanisation, activity type and frequency",A,Annual,NM12,Not in the last 12 months,AC522A,"Live performances (theatre, concerts, ballet)",TOTAL,Total,TOTAL,Total,TOTAL,Total,PC,Percentage,MT,Malta,2022,,77.6,,,,,
dataflow,ESTAT:ILC_SCP04$DV_2741(1.0),"Persons participating in in cultural or sport activities in the last 12 months by income quintile, household composition, degree of urbanisation, activity type and frequency",A,Annual,NM12,Not in the last 12 months,AC522A,"Live performances (theatre, concerts, ballet)",TOTAL,Total,TOTAL,Total,TOTAL,Total,PC,Percentage,NL,Netherlands,2015,,39.7,,,,,
dataflow,ESTAT:ILC_SCP04$DV_2741(1.0),"Persons participating in in cultural or sport activities in the last 12 months by income quintile, household composition, degree of urbanisation, activity type and frequency",A,Annual,NM12,Not in the last 12 months,AC522A,"Live performances (theatre, concerts, ballet)",TOTAL,Total,TOTAL,Total,TOTAL,Total,PC,Percentage,NL,Netherlands,2022,,62.7,,,,,
dataflow,ESTAT:ILC_SCP04$DV_2741(1.0),"Persons participating in in cultural or sport activities in the last 12 months by income quintile, household composition, degree of urbanisation, activity type and frequency",A,Annual,NM12,Not in the last 12 months,AC522A,"Live performances (theatre, concerts, ballet)",TOTAL,Total,TOTAL,Total,TOTAL,Total,PC,Percentage,NO,Norway,2015,,37.5,,,,,
dataflow,ESTAT:ILC_SCP04$DV_2741(1.0),"Persons participating in in cultural or sport activities in the last 12 months by income quintile, household composition, degree of urbanisation, activity type and frequency",A,Annual,NM12,Not in the last 12 months,AC522A,"Live performances (theatre, concerts, ballet)",TOTAL,Total,TOTAL,Total,TOTAL,Total,PC,Percentage,NO,Norway,2022,,58.3,,,,,
dataflow,ESTAT:ILC_SCP04$DV_2741(1.0),"Persons participating in in cultural or sport activities in the last 12 months by income quintile, household composition, degree of urbanisation, activity type and frequency",A,Annual,NM12,Not in the last 12 months,AC522A,"Live performances (theatre, concerts, ballet)",TOTAL,Total,TOTAL,Total,TOTAL,Total,PC,Percentage,PL,Poland,2015,,74.1,,u,low reliability,,
dataflow,ESTAT:ILC_SCP04$DV_2741(1.0),"Persons participating in in cultural or sport activities in the last 12 months by income quintile, household composition, degree of urbanisation, activity type and frequency",A,Annual,NM12,Not in the last 12 months,AC522A,"Live performances (theatre, concerts, ballet)",TOTAL,Total,TOTAL,Total,TOTAL,Total,PC,Percentage,PL,Poland,2022,,81.3,,,,,
dataflow,ESTAT:ILC_SCP04$DV_2741(1.0),"Persons participating in in cultural or sport activities in the last 12 months by income quintile, household composition, degree of urbanisation, activity type and frequency",A,Annual,NM12,Not in the last 12 months,AC522A,"Live performances (theatre, concerts, ballet)",TOTAL,Total,TOTAL,Total,TOTAL,Total,PC,Percentage,PT,Portugal,2015,,52.0,,,,,
dataflow,ESTAT:ILC_SCP04$DV_2741(1.0),"Persons participating in in cultural or sport activities in the last 12 months by income quintile, household composition, degree of urbanisation, activity type and frequency",A,Annual,NM12,Not in the last 12 months,AC522A,"Live performances (theatre, concerts, ballet)",TOTAL,Total,TOTAL,Total,TOTAL,Total,PC,Percentage,PT,Portugal,2022,,69.2,,,,,
dataflow,ESTAT:ILC_SCP04$DV_2741(1.0),"Persons participating in in cultural or sport activities in the last 12 months by income quintile, household composition, degree of urbanisation, activity type and frequency",A,Annual,NM12,Not in the last 12 months,AC522A,"Live performances (theatre, concerts, ballet)",TOTAL,Total,TOTAL,Total,TOTAL,Total,PC,Percentage,RO,Romania,2015,,78.6,,,,,
dataflow,ESTAT:ILC_SCP04$DV_2741(1.0),"Persons participating in in cultural or sport activities in the last 12 months by income quintile, household composition, degree of urbanisation, activity type and frequency",A,Annual,NM12,Not in the last 12 months,AC522A,"Live performances (theatre, concerts, ballet)",TOTAL,Total,TOTAL,Total,TOTAL,Total,PC,Percentage,RO,Romania,2022,,89.6,,,,,
dataflow,ESTAT:ILC_SCP04$DV_2741(1.0),"Persons participating in in cultural or sport activities in the last 12 months by income quintile, household composition, degree of urbanisation, activity type and frequency",A,Annual,NM12,Not in the last 12 months,AC522A,"Live performances (theatre, concerts, ballet)",TOTAL,Total,TOTAL,Total,TOTAL,Total,PC,Percentage,RS,Serbia,2015,,78.9,,,,,
dataflow,ESTAT:ILC_SCP04$DV_2741(1.0),"Persons participating in in cultural or sport activities in the last 12 months by income quintile, household composition, degree of urbanisation, activity type and frequency",A,Annual,NM12,Not in the last 12 months,AC522A,"Live performances (theatre, concerts, ballet)",TOTAL,Total,TOTAL,Total,TOTAL,Total,PC,Percentage,RS,Serbia,2022,,79.5,,,,,
dataflow,ESTAT:ILC_SCP04$DV_2741(1.0),"Persons participating in in cultural or sport activities in the last 12 months by income quintile, household composition, degree of urbanisation, activity type and frequency",A,Annual,NM12,Not in the last 12 months,AC522A,"Live performances (theatre, concerts, ballet)",TOTAL,Total,TOTAL,Total,TOTAL,Total,PC,Percentage,SE,Sweden,2015,,43.0,,,,,
dataflow,ESTAT:ILC_SCP04$DV_2741(1.0),"Persons participating in in cultural or sport activities in the last 12 months by income quintile, household composition, degree of urbanisation, activity type and frequency",A,Annual,NM12,Not in the last 12 months,AC522A,"Live performances (theatre, concerts, ballet)",TOTAL,Total,TOTAL,Total,TOTAL,Total,PC,Percentage,SE,Sweden,2022,,69.7,,,,,
dataflow,ESTAT:ILC_SCP04$DV_2741(1.0),"Persons participating in in cultural or sport activities in the last 12 months by income quintile, household composition, degree of urbanisation, activity type and frequency",A,Annual,NM12,Not in the last 12 months,AC522A,"Live performances (theatre, concerts, ballet)",TOTAL,Total,TOTAL,Total,TOTAL,Total,PC,Percentage,SI,Slovenia,2015,,43.2,,,,,
dataflow,ESTAT:ILC_SCP04$DV_2741(1.0),"Persons participating in in cultural or sport activities in the last 12 months by income quintile, household composition, degree of urbanisation, activity type and frequency",A,Annual,NM12,Not in the last 12 months,AC522A,"Live performances (theatre, concerts, ballet)",TOTAL,Total,TOTAL,Total,TOTAL,Total,PC,Percentage,SI,Slovenia,2022,,67.3,,,,,
dataflow,ESTAT:ILC_SCP04$DV_2741(1.0),"Persons participating in in cultural or sport activities in the last 12 months by income quintile, household composition, degree of urbanisation, activity type and frequency",A,Annual,NM12,Not in the last 12 months,AC522A,"Live performances (theatre, concerts, ballet)",TOTAL,Total,TOTAL,Total,TOTAL,Total,PC,Percentage,SK,Slovakia,2015,,59.7,,,,,
dataflow,ESTAT:ILC_SCP04$DV_2741(1.0),"Persons participating in in cultural or sport activities in the last 12 months by income quintile, household composition, degree of urbanisation, activity type and frequency",A,Annual,NM12,Not in the last 12 months,AC522A,"Live performances (theatre, concerts, ballet)",TOTAL,Total,TOTAL,Total,TOTAL,Total,PC,Percentage,SK,Slovakia,2022,,85.6,,,,,
dataflow,ESTAT:ILC_SCP04$DV_2741(1.0),"Persons participating in in cultural or sport activities in the last 12 months by income quintile, household composition, degree of urbanisation, activity type and frequency",A,Annual,NM12,Not in the last 12 months,AC522A,"Live performances (theatre, concerts, ballet)",TOTAL,Total,TOTAL,Total,TOTAL,Total,PC,Percentage,UK,United Kingdom,2015,,49.7,,u,low reliability,,
dataflow,ESTAT:ILC_SCP04$DV_2741(1.0),"Persons participating in in cultural or sport activities in the last 12 months by income quintile, household composition, degree of urbanisation, activity type and frequency",A,Annual,NM12,Not in the last 12 months,AC523H,"Cultural sites (historical monuments, museums, art galleries or archaeological sites)",TOTAL,Total,TOTAL,Total,TOTAL,Total,PC,Percentage,AL,Albania,2022,,84.6,,,,,
dataflow,ESTAT:ILC_SCP04$DV_2741(1.0),"Persons participating in in cultural or sport activities in the last 12 months by income quintile, household composition, degree of urbanisation, activity type and frequency",A,Annual,NM12,Not in the last 12 months,AC523H,"Cultural sites (historical monuments, museums, art galleries or archaeological sites)",TOTAL,Total,TOTAL,Total,TOTAL,Total,PC,Percentage,AT,Austria,2015,,56.0,,,,,
dataflow,ESTAT:ILC_SCP04$DV_2741(1.0),"Persons participating in in cultural or sport activities in the last 12 months by income quintile, household composition, degree of urbanisation, activity type and frequency",A,Annual,NM12,Not in the last 12 months,AC523H,"Cultural sites (historical monuments, museums, art galleries or archaeological sites)",TOTAL,Total,TOTAL,Total,TOTAL,Total,PC,Percentage,AT,Austria,2022,,68.0,,,,,
dataflow,ESTAT:ILC_SCP04$DV_2741(1.0),"Persons participating in in cultural or sport activities in the last 12 months by income quintile, household composition, degree of urbanisation, activity type and frequency",A,Annual,NM12,Not in the last 12 months,AC523H,"Cultural sites (historical monuments, museums, art galleries or archaeological sites)",TOTAL,Total,TOTAL,Total,TOTAL,Total,PC,Percentage,BE,Belgium,2015,,57.0,,,,,
dataflow,ESTAT:ILC_SCP04$DV_2741(1.0),"Persons participating in in cultural or sport activities in the last 12 months by income quintile, household composition, degree of urbanisation, activity type and frequency",A,Annual,NM12,Not in the last 12 months,AC523H,"Cultural sites (historical monuments, museums, art galleries or archaeological sites)",TOTAL,Total,TOTAL,Total,TOTAL,Total,PC,Percentage,BE,Belgium,2022,,61.3,,,,,
dataflow,ESTAT:ILC_SCP04$DV_2741(1.0),"Persons participating in in cultural or sport activities in the last 12 months by income quintile, household composition, degree of urbanisation, activity type and frequency",A,Annual,NM12,Not in the last 12 months,AC523H,"Cultural sites (historical monuments, museums, art galleries or archaeological sites)",TOTAL,Total,TOTAL,Total,TOTAL,Total,PC,Percentage,BG,Bulgaria,2015,,85.3,,,,,
dataflow,ESTAT:ILC_SCP04$DV_2741(1.0),"Persons participating in in cultural or sport activities in the last 12 months by income quintile, household composition, degree of urbanisation, activity type and frequency",A,Annual,NM12,Not in the last 12 months,AC523H,"Cultural sites (historical monuments, museums, art galleries or archaeological sites)",TOTAL,Total,TOTAL,Total,TOTAL,Total,PC,Percentage,BG,Bulgaria,2022,,88.8,,,,,
dataflow,ESTAT:ILC_SCP04$DV_2741(1.0),"Persons participating in in cultural or sport activities in the last 12 months by income quintile, household composition, degree of urbanisation, activity type and frequency",A,Annual,NM12,Not in the last 12 months,AC523H,"Cultural sites (historical monuments, museums, art galleries or archaeological sites)",TOTAL,Total,TOTAL,Total,TOTAL,Total,PC,Percentage,CH,Switzerland,2015,,37.9,,,,,
dataflow,ESTAT:ILC_SCP04$DV_2741(1.0),"Persons participating in in cultural or sport activities in the last 12 months by income quintile, household composition, degree of urbanisation, activity type and frequency",A,Annual,NM12,Not in the last 12 months,AC523H,"Cultural sites (historical monuments, museums, art galleries or archaeological sites)",TOTAL,Total,TOTAL,Total,TOTAL,Total,PC,Percentage,CH,Switzerland,2022,,46.3,,,,,
dataflow,ESTAT:ILC_SCP04$DV_2741(1.0),"Persons participating in in cultural or sport activities in the last 12 months by income quintile, household composition, degree of urbanisation, activity type and frequency",A,Annual,NM12,Not in the last 12 months,AC523H,"Cultural sites (historical monuments, museums, art galleries or archaeological sites)",TOTAL,Total,TOTAL,Total,TOTAL,Total,PC,Percentage,CY,Cyprus,2015,,79.5,,,,,
dataflow,ESTAT:ILC_SCP04$DV_2741(1.0),"Persons participating in in cultural or sport activities in the last 12 months by income quintile, household composition, degree of urbanisation, activity type and frequency",A,Annual,NM12,Not in the last 12 months,AC523H,"Cultural sites (historical monuments, museums, art galleries or archaeological sites)",TOTAL,Total,TOTAL,Total,TOTAL,Total,PC,Percentage,CY,Cyprus,2022,,86.3,,,,,
dataflow,ESTAT:ILC_SCP04$DV_2741(1.0),"Persons participating in in cultural or sport activities in the last 12 months by income quintile, household composition, degree of urbanisation, activity type and frequency",A,Annual,NM12,Not in the last 12 months,AC523H,"Cultural sites (historical monuments, museums, art galleries or archaeological sites)",TOTAL,Total,TOTAL,Total,TOTAL,Total,PC,Percentage,CZ,Czechia,2015,,47.9,,,,,
dataflow,ESTAT:ILC_SCP04$DV_2741(1.0),"Persons participating in in cultural or sport activities in the last 12 months by income quintile, household composition, degree of urbanisation, activity type and frequency",A,Annual,NM12,Not in the last 12 months,AC523H,"Cultural sites (historical monuments, museums, art galleries or archaeological sites)",TOTAL,Total,TOTAL,Total,TOTAL,Total,PC,Percentage,CZ,Czechia,2022,,58.0,,,,,
dataflow,ESTAT:ILC_SCP04$DV_2741(1.0),"Persons participating in in cultural or sport activities in the last 12 months by income quintile, household composition, degree of urbanisation, activity type and frequency",A,Annual,NM12,Not in the last 12 months,AC523H,"Cultural sites (historical monuments, museums, art galleries or archaeological sites)",TOTAL,Total,TOTAL,Total,TOTAL,Total,PC,Percentage,DE,Germany,2015,,50.2,,,,,
dataflow,ESTAT:ILC_SCP04$DV_2741(1.0),"Persons participating in in cultural or sport activities in the last 12 months by income quintile, household composition, degree of urbanisation, activity type and frequency",A,Annual,NM12,Not in the last 12 months,AC523H,"Cultural sites (historical monuments, museums, art galleries or archaeological sites)",TOTAL,Total,TOTAL,Total,TOTAL,Total,PC,Percentage,DE,Germany,2022,,,,u,low reliability,,
dataflow,ESTAT:ILC_SCP04$DV_2741(1.0),"Persons participating in in cultural or sport activities in the last 12 months by income quintile, household composition, degree of urbanisation, activity type and frequency",A,Annual,NM12,Not in the last 12 months,AC523H,"Cultural sites (historical monuments, museums, art galleries or archaeological sites)",TOTAL,Total,TOTAL,Total,TOTAL,Total,PC,Percentage,DK,Denmark,2015,,38.9,,,,,
dataflow,ESTAT:ILC_SCP04$DV_2741(1.0),"Persons participating in in cultural or sport activities in the last 12 months by income quintile, household composition, degree of urbanisation, activity type and frequency",A,Annual,NM12,Not in the last 12 months,AC523H,"Cultural sites (historical monuments, museums, art galleries or archaeological sites)",TOTAL,Total,TOTAL,Total,TOTAL,Total,PC,Percentage,DK,Denmark,2022,,46.1,,,,,
dataflow,ESTAT:ILC_SCP04$DV_2741(1.0),"Persons participating in in cultural or sport activities in the last 12 months by income quintile, household composition, degree of urbanisation, activity type and frequency",A,Annual,NM12,Not in the last 12 months,AC523H,"Cultural sites (historical monuments, museums, art galleries or archaeological sites)",TOTAL,Total,TOTAL,Total,TOTAL,Total,PC,Percentage,EE,Estonia,2015,,55.8,,,,,
dataflow,ESTAT:ILC_SCP04$DV_2741(1.0),"Persons participating in in cultural or sport activities in the last 12 months by income quintile, household composition, degree of urbanisation, activity type and frequency",A,Annual,NM12,Not in the last 12 months,AC523H,"Cultural sites (historical monuments, museums, art galleries or archaeological sites)",TOTAL,Total,TOTAL,Total,TOTAL,Total,PC,Percentage,EE,Estonia,2022,,60.5,,,,,
dataflow,ESTAT:ILC_SCP04$DV_2741(1.0),"Persons participating in in cultural or sport activities in the last 12 months by income quintile, household composition, degree of urbanisation, activity type and frequency",A,Annual,NM12,Not in the last 12 months,AC523H,"Cultural sites (historical monuments, museums, art galleries or archaeological sites)",TOTAL,Total,TOTAL,Total,TOTAL,Total,PC,Percentage,EL,Greece,2015,,83.1,,,,,
dataflow,ESTAT:ILC_SCP04$DV_2741(1.0),"Persons participating in in cultural or sport activities in the last 12 months by income quintile, household composition, degree of urbanisation, activity type and frequency",A,Annual,NM12,Not in the last 12 months,AC523H,"Cultural sites (historical monuments, museums, art galleries or archaeological sites)",TOTAL,Total,TOTAL,Total,TOTAL,Total,PC,Percentage,EL,Greece,2022,,82.1,,,,,
dataflow,ESTAT:ILC_SCP04$DV_2741(1.0),"Persons participating in in cultural or sport activities in the last 12 months by income quintile, household composition, degree of urbanisation, activity type and frequency",A,Annual,NM12,Not in the last 12 months,AC523H,"Cultural sites (historical monuments, museums, art galleries or archaeological sites)",TOTAL,Total,TOTAL,Total,TOTAL,Total,PC,Percentage,ES,Spain,2015,,65.8,,,,,
dataflow,ESTAT:ILC_SCP04$DV_2741(1.0),"Persons participating in in cultural or sport activities in the last 12 months by income quintile, household composition, degree of urbanisation, activity type and frequency",A,Annual,NM12,Not in the last 12 months,AC523H,"Cultural sites (historical monuments, museums, art galleries or archaeological sites)",TOTAL,Total,TOTAL,Total,TOTAL,Total,PC,Percentage,ES,Spain,2022,,60.8,,,,,
dataflow,ESTAT:ILC_SCP04$DV_2741(1.0),"Persons participating in in cultural or sport activities in the last 12 months by income quintile, household composition, degree of urbanisation, activity type and frequency",A,Annual,NM12,Not in the last 12 months,AC523H,"Cultural sites (historical monuments, museums, art galleries or archaeological sites)",TOTAL,Total,TOTAL,Total,TOTAL,Total,PC,Percentage,EU27_2020,European Union - 27 countries (from 2020),2015,,59.1,,,,,
dataflow,ESTAT:ILC_SCP04$DV_2741(1.0),"Persons participating in in cultural or sport activities in the last 12 months by income quintile, household composition, degree of urbanisation, activity type and frequency",A,Annual,NM12,Not in the last 12 months,AC523H,"Cultural sites (historical monuments, museums, art galleries or archaeological sites)",TOTAL,Total,TOTAL,Total,TOTAL,Total,PC,Percentage,FI,Finland,2015,,38.6,,,,,
dataflow,ESTAT:ILC_SCP04$DV_2741(1.0),"Persons participating in in cultural or sport activities in the last 12 months by income quintile, household composition, degree of urbanisation, activity type and frequency",A,Annual,NM12,Not in the last 12 months,AC523H,"Cultural sites (historical monuments, museums, art galleries or archaeological sites)",TOTAL,Total,TOTAL,Total,TOTAL,Total,PC,Percentage,FI,Finland,2022,,54.6,,,,,
dataflow,ESTAT:ILC_SCP04$DV_2741(1.0),"Persons participating in in cultural or sport activities in the last 12 months by income quintile, household composition, degree of urbanisation, activity type and frequency",A,Annual,NM12,Not in the last 12 months,AC523H,"Cultural sites (historical monuments, museums, art galleries or archaeological sites)",TOTAL,Total,TOTAL,Total,TOTAL,Total,PC,Percentage,FR,France,2015,,46.5,,,,,
dataflow,ESTAT:ILC_SCP04$DV_2741(1.0),"Persons participating in in cultural or sport activities in the last 12 months by income quintile, household composition, degree of urbanisation, activity type and frequency",A,Annual,NM12,Not in the last 12 months,AC523H,"Cultural sites (historical monuments, museums, art galleries or archaeological sites)",TOTAL,Total,TOTAL,Total,TOTAL,Total,PC,Percentage,FR,France,2022,,67.7,,,,,
dataflow,ESTAT:ILC_SCP04$DV_2741(1.0),"Persons participating in in cultural or sport activities in the last 12 months by income quintile, household composition, degree of urbanisation, activity type and frequency",A,Annual,NM12,Not in the last 12 months,AC523H,"Cultural sites (historical monuments, museums, art galleries or archaeological sites)",TOTAL,Total,TOTAL,Total,TOTAL,Total,PC,Percentage,HR,Croatia,2015,,80.8,,,,,
dataflow,ESTAT:ILC_SCP04$DV_2741(1.0),"Persons participating in in cultural or sport activities in the last 12 months by income quintile, household composition, degree of urbanisation, activity type and frequency",A,Annual,NM12,Not in the last 12 months,AC523H,"Cultural sites (historical monuments, museums, art galleries or archaeological sites)",TOTAL,Total,TOTAL,Total,TOTAL,Total,PC,Percentage,HR,Croatia,2022,,81.1,,,,,
dataflow,ESTAT:ILC_SCP04$DV_2741(1.0),"Persons participating in in cultural or sport activities in the last 12 months by income quintile, household composition, degree of urbanisation, activity type and frequency",A,Annual,NM12,Not in the last 12 months,AC523H,"Cultural sites (historical monuments, museums, art galleries or archaeological sites)",TOTAL,Total,TOTAL,Total,TOTAL,Total,PC,Percentage,HU,Hungary,2015,,65.2,,,,,
dataflow,ESTAT:ILC_SCP04$DV_2741(1.0),"Persons participating in in cultural or sport activities in the last 12 months by income quintile, household composition, degree of urbanisation, activity type and frequency",A,Annual,NM12,Not in the last 12 months,AC523H,"Cultural sites (historical monuments, museums, art galleries or archaeological sites)",TOTAL,Total,TOTAL,Total,TOTAL,Total,PC,Percentage,HU,Hungary,2022,,77.9,,,,,
dataflow,ESTAT:ILC_SCP04$DV_2741(1.0),"Persons participating in in cultural or sport activities in the last 12 months by income quintile, household composition, degree of urbanisation, activity type and frequency",A,Annual,NM12,Not in the last 12 months,AC523H,"Cultural sites (historical monuments, museums, art galleries or archaeological sites)",TOTAL,Total,TOTAL,Total,TOTAL,Total,PC,Percentage,IE,Ireland,2015,,60.6,,u,low reliability,,
dataflow,ESTAT:ILC_SCP04$DV_2741(1.0),"Persons participating in in cultural or sport activities in the last 12 months by income quintile, household composition, degree of urbanisation, activity type and frequency",A,Annual,NM12,Not in the last 12 months,AC523H,"Cultural sites (historical monuments, museums, art galleries or archaeological sites)",TOTAL,Total,TOTAL,Total,TOTAL,Total,PC,Percentage,IE,Ireland,2022,,63.7,,,,,
dataflow,ESTAT:ILC_SCP04$DV_2741(1.0),"Persons participating in in cultural or sport activities in the last 12 months by income quintile, household composition, degree of urbanisation, activity type and frequency",A,Annual,NM12,Not in the last 12 months,AC523H,"Cultural sites (historical monuments, museums, art galleries or archaeological sites)",TOTAL,Total,TOTAL,Total,TOTAL,Total,PC,Percentage,IS,Iceland,2015,,46.4,,,,,
dataflow,ESTAT:ILC_SCP04$DV_2741(1.0),"Persons participating in in cultural or sport activities in the last 12 months by income quintile, household composition, degree of urbanisation, activity type and frequency",A,Annual,NM12,Not in the last 12 months,AC523H,"Cultural sites (historical monuments, museums, art galleries or archaeological sites)",TOTAL,Total,TOTAL,Total,TOTAL,Total,PC,Percentage,IT,Italy,2015,,73.9,,,,,
dataflow,ESTAT:ILC_SCP04$DV_2741(1.0),"Persons participating in in cultural or sport activities in the last 12 months by income quintile, household composition, degree of urbanisation, activity type and frequency",A,Annual,NM12,Not in the last 12 months,AC523H,"Cultural sites (historical monuments, museums, art galleries or archaeological sites)",TOTAL,Total,TOTAL,Total,TOTAL,Total,PC,Percentage,IT,Italy,2022,,82.0,,,,,
dataflow,ESTAT:ILC_SCP04$DV_2741(1.0),"Persons participating in in cultural or sport activities in the last 12 months by income quintile, household composition, degree of urbanisation, activity type and frequency",A,Annual,NM12,Not in the last 12 months,AC523H,"Cultural sites (historical monuments, museums, art galleries or archaeological sites)",TOTAL,Total,TOTAL,Total,TOTAL,Total,PC,Percentage,LT,Lithuania,2015,,68.8,,,,,
dataflow,ESTAT:ILC_SCP04$DV_2741(1.0),"Persons participating in in cultural or sport activities in the last 12 months by income quintile, household composition, degree of urbanisation, activity type and frequency",A,Annual,NM12,Not in the last 12 months,AC523H,"Cultural sites (historical monuments, museums, art galleries or archaeological sites)",TOTAL,Total,TOTAL,Total,TOTAL,Total,PC,Percentage,LT,Lithuania,2022,,70.3,,,,,
dataflow,ESTAT:ILC_SCP04$DV_2741(1.0),"Persons participating in in cultural or sport activities in the last 12 months by income quintile, household composition, degree of urbanisation, activity type and frequency",A,Annual,NM12,Not in the last 12 months,AC523H,"Cultural sites (historical monuments, museums, art galleries or archaeological sites)",TOTAL,Total,TOTAL,Total,TOTAL,Total,PC,Percentage,LU,Luxembourg,2015,,44.4,,,,,
dataflow,ESTAT:ILC_SCP04$DV_2741(1.0),"Persons participating in in cultural or sport activities in the last 12 months by income quintile, household composition, degree of urbanisation, activity type and frequency",A,Annual,NM12,Not in the last 12 months,AC523H,"Cultural sites (historical monuments, museums, art galleries or archaeological sites)",TOTAL,Total,TOTAL,Total,TOTAL,Total,PC,Percentage,LU,Luxembourg,2022,,37.1,,,,,
dataflow,ESTAT:ILC_SCP04$DV_2741(1.0),"Persons participating in in cultural or sport activities in the last 12 months by income quintile, household composition, degree of urbanisation, activity type and frequency",A,Annual,NM12,Not in the last 12 months,AC523H,"Cultural sites (historical monuments, museums, art galleries or archaeological sites)",TOTAL,Total,TOTAL,Total,TOTAL,Total,PC,Percentage,LV,Latvia,2015,,55.8,,,,,
dataflow,ESTAT:ILC_SCP04$DV_2741(1.0),"Persons participating in in cultural or sport activities in the last 12 months by income quintile, household composition, degree of urbanisation, activity type and frequency",A,Annual,NM12,Not in the last 12 months,AC523H,"Cultural sites (historical monuments, museums, art galleries or archaeological sites)",TOTAL,Total,TOTAL,Total,TOTAL,Total,PC,Percentage,LV,Latvia,2022,,68.7,,,,,
dataflow,ESTAT:ILC_SCP04$DV_2741(1.0),"Persons participating in in cultural or sport activities in the last 12 months by income quintile, household composition, degree of urbanisation, activity type and frequency",A,Annual,NM12,Not in the last 12 months,AC523H,"Cultural sites (historical monuments, museums, art galleries or archaeological sites)",TOTAL,Total,TOTAL,Total,TOTAL,Total,PC,Percentage,MT,Malta,2015,,74.0,,,,,
dataflow,ESTAT:ILC_SCP04$DV_2741(1.0),"Persons participating in in cultural or sport activities in the last 12 months by income quintile, household composition, degree of urbanisation, activity type and frequency",A,Annual,NM12,Not in the last 12 months,AC523H,"Cultural sites (historical monuments, museums, art galleries or archaeological sites)",TOTAL,Total,TOTAL,Total,TOTAL,Total,PC,Percentage,MT,Malta,2022,,82.4,,,,,
dataflow,ESTAT:ILC_SCP04$DV_2741(1.0),"Persons participating in in cultural or sport activities in the last 12 months by income quintile, household composition, degree of urbanisation, activity type and frequency",A,Annual,NM12,Not in the last 12 months,AC523H,"Cultural sites (historical monuments, museums, art galleries or archaeological sites)",TOTAL,Total,TOTAL,Total,TOTAL,Total,PC,Percentage,NL,Netherlands,2015,,38.8,,,,,
dataflow,ESTAT:ILC_SCP04$DV_2741(1.0),"Persons participating in in cultural or sport activities in the last 12 months by income quintile, household composition, degree of urbanisation, activity type and frequency",A,Annual,NM12,Not in the last 12 months,AC523H,"Cultural sites (historical monuments, museums, art galleries or archaeological sites)",TOTAL,Total,TOTAL,Total,TOTAL,Total,PC,Percentage,NL,Netherlands,2022,,56.5,,,,,
dataflow,ESTAT:ILC_SCP04$DV_2741(1.0),"Persons participating in in cultural or sport activities in the last 12 months by income quintile, household composition, degree of urbanisation, activity type and frequency",A,Annual,NM12,Not in the last 12 months,AC523H,"Cultural sites (historical monuments, museums, art galleries or archaeological sites)",TOTAL,Total,TOTAL,Total,TOTAL,Total,PC,Percentage,NO,Norway,2015,,45.1,,,,,
dataflow,ESTAT:ILC_SCP04$DV_2741(1.0),"Persons participating in in cultural or sport activities in the last 12 months by income quintile, household composition, degree of urbanisation, activity type and frequency",A,Annual,NM12,Not in the last 12 months,AC523H,"Cultural sites (historical monuments, museums, art galleries or archaeological sites)",TOTAL,Total,TOTAL,Total,TOTAL,Total,PC,Percentage,NO,Norway,2022,,63.2,,,,,
dataflow,ESTAT:ILC_SCP04$DV_2741(1.0),"Persons participating in in cultural or sport activities in the last 12 months by income quintile, household composition, degree of urbanisation, activity type and frequency",A,Annual,NM12,Not in the last 12 months,AC523H,"Cultural sites (historical monuments, museums, art galleries or archaeological sites)",TOTAL,Total,TOTAL,Total,TOTAL,Total,PC,Percentage,PL,Poland,2015,,62.2,,u,low reliability,,
dataflow,ESTAT:ILC_SCP04$DV_2741(1.0),"Persons participating in in cultural or sport activities in the last 12 months by income quintile, household composition, degree of urbanisation, activity type and frequency",A,Annual,NM12,Not in the last 12 months,AC523H,"Cultural sites (historical monuments, museums, art galleries or archaeological sites)",TOTAL,Total,TOTAL,Total,TOTAL,Total,PC,Percentage,PL,Poland,2022,,68.4,,,,,
dataflow,ESTAT:ILC_SCP04$DV_2741(1.0),"Persons participating in in cultural or sport activities in the last 12 months by income quintile, household composition, degree of urbanisation, activity type and frequency",A,Annual,NM12,Not in the last 12 months,AC523H,"Cultural sites (historical monuments, museums, art galleries or archaeological sites)",TOTAL,Total,TOTAL,Total,TOTAL,Total,PC,Percentage,PT,Portugal,2015,,62.6,,,,,
dataflow,ESTAT:ILC_SCP04$DV_2741(1.0),"Persons participating in in cultural or sport activities in the last 12 months by income quintile, household composition, degree of urbanisation, activity type and frequency",A,Annual,NM12,Not in the last 12 months,AC523H,"Cultural sites (historical monuments, museums, art galleries or archaeological sites)",TOTAL,Total,TOTAL,Total,TOTAL,Total,PC,Percentage,PT,Portugal,2022,,63.8,,,,,
dataflow,ESTAT:ILC_SCP04$DV_2741(1.0),"Persons participating in in cultural or sport activities in the last 12 months by income quintile, household composition, degree of urbanisation, activity type and frequency",A,Annual,NM12,Not in the last 12 months,AC523H,"Cultural sites (historical monuments, museums, art galleries or archaeological sites)",TOTAL,Total,TOTAL,Total,TOTAL,Total,PC,Percentage,RO,Romania,2015,,81.7,,,,,
dataflow,ESTAT:ILC_SCP04$DV_2741(1.0),"Persons participating in in cultural or sport activities in the last 12 months by income quintile, household composition, degree of urbanisation, activity type and frequency",A,Annual,NM12,Not in the last 12 months,AC523H,"Cultural sites (historical monuments, museums, art galleries or archaeological sites)",TOTAL,Total,TOTAL,Total,TOTAL,Total,PC,Percentage,RO,Romania,2022,,86.4,,,,,
dataflow,ESTAT:ILC_SCP04$DV_2741(1.0),"Persons participating in in cultural or sport activities in the last 12 months by income quintile, household composition, degree of urbanisation, activity type and frequency",A,Annual,NM12,Not in the last 12 months,AC523H,"Cultural sites (historical monuments, museums, art galleries or archaeological sites)",TOTAL,Total,TOTAL,Total,TOTAL,Total,PC,Percentage,RS,Serbia,2015,,87.4,,,,,
dataflow,ESTAT:ILC_SCP04$DV_2741(1.0),"Persons participating in in cultural or sport activities in the last 12 months by income quintile, household composition, degree of urbanisation, activity type and frequency",A,Annual,NM12,Not in the last 12 months,AC523H,"Cultural sites (historical monuments, museums, art galleries or archaeological sites)",TOTAL,Total,TOTAL,Total,TOTAL,Total,PC,Percentage,RS,Serbia,2022,,86.9,,,,,
dataflow,ESTAT:ILC_SCP04$DV_2741(1.0),"Persons participating in in cultural or sport activities in the last 12 months by income quintile, household composition, degree of urbanisation, activity type and frequency",A,Annual,NM12,Not in the last 12 months,AC523H,"Cultural sites (historical monuments, museums, art galleries or archaeological sites)",TOTAL,Total,TOTAL,Total,TOTAL,Total,PC,Percentage,SE,Sweden,2015,,33.1,,,,,
dataflow,ESTAT:ILC_SCP04$DV_2741(1.0),"Persons participating in in cultural or sport activities in the last 12 months by income quintile, household composition, degree of urbanisation, activity type and frequency",A,Annual,NM12,Not in the last 12 months,AC523H,"Cultural sites (historical monuments, museums, art galleries or archaeological sites)",TOTAL,Total,TOTAL,Total,TOTAL,Total,PC,Percentage,SE,Sweden,2022,,58.3,,,,,
dataflow,ESTAT:ILC_SCP04$DV_2741(1.0),"Persons participating in in cultural or sport activities in the last 12 months by income quintile, household composition, degree of urbanisation, activity type and frequency",A,Annual,NM12,Not in the last 12 months,AC523H,"Cultural sites (historical monuments, museums, art galleries or archaeological sites)",TOTAL,Total,TOTAL,Total,TOTAL,Total,PC,Percentage,SI,Slovenia,2015,,56.2,,,,,
dataflow,ESTAT:ILC_SCP04$DV_2741(1.0),"Persons participating in in cultural or sport activities in the last 12 months by income quintile, household composition, degree of urbanisation, activity type and frequency",A,Annual,NM12,Not in the last 12 months,AC523H,"Cultural sites (historical monuments, museums, art galleries or archaeological sites)",TOTAL,Total,TOTAL,Total,TOTAL,Total,PC,Percentage,SI,Slovenia,2022,,58.6,,,,,
dataflow,ESTAT:ILC_SCP04$DV_2741(1.0),"Persons participating in in cultural or sport activities in the last 12 months by income quintile, household composition, degree of urbanisation, activity type and frequency",A,Annual,NM12,Not in the last 12 months,AC523H,"Cultural sites (historical monuments, museums, art galleries or archaeological sites)",TOTAL,Total,TOTAL,Total,TOTAL,Total,PC,Percentage,SK,Slovakia,2015,,66.3,,,,,
dataflow,ESTAT:ILC_SCP04$DV_2741(1.0),"Persons participating in in cultural or sport activities in the last 12 months by income quintile, household composition, degree of urbanisation, activity type and frequency",A,Annual,NM12,Not in the last 12 months,AC523H,"Cultural sites (historical monuments, museums, art galleries or archaeological sites)",TOTAL,Total,TOTAL,Total,TOTAL,Total,PC,Percentage,SK,Slovakia,2022,,77.1,,,,,
dataflow,ESTAT:ILC_SCP04$DV_2741(1.0),"Persons participating in in cultural or sport activities in the last 12 months by income quintile, household composition, degree of urbanisation, activity type and frequency",A,Annual,NM12,Not in the last 12 months,AC523H,"Cultural sites (historical monuments, museums, art galleries or archaeological sites)",TOTAL,Total,TOTAL,Total,TOTAL,Total,PC,Percentage,UK,United Kingdom,2015,,44.8,,u,low reliability,,
dataflow,ESTAT:ILC_SCP04$DV_2741(1.0),"Persons participating in in cultural or sport activities in the last 12 months by income quintile, household composition, degree of urbanisation, activity type and frequency",A,Annual,NM12,Not in the last 12 months,AC525,Sports events,TOTAL,Total,TOTAL,Total,TOTAL,Total,PC,Percentage,AL,Albania,2022,,89.2,,,,,
dataflow,ESTAT:ILC_SCP04$DV_2741(1.0),"Persons participating in in cultural or sport activities in the last 12 months by income quintile, household composition, degree of urbanisation, activity type and frequency",A,Annual,NM12,Not in the last 12 months,AC525,Sports events,TOTAL,Total,TOTAL,Total,TOTAL,Total,PC,Percentage,AT,Austria,2015,,64.2,,,,,
dataflow,ESTAT:ILC_SCP04$DV_2741(1.0),"Persons participating in in cultural or sport activities in the last 12 months by income quintile, household composition, degree of urbanisation, activity type and frequency",A,Annual,NM12,Not in the last 12 months,AC525,Sports events,TOTAL,Total,TOTAL,Total,TOTAL,Total,PC,Percentage,AT,Austria,2022,,80.1,,,,,
dataflow,ESTAT:ILC_SCP04$DV_2741(1.0),"Persons participating in in cultural or sport activities in the last 12 months by income quintile, household composition, degree of urbanisation, activity type and frequency",A,Annual,NM12,Not in the last 12 months,AC525,Sports events,TOTAL,Total,TOTAL,Total,TOTAL,Total,PC,Percentage,BE,Belgium,2015,,68.6,,,,,
dataflow,ESTAT:ILC_SCP04$DV_2741(1.0),"Persons participating in in cultural or sport activities in the last 12 months by income quintile, household composition, degree of urbanisation, activity type and frequency",A,Annual,NM12,Not in the last 12 months,AC525,Sports events,TOTAL,Total,TOTAL,Total,TOTAL,Total,PC,Percentage,BE,Belgium,2022,,74.4,,,,,
dataflow,ESTAT:ILC_SCP04$DV_2741(1.0),"Persons participating in in cultural or sport activities in the last 12 months by income quintile, household composition, degree of urbanisation, activity type and frequency",A,Annual,NM12,Not in the last 12 months,AC525,Sports events,TOTAL,Total,TOTAL,Total,TOTAL,Total,PC,Percentage,BG,Bulgaria,2015,,82.5,,,,,
dataflow,ESTAT:ILC_SCP04$DV_2741(1.0),"Persons participating in in cultural or sport activities in the last 12 months by income quintile, household composition, degree of urbanisation, activity type and frequency",A,Annual,NM12,Not in the last 12 months,AC525,Sports events,TOTAL,Total,TOTAL,Total,TOTAL,Total,PC,Percentage,BG,Bulgaria,2022,,92.9,,,,,
dataflow,ESTAT:ILC_SCP04$DV_2741(1.0),"Persons participating in in cultural or sport activities in the last 12 months by income quintile, household composition, degree of urbanisation, activity type and frequency",A,Annual,NM12,Not in the last 12 months,AC525,Sports events,TOTAL,Total,TOTAL,Total,TOTAL,Total,PC,Percentage,CH,Switzerland,2015,,49.1,,,,,
dataflow,ESTAT:ILC_SCP04$DV_2741(1.0),"Persons participating in in cultural or sport activities in the last 12 months by income quintile, household composition, degree of urbanisation, activity type and frequency",A,Annual,NM12,Not in the last 12 months,AC525,Sports events,TOTAL,Total,TOTAL,Total,TOTAL,Total,PC,Percentage,CH,Switzerland,2022,,65.0,,,,,
dataflow,ESTAT:ILC_SCP04$DV_2741(1.0),"Persons participating in in cultural or sport activities in the last 12 months by income quintile, household composition, degree of urbanisation, activity type and frequency",A,Annual,NM12,Not in the last 12 months,AC525,Sports events,TOTAL,Total,TOTAL,Total,TOTAL,Total,PC,Percentage,CY,Cyprus,2015,,76.7,,,,,
dataflow,ESTAT:ILC_SCP04$DV_2741(1.0),"Persons participating in in cultural or sport activities in the last 12 months by income quintile, household composition, degree of urbanisation, activity type and frequency",A,Annual,NM12,Not in the last 12 months,AC525,Sports events,TOTAL,Total,TOTAL,Total,TOTAL,Total,PC,Percentage,CY,Cyprus,2022,,82.2,,,,,
dataflow,ESTAT:ILC_SCP04$DV_2741(1.0),"Persons participating in in cultural or sport activities in the last 12 months by income quintile, household composition, degree of urbanisation, activity type and frequency",A,Annual,NM12,Not in the last 12 months,AC525,Sports events,TOTAL,Total,TOTAL,Total,TOTAL,Total,PC,Percentage,CZ,Czechia,2015,,58.7,,,,,
dataflow,ESTAT:ILC_SCP04$DV_2741(1.0),"Persons participating in in cultural or sport activities in the last 12 months by income quintile, household composition, degree of urbanisation, activity type and frequency",A,Annual,NM12,Not in the last 12 months,AC525,Sports events,TOTAL,Total,TOTAL,Total,TOTAL,Total,PC,Percentage,CZ,Czechia,2022,,84.9,,,,,
dataflow,ESTAT:ILC_SCP04$DV_2741(1.0),"Persons participating in in cultural or sport activities in the last 12 months by income quintile, household composition, degree of urbanisation, activity type and frequency",A,Annual,NM12,Not in the last 12 months,AC525,Sports events,TOTAL,Total,TOTAL,Total,TOTAL,Total,PC,Percentage,DE,Germany,2015,,64.8,,,,,
dataflow,ESTAT:ILC_SCP04$DV_2741(1.0),"Persons participating in in cultural or sport activities in the last 12 months by income quintile, household composition, degree of urbanisation, activity type and frequency",A,Annual,NM12,Not in the last 12 months,AC525,Sports events,TOTAL,Total,TOTAL,Total,TOTAL,Total,PC,Percentage,DE,Germany,2022,,,,u,low reliability,,
dataflow,ESTAT:ILC_SCP04$DV_2741(1.0),"Persons participating in in cultural or sport activities in the last 12 months by income quintile, household composition, degree of urbanisation, activity type and frequency",A,Annual,NM12,Not in the last 12 months,AC525,Sports events,TOTAL,Total,TOTAL,Total,TOTAL,Total,PC,Percentage,DK,Denmark,2015,,59.4,,,,,
dataflow,ESTAT:ILC_SCP04$DV_2741(1.0),"Persons participating in in cultural or sport activities in the last 12 months by income quintile, household composition, degree of urbanisation, activity type and frequency",A,Annual,NM12,Not in the last 12 months,AC525,Sports events,TOTAL,Total,TOTAL,Total,TOTAL,Total,PC,Percentage,DK,Denmark,2022,,69.1,,,,,
dataflow,ESTAT:ILC_SCP04$DV_2741(1.0),"Persons participating in in cultural or sport activities in the last 12 months by income quintile, household composition, degree of urbanisation, activity type and frequency",A,Annual,NM12,Not in the last 12 months,AC525,Sports events,TOTAL,Total,TOTAL,Total,TOTAL,Total,PC,Percentage,EE,Estonia,2015,,72.6,,,,,
dataflow,ESTAT:ILC_SCP04$DV_2741(1.0),"Persons participating in in cultural or sport activities in the last 12 months by income quintile, household composition, degree of urbanisation, activity type and frequency",A,Annual,NM12,Not in the last 12 months,AC525,Sports events,TOTAL,Total,TOTAL,Total,TOTAL,Total,PC,Percentage,EE,Estonia,2022,,80.2,,,,,
dataflow,ESTAT:ILC_SCP04$DV_2741(1.0),"Persons participating in in cultural or sport activities in the last 12 months by income quintile, household composition, degree of urbanisation, activity type and frequency",A,Annual,NM12,Not in the last 12 months,AC525,Sports events,TOTAL,Total,TOTAL,Total,TOTAL,Total,PC,Percentage,EL,Greece,2015,,73.1,,,,,
dataflow,ESTAT:ILC_SCP04$DV_2741(1.0),"Persons participating in in cultural or sport activities in the last 12 months by income quintile, household composition, degree of urbanisation, activity type and frequency",A,Annual,NM12,Not in the last 12 months,AC525,Sports events,TOTAL,Total,TOTAL,Total,TOTAL,Total,PC,Percentage,EL,Greece,2022,,83.9,,,,,
dataflow,ESTAT:ILC_SCP04$DV_2741(1.0),"Persons participating in in cultural or sport activities in the last 12 months by income quintile, household composition, degree of urbanisation, activity type and frequency",A,Annual,NM12,Not in the last 12 months,AC525,Sports events,TOTAL,Total,TOTAL,Total,TOTAL,Total,PC,Percentage,ES,Spain,2015,,74.5,,,,,
dataflow,ESTAT:ILC_SCP04$DV_2741(1.0),"Persons participating in in cultural or sport activities in the last 12 months by income quintile, household composition, degree of urbanisation, activity type and frequency",A,Annual,NM12,Not in the last 12 months,AC525,Sports events,TOTAL,Total,TOTAL,Total,TOTAL,Total,PC,Percentage,ES,Spain,2022,,75.5,,,,,
dataflow,ESTAT:ILC_SCP04$DV_2741(1.0),"Persons participating in in cultural or sport activities in the last 12 months by income quintile, household composition, degree of urbanisation, activity type and frequency",A,Annual,NM12,Not in the last 12 months,AC525,Sports events,TOTAL,Total,TOTAL,Total,TOTAL,Total,PC,Percentage,EU27_2020,European Union - 27 countries (from 2020),2015,,70.4,,,,,
dataflow,ESTAT:ILC_SCP04$DV_2741(1.0),"Persons participating in in cultural or sport activities in the last 12 months by income quintile, household composition, degree of urbanisation, activity type and frequency",A,Annual,NM12,Not in the last 12 months,AC525,Sports events,TOTAL,Total,TOTAL,Total,TOTAL,Total,PC,Percentage,FI,Finland,2015,,52.0,,,,,
dataflow,ESTAT:ILC_SCP04$DV_2741(1.0),"Persons participating in in cultural or sport activities in the last 12 months by income quintile, household composition, degree of urbanisation, activity type and frequency",A,Annual,NM12,Not in the last 12 months,AC525,Sports events,TOTAL,Total,TOTAL,Total,TOTAL,Total,PC,Percentage,FI,Finland,2022,,71.4,,,,,
dataflow,ESTAT:ILC_SCP04$DV_2741(1.0),"Persons participating in in cultural or sport activities in the last 12 months by income quintile, household composition, degree of urbanisation, activity type and frequency",A,Annual,NM12,Not in the last 12 months,AC525,Sports events,TOTAL,Total,TOTAL,Total,TOTAL,Total,PC,Percentage,FR,France,2015,,71.6,,,,,
dataflow,ESTAT:ILC_SCP04$DV_2741(1.0),"Persons participating in in cultural or sport activities in the last 12 months by income quintile, household composition, degree of urbanisation, activity type and frequency",A,Annual,NM12,Not in the last 12 months,AC525,Sports events,TOTAL,Total,TOTAL,Total,TOTAL,Total,PC,Percentage,FR,France,2022,,80.4,,,,,
dataflow,ESTAT:ILC_SCP04$DV_2741(1.0),"Persons participating in in cultural or sport activities in the last 12 months by income quintile, household composition, degree of urbanisation, activity type and frequency",A,Annual,NM12,Not in the last 12 months,AC525,Sports events,TOTAL,Total,TOTAL,Total,TOTAL,Total,PC,Percentage,HR,Croatia,2015,,74.1,,,,,
dataflow,ESTAT:ILC_SCP04$DV_2741(1.0),"Persons participating in in cultural or sport activities in the last 12 months by income quintile, household composition, degree of urbanisation, activity type and frequency",A,Annual,NM12,Not in the last 12 months,AC525,Sports events,TOTAL,Total,TOTAL,Total,TOTAL,Total,PC,Percentage,HR,Croatia,2022,,78.3,,,,,
dataflow,ESTAT:ILC_SCP04$DV_2741(1.0),"Persons participating in in cultural or sport activities in the last 12 months by income quintile, household composition, degree of urbanisation, activity type and frequency",A,Annual,NM12,Not in the last 12 months,AC525,Sports events,TOTAL,Total,TOTAL,Total,TOTAL,Total,PC,Percentage,HU,Hungary,2015,,75.0,,,,,
dataflow,ESTAT:ILC_SCP04$DV_2741(1.0),"Persons participating in in cultural or sport activities in the last 12 months by income quintile, household composition, degree of urbanisation, activity type and frequency",A,Annual,NM12,Not in the last 12 months,AC525,Sports events,TOTAL,Total,TOTAL,Total,TOTAL,Total,PC,Percentage,HU,Hungary,2022,,87.0,,,,,
dataflow,ESTAT:ILC_SCP04$DV_2741(1.0),"Persons participating in in cultural or sport activities in the last 12 months by income quintile, household composition, degree of urbanisation, activity type and frequency",A,Annual,NM12,Not in the last 12 months,AC525,Sports events,TOTAL,Total,TOTAL,Total,TOTAL,Total,PC,Percentage,IE,Ireland,2015,,56.7,,u,low reliability,,
dataflow,ESTAT:ILC_SCP04$DV_2741(1.0),"Persons participating in in cultural or sport activities in the last 12 months by income quintile, household composition, degree of urbanisation, activity type and frequency",A,Annual,NM12,Not in the last 12 months,AC525,Sports events,TOTAL,Total,TOTAL,Total,TOTAL,Total,PC,Percentage,IE,Ireland,2022,,60.1,,,,,
dataflow,ESTAT:ILC_SCP04$DV_2741(1.0),"Persons participating in in cultural or sport activities in the last 12 months by income quintile, household composition, degree of urbanisation, activity type and frequency",A,Annual,NM12,Not in the last 12 months,AC525,Sports events,TOTAL,Total,TOTAL,Total,TOTAL,Total,PC,Percentage,IS,Iceland,2015,,48.8,,,,,
dataflow,ESTAT:ILC_SCP04$DV_2741(1.0),"Persons participating in in cultural or sport activities in the last 12 months by income quintile, household composition, degree of urbanisation, activity type and frequency",A,Annual,NM12,Not in the last 12 months,AC525,Sports events,TOTAL,Total,TOTAL,Total,TOTAL,Total,PC,Percentage,IT,Italy,2015,,81.1,,,,,
dataflow,ESTAT:ILC_SCP04$DV_2741(1.0),"Persons participating in in cultural or sport activities in the last 12 months by income quintile, household composition, degree of urbanisation, activity type and frequency",A,Annual,NM12,Not in the last 12 months,AC525,Sports events,TOTAL,Total,TOTAL,Total,TOTAL,Total,PC,Percentage,IT,Italy,2022,,86.2,,,,,
dataflow,ESTAT:ILC_SCP04$DV_2741(1.0),"Persons participating in in cultural or sport activities in the last 12 months by income quintile, household composition, degree of urbanisation, activity type and frequency",A,Annual,NM12,Not in the last 12 months,AC525,Sports events,TOTAL,Total,TOTAL,Total,TOTAL,Total,PC,Percentage,LT,Lithuania,2015,,75.1,,,,,
dataflow,ESTAT:ILC_SCP04$DV_2741(1.0),"Persons participating in in cultural or sport activities in the last 12 months by income quintile, household composition, degree of urbanisation, activity type and frequency",A,Annual,NM12,Not in the last 12 months,AC525,Sports events,TOTAL,Total,TOTAL,Total,TOTAL,Total,PC,Percentage,LT,Lithuania,2022,,87.3,,,,,
dataflow,ESTAT:ILC_SCP04$DV_2741(1.0),"Persons participating in in cultural or sport activities in the last 12 months by income quintile, household composition, degree of urbanisation, activity type and frequency",A,Annual,NM12,Not in the last 12 months,AC525,Sports events,TOTAL,Total,TOTAL,Total,TOTAL,Total,PC,Percentage,LU,Luxembourg,2015,,59.4,,,,,
dataflow,ESTAT:ILC_SCP04$DV_2741(1.0),"Persons participating in in cultural or sport activities in the last 12 months by income quintile, household composition, degree of urbanisation, activity type and frequency",A,Annual,NM12,Not in the last 12 months,AC525,Sports events,TOTAL,Total,TOTAL,Total,TOTAL,Total,PC,Percentage,LU,Luxembourg,2022,,62.6,,,,,
dataflow,ESTAT:ILC_SCP04$DV_2741(1.0),"Persons participating in in cultural or sport activities in the last 12 months by income quintile, household composition, degree of urbanisation, activity type and frequency",A,Annual,NM12,Not in the last 12 months,AC525,Sports events,TOTAL,Total,TOTAL,Total,TOTAL,Total,PC,Percentage,LV,Latvia,2015,,66.5,,,,,
dataflow,ESTAT:ILC_SCP04$DV_2741(1.0),"Persons participating in in cultural or sport activities in the last 12 months by income quintile, household composition, degree of urbanisation, activity type and frequency",A,Annual,NM12,Not in the last 12 months,AC525,Sports events,TOTAL,Total,TOTAL,Total,TOTAL,Total,PC,Percentage,LV,Latvia,2022,,87.6,,,,,
dataflow,ESTAT:ILC_SCP04$DV_2741(1.0),"Persons participating in in cultural or sport activities in the last 12 months by income quintile, household composition, degree of urbanisation, activity type and frequency",A,Annual,NM12,Not in the last 12 months,AC525,Sports events,TOTAL,Total,TOTAL,Total,TOTAL,Total,PC,Percentage,MT,Malta,2015,,78.0,,,,,
dataflow,ESTAT:ILC_SCP04$DV_2741(1.0),"Persons participating in in cultural or sport activities in the last 12 months by income quintile, household composition, degree of urbanisation, activity type and frequency",A,Annual,NM12,Not in the last 12 months,AC525,Sports events,TOTAL,Total,TOTAL,Total,TOTAL,Total,PC,Percentage,MT,Malta,2022,,86.0,,,,,
dataflow,ESTAT:ILC_SCP04$DV_2741(1.0),"Persons participating in in cultural or sport activities in the last 12 months by income quintile, household composition, degree of urbanisation, activity type and frequency",A,Annual,NM12,Not in the last 12 months,AC525,Sports events,TOTAL,Total,TOTAL,Total,TOTAL,Total,PC,Percentage,NL,Netherlands,2015,,46.5,,,,,
dataflow,ESTAT:ILC_SCP04$DV_2741(1.0),"Persons participating in in cultural or sport activities in the last 12 months by income quintile, household composition, degree of urbanisation, activity type and frequency",A,Annual,NM12,Not in the last 12 months,AC525,Sports events,TOTAL,Total,TOTAL,Total,TOTAL,Total,PC,Percentage,NL,Netherlands,2022,,63.1,,,,,
dataflow,ESTAT:ILC_SCP04$DV_2741(1.0),"Persons participating in in cultural or sport activities in the last 12 months by income quintile, household composition, degree of urbanisation, activity type and frequency",A,Annual,NM12,Not in the last 12 months,AC525,Sports events,TOTAL,Total,TOTAL,Total,TOTAL,Total,PC,Percentage,NO,Norway,2015,,48.6,,,,,
dataflow,ESTAT:ILC_SCP04$DV_2741(1.0),"Persons participating in in cultural or sport activities in the last 12 months by income quintile, household composition, degree of urbanisation, activity type and frequency",A,Annual,NM12,Not in the last 12 months,AC525,Sports events,TOTAL,Total,TOTAL,Total,TOTAL,Total,PC,Percentage,NO,Norway,2022,,63.3,,,,,
dataflow,ESTAT:ILC_SCP04$DV_2741(1.0),"Persons participating in in cultural or sport activities in the last 12 months by income quintile, household composition, degree of urbanisation, activity type and frequency",A,Annual,NM12,Not in the last 12 months,AC525,Sports events,TOTAL,Total,TOTAL,Total,TOTAL,Total,PC,Percentage,PL,Poland,2015,,72.5,,u,low reliability,,
dataflow,ESTAT:ILC_SCP04$DV_2741(1.0),"Persons participating in in cultural or sport activities in the last 12 months by income quintile, household composition, degree of urbanisation, activity type and frequency",A,Annual,NM12,Not in the last 12 months,AC525,Sports events,TOTAL,Total,TOTAL,Total,TOTAL,Total,PC,Percentage,PL,Poland,2022,,83.4,,,,,
dataflow,ESTAT:ILC_SCP04$DV_2741(1.0),"Persons participating in in cultural or sport activities in the last 12 months by income quintile, household composition, degree of urbanisation, activity type and frequency",A,Annual,NM12,Not in the last 12 months,AC525,Sports events,TOTAL,Total,TOTAL,Total,TOTAL,Total,PC,Percentage,PT,Portugal,2015,,72.5,,,,,
dataflow,ESTAT:ILC_SCP04$DV_2741(1.0),"Persons participating in in cultural or sport activities in the last 12 months by income quintile, household composition, degree of urbanisation, activity type and frequency",A,Annual,NM12,Not in the last 12 months,AC525,Sports events,TOTAL,Total,TOTAL,Total,TOTAL,Total,PC,Percentage,PT,Portugal,2022,,76.2,,,,,
dataflow,ESTAT:ILC_SCP04$DV_2741(1.0),"Persons participating in in cultural or sport activities in the last 12 months by income quintile, household composition, degree of urbanisation, activity type and frequency",A,Annual,NM12,Not in the last 12 months,AC525,Sports events,TOTAL,Total,TOTAL,Total,TOTAL,Total,PC,Percentage,RO,Romania,2015,,83.8,,,,,
dataflow,ESTAT:ILC_SCP04$DV_2741(1.0),"Persons participating in in cultural or sport activities in the last 12 months by income quintile, household composition, degree of urbanisation, activity type and frequency",A,Annual,NM12,Not in the last 12 months,AC525,Sports events,TOTAL,Total,TOTAL,Total,TOTAL,Total,PC,Percentage,RO,Romania,2022,,93.0,,,,,
dataflow,ESTAT:ILC_SCP04$DV_2741(1.0),"Persons participating in in cultural or sport activities in the last 12 months by income quintile, household composition, degree of urbanisation, activity type and frequency",A,Annual,NM12,Not in the last 12 months,AC525,Sports events,TOTAL,Total,TOTAL,Total,TOTAL,Total,PC,Percentage,RS,Serbia,2015,,77.9,,,,,
dataflow,ESTAT:ILC_SCP04$DV_2741(1.0),"Persons participating in in cultural or sport activities in the last 12 months by income quintile, household composition, degree of urbanisation, activity type and frequency",A,Annual,NM12,Not in the last 12 months,AC525,Sports events,TOTAL,Total,TOTAL,Total,TOTAL,Total,PC,Percentage,RS,Serbia,2022,,85.2,,,,,
dataflow,ESTAT:ILC_SCP04$DV_2741(1.0),"Persons participating in in cultural or sport activities in the last 12 months by income quintile, household composition, degree of urbanisation, activity type and frequency",A,Annual,NM12,Not in the last 12 months,AC525,Sports events,TOTAL,Total,TOTAL,Total,TOTAL,Total,PC,Percentage,SE,Sweden,2015,,52.2,,,,,
dataflow,ESTAT:ILC_SCP04$DV_2741(1.0),"Persons participating in in cultural or sport activities in the last 12 months by income quintile, household composition, degree of urbanisation, activity type and frequency",A,Annual,NM12,Not in the last 12 months,AC525,Sports events,TOTAL,Total,TOTAL,Total,TOTAL,Total,PC,Percentage,SE,Sweden,2022,,70.6,,,,,
dataflow,ESTAT:ILC_SCP04$DV_2741(1.0),"Persons participating in in cultural or sport activities in the last 12 months by income quintile, household composition, degree of urbanisation, activity type and frequency",A,Annual,NM12,Not in the last 12 months,AC525,Sports events,TOTAL,Total,TOTAL,Total,TOTAL,Total,PC,Percentage,SI,Slovenia,2015,,68.8,,,,,
dataflow,ESTAT:ILC_SCP04$DV_2741(1.0),"Persons participating in in cultural or sport activities in the last 12 months by income quintile, household composition, degree of urbanisation, activity type and frequency",A,Annual,NM12,Not in the last 12 months,AC525,Sports events,TOTAL,Total,TOTAL,Total,TOTAL,Total,PC,Percentage,SI,Slovenia,2022,,79.7,,,,,
dataflow,ESTAT:ILC_SCP04$DV_2741(1.0),"Persons participating in in cultural or sport activities in the last 12 months by income quintile, household composition, degree of urbanisation, activity type and frequency",A,Annual,NM12,Not in the last 12 months,AC525,Sports events,TOTAL,Total,TOTAL,Total,TOTAL,Total,PC,Percentage,SK,Slovakia,2015,,61.0,,,,,
dataflow,ESTAT:ILC_SCP04$DV_2741(1.0),"Persons participating in in cultural or sport activities in the last 12 months by income quintile, household composition, degree of urbanisation, activity type and frequency",A,Annual,NM12,Not in the last 12 months,AC525,Sports events,TOTAL,Total,TOTAL,Total,TOTAL,Total,PC,Percentage,SK,Slovakia,2022,,77.9,,,,,
dataflow,ESTAT:ILC_SCP04$DV_2741(1.0),"Persons participating in in cultural or sport activities in the last 12 months by income quintile, household composition, degree of urbanisation, activity type and frequency",A,Annual,NM12,Not in the last 12 months,AC525,Sports events,TOTAL,Total,TOTAL,Total,TOTAL,Total,PC,Percentage,UK,United Kingdom,2015,,66.3,,u,low reliability,,
dataflow,ESTAT:ILC_SCP04$DV_2741(1.0),"Persons participating in in cultural or sport activities in the last 12 months by income quintile, household composition, degree of urbanisation, activity type and frequency",A,Annual,NM12,Not in the last 12 months,AC52A,"Cultural activities (cinema, live performances or cultural sites)",TOTAL,Total,TOTAL,Total,TOTAL,Total,PC,Percentage,AL,Albania,2022,,72.0,,,,,
dataflow,ESTAT:ILC_SCP04$DV_2741(1.0),"Persons participating in in cultural or sport activities in the last 12 months by income quintile, household composition, degree of urbanisation, activity type and frequency",A,Annual,NM12,Not in the last 12 months,AC52A,"Cultural activities (cinema, live performances or cultural sites)",TOTAL,Total,TOTAL,Total,TOTAL,Total,PC,Percentage,AT,Austria,2015,,26.4,,,,,
dataflow,ESTAT:ILC_SCP04$DV_2741(1.0),"Persons participating in in cultural or sport activities in the last 12 months by income quintile, household composition, degree of urbanisation, activity type and frequency",A,Annual,NM12,Not in the last 12 months,AC52A,"Cultural activities (cinema, live performances or cultural sites)",TOTAL,Total,TOTAL,Total,TOTAL,Total,PC,Percentage,AT,Austria,2022,,44.7,,,,,
dataflow,ESTAT:ILC_SCP04$DV_2741(1.0),"Persons participating in in cultural or sport activities in the last 12 months by income quintile, household composition, degree of urbanisation, activity type and frequency",A,Annual,NM12,Not in the last 12 months,AC52A,"Cultural activities (cinema, live performances or cultural sites)",TOTAL,Total,TOTAL,Total,TOTAL,Total,PC,Percentage,BE,Belgium,2015,,31.9,,,,,
dataflow,ESTAT:ILC_SCP04$DV_2741(1.0),"Persons participating in in cultural or sport activities in the last 12 months by income quintile, household composition, degree of urbanisation, activity type and frequency",A,Annual,NM12,Not in the last 12 months,AC52A,"Cultural activities (cinema, live performances or cultural sites)",TOTAL,Total,TOTAL,Total,TOTAL,Total,PC,Percentage,BE,Belgium,2022,,40.8,,,,,
dataflow,ESTAT:ILC_SCP04$DV_2741(1.0),"Persons participating in in cultural or sport activities in the last 12 months by income quintile, household composition, degree of urbanisation, activity type and frequency",A,Annual,NM12,Not in the last 12 months,AC52A,"Cultural activities (cinema, live performances or cultural sites)",TOTAL,Total,TOTAL,Total,TOTAL,Total,PC,Percentage,BG,Bulgaria,2015,,71.3,,,,,
dataflow,ESTAT:ILC_SCP04$DV_2741(1.0),"Persons participating in in cultural or sport activities in the last 12 months by income quintile, household composition, degree of urbanisation, activity type and frequency",A,Annual,NM12,Not in the last 12 months,AC52A,"Cultural activities (cinema, live performances or cultural sites)",TOTAL,Total,TOTAL,Total,TOTAL,Total,PC,Percentage,BG,Bulgaria,2022,,80.3,,,,,
dataflow,ESTAT:ILC_SCP04$DV_2741(1.0),"Persons participating in in cultural or sport activities in the last 12 months by income quintile, household composition, degree of urbanisation, activity type and frequency",A,Annual,NM12,Not in the last 12 months,AC52A,"Cultural activities (cinema, live performances or cultural sites)",TOTAL,Total,TOTAL,Total,TOTAL,Total,PC,Percentage,CH,Switzerland,2015,,13.5,,,,,
dataflow,ESTAT:ILC_SCP04$DV_2741(1.0),"Persons participating in in cultural or sport activities in the last 12 months by income quintile, household composition, degree of urbanisation, activity type and frequency",A,Annual,NM12,Not in the last 12 months,AC52A,"Cultural activities (cinema, live performances or cultural sites)",TOTAL,Total,TOTAL,Total,TOTAL,Total,PC,Percentage,CH,Switzerland,2022,,26.0,,,,,
dataflow,ESTAT:ILC_SCP04$DV_2741(1.0),"Persons participating in in cultural or sport activities in the last 12 months by income quintile, household composition, degree of urbanisation, activity type and frequency",A,Annual,NM12,Not in the last 12 months,AC52A,"Cultural activities (cinema, live performances or cultural sites)",TOTAL,Total,TOTAL,Total,TOTAL,Total,PC,Percentage,CY,Cyprus,2015,,47.4,,,,,
dataflow,ESTAT:ILC_SCP04$DV_2741(1.0),"Persons participating in in cultural or sport activities in the last 12 months by income quintile, household composition, degree of urbanisation, activity type and frequency",A,Annual,NM12,Not in the last 12 months,AC52A,"Cultural activities (cinema, live performances or cultural sites)",TOTAL,Total,TOTAL,Total,TOTAL,Total,PC,Percentage,CY,Cyprus,2022,,65.9,,,,,
dataflow,ESTAT:ILC_SCP04$DV_2741(1.0),"Persons participating in in cultural or sport activities in the last 12 months by income quintile, household composition, degree of urbanisation, activity type and frequency",A,Annual,NM12,Not in the last 12 months,AC52A,"Cultural activities (cinema, live performances or cultural sites)",TOTAL,Total,TOTAL,Total,TOTAL,Total,PC,Percentage,CZ,Czechia,2015,,29.8,,,,,
dataflow,ESTAT:ILC_SCP04$DV_2741(1.0),"Persons participating in in cultural or sport activities in the last 12 months by income quintile, household composition, degree of urbanisation, activity type and frequency",A,Annual,NM12,Not in the last 12 months,AC52A,"Cultural activities (cinema, live performances or cultural sites)",TOTAL,Total,TOTAL,Total,TOTAL,Total,PC,Percentage,CZ,Czechia,2022,,42.0,,,,,
dataflow,ESTAT:ILC_SCP04$DV_2741(1.0),"Persons participating in in cultural or sport activities in the last 12 months by income quintile, household composition, degree of urbanisation, activity type and frequency",A,Annual,NM12,Not in the last 12 months,AC52A,"Cultural activities (cinema, live performances or cultural sites)",TOTAL,Total,TOTAL,Total,TOTAL,Total,PC,Percentage,DE,Germany,2015,,26.5,,,,,
dataflow,ESTAT:ILC_SCP04$DV_2741(1.0),"Persons participating in in cultural or sport activities in the last 12 months by income quintile, household composition, degree of urbanisation, activity type and frequency",A,Annual,NM12,Not in the last 12 months,AC52A,"Cultural activities (cinema, live performances or cultural sites)",TOTAL,Total,TOTAL,Total,TOTAL,Total,PC,Percentage,DE,Germany,2022,,,,u,low reliability,,
dataflow,ESTAT:ILC_SCP04$DV_2741(1.0),"Persons participating in in cultural or sport activities in the last 12 months by income quintile, household composition, degree of urbanisation, activity type and frequency",A,Annual,NM12,Not in the last 12 months,AC52A,"Cultural activities (cinema, live performances or cultural sites)",TOTAL,Total,TOTAL,Total,TOTAL,Total,PC,Percentage,DK,Denmark,2015,,15.2,,,,,
dataflow,ESTAT:ILC_SCP04$DV_2741(1.0),"Persons participating in in cultural or sport activities in the last 12 months by income quintile, household composition, degree of urbanisation, activity type and frequency",A,Annual,NM12,Not in the last 12 months,AC52A,"Cultural activities (cinema, live performances or cultural sites)",TOTAL,Total,TOTAL,Total,TOTAL,Total,PC,Percentage,DK,Denmark,2022,,23.0,,,,,
dataflow,ESTAT:ILC_SCP04$DV_2741(1.0),"Persons participating in in cultural or sport activities in the last 12 months by income quintile, household composition, degree of urbanisation, activity type and frequency",A,Annual,NM12,Not in the last 12 months,AC52A,"Cultural activities (cinema, live performances or cultural sites)",TOTAL,Total,TOTAL,Total,TOTAL,Total,PC,Percentage,EE,Estonia,2015,,30.3,,,,,
dataflow,ESTAT:ILC_SCP04$DV_2741(1.0),"Persons participating in in cultural or sport activities in the last 12 months by income quintile, household composition, degree of urbanisation, activity type and frequency",A,Annual,NM12,Not in the last 12 months,AC52A,"Cultural activities (cinema, live performances or cultural sites)",TOTAL,Total,TOTAL,Total,TOTAL,Total,PC,Percentage,EE,Estonia,2022,,39.3,,,,,
dataflow,ESTAT:ILC_SCP04$DV_2741(1.0),"Persons participating in in cultural or sport activities in the last 12 months by income quintile, household composition, degree of urbanisation, activity type and frequency",A,Annual,NM12,Not in the last 12 months,AC52A,"Cultural activities (cinema, live performances or cultural sites)",TOTAL,Total,TOTAL,Total,TOTAL,Total,PC,Percentage,EL,Greece,2015,,53.1,,,,,
dataflow,ESTAT:ILC_SCP04$DV_2741(1.0),"Persons participating in in cultural or sport activities in the last 12 months by income quintile, household composition, degree of urbanisation, activity type and frequency",A,Annual,NM12,Not in the last 12 months,AC52A,"Cultural activities (cinema, live performances or cultural sites)",TOTAL,Total,TOTAL,Total,TOTAL,Total,PC,Percentage,EL,Greece,2022,,63.4,,,,,
dataflow,ESTAT:ILC_SCP04$DV_2741(1.0),"Persons participating in in cultural or sport activities in the last 12 months by income quintile, household composition, degree of urbanisation, activity type and frequency",A,Annual,NM12,Not in the last 12 months,AC52A,"Cultural activities (cinema, live performances or cultural sites)",TOTAL,Total,TOTAL,Total,TOTAL,Total,PC,Percentage,ES,Spain,2015,,41.5,,,,,
dataflow,ESTAT:ILC_SCP04$DV_2741(1.0),"Persons participating in in cultural or sport activities in the last 12 months by income quintile, household composition, degree of urbanisation, activity type and frequency",A,Annual,NM12,Not in the last 12 months,AC52A,"Cultural activities (cinema, live performances or cultural sites)",TOTAL,Total,TOTAL,Total,TOTAL,Total,PC,Percentage,ES,Spain,2022,,41.5,,,,,
dataflow,ESTAT:ILC_SCP04$DV_2741(1.0),"Persons participating in in cultural or sport activities in the last 12 months by income quintile, household composition, degree of urbanisation, activity type and frequency",A,Annual,NM12,Not in the last 12 months,AC52A,"Cultural activities (cinema, live performances or cultural sites)",TOTAL,Total,TOTAL,Total,TOTAL,Total,PC,Percentage,EU27_2020,European Union - 27 countries (from 2020),2015,,37.3,,,,,
dataflow,ESTAT:ILC_SCP04$DV_2741(1.0),"Persons participating in in cultural or sport activities in the last 12 months by income quintile, household composition, degree of urbanisation, activity type and frequency",A,Annual,NM12,Not in the last 12 months,AC52A,"Cultural activities (cinema, live performances or cultural sites)",TOTAL,Total,TOTAL,Total,TOTAL,Total,PC,Percentage,FI,Finland,2015,,16.4,,,,,
dataflow,ESTAT:ILC_SCP04$DV_2741(1.0),"Persons participating in in cultural or sport activities in the last 12 months by income quintile, household composition, degree of urbanisation, activity type and frequency",A,Annual,NM12,Not in the last 12 months,AC52A,"Cultural activities (cinema, live performances or cultural sites)",TOTAL,Total,TOTAL,Total,TOTAL,Total,PC,Percentage,FI,Finland,2022,,34.3,,,,,
dataflow,ESTAT:ILC_SCP04$DV_2741(1.0),"Persons participating in in cultural or sport activities in the last 12 months by income quintile, household composition, degree of urbanisation, activity type and frequency",A,Annual,NM12,Not in the last 12 months,AC52A,"Cultural activities (cinema, live performances or cultural sites)",TOTAL,Total,TOTAL,Total,TOTAL,Total,PC,Percentage,FR,France,2015,,22.2,,,,,
dataflow,ESTAT:ILC_SCP04$DV_2741(1.0),"Persons participating in in cultural or sport activities in the last 12 months by income quintile, household composition, degree of urbanisation, activity type and frequency",A,Annual,NM12,Not in the last 12 months,AC52A,"Cultural activities (cinema, live performances or cultural sites)",TOTAL,Total,TOTAL,Total,TOTAL,Total,PC,Percentage,FR,France,2022,,45.6,,,,,
dataflow,ESTAT:ILC_SCP04$DV_2741(1.0),"Persons participating in in cultural or sport activities in the last 12 months by income quintile, household composition, degree of urbanisation, activity type and frequency",A,Annual,NM12,Not in the last 12 months,AC52A,"Cultural activities (cinema, live performances or cultural sites)",TOTAL,Total,TOTAL,Total,TOTAL,Total,PC,Percentage,HR,Croatia,2015,,63.4,,,,,
dataflow,ESTAT:ILC_SCP04$DV_2741(1.0),"Persons participating in in cultural or sport activities in the last 12 months by income quintile, household composition, degree of urbanisation, activity type and frequency",A,Annual,NM12,Not in the last 12 months,AC52A,"Cultural activities (cinema, live performances or cultural sites)",TOTAL,Total,TOTAL,Total,TOTAL,Total,PC,Percentage,HR,Croatia,2022,,67.6,,,,,
dataflow,ESTAT:ILC_SCP04$DV_2741(1.0),"Persons participating in in cultural or sport activities in the last 12 months by income quintile, household composition, degree of urbanisation, activity type and frequency",A,Annual,NM12,Not in the last 12 months,AC52A,"Cultural activities (cinema, live performances or cultural sites)",TOTAL,Total,TOTAL,Total,TOTAL,Total,PC,Percentage,HU,Hungary,2015,,50.0,,,,,
dataflow,ESTAT:ILC_SCP04$DV_2741(1.0),"Persons participating in in cultural or sport activities in the last 12 months by income quintile, household composition, degree of urbanisation, activity type and frequency",A,Annual,NM12,Not in the last 12 months,AC52A,"Cultural activities (cinema, live performances or cultural sites)",TOTAL,Total,TOTAL,Total,TOTAL,Total,PC,Percentage,HU,Hungary,2022,,60.6,,,,,
dataflow,ESTAT:ILC_SCP04$DV_2741(1.0),"Persons participating in in cultural or sport activities in the last 12 months by income quintile, household composition, degree of urbanisation, activity type and frequency",A,Annual,NM12,Not in the last 12 months,AC52A,"Cultural activities (cinema, live performances or cultural sites)",TOTAL,Total,TOTAL,Total,TOTAL,Total,PC,Percentage,IE,Ireland,2015,,31.2,,u,low reliability,,
dataflow,ESTAT:ILC_SCP04$DV_2741(1.0),"Persons participating in in cultural or sport activities in the last 12 months by income quintile, household composition, degree of urbanisation, activity type and frequency",A,Annual,NM12,Not in the last 12 months,AC52A,"Cultural activities (cinema, live performances or cultural sites)",TOTAL,Total,TOTAL,Total,TOTAL,Total,PC,Percentage,IE,Ireland,2022,,39.2,,,,,
dataflow,ESTAT:ILC_SCP04$DV_2741(1.0),"Persons participating in in cultural or sport activities in the last 12 months by income quintile, household composition, degree of urbanisation, activity type and frequency",A,Annual,NM12,Not in the last 12 months,AC52A,"Cultural activities (cinema, live performances or cultural sites)",TOTAL,Total,TOTAL,Total,TOTAL,Total,PC,Percentage,IS,Iceland,2015,,10.0,,,,,
dataflow,ESTAT:ILC_SCP04$DV_2741(1.0),"Persons participating in in cultural or sport activities in the last 12 months by income quintile, household composition, degree of urbanisation, activity type and frequency",A,Annual,NM12,Not in the last 12 months,AC52A,"Cultural activities (cinema, live performances or cultural sites)",TOTAL,Total,TOTAL,Total,TOTAL,Total,PC,Percentage,IT,Italy,2015,,53.1,,,,,
dataflow,ESTAT:ILC_SCP04$DV_2741(1.0),"Persons participating in in cultural or sport activities in the last 12 months by income quintile, household composition, degree of urbanisation, activity type and frequency",A,Annual,NM12,Not in the last 12 months,AC52A,"Cultural activities (cinema, live performances or cultural sites)",TOTAL,Total,TOTAL,Total,TOTAL,Total,PC,Percentage,IT,Italy,2022,,63.2,,,,,
dataflow,ESTAT:ILC_SCP04$DV_2741(1.0),"Persons participating in in cultural or sport activities in the last 12 months by income quintile, household composition, degree of urbanisation, activity type and frequency",A,Annual,NM12,Not in the last 12 months,AC52A,"Cultural activities (cinema, live performances or cultural sites)",TOTAL,Total,TOTAL,Total,TOTAL,Total,PC,Percentage,LT,Lithuania,2015,,38.0,,,,,
dataflow,ESTAT:ILC_SCP04$DV_2741(1.0),"Persons participating in in cultural or sport activities in the last 12 months by income quintile, household composition, degree of urbanisation, activity type and frequency",A,Annual,NM12,Not in the last 12 months,AC52A,"Cultural activities (cinema, live performances or cultural sites)",TOTAL,Total,TOTAL,Total,TOTAL,Total,PC,Percentage,LT,Lithuania,2022,,52.4,,,,,
dataflow,ESTAT:ILC_SCP04$DV_2741(1.0),"Persons participating in in cultural or sport activities in the last 12 months by income quintile, household composition, degree of urbanisation, activity type and frequency",A,Annual,NM12,Not in the last 12 months,AC52A,"Cultural activities (cinema, live performances or cultural sites)",TOTAL,Total,TOTAL,Total,TOTAL,Total,PC,Percentage,LU,Luxembourg,2015,,20.6,,,,,
dataflow,ESTAT:ILC_SCP04$DV_2741(1.0),"Persons participating in in cultural or sport activities in the last 12 months by income quintile, household composition, degree of urbanisation, activity type and frequency",A,Annual,NM12,Not in the last 12 months,AC52A,"Cultural activities (cinema, live performances or cultural sites)",TOTAL,Total,TOTAL,Total,TOTAL,Total,PC,Percentage,LU,Luxembourg,2022,,22.6,,,,,
dataflow,ESTAT:ILC_SCP04$DV_2741(1.0),"Persons participating in in cultural or sport activities in the last 12 months by income quintile, household composition, degree of urbanisation, activity type and frequency",A,Annual,NM12,Not in the last 12 months,AC52A,"Cultural activities (cinema, live performances or cultural sites)",TOTAL,Total,TOTAL,Total,TOTAL,Total,PC,Percentage,LV,Latvia,2015,,36.7,,,,,
dataflow,ESTAT:ILC_SCP04$DV_2741(1.0),"Persons participating in in cultural or sport activities in the last 12 months by income quintile, household composition, degree of urbanisation, activity type and frequency",A,Annual,NM12,Not in the last 12 months,AC52A,"Cultural activities (cinema, live performances or cultural sites)",TOTAL,Total,TOTAL,Total,TOTAL,Total,PC,Percentage,LV,Latvia,2022,,59.9,,,,,
dataflow,ESTAT:ILC_SCP04$DV_2741(1.0),"Persons participating in in cultural or sport activities in the last 12 months by income quintile, household composition, degree of urbanisation, activity type and frequency",A,Annual,NM12,Not in the last 12 months,AC52A,"Cultural activities (cinema, live performances or cultural sites)",TOTAL,Total,TOTAL,Total,TOTAL,Total,PC,Percentage,MT,Malta,2015,,49.5,,,,,
dataflow,ESTAT:ILC_SCP04$DV_2741(1.0),"Persons participating in in cultural or sport activities in the last 12 months by income quintile, household composition, degree of urbanisation, activity type and frequency",A,Annual,NM12,Not in the last 12 months,AC52A,"Cultural activities (cinema, live performances or cultural sites)",TOTAL,Total,TOTAL,Total,TOTAL,Total,PC,Percentage,MT,Malta,2022,,62.1,,,,,
dataflow,ESTAT:ILC_SCP04$DV_2741(1.0),"Persons participating in in cultural or sport activities in the last 12 months by income quintile, household composition, degree of urbanisation, activity type and frequency",A,Annual,NM12,Not in the last 12 months,AC52A,"Cultural activities (cinema, live performances or cultural sites)",TOTAL,Total,TOTAL,Total,TOTAL,Total,PC,Percentage,NL,Netherlands,2015,,16.4,,,,,
dataflow,ESTAT:ILC_SCP04$DV_2741(1.0),"Persons participating in in cultural or sport activities in the last 12 months by income quintile, household composition, degree of urbanisation, activity type and frequency",A,Annual,NM12,Not in the last 12 months,AC52A,"Cultural activities (cinema, live performances or cultural sites)",TOTAL,Total,TOTAL,Total,TOTAL,Total,PC,Percentage,NL,Netherlands,2022,,31.5,,,,,
dataflow,ESTAT:ILC_SCP04$DV_2741(1.0),"Persons participating in in cultural or sport activities in the last 12 months by income quintile, household composition, degree of urbanisation, activity type and frequency",A,Annual,NM12,Not in the last 12 months,AC52A,"Cultural activities (cinema, live performances or cultural sites)",TOTAL,Total,TOTAL,Total,TOTAL,Total,PC,Percentage,NO,Norway,2015,,14.1,,,,,
dataflow,ESTAT:ILC_SCP04$DV_2741(1.0),"Persons participating in in cultural or sport activities in the last 12 months by income quintile, household composition, degree of urbanisation, activity type and frequency",A,Annual,NM12,Not in the last 12 months,AC52A,"Cultural activities (cinema, live performances or cultural sites)",TOTAL,Total,TOTAL,Total,TOTAL,Total,PC,Percentage,NO,Norway,2022,,29.7,,,,,
dataflow,ESTAT:ILC_SCP04$DV_2741(1.0),"Persons participating in in cultural or sport activities in the last 12 months by income quintile, household composition, degree of urbanisation, activity type and frequency",A,Annual,NM12,Not in the last 12 months,AC52A,"Cultural activities (cinema, live performances or cultural sites)",TOTAL,Total,TOTAL,Total,TOTAL,Total,PC,Percentage,PL,Poland,2015,,46.3,,u,low reliability,,
dataflow,ESTAT:ILC_SCP04$DV_2741(1.0),"Persons participating in in cultural or sport activities in the last 12 months by income quintile, household composition, degree of urbanisation, activity type and frequency",A,Annual,NM12,Not in the last 12 months,AC52A,"Cultural activities (cinema, live performances or cultural sites)",TOTAL,Total,TOTAL,Total,TOTAL,Total,PC,Percentage,PL,Poland,2022,,49.1,,,,,
dataflow,ESTAT:ILC_SCP04$DV_2741(1.0),"Persons participating in in cultural or sport activities in the last 12 months by income quintile, household composition, degree of urbanisation, activity type and frequency",A,Annual,NM12,Not in the last 12 months,AC52A,"Cultural activities (cinema, live performances or cultural sites)",TOTAL,Total,TOTAL,Total,TOTAL,Total,PC,Percentage,PT,Portugal,2015,,37.2,,,,,
dataflow,ESTAT:ILC_SCP04$DV_2741(1.0),"Persons participating in in cultural or sport activities in the last 12 months by income quintile, household composition, degree of urbanisation, activity type and frequency",A,Annual,NM12,Not in the last 12 months,AC52A,"Cultural activities (cinema, live performances or cultural sites)",TOTAL,Total,TOTAL,Total,TOTAL,Total,PC,Percentage,PT,Portugal,2022,,48.8,,,,,
dataflow,ESTAT:ILC_SCP04$DV_2741(1.0),"Persons participating in in cultural or sport activities in the last 12 months by income quintile, household composition, degree of urbanisation, activity type and frequency",A,Annual,NM12,Not in the last 12 months,AC52A,"Cultural activities (cinema, live performances or cultural sites)",TOTAL,Total,TOTAL,Total,TOTAL,Total,PC,Percentage,RO,Romania,2015,,72.6,,,,,
dataflow,ESTAT:ILC_SCP04$DV_2741(1.0),"Persons participating in in cultural or sport activities in the last 12 months by income quintile, household composition, degree of urbanisation, activity type and frequency",A,Annual,NM12,Not in the last 12 months,AC52A,"Cultural activities (cinema, live performances or cultural sites)",TOTAL,Total,TOTAL,Total,TOTAL,Total,PC,Percentage,RO,Romania,2022,,77.8,,,,,
dataflow,ESTAT:ILC_SCP04$DV_2741(1.0),"Persons participating in in cultural or sport activities in the last 12 months by income quintile, household composition, degree of urbanisation, activity type and frequency",A,Annual,NM12,Not in the last 12 months,AC52A,"Cultural activities (cinema, live performances or cultural sites)",TOTAL,Total,TOTAL,Total,TOTAL,Total,PC,Percentage,RS,Serbia,2015,,70.2,,,,,
dataflow,ESTAT:ILC_SCP04$DV_2741(1.0),"Persons participating in in cultural or sport activities in the last 12 months by income quintile, household composition, degree of urbanisation, activity type and frequency",A,Annual,NM12,Not in the last 12 months,AC52A,"Cultural activities (cinema, live performances or cultural sites)",TOTAL,Total,TOTAL,Total,TOTAL,Total,PC,Percentage,RS,Serbia,2022,,69.1,,,,,
dataflow,ESTAT:ILC_SCP04$DV_2741(1.0),"Persons participating in in cultural or sport activities in the last 12 months by income quintile, household composition, degree of urbanisation, activity type and frequency",A,Annual,NM12,Not in the last 12 months,AC52A,"Cultural activities (cinema, live performances or cultural sites)",TOTAL,Total,TOTAL,Total,TOTAL,Total,PC,Percentage,SE,Sweden,2015,,15.0,,,,,
dataflow,ESTAT:ILC_SCP04$DV_2741(1.0),"Persons participating in in cultural or sport activities in the last 12 months by income quintile, household composition, degree of urbanisation, activity type and frequency",A,Annual,NM12,Not in the last 12 months,AC52A,"Cultural activities (cinema, live performances or cultural sites)",TOTAL,Total,TOTAL,Total,TOTAL,Total,PC,Percentage,SE,Sweden,2022,,37.3,,,,,
dataflow,ESTAT:ILC_SCP04$DV_2741(1.0),"Persons participating in in cultural or sport activities in the last 12 months by income quintile, household composition, degree of urbanisation, activity type and frequency",A,Annual,NM12,Not in the last 12 months,AC52A,"Cultural activities (cinema, live performances or cultural sites)",TOTAL,Total,TOTAL,Total,TOTAL,Total,PC,Percentage,SI,Slovenia,2015,,29.9,,,,,
dataflow,ESTAT:ILC_SCP04$DV_2741(1.0),"Persons participating in in cultural or sport activities in the last 12 months by income quintile, household composition, degree of urbanisation, activity type and frequency",A,Annual,NM12,Not in the last 12 months,AC52A,"Cultural activities (cinema, live performances or cultural sites)",TOTAL,Total,TOTAL,Total,TOTAL,Total,PC,Percentage,SI,Slovenia,2022,,43.4,,,,,
dataflow,ESTAT:ILC_SCP04$DV_2741(1.0),"Persons participating in in cultural or sport activities in the last 12 months by income quintile, household composition, degree of urbanisation, activity type and frequency",A,Annual,NM12,Not in the last 12 months,AC52A,"Cultural activities (cinema, live performances or cultural sites)",TOTAL,Total,TOTAL,Total,TOTAL,Total,PC,Percentage,SK,Slovakia,2015,,40.6,,,,,
dataflow,ESTAT:ILC_SCP04$DV_2741(1.0),"Persons participating in in cultural or sport activities in the last 12 months by income quintile, household composition, degree of urbanisation, activity type and frequency",A,Annual,NM12,Not in the last 12 months,AC52A,"Cultural activities (cinema, live performances or cultural sites)",TOTAL,Total,TOTAL,Total,TOTAL,Total,PC,Percentage,SK,Slovakia,2022,,64.1,,,,,
dataflow,ESTAT:ILC_SCP04$DV_2741(1.0),"Persons participating in in cultural or sport activities in the last 12 months by income quintile, household composition, degree of urbanisation, activity type and frequency",A,Annual,NM12,Not in the last 12 months,AC52A,"Cultural activities (cinema, live performances or cultural sites)",TOTAL,Total,TOTAL,Total,TOTAL,Total,PC,Percentage,UK,United Kingdom,2015,,25.2,,u,low reliability,,
