essround,cntry,dweight,pweight,anweight,sclmeet,wkhtot
10,AT,0.74853796,0.3817861,1.2605247,4,999
10,AT,0.999471,0.3817861,0.35034874,6,45
10,AT,1.5111212,0.3817861,0.25343645,6,43
10,AT,2.9794238,0.3817861,1.1369178,6,42
10,AT,0.7572235,0.3817861,0.59928244,2,30
10,AT,1.055126,0.3817861,0.96965337,6,48
10,AT,0.38084924,0.3817861,0.30292636,6,40
10,AT,0.84995234,0.3817861,0.72203207,6,35
10,AT,0.72670966,0.3817861,0.23075919,3,999
10,AT,1.9978616,0.3817861,0.3121623,2,60
10,AT,0.7601139,0.3817861,0.11148983,4,39
10,AT,0.47667435,0.3817861,0.07313457,5,40
10,AT,2.6746774,0.3817861,1.5271444,4,42
10,AT,1.2635202,0.3817861,1.0733564,4,45
10,AT,0.9618752,0.3817861,1.1515946,6,999
10,AT,1.1041481,0.3817861,0.73271114,4,30
10,AT,0.5113075,0.3817861,0.19135223,5,42
10,AT,0.8349567,0.3817861,0.15273523,5,999
10,AT,1.0126709,0.3817861,0.32156315,6,999
10,AT,1.0240833,0.3817861,0.32518703,7,40
10,AT,0.79382676,0.3817861,0.15736978,6,40
10,AT,0.44766283,0.3817861,0.069946535,5,35
10,AT,1.8744552,0.3817861,0.46360067,1,50
10,AT,0.84995234,0.3817861,0.72415084,7,999
10,AT,2.0896719,0.3817861,0.78204155,7,40
10,AT,0.8349567,0.3817861,0.14003405,3,40
10,AT,0.84995234,0.3817861,0.63145614,2,32
10,AT,0.52963287,0.3817861,0.15700823,6,30
10,AT,0.7455467,0.3817861,0.12540565,6,45
10,AT,1.5205424,0.3817861,1.5271444,4,999
10,AT,0.9755621,0.3817861,0.30887341,4,999
10,AT,1.1742966,0.3817861,0.15384765,3,30
10,AT,1.0254709,0.3817861,0.32562765,6,50
10,AT,1.022615,0.3817861,0.3237708,6,30
10,AT,1.1883165,0.3817861,0.45247415,4,45
10,AT,0.9193351,0.3817861,0.23314464,6,45
10,AT,0.40422294,0.3817861,0.25635752,3,40
10,AT,0.528447,0.3817861,0.810351,6,40
10,AT,1.0218302,0.3817861,0.17137533,4,999
10,AT,1.055126,0.3817861,0.33504444,4,48
10,AT,0.8915591,0.3817861,0.9108526,3,39
10,AT,0.72670966,0.3817861,0.18429464,5,20
10,AT,0.90981275,0.3817861,0.77515095,4,40
10,AT,0.74853796,0.3817861,0.58171064,6,20
10,AT,1.5662137,0.3817861,0.20519371,6,999
10,AT,0.5113075,0.3817861,0.1296682,4,45
10,AT,1.2295516,0.3817861,1.2561588,4,999
10,AT,0.72670966,0.3817861,0.21048342,6,41
10,AT,1.0883634,0.3817861,0.1709093,6,55
10,AT,0.84045357,0.3817861,0.14095592,6,50
10,AT,0.527563,0.3817861,0.18218198,4,20
10,AT,0.66631395,0.3817861,0.11207819,6,999
10,AT,1.4823618,0.3817861,0.4394423,4,60
10,AT,0.60090894,0.3817861,0.15239127,6,48
10,AT,0.5442396,0.3817861,0.5560169,6,999
10,AT,0.78368235,0.3817861,0.62022233,4,24
10,AT,1.6325451,0.3817861,0.21931113,6,60
10,AT,1.089091,0.3817861,0.34481803,4,55
10,AT,0.9348352,0.3817861,0.23707548,4,50
10,AT,1.6394022,0.3817861,1.5271444,7,6
10,AT,1.089411,0.3817861,0.21596715,6,44
10,AT,0.5348329,0.3817861,0.15775706,6,45
10,AT,0.44928023,0.3817861,0.11393808,5,40
10,AT,0.84045357,0.3817861,0.14095592,6,50
10,AT,1.1992664,0.3817861,0.4141396,4,999
10,AT,1.0393327,0.3817861,0.82668275,5,40
10,AT,0.89856046,0.3817861,0.33627847,4,40
10,AT,1.2749285,0.3817861,1.0862262,6,50
10,AT,1.4002106,0.3817861,0.53315693,5,999
10,AT,0.5445455,0.3817861,0.13468,5,999
10,AT,1.4633431,0.3817861,0.46466962,3,39
10,AT,0.527563,0.3817861,0.13047975,3,43
10,AT,0.37861174,0.3817861,0.38680518,5,30
10,AT,0.66631395,0.3817861,0.11207819,2,42
10,AT,1.2580651,0.3817861,1.0718589,5,50
10,AT,0.7455467,0.3817861,0.13637981,6,41
10,AT,1.1742966,0.3817861,0.18016838,4,38
10,AT,0.79188985,0.3817861,0.49701136,4,50
10,AT,0.9912068,0.3817861,0.13315575,4,13
10,AT,0.50565416,0.3817861,0.19253752,5,38
10,AT,2.110252,0.3817861,0.78974324,6,999
10,AT,1.4910934,0.3817861,0.29559729,6,48
10,AT,1.3384918,0.3817861,0.3310432,6,999
10,AT,0.9755621,0.3817861,0.30977967,4,42
10,AT,1.2913814,0.3817861,1.3221704,7,40
10,AT,0.66631395,0.3817861,0.111750275,3,999
10,AT,0.5520741,0.3817861,0.5652369,6,46
10,AT,0.69070166,0.3817861,0.21868353,2,50
10,AT,1.3056039,0.3817861,0.3615131,6,30
10,AT,0.5871483,0.3817861,0.09174094,6,40
10,AT,2.4375684,0.3817861,0.60287285,4,16
10,AT,0.9572266,0.3817861,0.33055648,6,40
10,AT,0.61444527,0.3817861,0.17796725,5,48
10,AT,1.022615,0.3817861,0.32472083,6,24
10,AT,0.8423468,0.3817861,0.7176709,5,999
10,AT,0.98824126,0.3817861,0.25061923,4,34
10,AT,0.5234405,0.3817861,0.08778835,4,55
10,AT,0.3777803,0.3817861,0.05932409,5,30
10,AT,0.84631556,0.3817861,0.15481295,6,40
10,AT,0.98824126,0.3817861,0.31380588,6,44
10,AT,0.5996332,0.3817861,0.22832179,4,40
10,AT,0.47470778,0.3817861,0.117407344,4,47
10,AT,0.5441817,0.3817861,0.07981795,6,40
10,AT,1.2324293,0.3817861,0.19353251,4,55
10,AT,1.1749231,0.3817861,0.34030342,6,20
10,AT,1.0254709,0.3817861,0.26006064,6,60
10,AT,1.4823618,0.3817861,0.5644377,5,40
10,AT,0.48851377,0.3817861,0.18601106,3,999
10,AT,1.0113083,0.3817861,0.32113048,4,45
10,AT,1.0240833,0.3817861,0.25328195,6,70
10,AT,0.50565416,0.3817861,0.1400123,7,40
10,AT,2.7749362,0.3817861,0.8185103,5,45
10,AT,0.480703,0.3817861,0.5755164,6,999
10,AT,0.5871483,0.3817861,0.11842776,4,40
10,AT,1.0113083,0.3817861,0.32113048,5,40
10,AT,1.0883634,0.3817861,0.21575943,7,999
10,AT,0.7555606,0.3817861,0.12671822,4,45
10,AT,0.9986648,0.3817861,0.2532627,5,48
10,AT,1.3874681,0.3817861,0.44057637,5,20
10,AT,0.8349567,0.3817861,0.14044501,3,8
10,AT,0.528447,0.3817861,0.6326773,4,40
10,AT,0.528447,0.3817861,0.14632341,4,40
10,AT,0.45490637,0.3817861,0.36002246,6,32
10,AT,1.013695,0.3817861,0.3218884,4,999
10,AT,1.1425477,0.3817861,0.75819296,6,39
10,AT,0.89729786,0.3817861,0.5954454,6,36
10,AT,1.1992664,0.3817861,0.45664358,6,45
10,AT,1.056894,0.3817861,0.3133133,6,70
10,AT,1.5673647,0.3817861,1.2180445,5,65
10,AT,0.60737973,0.3817861,0.16817941,6,999
10,AT,0.42301053,0.3817861,1.3588407,2,999
10,AT,0.8216196,0.3817861,0.52106965,5,40
10,AT,0.7496826,0.3817861,0.12573229,5,60
10,AT,1.1079152,0.3817861,1.5271444,5,15
10,AT,1.168301,0.3817861,0.4458119,4,40
10,AT,1.129806,0.3817861,0.14801873,5,8
10,AT,1.4868103,0.3817861,0.25009078,5,38
10,AT,0.89729786,0.3817861,0.9167154,6,41
10,AT,0.83871,0.3817861,0.5706892,4,20
10,AT,1.1883165,0.3817861,0.3505122,6,32
10,AT,1.0393327,0.3817861,0.7072002,5,999
10,AT,0.52207124,0.3817861,0.0765749,6,40
10,AT,0.3777803,0.3817861,0.05932409,6,45
10,AT,1.2299385,0.3817861,0.18870547,6,38
10,AT,1.1041481,0.3817861,0.9407229,6,45
10,AT,0.5234405,0.3817861,0.1740255,7,50
10,AT,0.39184117,0.3817861,0.2666233,6,39
10,AT,0.5871483,0.3817861,0.11842776,6,40
10,AT,0.49412063,0.3817861,0.15690294,5,40
10,AT,0.5871483,0.3817861,0.09220187,6,40
10,AT,1.9511242,0.3817861,0.7301909,6,5
10,AT,0.5841505,0.3817861,0.18494827,5,49
10,AT,0.33315697,0.3817861,0.051115196,3,46
10,AT,0.9572266,0.3817861,1.1460294,4,46
10,AT,1.055126,0.3817861,1.263238,6,30
10,AT,0.84995234,0.3817861,0.6605229,2,40
10,AT,0.8609209,0.3817861,0.57130545,6,43
10,AT,2.02739,0.3817861,0.758733,6,39
10,AT,0.9970505,0.3817861,0.2887846,5,43
10,AT,0.42315778,0.3817861,0.14068504,6,999
10,AT,1.5347388,0.3817861,0.52998734,4,40
10,AT,0.8915591,0.3817861,1.5271444,7,999
10,AT,1.4936283,0.3817861,0.25050256,6,999
10,AT,0.48496804,0.3817861,0.32182387,6,40
10,AT,1.1178081,0.3817861,0.18802235,6,40
10,AT,1.089091,0.3817861,0.34582958,4,999
10,AT,0.5109151,0.3817861,0.085939124,4,41
10,AT,1.2749285,0.3817861,1.0862262,4,40
10,AT,0.9755621,0.3817861,0.37146395,7,20
10,AT,0.37660202,0.3817861,0.05913907,5,41
10,AT,0.39121404,0.3817861,0.065804645,4,30
10,AT,1.4633431,0.3817861,0.46331012,4,47
10,AT,0.5068475,0.3817861,0.12853722,4,45
10,AT,0.5084526,0.3817861,0.07457729,6,40
10,AT,1.8919706,0.3817861,0.5608698,6,48
10,AT,0.49412063,0.3817861,0.15644385,4,40
10,AT,0.9618752,0.3817861,0.28371987,6,18
10,AT,0.97702754,0.3817861,0.31024504,6,38
10,AT,0.4686138,0.3817861,0.2941146,4,40
10,AT,0.94941556,0.3817861,0.36150813,4,41
10,AT,1.168301,0.3817861,0.2962827,4,21
10,AT,0.528447,0.3817861,0.15587352,4,34
10,AT,0.75320405,0.3817861,0.12669362,3,50
10,AT,0.74853796,0.3817861,0.6358806,5,50
10,AT,1.4955758,0.3817861,0.37928015,2,42
10,AT,1.5589992,0.3817861,1.4444865,6,999
10,AT,0.528447,0.3817861,0.16731189,6,41
10,AT,0.7455467,0.3817861,0.12503867,4,70
10,AT,0.45966756,0.3817861,0.42243135,4,40
10,AT,1.1992664,0.3817861,0.3797006,5,50
10,AT,1.2985752,0.3817861,0.17444669,6,50
10,AT,2.337088,0.3817861,1.4668195,3,999
10,AT,0.5120416,0.3817861,0.63185513,4,55
10,AT,1.3056039,0.3817861,0.37815368,5,55
10,AT,1.0883634,0.3817861,0.1596359,3,30
10,AT,0.3748413,0.3817861,0.058862563,5,38
10,AT,0.5520741,0.3817861,0.43911806,6,45
10,AT,0.9699361,0.3817861,0.8239576,6,999
10,AT,0.66631395,0.3817861,0.13209143,6,50
10,AT,0.45423004,0.3817861,0.069691025,6,36
10,AT,0.84631556,0.3817861,0.14193903,6,40
10,AT,1.1917695,0.3817861,0.35153085,5,999
10,AT,0.5520741,0.3817861,0.41015327,6,45
10,AT,1.5662137,0.3817861,0.26267606,3,36
10,AT,0.5445455,0.3817861,0.17240901,2,40
10,AT,0.8423468,0.3817861,0.65461236,4,42
10,AT,1.0240833,0.3817861,0.32518703,4,42
10,AT,0.22764085,0.3817861,0.18106493,2,37
10,AT,0.81995904,0.3817861,0.13792218,4,41
10,AT,0.9572266,0.3817861,0.36448234,4,42
10,AT,0.7262741,0.3817861,0.10652633,2,50
10,AT,1.7805613,0.3817861,1.5271444,5,47
10,AT,1.1907401,0.3817861,0.19970393,6,60
10,AT,0.52241796,0.3817861,0.12920731,5,35
10,AT,1.3874681,0.3817861,0.528305,4,38
10,AT,1.1742966,0.3817861,0.18440375,6,55
10,AT,0.89856046,0.3817861,0.2650442,6,40
10,AT,0.78368235,0.3817861,0.62333876,5,40
10,AT,0.42315778,0.3817861,0.05543898,6,40
10,AT,0.75320405,0.3817861,0.0986792,5,30
10,AT,0.9459853,0.3817861,0.23396637,5,999
10,AT,1.7614449,0.3817861,0.35528323,5,30
10,AT,0.46673688,0.3817861,0.13518517,6,10
10,AT,0.9618752,0.3817861,0.28371987,4,30
10,AT,0.93347377,0.3817861,0.34934458,4,39
10,AT,1.2187842,0.3817861,0.42088,6,32
10,AT,0.2721198,0.3817861,0.2164433,7,0
10,AT,1.2985752,0.3817861,0.20391959,6,38
10,AT,1.0592657,0.3817861,0.33635893,4,41
10,AT,0.9193351,0.3817861,0.22737512,5,45
10,AT,2.2803416,0.3817861,0.79933774,6,8
10,AT,0.90981275,0.3817861,1.5271444,6,40
10,AT,2.2288978,0.3817861,1.5271443,2,80
10,AT,0.5996332,0.3817861,0.19040743,6,40
10,AT,1.198717,0.3817861,0.2016316,3,999
10,AT,0.90981275,0.3817861,0.72366285,6,40
10,AT,0.7496826,0.3817861,0.15121089,4,38
10,AT,1.168301,0.3817861,0.36989653,6,42
10,AT,0.5109151,0.3817861,0.09345966,6,10
10,AT,1.0441425,0.3817861,0.1531498,5,50
10,AT,0.4108098,0.3817861,0.08143981,6,41
10,AT,0.38005695,0.3817861,0.06392799,6,999
10,AT,0.9572266,0.3817861,0.27725002,4,43
10,AT,1.5169625,0.3817861,0.43937138,6,45
10,AT,1.0441425,0.3817861,0.16396512,5,50
10,AT,1.6771291,0.3817861,0.2253004,6,20
10,AT,1.5190064,0.3817861,1.5271169,5,20
10,AT,0.9618752,0.3817861,0.30543354,4,999
10,AT,0.6890103,0.3817861,0.53545016,6,10
10,AT,0.8084459,0.3817861,0.1359856,3,43
10,AT,1.013695,0.3817861,0.35005674,4,40
10,AT,1.0113083,0.3817861,0.29830092,5,39
10,AT,1.1041481,0.3817861,0.93797076,6,0
10,AT,2.0873919,0.3817861,0.381838,6,27
10,AT,0.7991447,0.3817861,0.12486496,4,16
10,AT,0.59415823,0.3817861,0.18811686,5,26
10,AT,0.89532566,0.3817861,0.15059932,2,53
10,AT,1.1755234,0.3817861,1.0015337,4,42
10,AT,0.9372276,0.3817861,0.27783877,5,10
10,AT,0.74853796,0.3817861,0.55611247,4,55
10,AT,0.9459853,0.3817861,0.30038777,5,999
10,AT,1.1742966,0.3817861,0.15775137,2,60
10,AT,0.9372276,0.3817861,0.297607,4,45
10,AT,0.7455467,0.3817861,0.11707572,5,999
10,AT,1.6562222,0.3817861,1.2870983,4,45
10,AT,2.4036357,0.3817861,0.6655506,5,44
10,AT,0.4552817,0.3817861,0.38789517,99,999
10,AT,1.1041481,0.3817861,0.93797076,6,53
10,AT,0.6692459,0.3817861,0.16972165,7,50
10,AT,1.089091,0.3817861,0.34582958,6,55
10,AT,0.79382676,0.3817861,0.10400132,4,48
10,AT,0.82205164,0.3817861,0.31301177,4,40
10,AT,0.7572235,0.3817861,0.6432591,5,999
10,AT,0.97702754,0.3817861,0.2896373,6,60
10,AT,1.0883634,0.3817861,0.14620744,2,45
10,AT,0.49412063,0.3817861,0.1457484,4,40
10,AT,1.0393327,0.3817861,0.6896996,6,40
10,AT,1.1917695,0.3817861,0.34518293,5,20
10,AT,1.0113083,0.3817861,0.29830092,5,27
10,AT,0.8328948,0.3817861,0.16511475,6,55
10,AT,0.79382676,0.3817861,0.10664033,4,30
10,AT,1.0769278,0.3817861,0.27311027,2,8
10,AT,0.98824126,0.3817861,0.3128877,3,42
10,AT,1.2147595,0.3817861,0.46354,6,55
10,AT,0.7824281,0.3817861,0.13122422,2,39
10,AT,0.9193351,0.3817861,0.26627526,5,45
10,AT,0.9618752,0.3817861,1.1515946,5,999
10,AT,0.82100284,0.3817861,0.13809773,99,999
10,AT,0.9193351,0.3817861,1.1006643,6,20
10,AT,1.089091,0.3817861,0.32285824,3,168
10,AT,1.5826889,0.3817861,0.50109625,2,40
10,AT,0.75320405,0.3817861,0.10118321,6,25
10,AT,0.6093921,0.3817861,0.23203771,3,25
10,AT,0.79382676,0.3817861,0.1452114,6,45
10,AT,0.8385646,0.3817861,0.13168259,6,28
10,AT,0.79188985,0.3817861,0.21926917,4,45
10,AT,0.5442396,0.3817861,0.42294455,4,70
10,AT,0.4674176,0.3817861,0.14798938,4,999
10,AT,0.7572235,0.3817861,0.6432591,3,999
10,AT,1.0113083,0.3817861,0.29830092,6,48
10,AT,1.4534193,0.3817861,0.35946766,6,34
10,AT,1.1742966,0.3817861,0.18440375,6,40
10,AT,1.1742966,0.3817861,0.19752404,4,45
10,AT,2.6112077,0.3817861,0.66220564,7,40
10,AT,0.7262741,0.3817861,0.113479085,4,50
10,AT,0.9618752,0.3817861,0.30454,4,40
10,AT,0.7555606,0.3817861,0.3678118,5,40
10,AT,0.38005695,0.3817861,0.051055714,6,30
10,AT,0.8349567,0.3817861,0.16841073,6,25
10,AT,0.9348352,0.3817861,0.32282418,6,30
10,AT,1.3626901,0.3817861,0.22854233,4,45
10,AT,0.528447,0.3817861,0.16731189,3,42
10,AT,0.38005695,0.3817861,0.12635545,5,999
10,AT,0.5381898,0.3817861,0.084513746,6,40
10,AT,1.168301,0.3817861,0.3709821,5,37
10,AT,0.9084601,0.3817861,0.13324851,6,30
10,AT,1.3637996,0.3817861,0.39500946,7,60
10,AT,1.3790027,0.3817861,0.51607955,6,8
10,AT,2.2666814,0.3817861,0.35416505,4,40
10,AT,1.0441425,0.3817861,0.17511743,4,45
10,AT,1.2606803,0.3817861,0.21205446,2,43
10,AT,1.4936283,0.3817861,0.20064954,5,40
10,AT,1.2635202,0.3817861,0.9819189,4,39
10,AT,0.59588474,0.3817861,0.18866357,6,8
10,AT,3.5842912,0.3817861,0.90898097,5,40
10,AT,1.2578468,0.3817861,0.2537075,4,20
10,AT,0.9372276,0.3817861,0.27145752,4,999
10,AT,0.37277335,0.3817861,0.07518836,5,43
10,AT,0.5068475,0.3817861,0.6068175,6,38
10,AT,0.528447,0.3817861,0.1824873,6,50
10,AT,2.0786655,0.3817861,1.5271215,3,20
10,AT,1.2252797,0.3817861,0.19240965,6,50
10,AT,1.0763797,0.3817861,0.16902749,4,65
10,AT,0.7555606,0.3817861,0.25119722,3,999
10,AT,2.2356162,0.3817861,0.30032578,6,999
10,AT,0.89532566,0.3817861,0.11729892,5,24
10,AT,1.5202278,0.3817861,0.2375329,4,48
10,AT,0.4552817,0.3817861,0.3097903,4,27
10,AT,1.056894,0.3817861,0.3649746,4,45
10,AT,0.50565416,0.3817861,0.4646926,6,999
10,AT,0.7555606,0.3817861,0.101499766,3,22
10,AT,0.5863052,0.3817861,0.39894354,6,14
10,AT,0.66631395,0.3817861,0.111750275,3,999
10,AT,0.5445455,0.3817861,0.17291479,3,40
10,AT,0.5113075,0.3817861,0.19469005,5,8
10,AT,0.7262741,0.3817861,0.09515105,6,40
10,AT,0.9193351,0.3817861,0.34405315,6,40
10,AT,1.030716,0.3817861,1.5271444,7,999
10,AT,1.3056039,0.3817861,0.4145813,6,45
10,AT,0.9054247,0.3817861,0.15229812,6,999
10,AT,0.41256487,0.3817861,0.08321432,6,20
10,AT,1.6771291,0.3817861,0.2253004,5,35
10,AT,0.65280193,0.3817861,0.7815604,5,3
10,AT,1.3647192,0.3817861,0.90562516,6,999
10,AT,0.49412063,0.3817861,0.18814588,4,44
10,AT,1.046881,0.3817861,0.2075358,6,8
10,AT,0.84995234,0.3817861,0.7875212,4,50
10,AT,1.0448359,0.3817861,0.39784133,3,30
10,AT,0.8197011,0.3817861,0.5439521,6,15
10,AT,0.9986648,0.3817861,0.27652362,3,28
10,AT,1.1755234,0.3817861,1.180373,2,8
10,AT,1.4241234,0.3817861,1.5271169,6,999
10,AT,1.056894,0.3817861,0.3649746,6,40
10,AT,0.9755621,0.3817861,0.30887341,6,44
10,AT,1.0900645,0.3817861,0.34613898,5,45
10,AT,1.1917695,0.3817861,0.34518293,4,999
10,AT,0.72670966,0.3817861,0.2767085,3,43
10,AT,1.1245239,0.3817861,0.22292796,4,40
10,AT,0.9348352,0.3817861,0.23707548,3,26
10,AT,0.4993324,0.3817861,0.17243323,4,40
10,AT,1.0883634,0.3817861,0.2195228,4,40
10,AT,0.37426898,0.3817861,0.38236806,4,999
10,AT,0.98824126,0.3817861,0.24441728,6,22
10,AT,1.5662137,0.3817861,1.2722325,6,999
10,AT,0.84631556,0.3817861,0.28137007,4,40
10,AT,0.527563,0.3817861,0.20087965,3,999
10,AT,1.2018179,0.3817861,0.30478254,4,35
10,AT,0.9755621,0.3817861,0.2825607,4,40
10,AT,0.45966756,0.3817861,0.17502718,4,40
10,AT,0.6235955,0.3817861,0.53129715,6,40
10,AT,0.7601139,0.3817861,0.10211143,4,35
10,AT,1.0883634,0.3817861,0.36184242,6,40
10,AT,1.6325451,0.3817861,0.3292841,3,40
10,AT,0.3748413,0.3817861,0.05035502,6,39
10,AT,1.0240833,0.3817861,0.32423583,3,54
10,AT,1.4823618,0.3817861,0.375929,2,999
10,AT,0.7555606,0.3817861,0.11864818,6,32
10,AT,0.89729786,0.3817861,0.6105544,4,30
10,AT,0.48143396,0.3817861,0.080743246,4,30
10,AT,1.0240833,0.3817861,0.32423583,5,48
10,AT,0.4192823,0.3817861,0.0563251,6,20
10,AT,2.496662,0.3817861,0.9506519,5,999
10,AT,1.2288905,0.3817861,0.42436966,6,26
10,AT,0.9970505,0.3817861,0.3804644,2,20
10,AT,0.84602106,0.3817861,1.4246851,4,999
10,AT,1.3056039,0.3817861,0.49820492,6,52
10,AT,1.2288905,0.3817861,0.45990145,6,20
10,AT,0.40422294,0.3817861,0.067793876,6,50
10,AT,1.2868482,0.3817861,0.26011667,6,50
10,AT,1.2749285,0.3817861,0.84604055,4,38
10,AT,0.6692459,0.3817861,0.18530977,6,60
10,AT,0.9403051,0.3817861,0.23846261,5,50
10,AT,1.5347388,0.3817861,0.45496938,5,0
10,AT,0.89532566,0.3817861,0.1373669,4,40
10,AT,1.2324293,0.3817861,0.16556081,3,20
10,AT,0.65280193,0.3817861,0.18907684,5,40
10,AT,0.81995904,0.3817861,0.1653856,4,6
10,AT,0.9193351,0.3817861,0.23314464,4,16
10,AT,0.7601139,0.3817861,0.10211143,4,39
10,AT,2.3930664,0.3817861,0.89558375,6,999
10,AT,1.8433357,0.3817861,0.4559038,6,999
10,AT,1.9560703,0.3817861,0.32902324,6,35
10,AT,0.5445455,0.3817861,0.17291479,4,39
10,AT,0.6093921,0.3817861,0.21044,6,20
10,AT,1.5876535,0.3817861,0.26705316,4,40
10,AT,1.0240833,0.3817861,1.2260725,4,999
10,AT,0.7496826,0.3817861,0.12610133,5,45
10,AT,0.8609209,0.3817861,0.68135077,4,16
10,AT,1.7614449,0.3817861,0.3560491,6,20
10,AT,1.0883634,0.3817861,0.18253389,6,40
10,AT,0.42022678,0.3817861,0.06598959,5,50
10,AT,0.74520546,0.3817861,0.12498149,4,40
10,AT,1.1736422,0.3817861,0.15766348,4,25
10,AT,0.60737973,0.3817861,0.23127139,7,42
10,AT,0.82205164,0.3817861,0.28387702,6,40
10,AT,0.82100284,0.3817861,0.12892477,4,50
10,AT,0.60737973,0.3817861,0.18005614,6,50
10,AT,0.49412063,0.3817861,0.12530962,5,26
10,AT,1.3429885,0.3817861,0.26623666,4,40
10,AT,2.9151318,0.3817861,0.58798206,5,999
10,AT,0.75320405,0.3817861,0.12669362,3,999
10,AT,0.75320405,0.3817861,0.11556165,5,47
10,AT,0.86571676,0.3817861,0.13282406,5,30
10,AT,2.429519,0.3817861,0.92508554,6,40
10,AT,0.9698677,0.3817861,0.1626604,6,42
10,AT,1.0592657,0.3817861,0.39642096,6,38
10,AT,0.5863052,0.3817861,0.49806467,4,40
10,AT,0.7386101,0.3817861,0.62928796,6,999
10,AT,1.2635202,0.3817861,0.9387093,6,40
10,AT,0.9193351,0.3817861,0.35080892,6,40
10,AT,1.1742966,0.3817861,0.15775137,2,999
10,AT,0.9193351,0.3817861,0.6083592,6,999
10,AT,1.1878347,0.3817861,0.3503703,4,40
10,AT,0.7122245,0.3817861,0.5665014,6,50
10,AT,0.38084924,0.3817861,0.30141205,6,45
10,AT,0.9957522,0.3817861,0.19739993,6,45
10,AT,0.97702754,0.3817861,0.24777552,6,24
10,AT,0.78368235,0.3817861,0.58222216,2,55
10,AT,1.3637996,0.3817861,0.404295,6,50
10,AT,0.72670966,0.3817861,0.23075919,3,50
10,AT,0.84995234,0.3817861,0.8534584,7,8
10,AT,1.9764825,0.3817861,1.5271444,6,999
10,AT,1.9824136,0.3817861,0.2663115,6,40
10,AT,1.0441425,0.3817861,0.1910007,6,38
10,AT,0.52207124,0.3817861,0.10349641,6,999
10,AT,0.9970505,0.3817861,0.3796462,5,40
10,AT,0.7616985,0.3817861,0.5919381,7,35
10,AT,1.055126,0.3817861,0.66222525,3,40
10,AT,0.52241796,0.3817861,0.16540307,2,50
10,AT,1.056894,0.3817861,1.3041985,4,22
10,AT,0.34450516,0.3817861,1.1066573,2,40
10,AT,0.93347377,0.3817861,0.23673013,4,35
10,AT,0.6871439,0.3817861,1.2200289,5,999
10,AT,0.90981275,0.3817861,0.7728832,4,38
10,AT,0.98824126,0.3817861,0.28623304,2,45
10,AT,0.5445455,0.3817861,0.17240901,4,45
10,AT,0.97702754,0.3817861,0.36564386,6,40
10,AT,0.98824126,0.3817861,0.31380588,5,39
10,AT,0.9372276,0.3817861,0.23768222,5,30
10,AT,1.0240833,0.3817861,0.30358672,4,50
10,AT,0.9459853,0.3817861,0.3602019,6,999
10,AT,1.6432391,0.3817861,0.276403,4,38
10,AT,1.3384918,0.3817861,0.46221802,6,40
10,AT,0.79188985,0.3817861,0.23358023,4,38
10,AT,1.6562222,0.3817861,1.5271444,4,20
10,AT,0.9372276,0.3817861,0.25951204,4,65
10,AT,1.0769278,0.3817861,0.4100609,6,20
10,AT,0.7122245,0.3817861,0.4846237,4,16
10,AT,0.60090894,0.3817861,0.19025423,4,20
10,AT,1.4525481,0.3817861,0.29361042,5,45
10,AT,2.088285,0.3817861,0.41398564,7,39
10,AT,0.4809376,0.3817861,0.18312629,6,999
10,AT,0.9957522,0.3817861,0.13376632,99,999
10,AT,1.0240833,0.3817861,0.2835618,6,30
10,AT,1.0240833,0.3817861,0.25328195,5,42
10,AT,1.2985752,0.3817861,0.21778946,2,40
10,AT,1.7824746,0.3817861,0.44085133,6,10
10,AT,0.8216196,0.3817861,0.66740006,4,999
10,AT,0.82205164,0.3817861,0.31301177,6,25
10,AT,0.97702754,0.3817861,0.24777552,6,29
10,AT,0.8385646,0.3817861,0.14105183,7,40
10,AT,1.0169052,0.3817861,0.17054935,4,40
10,AT,0.84631556,0.3817861,0.17070174,5,999
10,AT,1.1742966,0.3817861,0.19752404,5,50
10,AT,0.61444527,0.3817861,0.7356381,2,999
10,AT,0.59415823,0.3817861,0.15067936,3,999
10,AT,1.022615,0.3817861,0.30315152,6,40
10,AT,0.42497617,0.3817861,0.28916943,6,38
10,AT,1.0900645,0.3817861,0.41506273,2,74
10,AT,0.3748413,0.3817861,0.058862563,6,55
10,AT,1.089091,0.3817861,0.34582958,3,41
10,AT,0.8216196,0.3817861,0.27315947,6,45
10,AT,1.5648562,0.3817861,0.24450597,6,60
10,AT,2.470603,0.3817861,0.73240405,4,50
10,AT,0.98824126,0.3817861,0.3412669,6,35
10,AT,1.3478407,0.3817861,0.427993,4,60
10,AT,1.089091,0.3817861,0.26936,6,999
10,AT,0.66631395,0.3817861,0.13209143,6,0
10,AT,1.7178597,0.3817861,1.1688949,5,6
10,AT,1.585341,0.3817861,0.45917627,6,45
10,AT,1.1579431,0.3817861,0.7879068,4,25
10,AT,0.49852526,0.3817861,0.1898231,5,35
10,AT,0.48493385,0.3817861,0.07577003,5,39
10,AT,1.0592657,0.3817861,0.33635893,6,30
10,AT,0.37660202,0.3817861,0.07596057,5,40
10,AT,0.98824126,0.3817861,0.36984074,5,0
10,AT,0.5068475,0.3817861,0.14950243,4,50
10,AT,0.83871,0.3817861,0.651786,7,50
10,AT,0.4686138,0.3817861,0.1784337,6,45
10,AT,1.1907401,0.3817861,0.19970393,5,38
10,AT,0.528447,0.3817861,0.16731189,6,55
10,AT,1.6399181,0.3817861,0.3251006,6,43
10,AT,2.02739,0.3817861,0.50142556,4,41
10,AT,1.67742,0.3817861,1.4249629,4,35
10,AT,0.5068475,0.3817861,0.1604733,4,45
10,AT,1.3326279,0.3817861,0.20822085,6,38
10,AT,1.013695,0.3817861,0.29360542,5,20
10,AT,1.2295516,0.3817861,1.0445002,4,9
10,AT,0.75320405,0.3817861,0.13778049,5,30
10,AT,1.056894,0.3817861,0.663335,6,60
10,AT,1.5205424,0.3817861,0.38561162,6,40
10,AT,0.8915591,0.3817861,0.6066497,4,20
10,AT,1.2295516,0.3817861,0.8159287,7,40
10,AT,0.7555606,0.3817861,0.11864818,6,40
10,AT,0.84631556,0.3817861,0.12984745,4,53
10,AT,0.5445455,0.3817861,0.16062208,5,60
10,AT,1.056894,0.3817861,0.26139683,6,28
10,AT,1.2694733,0.3817861,0.1705372,2,40
10,AT,1.0883634,0.3817861,0.14620744,2,42
10,AT,1.022615,0.3817861,0.30163604,6,30
10,AT,1.4104576,0.3817861,0.39054632,4,40
10,AT,0.97702754,0.3817861,0.30933714,5,45
10,AT,0.4108098,0.3817861,0.08143981,5,42
10,AT,0.6818998,0.3817861,0.20113684,2,45
10,AT,0.4993324,0.3817861,0.14462611,4,44
10,AT,1.3326279,0.3817861,0.17902121,5,22
10,AT,0.42301053,0.3817861,0.3593463,4,30
10,AT,0.5445455,0.3817861,0.2077931,4,50
10,AT,1.0113083,0.3817861,0.38507503,2,40
10,AT,0.84631556,0.3817861,0.17070174,4,40
10,AT,0.5196664,0.3817861,0.44275042,5,43
10,AT,1.0763797,0.3817861,0.16902749,4,55
10,AT,1.0592657,0.3817861,0.26198345,6,28
10,AT,1.1041481,0.3817861,0.87384576,4,45
10,AT,0.8385646,0.3817861,0.1126502,4,999
10,AT,0.5520741,0.3817861,1.5271444,6,999
10,AT,0.9912068,0.3817861,0.16623926,6,999
10,AT,0.66631395,0.3817861,0.089510605,4,43
10,AT,1.4002106,0.3817861,0.3877086,4,32
10,AT,0.419355,0.3817861,0.325893,6,43
10,AT,0.81685305,0.3817861,0.13739978,6,38
10,AT,1.4633431,0.3817861,0.46466962,5,50
10,AT,1.0883634,0.3817861,0.6902384,3,40
10,AT,0.7616985,0.3817861,0.6489594,6,999
10,AT,0.82512975,0.3817861,0.27432647,4,43
10,AT,2.9794238,0.3817861,1.5271444,6,30
10,AT,0.8328948,0.3817861,0.14009815,6,50
10,AT,1.1726104,0.3817861,1.5271444,6,999
10,AT,0.43285838,0.3817861,0.1517316,4,47
10,AT,0.9755621,0.3817861,0.28920272,6,40
10,AT,1.0393327,0.3817861,0.8225498,5,40
10,AT,1.815685,0.3817861,0.30451593,4,60
10,AT,1.0254709,0.3817861,0.28394607,4,40
10,AT,0.8328948,0.3817861,0.13013838,6,40
10,AT,1.8744552,0.3817861,1.5271444,4,43
10,AT,0.9912068,0.3817861,0.16623926,5,55
10,AT,1.2324293,0.3817861,0.16556081,4,30
10,AT,0.39184117,0.3817861,0.3328679,3,60
10,AT,0.42315778,0.3817861,0.06644986,6,50
10,AT,0.58746153,0.3817861,0.22368722,4,999
10,AT,0.33315697,0.3817861,0.055875137,6,999
10,AT,0.75320405,0.3817861,0.117686875,7,53
10,AT,1.7623847,0.3817861,0.48799255,4,25
10,AT,1.0441425,0.3817861,0.21060337,6,999
10,AT,0.72670966,0.3817861,0.2767085,4,40
10,AT,0.7572235,0.3817861,1.5271444,3,25
10,AT,1.2606803,0.3817861,0.21143395,4,999
10,AT,1.2694733,0.3817861,0.166317,5,8
10,AT,0.37660202,0.3817861,0.058843438,6,24
10,AT,1.4534193,0.3817861,0.5546101,6,50
10,AT,2.376633,0.3817861,0.5878022,7,999
10,AT,0.98824126,0.3817861,0.24441728,5,999
10,AT,0.5520741,0.3817861,0.42903292,6,39
10,AT,0.66631395,0.3817861,0.1343955,6,55
10,AT,0.8915591,0.3817861,0.6928565,2,999
10,AT,1.0113083,0.3817861,0.25646913,5,32
10,AT,2.4036357,0.3817861,0.91720283,6,40
10,AT,0.8794577,0.3817861,0.5984155,5,6
10,AT,0.9459853,0.3817861,0.35402668,6,50
10,AT,0.89532566,0.3817861,0.5852446,6,60
10,AT,0.98824126,0.3817861,0.29296163,3,38
10,AT,1.2868482,0.3817861,0.1728713,4,35
10,AT,1.2749285,0.3817861,1.0830479,6,999
10,AT,0.74520546,0.3817861,0.15030788,5,40
10,AT,1.2295516,0.3817861,1.0445002,6,14
10,AT,0.7824281,0.3817861,0.12286719,2,50
10,AT,0.6093921,0.3817861,0.23253787,6,9
10,AT,1.1333407,0.3817861,0.19007733,6,32
10,AT,0.36335483,0.3817861,0.13835426,5,999
10,AT,1.089091,0.3817861,0.32285824,3,25
10,AT,0.9372276,0.3817861,0.29673618,2,999
10,AT,1.6657896,0.3817861,0.21823944,5,8
10,AT,1.055126,0.3817861,0.36436397,5,35
10,AT,0.84631556,0.3817861,0.14193903,7,40
10,AT,0.8929693,0.3817861,0.14022595,6,60
10,AT,1.013695,0.3817861,0.3209466,4,0
10,AT,0.82100284,0.3817861,0.5206786,4,84
10,AT,1.0883634,0.3817861,0.1596359,6,40
10,AT,1.6325451,0.3817861,0.250476,4,999
10,AT,1.1178081,0.3817861,0.5441561,4,38
10,AT,1.6325451,0.3817861,0.5722627,6,999
10,AT,1.0113083,0.3817861,0.29979974,5,40
10,AT,1.2578468,0.3817861,0.1647937,4,20
10,AT,0.7262741,0.3817861,0.14397804,3,42
10,AT,1.0441425,0.3817861,0.20699282,7,40
10,AT,0.86571676,0.3817861,0.14519285,2,30
10,AT,0.7122245,0.3817861,0.4846237,4,26
10,AT,0.78368235,0.3817861,0.66768926,6,999
10,AT,1.0393327,0.3817861,0.8225498,4,45
10,AT,0.83871,0.3817861,0.71457213,5,48
10,AT,1.4002106,0.3817861,0.44332168,4,39
10,AT,0.36313704,0.3817861,0.053263165,7,45
10,AT,0.72670966,0.3817861,0.2767085,7,999
10,AT,1.1917695,0.3817861,0.37732714,2,8
10,AT,0.83871,0.3817861,0.6231041,6,999
10,AT,1.1907401,0.3817861,0.17465208,6,30
10,AT,1.4772202,0.3817861,1.5091883,6,20
10,AT,1.665785,0.3817861,0.22377649,4,20
10,AT,0.5441817,0.3817861,0.083492026,4,43
10,AT,0.5871483,0.3817861,0.11842776,7,60
10,AT,0.9459853,0.3817861,1.1325707,6,999
10,AT,0.66631395,0.3817861,0.13209143,5,42
10,AT,0.5520741,0.3817861,0.5640211,7,20
10,AT,0.84602106,0.3817861,0.86619216,4,40
10,AT,0.9193351,0.3817861,0.27117202,4,60
10,AT,1.8386703,0.3817861,0.6881063,6,40
10,AT,1.7623847,0.3817861,0.5104555,6,43
10,AT,2.383539,0.3817861,0.69036585,6,45
10,AT,0.8385646,0.3817861,0.15339518,4,42
10,AT,0.923806,0.3817861,0.1863317,6,45
10,AT,1.0883634,0.3817861,0.19908991,5,45
10,AT,0.39184117,0.3817861,0.3328679,6,42
10,AT,0.8216196,0.3817861,0.13779719,5,35
10,AT,2.6112077,0.3817861,0.99640983,6,999
10,AT,0.44864893,0.3817861,0.33331555,6,45
10,AT,0.98824126,0.3817861,0.25061923,6,45
10,AT,0.47015256,0.3817861,0.17595044,6,11
10,AT,0.93347377,0.3817861,0.3554379,3,40
10,AT,1.0240833,0.3817861,0.32423583,2,3
10,AT,1.0393327,0.3817861,0.88550085,7,60
10,AT,0.8216196,0.3817861,0.16572054,4,45
10,AT,0.8349567,0.3817861,0.14003405,5,999
10,AT,0.9372276,0.3817861,0.32365054,6,30
10,AT,0.82100284,0.3817861,0.110291034,5,39
10,AT,0.4786133,0.3817861,0.5730147,2,999
10,AT,1.1333407,0.3817861,0.19063497,3,39
10,AT,0.72670966,0.3817861,0.21543118,6,60
10,AT,0.41747835,0.3817861,0.20323122,1,40
10,AT,0.8385646,0.3817861,0.12865819,5,42
10,AT,1.055126,0.3817861,0.29215732,4,60
10,AT,1.5876535,0.3817861,0.5278385,6,999
10,AT,1.022615,0.3817861,0.93977606,3,40
10,AT,0.65280193,0.3817861,0.20668401,4,40
10,AT,0.9054247,0.3817861,0.574219,3,24
10,AT,0.39594492,0.3817861,0.11468103,5,40
10,AT,0.3748413,0.3817861,0.062866144,5,56
10,AT,0.9912068,0.3817861,0.13315575,5,27
10,AT,0.9986648,0.3817861,0.38026083,4,8
10,AT,0.5441817,0.3817861,0.08502744,5,42
10,AT,0.9618752,0.3817861,0.24393289,4,15
10,AT,0.9533487,0.3817861,0.14970744,5,50
10,AT,0.90981275,0.3817861,0.7200449,6,999
10,AT,1.056894,0.3817861,1.2653546,3,60
10,AT,1.9764825,0.3817861,0.7396815,6,999
10,AT,0.5127354,0.3817861,0.17706168,6,40
10,AT,0.45271236,0.3817861,0.066401675,3,50
10,AT,1.1333407,0.3817861,0.2285946,6,50
10,AT,0.5871483,0.3817861,0.09174094,5,28
10,AT,0.84045357,0.3817861,0.27942118,2,12
10,AT,1.0240833,0.3817861,0.32423583,6,53
10,AT,1.013695,0.3817861,0.3218884,5,999
10,AT,1.013695,0.3817861,0.25071278,5,40
10,AT,0.72670966,0.3817861,0.23008406,6,40
10,AT,0.93347377,0.3817861,0.29554772,5,45
10,AT,0.81685305,0.3817861,0.1647591,4,999
10,AT,0.84995234,0.3817861,0.8534584,6,999
10,AT,0.7673694,0.3817861,0.24295737,4,25
10,AT,0.9986648,0.3817861,0.2532627,6,999
10,AT,0.83871,0.3817861,0.85685986,7,30
10,AT,1.1245239,0.3817861,0.17658778,6,60
10,AT,0.74853796,0.3817861,0.50933266,6,19
10,AT,1.7524515,0.3817861,1.1596636,4,999
10,AT,0.89532566,0.3817861,0.15059932,6,40
10,AT,0.79382676,0.3817861,0.50344384,5,999
10,AT,0.81995904,0.3817861,0.2874237,7,999
10,AT,0.527563,0.3817861,0.13379066,2,40
10,AT,1.67742,0.3817861,1.1131335,6,42
10,AT,1.9397354,0.3817861,0.25412962,6,999
10,AT,1.7614449,0.3817861,0.23662716,5,42
10,AT,1.0441425,0.3817861,0.21105742,4,20
10,AT,1.2126689,0.3817861,0.1860558,6,9
10,AT,1.1041481,0.3817861,0.7513034,4,40
10,AT,1.4744802,0.3817861,0.46683607,4,999
10,AT,0.9403051,0.3817861,0.2773575,3,45
10,AT,0.39184117,0.3817861,0.39345756,4,40
10,AT,0.7824281,0.3817861,0.12004532,6,38
10,AT,1.5169625,0.3817861,0.38470367,4,50
10,AT,0.93347377,0.3817861,0.3554379,6,26
10,AT,1.055126,0.3817861,0.29215732,6,40
10,AT,0.4956034,0.3817861,0.08311963,5,999
10,AT,0.9459853,0.3817861,0.27903306,7,999
10,AT,0.43285838,0.3817861,0.067973174,4,30
10,AT,1.4744802,0.3817861,0.5626468,5,60
10,AT,0.49852526,0.3817861,0.1443923,5,80
10,AT,0.66631395,0.3817861,0.111750275,5,999
10,AT,0.4211734,0.3817861,0.3577858,3,50
10,AT,1.0441425,0.3817861,0.20699282,6,45
10,AT,0.9957522,0.3817861,0.15636618,4,45
10,AT,0.74520546,0.3817861,0.1253482,4,50
10,AT,1.2187842,0.3817861,0.42088,6,42
10,AT,2.1767268,0.3817861,0.763017,6,15
10,AT,0.5068475,0.3817861,0.6068175,4,999
10,AT,0.45966756,0.3817861,0.13626726,4,50
10,AT,1.129806,0.3817861,0.17334245,6,999
10,AT,1.1742966,0.3817861,0.18348189,2,7
10,AT,1.2913814,0.3817861,1.2967091,6,40
10,AT,0.49412063,0.3817861,0.15644385,4,60
10,AT,0.9572266,0.3817861,0.3582337,4,40
10,AT,1.2147595,0.3817861,0.45461306,5,40
10,AT,1.055126,0.3817861,0.3056055,5,48
10,AT,0.5863052,0.3817861,0.49806467,6,40
10,AT,1.1245239,0.3817861,0.22681631,7,35
10,AT,1.6432391,0.3817861,0.21528505,6,999
10,AT,0.7555606,0.3817861,0.4938847,4,999
10,AT,0.8328948,0.3817861,0.13968824,6,50
10,AT,0.9618752,0.3817861,0.28514555,6,40
10,AT,0.5841505,0.3817861,0.69936794,6,42
10,AT,0.44928023,0.3817861,0.17107207,6,10
10,AT,1.6153916,0.3817861,0.39952752,7,999
10,AT,0.480703,0.3817861,0.13923033,6,70
10,AT,0.86571676,0.3817861,0.13526674,4,35
10,AT,0.6692459,0.3817861,0.19839604,2,10
10,AT,0.44864893,0.3817861,0.38224435,5,46
10,AT,1.5876535,0.3817861,0.2904228,7,40
10,AT,0.961406,0.3817861,0.24381383,2,40
10,AT,0.97702754,0.3817861,0.30933714,4,48
10,AT,0.9459853,0.3817861,0.299509,6,40
10,AT,1.0240833,0.3817861,0.25970888,6,50
10,AT,0.5841505,0.3817861,0.20172323,5,30
10,AT,0.9372276,0.3817861,0.27783877,7,50
10,AT,0.7386101,0.3817861,0.5025775,6,37
10,AT,1.055126,0.3817861,0.31278923,6,45
10,AT,1.1333407,0.3817861,0.22467579,6,21
10,AT,0.8328948,0.3817861,0.10911972,6,37
10,AT,2.04523,0.3817861,0.5186728,4,32
10,AT,0.9986648,0.3817861,0.2532627,4,32
10,AT,1.4936283,0.3817861,1.2132711,3,39
10,AT,3.002646,0.3817861,0.59525025,6,39
10,AT,0.3748413,0.3817861,0.075605445,4,45
10,AT,1.8196255,0.3817861,1.4400898,5,999
10,AT,0.7496826,0.3817861,0.10071004,6,16
10,AT,1.2985752,0.3817861,0.20391959,6,50
10,AT,1.0883634,0.3817861,0.14620744,4,40
10,AT,1.046881,0.3817861,0.13715455,5,38
10,AT,1.1041481,0.3817861,0.82030654,3,45
10,AT,0.83871,0.3817861,1.5271444,6,10
10,AT,0.4956034,0.3817861,0.09996315,4,45
10,AT,0.4809376,0.3817861,0.118948184,3,35
10,AT,0.7496826,0.3817861,0.115021296,4,45
10,AT,1.4910934,0.3817861,0.27275962,5,999
10,AT,0.79382676,0.3817861,0.10664033,6,12
10,AT,0.5234405,0.3817861,0.10557788,7,20
10,AT,0.6818998,0.3817861,0.260206,4,43
10,AT,0.79188985,0.3817861,0.23358023,4,40
10,AT,0.49412063,0.3817861,0.15644385,5,40
10,AT,1.3814033,0.3817861,0.3825013,6,40
10,AT,1.1333407,0.3817861,0.22467579,6,42
10,AT,0.39594492,0.3817861,0.10041211,4,42
10,AT,0.84631556,0.3817861,0.15481295,6,40
10,AT,0.79382676,0.3817861,0.121794224,5,41
10,AT,0.8216196,0.3817861,0.12837665,4,999
10,AT,1.0202113,0.3817861,0.25872695,5,999
10,AT,0.47015256,0.3817861,0.13867874,4,32
10,AT,0.7824281,0.3817861,0.13160929,4,999
10,AT,1.7824746,0.3817861,0.51627403,5,55
10,AT,0.36313704,0.3817861,0.07324468,6,50
10,AT,2.1767268,0.3817861,0.43999195,4,20
10,AT,1.2018179,0.3817861,0.38050845,4,9
10,AT,1.056894,0.3817861,0.3133133,5,48
10,AT,2.3649633,0.3817861,0.59975797,3,25
10,AT,0.52963287,0.3817861,0.20166774,6,15
10,AT,0.74520546,0.3817861,0.11433439,6,50
10,AT,0.45966756,0.3817861,0.5503321,6,8
10,AT,0.9912068,0.3817861,0.16672713,4,39
10,AT,0.82205164,0.3817861,0.26103404,6,65
10,AT,0.528447,0.3817861,0.810351,5,42
10,AT,1.9764825,0.3817861,0.50123847,3,43
10,AT,1.5347388,0.3817861,0.52998734,6,32
10,AT,2.9489603,0.3817861,0.7293536,5,20
10,AT,0.84995234,0.3817861,0.57833886,5,30
10,AT,1.1544497,0.3817861,0.1941857,6,12
10,AT,0.8216196,0.3817861,0.13779719,4,45
10,AT,1.6441033,0.3817861,0.4169468,5,41
10,AT,0.9699361,0.3817861,0.8263758,4,50
10,AT,0.5520741,0.3817861,0.5640211,5,50
10,AT,0.33315697,0.3817861,0.21128753,4,999
10,AT,0.58746153,0.3817861,0.1452942,4,50
10,AT,0.74520546,0.3817861,0.11702205,6,40
10,AT,0.84995234,0.3817861,0.72415084,2,38
10,AT,0.7262741,0.3817861,0.113479085,4,36
10,AT,1.5662137,0.3817861,0.22972469,3,45
10,AT,0.78368235,0.3817861,0.52005017,6,50
10,AT,0.9618752,0.3817861,0.27859655,5,39
10,AT,1.1333407,0.3817861,0.22467579,6,999
10,AT,0.85789883,0.3817861,0.13404514,2,0
10,AT,0.3777803,0.3817861,0.05796157,5,38
10,AT,1.0900645,0.3817861,0.4079472,3,30
10,AT,1.1907401,0.3817861,0.19970393,2,45
10,AT,1.1742966,0.3817861,0.23736614,6,999
10,AT,0.42497617,0.3817861,0.43417296,4,999
10,AT,1.1333407,0.3817861,0.3972743,6,4
10,AT,1.11832,0.3817861,0.18810837,6,999
10,AT,1.4525481,0.3817861,0.29297873,4,20
10,AT,0.36313704,0.3817861,0.04878275,3,45
10,AT,0.39691338,0.3817861,0.0726057,3,999
10,AT,0.78368235,0.3817861,0.62022233,3,40
10,AT,1.3814033,0.3817861,0.40746635,5,72
10,AT,0.9618752,0.3817861,0.36625257,4,40
10,AT,0.98824126,0.3817861,0.29296163,3,50
10,AT,1.585341,0.3817861,0.4020444,4,28
10,AT,0.7616985,0.3817861,0.6058527,1,50
10,AT,1.3326279,0.3817861,0.17902121,6,999
10,AT,0.9618752,0.3817861,0.28514555,4,40
10,AT,1.7906513,0.3817861,0.35498235,4,45
10,AT,1.6325451,0.3817861,0.250476,6,38
10,AT,0.60737973,0.3817861,0.1759208,6,45
10,AT,1.1992664,0.3817861,0.34735432,5,48
10,AT,1.1992664,0.3817861,0.45664358,6,35
10,AT,1.7196187,0.3817861,1.4650973,3,44
10,AT,0.5113075,0.3817861,0.19469005,6,30
10,AT,0.961406,0.3817861,0.33200005,5,25
10,AT,1.3056039,0.3817861,0.41336802,3,36
10,AT,0.9970505,0.3817861,0.25285333,4,40
10,AT,0.79188985,0.3817861,0.30152717,6,24
10,AT,0.98824126,0.3817861,0.3128877,6,2
10,AT,1.5589992,0.3817861,1.0345498,6,40
10,AT,0.5863052,0.3817861,0.38907108,6,48
10,AT,0.5442396,0.3817861,0.37032065,4,30
10,AT,0.9912068,0.3817861,0.16623926,5,38
10,AT,0.98824126,0.3817861,0.28623304,5,60
10,AT,2.383539,0.3817861,0.7030617,6,50
10,AT,0.8423468,0.3817861,0.55898005,5,20
10,AT,0.38084924,0.3817861,0.2591439,5,39
10,AT,1.1401708,0.3817861,0.15316707,6,42
10,AT,0.75320405,0.3817861,0.11556165,3,50
10,AT,1.5127035,0.3817861,1.0010134,6,16
10,AT,1.2330774,0.3817861,0.3904055,6,45
10,AT,1.6120913,0.3817861,1.5271444,5,40
10,AT,1.5888987,0.3817861,1.5271169,7,999
10,AT,1.056894,0.3817861,0.3356057,6,999
10,AT,1.0900645,0.3817861,0.32153144,6,35
10,AT,1.1425477,0.3817861,1.5271444,6,999
10,AT,0.8197011,0.3817861,0.69633335,3,999
10,AT,0.42497617,0.3817861,0.43510887,6,45
10,AT,0.999471,0.3817861,0.15616558,6,50
10,AT,1.8919706,0.3817861,0.6533491,5,32
10,AT,0.9372276,0.3817861,0.32365054,6,40
10,AT,0.58746153,0.3817861,0.2198524,4,60
10,AT,1.0240833,0.3817861,0.32518703,4,40
10,AT,0.98824126,0.3817861,0.36984074,4,39
10,AT,0.8328948,0.3817861,0.13968824,6,30
10,AT,0.48493385,0.3817861,0.09781113,5,39
10,AT,1.4655414,0.3817861,0.3716634,6,999
10,AT,1.5205424,0.3817861,0.38561162,6,38
10,AT,1.7945957,0.3817861,1.5271444,4,38
10,AT,0.98824126,0.3817861,1.1831611,6,45
10,AT,1.0113083,0.3817861,0.3201911,6,60
10,AT,0.9957522,0.3817861,0.16700168,4,38
10,AT,0.84045357,0.3817861,0.14095592,6,40
10,AT,0.93347377,0.3817861,1.1175916,6,999
10,AT,0.98824126,0.3817861,0.37629175,5,30
10,AT,1.056894,0.3817861,0.3356057,2,999
10,AT,1.0240833,0.3817861,0.39077964,6,25
10,AT,1.0441425,0.3817861,0.17511743,6,20
10,AT,1.0883634,0.3817861,0.18306957,4,999
10,AT,0.7122245,0.3817861,0.5665014,4,60
10,AT,0.42497617,0.3817861,0.36207542,4,40
10,AT,0.9193351,0.3817861,0.26627526,5,45
10,AT,1.5064081,0.3817861,0.2986333,5,40
10,AT,0.8349567,0.3817861,0.13046049,6,27
10,AT,0.5520741,0.3817861,0.5652369,4,45
10,AT,0.999471,0.3817861,0.48654878,6,36
10,AT,0.7262741,0.3817861,0.113479085,4,42
10,AT,0.81685305,0.3817861,0.12827313,5,40
10,AT,0.9618752,0.3817861,0.33216196,6,50
10,AT,2.6378148,0.3817861,0.9109097,6,3
10,AT,0.7455467,0.3817861,0.15037672,5,20
10,AT,0.5068475,0.3817861,0.1604733,4,43
10,AT,0.49852526,0.3817861,0.12329797,4,999
10,AT,0.44766283,0.3817861,0.28390706,4,38
10,AT,0.6871439,0.3817861,1.5271444,2,20
10,AT,0.44766283,0.3817861,0.07529966,6,0
10,AT,1.0448359,0.3817861,0.30819023,5,50
10,AT,1.0441425,0.3817861,0.1531498,6,38
10,AT,0.9193351,0.3817861,0.34405315,6,41
10,AT,2.0226166,0.3817861,0.7569465,6,999
10,AT,1.2187842,0.3817861,0.46407542,3,999
10,AT,1.056894,0.3817861,0.26802978,4,25
10,AT,1.2018179,0.3817861,0.3480932,4,50
10,AT,0.5113075,0.3817861,0.17656857,3,45
10,AT,1.2288905,0.3817861,0.36248013,7,21
10,AT,0.9755621,0.3817861,0.33688837,4,50
10,AT,2.8045058,0.3817861,0.8272324,6,50
10,AT,0.37426898,0.3817861,0.3467779,4,999
10,AT,0.7496826,0.3817861,0.13713636,4,40
10,AT,3.0300086,0.3817861,0.5096663,6,8
10,AT,1.4744802,0.3817861,0.5626468,5,50
10,AT,0.5996332,0.3817861,0.22440748,6,10
10,AT,0.50565416,0.3817861,0.14915046,6,45
10,AT,1.6420057,0.3817861,0.22058207,4,999
10,AT,1.0393327,0.3817861,1.0618246,4,45
10,AT,1.8638668,0.3817861,0.25038627,6,45
10,AT,1.4534193,0.3817861,0.5439294,5,45
10,AT,0.75320405,0.3817861,0.11827814,4,40
10,AT,0.89729786,0.3817861,0.76225215,5,999
10,AT,1.3637996,0.3817861,0.5192928,5,40
10,AT,0.33315697,0.3817861,0.051115196,5,42
10,AT,0.419355,0.3817861,0.706187,6,40
10,AT,1.013695,0.3817861,0.25707445,4,20
10,AT,1.0240833,0.3817861,0.38993922,4,30
10,AT,1.0240833,0.3817861,0.25970888,4,45
10,AT,0.40842652,0.3817861,0.064136565,4,12
10,AT,0.8216196,0.3817861,0.12902164,2,42
10,AT,0.9372276,0.3817861,0.27644974,4,50
10,AT,1.2578468,0.3817861,0.7977248,4,45
10,AT,1.5589992,0.3817861,1.211544,3,999
10,AT,0.8385646,0.3817861,0.13102421,4,35
10,AT,1.3056039,0.3817861,0.41336802,5,45
10,AT,0.84631556,0.3817861,0.13289972,4,40
10,AT,1.0169052,0.3817861,0.17104988,7,999
10,AT,1.7876544,0.3817861,0.6690141,5,15
10,AT,0.7601139,0.3817861,0.1166218,2,45
10,AT,1.089091,0.3817861,0.34481803,5,45
10,AT,1.2580651,0.3817861,0.8560345,6,21
10,AT,1.0240833,0.3817861,0.25328195,4,999
10,AT,1.2187842,0.3817861,0.35949928,5,999
10,AT,1.1742966,0.3817861,0.18440375,4,40
10,AT,0.50565416,0.3817861,0.16056524,4,50
10,AT,0.65280193,0.3817861,0.20729065,6,40
10,AT,0.79188985,0.3817861,0.23475382,7,25
10,AT,1.0763797,0.3817861,0.18052407,6,999
10,AT,0.98824126,0.3817861,0.3128877,1,50
10,AT,0.8216196,0.3817861,0.12902164,5,50
10,AT,1.5111212,0.3817861,0.9877694,5,38
10,AT,1.5382062,0.3817861,1.4136006,2,20
10,AT,0.84995234,0.3817861,0.72203207,6,38
10,AT,0.8385646,0.3817861,0.1126502,5,999
10,AT,0.49852526,0.3817861,0.15783831,4,10
10,AT,0.93347377,0.3817861,0.3554379,6,8
10,AT,0.9755621,0.3817861,0.24740362,6,20
10,AT,0.7555606,0.3817861,0.11864818,6,65
10,AT,0.8084459,0.3817861,0.12695295,6,40
10,AT,0.7386101,0.3817861,0.5025775,3,12
10,AT,1.6325451,0.3817861,0.27380073,4,999
10,AT,0.5871483,0.3817861,0.11639741,6,32
10,AT,0.4686138,0.3817861,0.1784337,6,50
10,AT,0.90981275,0.3817861,0.61906976,6,23
10,AT,0.5445455,0.3817861,0.1380974,2,45
10,AT,0.4686138,0.3817861,0.11590017,6,999
10,AT,0.84631556,0.3817861,0.14193903,5,38
10,AT,0.8216196,0.3817861,0.27315947,6,42
10,AT,1.6771291,0.3817861,0.2253004,2,6
10,AT,0.59415823,0.3817861,0.22623707,6,30
10,AT,0.78368235,0.3817861,0.58222216,7,15
10,AT,1.022615,0.3817861,0.2593364,6,55
10,AT,0.98824126,0.3817861,0.28623304,6,39
10,AT,0.45490637,0.3817861,0.353521,5,10
10,AT,0.43046045,0.3817861,0.3423872,3,36
10,AT,1.7157977,0.3817861,0.3460763,5,0
10,AT,0.47015256,0.3817861,0.17901956,7,60
10,AT,1.2578468,0.3817861,0.4409183,5,32
10,AT,0.7262741,0.3817861,0.14648937,6,999
10,AT,0.50565416,0.3817861,0.1400123,4,999
10,AT,0.9403051,0.3817861,0.32471326,5,42
10,AT,0.5113075,0.3817861,0.14809453,5,34
10,AT,1.129806,0.3817861,0.22397499,6,999
10,AT,0.72670966,0.3817861,0.23008406,5,45
10,AT,0.8385646,0.3817861,0.12299659,5,35
10,AT,0.7601139,0.3817861,0.15331495,4,30
10,AT,1.1742966,0.3817861,0.18348189,6,50
10,AT,0.4809376,0.3817861,0.30184916,6,999
10,AT,1.3637996,0.3817861,0.47095722,6,39
10,AT,1.013695,0.3817861,0.3209466,4,60
10,AT,0.9403051,0.3817861,0.29771057,4,38
10,AT,0.37660202,0.3817861,0.07465833,5,45
10,AT,1.0240833,0.3817861,0.30358672,5,45
10,AT,0.6235955,0.3817861,0.52974254,5,43
10,AT,0.90981275,0.3817861,0.6037502,4,40
10,AT,1.0592657,0.3817861,0.40333548,4,999
10,AT,0.999471,0.3817861,0.19813709,6,47
10,AT,0.8216196,0.3817861,0.15029548,4,40
10,AT,1.1333407,0.3817861,0.19063497,6,39
10,AT,1.4936283,0.3817861,0.25123754,4,40
10,AT,1.056894,0.3817861,0.3133133,5,999
10,AT,0.8929693,0.3817861,0.13700533,4,38
10,AT,0.9912068,0.3817861,0.16672713,5,38
10,AT,1.3429885,0.3817861,0.2708807,4,45
10,AT,0.9193351,0.3817861,0.35005435,7,999
10,AT,0.9372276,0.3817861,0.3568674,4,32
10,AT,0.98824126,0.3817861,0.3128877,4,44
10,AT,0.9628679,0.3817861,0.16148649,5,60
10,AT,0.9459853,0.3817861,0.35402668,3,52
10,AT,0.5127354,0.3817861,0.16281383,5,50
10,AT,0.8929693,0.3817861,0.14022595,5,35
10,AT,0.59415823,0.3817861,0.22623707,4,27
10,AT,1.1992664,0.3817861,0.30413556,6,5
10,AT,0.98824126,0.3817861,0.37629175,4,25
10,AT,0.7555606,0.3817861,0.098987915,6,30
10,AT,0.9193351,0.3817861,0.29192546,4,50
10,AT,0.9459853,0.3817861,0.23990317,4,35
10,AT,0.9755621,0.3817861,0.2825607,3,40
10,AT,1.1883165,0.3817861,0.30135873,4,35
10,AT,1.6999047,0.3817861,1.5271215,6,20
10,AT,0.79188985,0.3817861,0.2514565,3,40
10,AT,0.528447,0.3817861,0.16780286,3,39
10,AT,0.44864893,0.3817861,0.3052772,3,42
10,AT,0.3777803,0.3817861,0.05932409,3,40
10,AT,0.5196664,0.3817861,0.40384763,6,50
10,AT,0.2931526,0.3817861,0.24903233,3,999
10,AT,1.0763797,0.3817861,0.16514538,6,9
10,AT,1.2187842,0.3817861,0.30908516,6,999
10,AT,1.7988995,0.3817861,0.5332793,4,45
10,AT,1.1742966,0.3817861,0.18440375,5,50
10,AT,0.52207124,0.3817861,0.105301686,6,43
10,AT,0.7824281,0.3817861,0.13122422,6,40
10,AT,1.0393327,0.3817861,0.80769527,5,60
10,AT,0.5442396,0.3817861,0.91649026,4,40
10,AT,1.0169052,0.3817861,0.20159326,5,42
10,AT,0.5863052,0.3817861,0.49952587,4,70
10,AT,0.9403051,0.3817861,0.29771057,6,75
10,AT,0.8349567,0.3817861,0.14044501,5,55
10,AT,1.168301,0.3817861,0.36989653,4,40
10,AT,0.6871439,0.3817861,0.5854396,6,999
10,AT,0.9459853,0.3817861,0.23990317,6,30
10,AT,0.7262741,0.3817861,0.12216383,6,50
10,AT,1.0113083,0.3817861,0.25646913,5,40
10,AT,0.45966756,0.3817861,0.11657232,4,40
10,AT,0.8216196,0.3817861,0.11037392,6,70
10,AT,1.8386703,0.3817861,1.5271444,4,999
10,AT,0.98824126,0.3817861,0.31380588,4,999
10,AT,1.5347388,0.3817861,0.4873406,5,999
10,AT,1.6432391,0.3817861,0.2580433,2,40
10,AT,0.8385646,0.3817861,0.1126502,6,40
10,AT,1.1041481,0.3817861,1.5271444,2,20
10,AT,0.4108098,0.3817861,0.06025557,6,55
10,AT,1.9764825,0.3817861,0.48883456,4,999
10,AT,0.59588474,0.3817861,0.18921706,4,33
10,AT,0.6871439,0.3817861,0.5465521,6,80
10,AT,1.3056039,0.3817861,0.385108,6,46
10,AT,0.84995234,0.3817861,0.8534584,4,43
10,AT,0.7991447,0.3817861,0.10469806,6,40
10,AT,1.4970759,0.3817861,1.5271444,6,63
10,AT,0.66631395,0.3817861,0.1343955,4,45
10,AT,1.089411,0.3817861,0.88492674,4,8
10,AT,0.5234405,0.3817861,0.068577275,4,45
10,AT,0.66631395,0.3817861,0.42257506,5,23
10,AT,0.8216196,0.3817861,0.13779719,5,45
10,AT,1.2578468,0.3817861,0.19653626,3,30
10,AT,0.52207124,0.3817861,0.087815665,5,999
10,AT,0.79382676,0.3817861,0.50344384,2,20
10,AT,0.7555606,0.3817861,0.11592314,6,45
10,AT,0.5234405,0.3817861,0.07031745,5,40
10,AT,0.65280193,0.3817861,0.19352141,5,40
10,AT,1.5589992,0.3817861,1.5271178,6,10
10,AT,1.6926311,0.3817861,0.33555055,5,40
10,AT,0.5520741,0.3817861,0.5640211,5,999
10,AT,1.8386703,0.3817861,0.54506904,4,60
10,AT,1.1742966,0.3817861,0.19752404,6,39
10,AT,0.66631395,0.3817861,0.111750275,4,48
10,AT,1.1917695,0.3817861,0.34518293,4,39
10,AT,1.5111212,0.3817861,0.20299953,7,20
10,AT,0.89532566,0.3817861,0.18058711,5,40
10,AT,1.4002106,0.3817861,0.40555558,4,55
10,AT,0.5841505,0.3817861,0.20172323,7,11
10,AT,0.9054247,0.3817861,0.13280335,5,55
10,AT,0.7601139,0.3817861,0.09958443,6,45
10,AT,1.2090684,0.3817861,0.93960285,7,60
10,AT,1.2578468,0.3817861,0.19653626,6,33
10,AT,0.75320405,0.3817861,0.12632293,5,42
10,AT,1.5111212,0.3817861,0.19797583,5,7
10,AT,1.8196255,0.3817861,1.5271444,5,999
10,AT,1.4525481,0.3817861,0.1903021,5,42
10,AT,0.43046045,0.3817861,1.3827724,4,40
10,AT,1.8386703,0.3817861,0.46628928,6,40
10,AT,1.3326279,0.3817861,0.22350055,5,40
10,AT,1.0769278,0.3817861,0.26635167,6,10
10,AT,0.7601139,0.3817861,0.1166218,4,23
10,AT,0.5442396,0.3817861,0.40433282,6,40
10,AT,1.1742966,0.3817861,0.7675978,4,999
10,AT,1.3647192,0.3817861,0.9286053,4,13
10,AT,0.39691338,0.3817861,0.066567965,6,16
10,AT,1.055126,0.3817861,0.334064,6,45
10,AT,0.39184117,0.3817861,0.3328679,6,40
10,AT,1.2126689,0.3817861,0.20338175,4,15
10,AT,1.055126,0.3817861,0.31122553,7,60
10,AT,0.8349567,0.3817861,0.15273523,7,48
10,AT,0.7616985,0.3817861,0.77818155,4,10
10,AT,1.0169052,0.3817861,0.15888959,7,35
10,AT,0.6093921,0.3817861,0.75198525,6,999
10,AT,0.8163594,0.3817861,0.6955301,4,42
10,AT,0.40842652,0.3817861,0.08237955,6,40
10,AT,0.22764085,0.3817861,0.21091995,5,38
10,AT,0.84995234,0.3817861,1.4313059,4,50
10,AT,0.7496826,0.3817861,0.115021296,5,42
10,AT,0.5520741,0.3817861,0.42903292,7,40
10,AT,0.86571676,0.3817861,0.14519285,6,45
10,AT,1.1742966,0.3817861,0.23279482,6,10
10,AT,0.42315778,0.3817861,0.08535087,2,50
10,AT,0.60737973,0.3817861,0.18005614,6,999
10,AT,0.5381898,0.3817861,0.34131905,4,999
10,AT,0.4993324,0.3817861,0.19013041,6,25
10,AT,0.923806,0.3817861,0.124101296,2,40
10,AT,2.0456994,0.3817861,0.6064423,6,55
10,AT,1.3384918,0.3817861,0.42502445,6,999
10,AT,1.013695,0.3817861,0.3793665,5,40
10,AT,1.0113083,0.3817861,0.38507503,4,40
10,AT,1.0218302,0.3817861,0.13726956,6,40
10,AT,1.0441425,0.3817861,0.14026695,2,40
10,AT,1.6325451,0.3817861,0.213884,6,999
10,AT,1.1742966,0.3817861,0.23279482,5,999
10,AT,0.83871,0.3817861,0.6637726,4,42
10,AT,1.056894,0.3817861,0.3061175,4,33
10,AT,0.419355,0.3817861,0.42842993,4,38
10,AT,0.52207124,0.3817861,0.0800997,6,25
10,AT,2.23664,0.3817861,0.78401864,5,999
10,AT,0.85789883,0.3817861,0.14388172,4,60
10,AT,0.89856046,0.3817861,0.34214413,4,40
10,AT,1.2749285,0.3817861,1.2801883,6,10
10,AT,0.4108098,0.3817861,0.08286027,6,50
10,AT,0.9628679,0.3817861,0.12614778,6,19
10,AT,1.089091,0.3817861,0.4075826,1,60
10,AT,0.37260273,0.3817861,0.0626741,5,39
10,AT,0.7572235,0.3817861,0.50249213,5,39
10,AT,1.0218302,0.3817861,0.17137533,5,999
10,AT,0.9084601,0.3817861,0.14194533,4,43
10,AT,1.6999047,0.3817861,1.1566777,4,25
10,AT,1.1178081,0.3817861,0.22159645,99,40
10,AT,0.94941556,0.3817861,0.30059496,6,42
10,AT,1.055126,0.3817861,0.3056055,3,45
10,AT,0.5234405,0.3817861,0.08030977,6,45
10,AT,0.78368235,0.3817861,0.72611856,5,50
10,AT,0.75320405,0.3817861,0.12632293,3,50
10,AT,1.1401708,0.3817861,0.92615813,6,40
10,AT,0.38005695,0.3817861,0.076657474,6,30
10,AT,1.0441425,0.3817861,0.14026695,4,999
10,AT,0.89729786,0.3817861,0.7644887,6,50
10,AT,0.9193351,0.3817861,0.27253452,4,50
10,AT,1.9845669,0.3817861,0.96610004,4,999
10,AT,0.7496826,0.3817861,0.15121089,5,38
10,AT,0.52963287,0.3817861,0.16768742,5,38
10,AT,0.41747835,0.3817861,0.07636762,5,41
10,AT,0.6235955,0.3817861,1.5271444,5,10
10,AT,1.089091,0.3817861,0.41469216,2,40
10,AT,1.0126709,0.3817861,1.2124096,2,999
10,AT,1.3581371,0.3817861,0.18244807,5,38
10,AT,1.129806,0.3817861,0.18948446,6,38
10,AT,1.4189779,0.3817861,0.35985455,3,40
10,AT,1.2299385,0.3817861,0.9990764,5,40
10,AT,0.52963287,0.3817861,0.63409716,6,999
10,AT,0.9372276,0.3817861,0.35074922,2,40
10,AT,0.86571676,0.3817861,0.14519285,6,38
10,AT,0.2931526,0.3817861,0.23200701,5,40
10,AT,0.40842652,0.3817861,0.06849888,6,50
10,AT,0.8349567,0.3817861,0.11216554,2,999
10,AT,1.056894,0.3817861,0.3133133,5,50
10,AT,0.52963287,0.3817861,0.16768742,3,4
10,AT,0.66631395,0.3817861,0.111750275,2,60
10,AT,0.3424189,0.3817861,0.3172671,6,45
10,AT,1.9584057,0.3817861,0.6762912,5,24
10,AT,0.84631556,0.3817861,0.14193903,4,50
10,AT,0.39184117,0.3817861,0.39345756,3,50
10,AT,0.7455467,0.3817861,0.47282457,4,44
10,AT,0.89729786,0.3817861,0.8313892,4,42
10,AT,0.8915591,0.3817861,0.8260713,3,999
10,AT,0.74520546,0.3817861,0.11643695,3,9
10,AT,0.33315697,0.3817861,0.056039095,5,45
10,AT,0.72670966,0.3817861,0.18429464,5,24
10,AT,0.7122245,0.3817861,0.72920585,7,46
10,AT,1.5205424,0.3817861,0.52508503,4,23
10,AT,2.3649633,0.3817861,1.5271444,2,38
10,AT,0.4192823,0.3817861,0.084569216,5,39
10,AT,0.5127354,0.3817861,0.19188665,6,40
10,AT,1.089411,0.3817861,0.14634816,3,25
10,AT,0.9912068,0.3817861,0.15487425,5,25
10,AT,1.5382062,0.3817861,0.48701242,7,20
10,AT,0.37660202,0.3817861,0.057780825,4,50
10,AT,0.44577956,0.3817861,0.4554263,5,40
10,AT,1.3429885,0.3817861,0.2708807,2,999
10,AT,0.8328948,0.3817861,0.16511475,6,44
10,AT,0.84631556,0.3817861,0.13223533,3,39
10,AT,1.0126709,0.3817861,0.32062232,6,40
10,AT,0.9912068,0.3817861,0.15207756,4,40
10,AT,1.1742966,0.3817861,0.21480928,6,999
10,AT,0.923806,0.3817861,0.58587617,6,38
10,AT,1.1742966,0.3817861,0.18016838,4,40
10,AT,1.0113083,0.3817861,0.38507503,6,40
10,AT,1.4104576,0.3817861,0.5382162,6,45
10,AT,0.8216196,0.3817861,0.13779719,6,60
10,AT,0.60737973,0.3817861,0.18005614,5,40
10,AT,0.7262741,0.3817861,0.12216383,4,41
10,AT,1.1742966,0.3817861,0.19694619,2,50
10,AT,0.98824126,0.3817861,0.31380588,99,999
10,AT,0.52207124,0.3817861,0.08157271,4,40
10,AT,0.5445455,0.3817861,0.1380974,6,12
10,AT,1.9845669,0.3817861,0.2600033,7,40
10,AT,2.4375684,0.3817861,1.5271444,5,20
10,AT,1.1992664,0.3817861,0.3797006,5,42
10,AT,0.42022678,0.3817861,0.26650712,6,999
10,AT,1.4970759,0.3817861,0.993457,6,41
10,AT,0.45490637,0.3817861,0.46475065,6,45
10,AT,1.5111212,0.3817861,0.29956758,6,17
10,AT,1.1992664,0.3817861,0.45664358,4,42
10,AT,0.50565416,0.3817861,0.19253752,5,15
10,AT,0.9348352,0.3817861,0.35595617,4,20
10,AT,1.1178081,0.3817861,0.15016289,4,17
10,AT,0.7616985,0.3817861,0.6028241,3,23
10,AT,0.79188985,0.3817861,0.25072065,6,40
10,AT,1.2288905,0.3817861,0.4689319,6,40
10,AT,0.75320405,0.3817861,0.10118321,3,48
10,AT,1.8221391,0.3817861,0.45066154,5,999
10,AT,0.38084924,0.3817861,0.2591439,4,999
10,AT,1.2147595,0.3817861,0.36011228,6,999
10,AT,1.5205424,0.3817861,0.42102805,4,999
10,AT,0.4809376,0.3817861,0.15271677,6,40
10,AT,0.9193351,0.3817861,0.23314464,3,20
10,AT,1.0441425,0.3817861,0.14026695,4,20
10,AT,2.110252,0.3817861,0.6700889,2,38
10,AT,1.6420057,0.3817861,0.22058207,4,999
10,AT,1.9398721,0.3817861,1.3199607,3,25
10,AT,0.45490637,0.3817861,0.46475065,6,10
10,AT,0.66631395,0.3817861,0.13468516,6,42
10,AT,0.58746153,0.3817861,0.22368722,2,40
10,AT,1.046881,0.3817861,0.1406349,5,999
10,AT,0.98824126,0.3817861,0.24441728,6,40
10,AT,1.089091,0.3817861,0.26936,4,40
10,AT,1.0884792,0.3817861,1.1144313,2,60
10,AT,0.5520741,0.3817861,0.3756517,4,10
10,AT,0.7555606,0.3817861,0.11864818,6,70
10,AT,0.97702754,0.3817861,0.24164386,3,50
10,AT,1.1749231,0.3817861,0.2905884,6,40
10,AT,2.3485932,0.3817861,1.3178159,6,999
10,AT,0.89532566,0.3817861,0.11729892,6,39
10,AT,1.0696658,0.3817861,0.31551412,5,999
10,AT,0.39184117,0.3817861,0.3328679,5,44
10,AT,2.0421326,0.3817861,0.4118978,7,999
10,AT,0.9372276,0.3817861,0.27644974,4,10
10,AT,1.1749231,0.3817861,0.37199312,4,40
10,AT,1.055126,0.3817861,0.36436397,4,40
10,AT,0.84602106,0.3817861,0.7208014,5,48
10,AT,2.144747,0.3817861,0.4251791,5,999
10,AT,1.2749285,0.3817861,1.3025181,4,25
10,AT,1.056894,0.3817861,0.40329972,2,24
10,AT,0.4211734,0.3817861,0.3577858,6,40
10,AT,0.79188985,0.3817861,0.23358023,6,35
10,AT,1.0448359,0.3817861,0.30819023,6,55
10,AT,1.0254709,0.3817861,0.3024784,4,23
10,AT,1.5205424,0.3817861,0.3760689,4,999
10,AT,0.7262741,0.3817861,0.14397804,6,43
10,AT,0.9459853,0.3817861,0.35402668,7,9
10,AT,1.0240833,0.3817861,0.25328195,4,999
10,AT,1.055126,0.3817861,0.334064,5,42
10,AT,1.2324293,0.3817861,0.16556081,5,29
10,AT,0.9459853,0.3817861,0.23396637,3,30
10,AT,0.97702754,0.3817861,0.2896373,5,27
10,AT,1.1742966,0.3817861,0.23736614,6,42
10,AT,0.5863052,0.3817861,0.46401402,6,20
10,AT,0.72670966,0.3817861,0.23075919,4,50
10,AT,1.3874681,0.3817861,0.3518637,5,50
10,AT,2.376633,0.3817861,0.70454687,4,48
10,AT,1.5876535,0.3817861,0.20800264,5,45
10,AT,1.0592657,0.3817861,0.2686312,7,25
10,AT,1.1907401,0.3817861,0.2401721,6,40
10,AT,0.7555606,0.3817861,0.12708995,4,43
10,AT,1.013695,0.3817861,0.35005674,4,40
10,AT,0.47015256,0.3817861,0.119231306,6,999
10,AT,0.8385646,0.3817861,0.10986251,6,40
10,AT,0.5068475,0.3817861,0.1604733,6,30
10,AT,0.5234405,0.3817861,0.068577275,4,42
10,AT,1.5982894,0.3817861,0.53137475,2,39
10,AT,0.36335483,0.3817861,0.10771559,5,999
10,AT,1.5589992,0.3817861,1.1582296,5,25
10,AT,0.52207124,0.3817861,0.06839787,2,38
10,AT,0.49852526,0.3817861,0.45814127,2,45
10,AT,0.9755621,0.3817861,0.28920272,6,50
10,AT,0.7262741,0.3817861,0.12216383,3,9
10,AT,1.0883634,0.3817861,0.19908991,6,38
10,AT,0.39691338,0.3817861,0.08005742,7,43
10,AT,0.74853796,0.3817861,0.6358806,6,42
10,AT,0.7555606,0.3817861,0.15239653,3,40
10,AT,1.7614449,0.3817861,0.27522266,7,999
10,AT,0.36930504,0.3817861,0.37729707,4,40
10,AT,1.5888987,0.3817861,0.5045383,5,42
10,AT,1.5347388,0.3817861,0.4873406,99,999
10,AT,0.98824126,0.3817861,0.29296163,3,52
10,AT,2.343069,0.3817861,0.69112474,4,999
10,AT,0.36313704,0.3817861,0.17677744,5,25
10,AT,0.5196664,0.3817861,0.48149517,6,50
10,AT,2.6444619,0.3817861,0.44481486,4,9
10,AT,0.49412063,0.3817861,0.18814588,4,30
10,AT,1.7623847,0.3817861,0.5198426,5,35
10,AT,0.72670966,0.3817861,0.45610258,5,50
10,AT,1.2018179,0.3817861,0.35449493,5,32
10,AT,0.527563,0.3817861,0.15639462,2,999
10,AT,1.0218302,0.3817861,0.13387264,6,33
10,AT,0.89532566,0.3817861,0.18058711,4,37
10,AT,0.8197011,0.3817861,0.823083,4,20
10,AT,1.4058415,0.3817861,0.88234353,6,42
10,AT,1.0441425,0.3817861,0.1601994,3,50
10,AT,1.6153916,0.3817861,0.4472912,5,29
10,AT,1.2330774,0.3817861,0.3127101,4,40
10,AT,1.0883634,0.3817861,0.18253389,6,38
10,AT,2.0456994,0.3817861,0.765585,5,48
10,AT,1.088559,0.3817861,1.114513,4,39
10,AT,1.2147595,0.3817861,0.36011228,5,50
10,AT,1.4657629,0.3817861,1.5007104,3,999
10,AT,1.0592657,0.3817861,0.6648233,6,60
10,AT,1.0883634,0.3817861,0.14620744,4,999
10,AT,0.8915591,0.3817861,0.6623674,5,40
10,AT,0.74853796,0.3817861,0.55611247,6,45
10,AT,1.0441425,0.3817861,0.1531498,3,23
10,AT,0.7601139,0.3817861,0.12748188,5,60
10,AT,0.5442396,0.3817861,0.46368665,6,999
10,AT,1.8169202,0.3817861,0.2787641,4,999
10,AT,0.9755621,0.3817861,0.33688837,4,25
10,AT,0.5442396,0.3817861,0.40433282,4,23
10,AT,0.65280193,0.3817861,0.192554,6,999
10,AT,1.5826889,0.3817861,0.50109625,4,50
10,AT,0.8084459,0.3817861,0.12631819,4,999
10,AT,1.1749231,0.3817861,0.37308484,2,42
10,AT,0.36335483,0.3817861,0.11504203,3,50
10,AT,1.4955758,0.3817861,0.98967946,6,9
10,AT,1.2524351,0.3817861,0.25261593,6,20
10,AT,0.7496826,0.3817861,0.14861856,2,8
10,AT,1.0393327,0.3817861,0.88550085,4,50
10,AT,0.7455467,0.3817861,0.47282457,6,40
10,AT,1.3429885,0.3817861,0.18041298,4,6
10,AT,1.1992664,0.3817861,0.35374227,4,20
10,AT,0.84995234,0.3817861,0.8683459,4,37
10,AT,0.86571676,0.3817861,0.116297744,5,41
10,AT,0.5442396,0.3817861,0.37032065,4,999
10,AT,0.79382676,0.3817861,0.11643471,3,50
10,AT,1.6562222,0.3817861,1.3107682,4,40
10,AT,3.781759,0.3817861,1.1973449,6,50
10,AT,1.1742966,0.3817861,0.23685552,4,999
10,AT,0.81685305,0.3817861,0.1647591,6,50
10,AT,0.7616985,0.3817861,0.6489594,4,7
10,AT,1.0441425,0.3817861,0.21105742,5,55
10,AT,0.79382676,0.3817861,0.16011484,5,20
10,AT,0.60090894,0.3817861,0.19025423,2,40
10,AT,0.8328948,0.3817861,0.13968824,4,45
10,AT,1.0763797,0.3817861,0.14459759,5,38
10,AT,1.1878347,0.3817861,1.5271444,2,999
10,AT,0.41747835,0.3817861,0.070222504,6,40
10,AT,0.5863052,0.3817861,0.49952587,99,999
10,AT,0.4686138,0.3817861,0.13572876,5,50
10,AT,0.60737973,0.3817861,0.15403228,6,60
10,AT,0.9755621,0.3817861,0.24740362,5,50
10,AT,1.1736422,0.3817861,0.18430093,6,40
10,AT,0.5068475,0.3817861,0.33540013,6,30
10,AT,1.1742966,0.3817861,0.19694619,4,42
10,AT,0.42315778,0.3817861,0.070969515,2,50
10,AT,0.48493385,0.3817861,0.063532405,4,35
10,AT,1.013695,0.3817861,0.3793665,6,40
10,AT,1.0169052,0.3817861,0.20510976,2,32
10,AT,0.79188985,0.3817861,0.23358023,4,40
10,AT,0.45490637,0.3817861,0.3864416,4,999
10,AT,0.9403051,0.3817861,0.3580391,4,45
10,AT,0.58746153,0.3817861,0.17015171,4,42
10,AT,1.0441425,0.3817861,0.21060337,6,20
10,AT,1.2018179,0.3817861,0.3480932,4,43
10,AT,0.66631395,0.3817861,0.1343955,7,30
10,AT,0.49412063,0.3817861,0.18814588,2,999
10,AT,0.44864893,0.3817861,0.3052772,5,999
10,AT,0.8349567,0.3817861,0.10938989,6,48
10,AT,1.43584,0.3817861,0.45460218,3,45
10,AT,1.7614449,0.3817861,0.2766054,6,18
10,AT,1.1917695,0.3817861,0.329993,6,55
10,AT,0.44864893,0.3817861,0.4583577,5,999
10,AT,1.0769278,0.3817861,0.34196734,4,45
10,AT,0.7601139,0.3817861,0.09958443,4,35
10,AT,0.84602106,0.3817861,0.7186926,5,8
10,AT,0.9372276,0.3817861,0.3568674,1,999
10,AT,0.3777803,0.3817861,0.055410966,6,40
10,AT,1.022615,0.3817861,0.2593364,5,8
10,AT,0.5120416,0.3817861,0.16259351,6,39
10,AT,0.5871483,0.3817861,0.076923825,6,3
10,AT,1.1992664,0.3817861,0.3797006,3,42
10,AT,1.4058415,0.3817861,1.5271444,6,999
10,AT,0.7601139,0.3817861,0.12748188,6,9
10,AT,1.198717,0.3817861,0.16103196,6,10
10,AT,0.97702754,0.3817861,0.2896373,6,43
10,AT,0.9193351,0.3817861,0.35005435,5,40
10,AT,1.1041481,0.3817861,0.85806584,4,50
10,AT,0.79188985,0.3817861,0.97718555,2,40
10,AT,1.4744802,0.3817861,0.43710575,6,60
10,AT,1.5439241,0.3817861,1.3154073,5,999
10,AT,0.5196664,0.3817861,0.53205645,4,40
10,AT,1.0218302,0.3817861,0.13387264,4,20
10,AT,0.74520546,0.3817861,0.09763132,4,20
10,AT,0.9459853,0.3817861,0.30038777,5,46
10,AT,1.2578468,0.3817861,0.21095867,6,40
10,AT,0.94941556,0.3817861,0.30147722,6,999
10,AT,0.9193351,0.3817861,0.26627526,4,55
10,AT,0.78368235,0.3817861,0.60902226,4,60
10,AT,0.7262741,0.3817861,0.0975655,6,999
10,AT,0.2931526,0.3817861,0.29436195,6,50
10,AT,0.528447,0.3817861,0.16731189,3,50
10,AT,0.7555606,0.3817861,0.15239653,6,40
10,AT,0.46673688,0.3817861,0.14820749,2,43
10,AT,0.4674176,0.3817861,0.13856475,4,60
10,AT,0.5384639,0.3817861,0.20503046,6,41
10,AT,1.129806,0.3817861,0.14801873,2,40
10,AT,1.055126,0.3817861,0.4017593,3,20
10,AT,1.5888987,0.3817861,0.5045383,5,40
10,AT,1.6325451,0.3817861,0.23945381,7,50
10,AT,1.0763797,0.3817861,0.21710578,6,22
10,AT,0.8794577,0.3817861,0.88308597,3,50
10,AT,2.088285,0.3817861,0.35126266,4,42
10,AT,0.8216196,0.3817861,0.12902164,4,45
10,AT,1.6325451,0.3817861,0.32363924,6,999
10,AT,0.74853796,0.3817861,0.6377469,99,999
10,AT,0.8084459,0.3817861,0.12695295,6,48
10,AT,0.5996332,0.3817861,0.22440748,5,30
10,AT,0.7455467,0.3817861,0.09767609,5,40
10,AT,0.90981275,0.3817861,0.9295013,6,40
10,AT,1.1755234,0.3817861,0.79986954,5,999
10,AT,0.78368235,0.3817861,0.6657358,5,55
10,AT,0.9054247,0.3817861,0.14147098,6,45
10,AT,0.37861174,0.3817861,0.25762132,4,40
10,AT,1.0441425,0.3817861,0.66219324,6,38
10,AT,0.81995904,0.3817861,0.1625503,7,60
10,AT,0.79188985,0.3817861,0.30152717,5,30
10,AT,1.9511242,0.3817861,0.49480724,4,36
10,AT,1.8744552,0.3817861,0.59347236,6,60
10,AT,0.83871,0.3817861,0.71248144,5,60
10,AT,0.9193351,0.3817861,0.27253452,6,9
10,AT,1.9973296,0.3817861,0.63423127,5,45
10,AT,0.82100284,0.3817861,0.110291034,6,39
10,AT,1.0592657,0.3817861,0.31401646,6,10
10,AT,1.089091,0.3817861,0.315443,6,45
10,AT,1.5064081,0.3817861,0.20236643,4,15
10,AT,1.4022529,0.3817861,0.41569436,6,50
10,AT,0.7386101,0.3817861,0.5845514,6,42
10,AT,0.4978761,0.3817861,0.07779226,6,30
10,AT,1.1742966,0.3817861,0.23736614,6,35
10,AT,1.7988995,0.3817861,1.5271444,5,999
10,AT,3.8368466,0.3817861,1.4359062,1,11
10,AT,0.8385646,0.3817861,0.5481417,6,50
10,AT,0.480703,0.3817861,0.18303679,4,30
10,AT,0.9755621,0.3817861,0.37146395,4,999
10,AT,0.39184117,0.3817861,0.31011117,3,35
10,AT,1.0113083,0.3817861,0.37847325,5,45
10,AT,1.3394539,0.3817861,0.2701677,5,5
10,AT,0.9403051,0.3817861,0.3580391,4,30
10,AT,0.84995234,0.3817861,0.72203207,6,39
10,AT,0.5996332,0.3817861,0.2070698,4,40
10,AT,2.7783935,0.3817861,0.7872611,6,45
10,AT,3.3237455,0.3817861,1.5271306,7,25
10,AT,0.8328948,0.3817861,0.15235806,4,50
10,AT,0.90981275,0.3817861,1.5271444,2,48
10,AT,1.1917695,0.3817861,0.45378897,2,40
10,AT,1.0218302,0.3817861,0.16046125,2,50
10,AT,0.419355,0.3817861,0.3318863,4,34
10,AT,1.0883634,0.3817861,0.18306957,7,40
10,AT,0.7824281,0.3817861,0.122252986,3,10
10,AT,0.83871,0.3817861,0.5706892,7,25
10,AT,0.58746153,0.3817861,0.17015171,5,40
10,AT,0.9698677,0.3817861,0.15154006,6,25
10,AT,1.013695,0.3817861,0.25707445,5,42
10,AT,1.0393327,0.3817861,0.77215296,4,39
10,AT,0.79382676,0.3817861,0.15736978,5,154
10,AT,0.5113075,0.3817861,0.1296682,4,38
10,AT,0.38084924,0.3817861,0.38909078,6,35
10,AT,0.9403051,0.3817861,0.29771057,3,42
10,AT,1.5826889,0.3817861,0.45840812,5,42
10,AT,1.0441425,0.3817861,0.13679574,6,40
10,AT,1.5190064,0.3817861,0.38522205,6,40
10,AT,1.3790027,0.3817861,0.51607955,7,50
10,AT,0.7262741,0.3817861,0.14648937,6,43
10,AT,0.8216196,0.3817861,0.12605837,4,40
10,AT,1.11832,0.3817861,0.18755804,4,40
10,AT,0.5234405,0.3817861,0.25481424,6,25
10,AT,1.5648562,0.3817861,0.26321858,6,60
10,AT,0.8328948,0.3817861,0.1307922,4,65
10,AT,0.90981275,0.3817861,0.61906976,4,20
10,AT,2.7749362,0.3817861,0.87857467,1,30
10,AT,1.013695,0.3817861,0.3793665,6,58
10,AT,1.0240833,0.3817861,0.25970888,5,40
10,AT,1.056894,0.3817861,0.3061175,4,45
10,AT,0.42315778,0.3817861,0.06644986,6,999
10,AT,1.0441425,0.3817861,0.17511743,2,55
10,AT,2.4986844,0.3817861,0.3273591,2,999
10,AT,1.1041481,0.3817861,0.73271114,5,40
10,AT,1.046881,0.3817861,0.16061954,6,43
10,AT,0.9533487,0.3817861,0.14626914,3,45
10,AT,0.9986648,0.3817861,0.29457143,6,45
10,AT,0.6818998,0.3817861,0.16865122,6,40
10,AT,0.5113075,0.3817861,0.1296682,6,46
10,AT,1.5589992,0.3817861,1.5271178,7,7
10,AT,0.6871439,0.3817861,0.5837265,6,44
10,AT,1.1041481,0.3817861,0.85806584,7,40
10,AT,0.4993324,0.3817861,0.12663135,3,39
10,AT,0.6235955,0.3817861,0.4935262,6,11
10,AT,1.1878347,0.3817861,0.3771848,5,48
10,AT,0.75320405,0.3817861,0.12632293,6,40
10,AT,1.3874681,0.3817861,0.528305,6,8
10,AT,2.302108,0.3817861,0.56937027,6,30
10,AT,0.5841505,0.3817861,0.22242652,6,50
10,AT,1.585341,0.3817861,0.54746175,6,14
10,AT,1.2376945,0.3817861,0.18989547,2,40
10,AT,1.5589992,0.3817861,1.0345498,6,999
10,AT,1.1333407,0.3817861,0.19007733,2,40
10,AT,0.9986648,0.3817861,0.31618792,5,42
10,AT,0.528447,0.3817861,0.15587352,4,999
10,AT,2.457781,0.3817861,0.9198029,6,32
10,AT,0.9403051,0.3817861,0.29771057,2,999
10,AT,1.0900645,0.3817861,0.31572506,4,40
10,AT,0.72670966,0.3817861,0.21543118,5,55
10,AT,1.5205424,0.3817861,0.3760689,7,10
10,AT,0.9372276,0.3817861,0.297607,7,42
10,AT,0.7555606,0.3817861,0.12708995,5,45
10,AT,1.2694733,0.3817861,0.2566046,6,10
10,AT,0.7386101,0.3817861,0.5874886,4,45
10,AT,2.5971503,0.3817861,0.9103895,7,15
10,AT,0.5996332,0.3817861,0.19040743,1,32
10,AT,0.7991447,0.3817861,0.11721465,5,24
10,AT,0.5445455,0.3817861,0.17240901,3,40
10,AT,0.72670966,0.3817861,0.21048342,6,42
10,AT,0.66631395,0.3817861,0.10463346,6,65
10,AT,0.38005695,0.3817861,0.059383225,6,45
10,AT,1.5347388,0.3817861,0.48591474,6,50
10,AT,1.5837797,0.3817861,0.39170948,5,39
10,AT,1.0113083,0.3817861,0.32113048,6,60
10,AT,1.0126709,0.3817861,0.32062232,6,40
10,AT,1.0883634,0.3817861,0.18306957,6,999
10,AT,0.84631556,0.3817861,0.11087796,4,40
10,AT,0.66631395,0.3817861,0.11207819,99,999
10,AT,0.4686138,0.3817861,0.13572876,6,40
10,AT,0.72570604,0.3817861,0.616485,6,999
10,AT,0.89532566,0.3817861,0.18058711,5,28
10,AT,0.9193351,0.3817861,0.26627526,5,40
10,AT,0.7262741,0.3817861,0.11142984,4,25
10,AT,0.75320405,0.3817861,0.12669362,6,60
10,AT,0.527563,0.3817861,0.167032,7,65
10,AT,0.8328948,0.3817861,0.16799474,4,30
10,AT,1.0592657,0.3817861,0.29330367,7,42
10,AT,0.52207124,0.3817861,0.17357033,6,42
10,AT,1.2299385,0.3817861,0.24807848,3,40
10,AT,0.59588474,0.3817861,0.17259146,4,50
10,AT,1.1917695,0.3817861,0.34518293,5,45
10,AT,1.089091,0.3817861,0.34481803,3,10
10,AT,0.49412063,0.3817861,0.59158057,4,45
10,AT,0.39121404,0.3817861,0.057381373,7,56
10,AT,1.1742966,0.3817861,0.23685552,4,999
10,AT,2.115789,0.3817861,0.27719504,6,30
10,AT,0.47015256,0.3817861,0.17901956,6,38
10,AT,1.1742966,0.3817861,0.19694619,5,39
10,AT,0.4108098,0.3817861,0.053821262,6,30
10,AT,0.8197011,0.3817861,0.5439521,4,41
10,AT,1.6699134,0.3817861,0.22433108,4,23
10,AT,0.8385646,0.3817861,0.13102421,4,25
10,AT,0.8328948,0.3817861,0.52822036,5,999
10,AT,2.1011338,0.3817861,0.27527487,3,999
10,AT,1.3647192,0.3817861,1.5271444,4,26
10,AT,0.36335483,0.3817861,0.22805129,4,60
10,AT,1.4189779,0.3817861,0.42065212,6,999
10,AT,3.025407,0.3817861,1.5271444,6,999
10,AT,0.5196664,0.3817861,0.44145513,4,40
10,AT,0.480703,0.3817861,0.14179073,4,40
10,AT,0.59415823,0.3817861,0.15067936,2,30
10,AT,0.34450516,0.3817861,0.35196027,7,999
10,AT,1.089091,0.3817861,0.4075826,4,999
10,AT,1.1742966,0.3817861,0.23736614,7,8
10,AT,1.1178081,0.3817861,0.18747213,2,30
10,AT,0.65280193,0.3817861,0.18075655,6,30
10,AT,1.3056039,0.3817861,0.385108,3,25
10,AT,1.056894,0.3817861,0.40243238,4,40
10,AT,0.8328948,0.3817861,0.14009815,5,45
10,AT,0.93347377,0.3817861,0.276726,6,30
10,AT,1.022615,0.3817861,0.3237708,4,40
10,AT,2.054049,0.3817861,0.2691062,4,40
10,AT,0.65280193,0.3817861,0.24910246,6,50
10,AT,1.7614449,0.3817861,0.89694077,4,45
10,AT,0.85789883,0.3817861,0.14388172,6,60
10,AT,1.1749231,0.3817861,0.44737443,4,40
10,AT,0.7616985,0.3817861,0.505462,6,41
10,AT,1.013695,0.3817861,0.38598368,2,38
10,AT,1.1245239,0.3817861,0.15106505,6,40
10,AT,1.0441425,0.3817861,0.1601994,5,40
10,AT,0.85789883,0.3817861,0.17303815,4,20
10,AT,1.5826889,0.3817861,1.5271444,6,40
10,AT,0.9628679,0.3817861,0.19088098,6,53
10,AT,0.75320405,0.3817861,0.11047629,7,8
10,AT,1.1333407,0.3817861,0.7408273,4,999
10,AT,0.79382676,0.3817861,0.10664033,3,20
10,AT,1.1228069,0.3817861,0.8930774,5,30
10,AT,0.4192823,0.3817861,0.13939655,2,38
10,AT,0.9372276,0.3817861,0.3568674,3,40
10,AT,0.8328948,0.3817861,0.13968824,6,50
10,AT,0.36930504,0.3817861,0.37729707,6,30
10,AT,0.42497617,0.3817861,0.43417296,7,40
10,AT,0.8197011,0.3817861,0.64872843,6,55
10,AT,0.79382676,0.3817861,0.15736978,3,50
10,AT,0.61444527,0.3817861,0.23396179,4,38
10,AT,0.4674176,0.3817861,0.14798938,6,5
10,AT,0.39121404,0.3817861,0.071563184,6,40
10,AT,0.8385646,0.3817861,0.14063913,6,50
10,AT,0.9372276,0.3817861,0.3568674,4,999
10,AT,1.2985752,0.3817861,0.2184285,4,999
10,AT,1.3429885,0.3817861,0.21089391,6,50
10,AT,1.8167741,0.3817861,1.2022281,4,999
10,AT,1.4910934,0.3817861,0.30075344,5,22
10,AT,0.4993324,0.3817861,0.12663135,4,999
10,AT,1.0393327,0.3817861,0.6896996,2,999
10,AT,0.81995904,0.3817861,0.1101508,6,20
10,AT,0.74520546,0.3817861,0.11433439,5,50
10,AT,1.9511242,0.3817861,0.61774683,4,45
10,AT,0.7991447,0.3817861,0.10469806,99,25
10,AT,1.055126,0.3817861,1.263238,4,40
10,AT,1.6420057,0.3817861,0.25656068,4,39
10,AT,0.7555606,0.3817861,0.15272497,4,39
10,AT,1.8889014,0.3817861,0.31772503,6,60
10,AT,0.6692459,0.3817861,0.23110901,6,25
10,AT,1.3581371,0.3817861,0.18244807,4,33
10,AT,2.3485932,0.3817861,0.36033675,5,38
10,AT,0.50565416,0.3817861,0.16056524,4,40
10,AT,0.7673694,0.3817861,0.26499367,3,35
10,AT,0.47299266,0.3817861,0.11698318,6,44
10,AT,0.5871483,0.3817861,0.11842776,6,999
10,AT,0.6871439,0.3817861,0.5854396,6,45
10,AT,0.8197011,0.3817861,0.557755,3,42
10,AT,0.66631395,0.3817861,0.089510605,3,30
10,AT,1.129806,0.3817861,0.14801873,5,56
10,AT,1.5347388,0.3817861,0.58564055,5,45
10,AT,0.84045357,0.3817861,0.16951944,3,20
10,AT,0.9348352,0.3817861,0.29684725,4,42
10,AT,0.9105634,0.3817861,1.5271444,4,50
10,AT,0.9372276,0.3817861,0.27145752,4,40
10,AT,0.9755621,0.3817861,0.37146395,5,45
10,AT,0.98824126,0.3817861,0.31380588,2,42
10,AT,1.0113083,0.3817861,0.2501224,4,40
10,AT,1.056894,0.3817861,0.26139683,7,999
10,AT,1.0769278,0.3817861,0.4100609,4,42
10,AT,1.4868103,0.3817861,0.19479086,7,18
10,AT,0.7991447,0.3817861,0.12486496,5,42
10,AT,0.5871483,0.3817861,0.076923825,6,10
10,AT,0.59588474,0.3817861,0.22689448,7,30
10,AT,0.4809376,0.3817861,0.14257278,4,48
10,AT,0.78368235,0.3817861,1.5271444,7,80
10,AT,1.9592057,0.3817861,1.4101039,7,45
10,AT,0.9618752,0.3817861,0.30454,5,45
10,AT,1.7876544,0.3817861,0.56765133,4,40
10,AT,1.4910934,0.3817861,0.23298083,5,80
10,AT,1.1742966,0.3817861,0.21480928,6,45
10,AT,0.8216196,0.3817861,0.1382015,4,45
10,AT,0.4686138,0.3817861,0.5610429,3,999
10,AT,1.1401708,0.3817861,0.15316707,4,22
10,AT,0.7496826,0.3817861,0.13713636,6,45
10,AT,0.7991447,0.3817861,0.11721465,4,50
10,AT,0.39184117,0.3817861,0.4003208,6,42
10,AT,0.89856046,0.3817861,0.22223692,5,40
10,AT,0.9193351,0.3817861,1.1006643,3,36
10,AT,1.1992664,0.3817861,0.34735432,6,35
10,AT,1.1742966,0.3817861,0.18016838,4,999
10,AT,0.84602106,0.3817861,0.57566404,2,40
10,AT,0.49412063,0.3817861,0.12220864,4,50
10,AT,0.84631556,0.3817861,0.11369146,6,17
10,AT,1.0240833,0.3817861,0.2835618,5,50
10,AT,0.8915591,0.3817861,0.59163713,7,999
10,AT,1.0240833,0.3817861,0.30206916,6,999
10,AT,0.9403051,0.3817861,0.2787511,6,40
10,AT,1.7354132,0.3817861,0.66221577,4,40
10,AT,2.110252,0.3817861,0.78974324,7,18
10,AT,2.113788,0.3817861,0.6712114,4,999
10,AT,0.39957234,0.3817861,0.06243248,5,33
10,AT,2.178822,0.3817861,0.33428952,6,70
10,AT,1.7971209,0.3817861,0.4557523,4,999
10,AT,0.5520741,0.3817861,0.36635557,5,40
10,AT,0.49852526,0.3817861,0.15783831,6,30
10,AT,1.1755234,0.3817861,1.0891778,4,40
10,AT,1.523397,0.3817861,1.1317806,5,999
10,AT,0.39184117,0.3817861,0.33384463,4,24
10,AT,0.5520741,0.3817861,0.5543515,6,50
10,AT,1.5190064,0.3817861,0.57839036,4,10
10,AT,0.49412063,0.3817861,0.1457484,4,20
10,AT,1.3326279,0.3817861,0.44305158,2,39
10,AT,1.056894,0.3817861,0.26139683,5,999
10,AT,1.0883634,0.3817861,0.19908991,5,17
10,AT,0.7555606,0.3817861,0.25119722,4,40
10,AT,0.78368235,0.3817861,0.6657358,6,20
10,AT,0.5871483,0.3817861,0.11842776,6,999
10,AT,0.39594492,0.3817861,0.109634586,6,50
10,AT,0.9372276,0.3817861,0.27783877,6,20
10,AT,0.66631395,0.3817861,0.09773173,4,30
10,AT,0.6235955,0.3817861,0.49600613,5,40
10,AT,0.999471,0.3817861,0.20202781,7,8
10,AT,0.66631395,0.3817861,0.121886104,6,40
10,AT,0.7372401,0.3817861,0.2759056,6,39
10,AT,0.8216196,0.3817861,0.12051114,5,24
10,AT,0.84631556,0.3817861,0.13223533,6,25
10,AT,0.98824126,0.3817861,0.2914968,3,60
10,AT,0.44766283,0.3817861,0.08874559,6,60
10,AT,0.8216196,0.3817861,0.12837665,4,8
10,AT,0.85789883,0.3817861,0.11239548,6,40
10,AT,0.527563,0.3817861,0.19743581,2,60
10,AT,1.5111212,0.3817861,0.23184627,5,70
10,AT,1.0113083,0.3817861,0.29979974,6,60
10,AT,1.7614449,0.3817861,0.2766054,3,999
10,AT,1.1992664,0.3817861,0.35374227,4,40
10,AT,2.178182,0.3817861,0.6424883,5,45
10,AT,0.79382676,0.3817861,0.16011484,6,7
10,AT,0.44928023,0.3817861,0.14266428,6,45
10,AT,1.089091,0.3817861,0.2761948,3,45
10,AT,1.0448359,0.3817861,0.26497173,3,45
10,AT,0.79382676,0.3817861,0.13352658,3,999
10,AT,0.7824281,0.3817861,0.10510912,7,42
10,AT,0.72570604,0.3817861,0.7287,6,50
10,AT,0.8385646,0.3817861,0.10986251,7,25
10,AT,1.9764825,0.3817861,0.5829936,6,55
10,AT,0.86571676,0.3817861,0.14519285,4,30
10,AT,1.7859386,0.3817861,0.30040598,6,30
10,AT,0.33315697,0.3817861,0.055875137,3,40
10,AT,0.84631556,0.3817861,0.14235556,6,999
10,AT,2.6378148,0.3817861,0.9871792,6,25
10,AT,0.74853796,0.3817861,0.50933266,5,38
10,AT,1.055126,0.3817861,0.2675813,2,40
10,AT,1.0441425,0.3817861,0.13679574,3,40
10,AT,1.3874681,0.3817861,0.4113115,5,45
10,AT,0.5084526,0.3817861,0.079844005,5,22
10,AT,0.9459853,0.3817861,0.23990317,5,45
10,AT,0.90981275,0.3817861,0.84298444,6,40
10,AT,0.9698677,0.3817861,0.1631378,99,999
10,AT,0.36930504,0.3817861,0.28699774,2,23
10,AT,1.7614449,0.3817861,0.29541922,4,38
10,AT,1.3637996,0.3817861,0.520412,5,45
10,AT,0.5381898,0.3817861,0.09052692,2,40
10,AT,0.6890103,0.3817861,0.54803693,5,30
10,AT,0.50565416,0.3817861,0.605389,3,999
10,AT,1.424449,0.3817861,1.1069809,4,30
10,AT,1.5127035,0.3817861,0.522378,5,75
10,AT,0.58746153,0.3817861,0.22368722,4,999
10,AT,0.9533487,0.3817861,0.19229037,5,999
10,AT,0.9618752,0.3817861,0.30454,2,50
10,AT,1.5982894,0.3817861,0.32306972,6,40
10,AT,1.2694733,0.3817861,0.42205504,4,43
10,AT,0.9755621,0.3817861,0.2825607,4,45
10,AT,0.9054247,0.3817861,0.16562566,4,45
10,AT,0.4978761,0.3817861,0.06688316,6,30
10,AT,0.7601139,0.3817861,0.12785599,7,999
10,AT,0.2931526,0.3817861,0.19947177,6,40
10,AT,0.49412063,0.3817861,0.12220864,3,55
10,AT,1.1742966,0.3817861,0.19694619,5,45
10,AT,0.527563,0.3817861,0.20087965,6,40
10,AT,0.3777803,0.3817861,0.063544974,3,44
10,AT,1.0126709,0.3817861,0.30020365,6,38
10,AT,0.7555606,0.3817861,0.12671822,3,40
10,AT,0.5196664,0.3817861,0.38607648,6,44
10,AT,1.523397,0.3817861,1.5271444,6,38
10,AT,0.45966756,0.3817861,0.11657232,6,999
10,AT,1.0240833,0.3817861,0.30206916,5,36
10,AT,0.85789883,0.3817861,0.1443039,4,999
10,AT,1.5111212,0.3817861,0.25343645,5,41
10,AT,0.5520741,0.3817861,0.3756517,4,999
10,AT,1.0883634,0.3817861,0.16698405,4,41
10,AT,0.86571676,0.3817861,0.17461498,6,30
10,AT,0.82100284,0.3817861,0.12596376,2,40
10,AT,1.5347388,0.3817861,0.48591474,6,55
10,AT,1.3814033,0.3817861,0.40010807,3,35
10,AT,0.97702754,0.3817861,0.2896373,4,999
10,AT,2.088285,0.3817861,0.41398564,4,10
10,AT,0.39691338,0.3817861,0.08005742,6,110
10,AT,1.5876535,0.3817861,0.21328066,5,16
10,AT,0.58746153,0.3817861,0.16266416,6,40
10,AT,0.9193351,0.3817861,0.2910712,4,50
10,AT,1.5662137,0.3817861,0.762443,5,35
10,AT,1.0883634,0.3817861,0.18306957,4,40
10,AT,0.38084924,0.3817861,0.30141205,6,24
10,AT,1.2288905,0.3817861,0.45990145,7,999
10,AT,1.7988995,0.3817861,0.4562034,5,50
10,AT,0.5441817,0.3817861,0.07129465,5,2
10,AT,0.9755621,0.3817861,0.33688837,4,40
10,AT,0.9755621,0.3817861,0.30977967,6,45
10,AT,1.2147595,0.3817861,1.454358,5,40
10,AT,1.0113083,0.3817861,0.32113048,6,999
10,AT,0.44577956,0.3817861,0.35457182,4,25
10,AT,0.82512975,0.3817861,0.11084548,2,40
10,AT,0.9618752,0.3817861,0.28371987,4,50
10,AT,0.7824281,0.3817861,0.1578156,4,48
10,AT,0.8385646,0.3817861,0.16913843,4,45
10,AT,2.3498461,0.3817861,0.5811768,5,999
10,AT,1.3780206,0.3817861,1.1740595,6,47
10,AT,0.5445455,0.3817861,0.17291479,4,38
10,AT,0.98824126,0.3817861,0.2914968,6,45
10,AT,0.5445455,0.3817861,0.16062208,4,41
10,AT,0.7572235,0.3817861,0.6451467,5,40
10,AT,0.9755621,0.3817861,0.30977967,7,30
10,AT,1.5382062,0.3817861,0.5857013,4,45
10,AT,2.5971503,0.3817861,0.3984724,7,47
10,AT,0.65280193,0.3817861,0.16145457,5,40
10,AT,0.3748413,0.3817861,0.075605445,7,999
10,AT,0.43285838,0.3817861,0.27451798,5,40
10,AT,0.9628679,0.3817861,0.16148649,4,42
10,AT,1.046881,0.3817861,0.1755767,4,50
10,AT,0.5068475,0.3817861,0.18968324,2,40
10,AT,2.6746774,0.3817861,1.5271444,7,40
10,AT,1.0113083,0.3817861,0.32113048,6,40
10,AT,0.42315778,0.3817861,0.064923726,3,30
10,AT,1.0254709,0.3817861,0.3024784,6,48
10,AT,0.72670966,0.3817861,0.23008406,3,42
10,AT,0.90981275,0.3817861,0.72366285,6,39
10,AT,0.37277335,0.3817861,0.062519334,6,41
10,AT,1.4241234,0.3817861,0.54226214,6,38
10,AT,1.8167741,0.3817861,0.67991173,5,8
10,AT,1.2288905,0.3817861,0.36248013,4,30
10,AT,1.5876535,0.3817861,0.26705316,6,40
10,AT,1.4189779,0.3817861,0.44926366,6,999
10,AT,0.86571676,0.3817861,0.14519285,4,40
10,AT,0.9618752,0.3817861,0.30454,7,72
10,AT,0.7616985,0.3817861,0.5658903,4,40
10,AT,0.5871483,0.3817861,0.11868307,6,20
10,AT,0.7572235,0.3817861,0.60229355,5,50
10,AT,0.35611224,0.3817861,0.30340403,2,60
10,AT,1.3056039,0.3817861,0.4145813,5,45
10,AT,0.419355,0.3817861,0.42842993,6,40
10,AT,1.2985752,0.3817861,0.2619225,3,5
10,AT,1.056894,0.3817861,0.3133133,2,8
10,AT,0.8677066,0.3817861,0.25132164,5,28
10,AT,1.055126,0.3817861,0.3056055,6,60
10,AT,0.9572266,0.3817861,0.28376722,4,60
10,AT,0.82205164,0.3817861,0.2424768,6,15
10,AT,2.1393316,0.3817861,0.5425373,5,28
10,AT,0.42315778,0.3817861,0.06644986,2,45
10,AT,0.8216196,0.3817861,0.12051114,6,50
10,AT,0.79188985,0.3817861,0.25072065,4,60
10,AT,0.98824126,0.3817861,0.29296163,6,60
10,AT,1.3326279,0.3817861,0.17902121,6,24
10,AT,1.1726104,0.3817861,0.7978871,6,9
10,AT,0.89729786,0.3817861,0.8313892,6,20
10,AT,1.022615,0.3817861,0.2593364,4,50
10,AT,0.79382676,0.3817861,0.16045988,6,40
10,AT,0.45490637,0.3817861,1.4613,4,40
10,AT,2.2850955,0.3817861,1.5271444,6,999
10,AT,0.98824126,0.3817861,0.28623304,4,50
10,AT,1.3874681,0.3817861,0.528305,6,40
10,AT,0.84045357,0.3817861,0.11290401,3,50
10,AT,1.1178081,0.3817861,0.16395466,5,10
10,AT,2.1527593,0.3817861,1.3178159,6,42
10,AT,0.52241796,0.3817861,0.19892067,6,999
10,AT,0.5068475,0.3817861,0.17502837,7,35
10,AT,0.7262741,0.3817861,0.1218064,4,40
10,AT,2.088285,0.3817861,0.980834,3,30
10,AT,1.2299385,0.3817861,0.43113542,6,999
10,AT,1.055126,0.3817861,0.31122553,6,35
10,AT,0.52207124,0.3817861,0.10349641,7,39
10,AT,0.7616985,0.3817861,0.6058527,6,50
10,AT,1.0592657,0.3817861,0.3124466,4,52
10,AT,1.1742966,0.3817861,0.23736614,4,44
10,AT,1.847612,0.3817861,0.30987045,5,999
10,AT,0.9912068,0.3817861,0.16623926,2,999
10,AT,0.83871,0.3817861,0.6231041,7,50
10,AT,0.5120416,0.3817861,0.12985444,5,42
10,AT,0.7262741,0.3817861,0.12216383,4,40
10,AT,1.1992664,0.3817861,0.45664358,4,42
10,AT,1.9540551,0.3817861,0.5659703,6,999
10,AT,1.7614449,0.3817861,0.2766054,6,45
10,AT,1.022615,0.3817861,0.35313714,4,40
10,AT,0.45490637,0.3817861,0.30953488,6,30
10,AT,0.7601139,0.3817861,0.49686095,6,999
10,AT,0.79188985,0.3817861,0.25072065,2,999
10,AT,1.1041481,0.3817861,0.93797076,6,43
10,AT,1.055126,0.3817861,0.3056055,6,42
10,AT,0.923806,0.3817861,0.44971487,4,40
10,AT,1.0900645,0.3817861,0.30183163,3,999
10,AT,1.089091,0.3817861,0.34582958,4,40
10,AT,0.6890103,0.3817861,1.5271444,6,39
10,AT,0.7824281,0.3817861,0.1578156,3,999
10,AT,0.40842652,0.3817861,0.08237955,6,42
10,AT,1.998942,0.3817861,0.89694077,3,999
10,AT,0.4956034,0.3817861,0.0906587,6,40
10,AT,1.2187842,0.3817861,0.42088,4,40
10,AT,0.9054247,0.3817861,0.15185246,4,47
10,AT,0.79188985,0.3817861,0.22936206,6,45
10,AT,0.5871483,0.3817861,0.086120084,6,47
10,AT,0.5441817,0.3817861,0.091266945,6,42
10,AT,1.4979972,0.3817861,0.47428203,6,48
10,AT,0.9193351,0.3817861,0.29192546,7,41
10,AT,0.36335483,0.3817861,0.43502307,4,999
10,AT,0.528447,0.3817861,0.15587352,5,40
10,AT,1.2749285,0.3817861,1.0830479,5,70
10,AT,0.84995234,0.3817861,0.72203207,3,999
10,AT,1.6846936,0.3817861,1.1179601,2,999
10,AT,1.3384918,0.3817861,0.42502445,3,999
10,AT,0.9970505,0.3817861,0.91628253,5,60
10,AT,1.1883165,0.3817861,0.410358,4,36
10,AT,0.66631395,0.3817861,0.1343955,4,47
10,AT,0.5996332,0.3817861,0.17687114,3,15
10,AT,0.5441817,0.3817861,0.10999799,5,40
10,AT,0.82512975,0.3817861,0.16642864,4,32
10,AT,0.78368235,0.3817861,0.62022233,4,22
10,AT,0.84631556,0.3817861,0.14235556,5,56
10,AT,1.3742878,0.3817861,1.4040282,6,999
10,AT,0.85789883,0.3817861,0.15693189,6,30
10,AT,0.42022678,0.3817861,0.08475972,6,40
10,AT,1.0441425,0.3817861,0.17563133,99,999
10,AT,0.84631556,0.3817861,0.17070174,6,20
10,AT,1.056894,0.3817861,0.3061175,6,40
10,AT,1.1401708,0.3817861,0.92615813,3,30
10,AT,0.419355,0.3817861,0.42842993,4,25
10,AT,0.66631395,0.3817861,0.10411043,6,13
10,AT,1.0441425,0.3817861,0.17511743,4,999
10,AT,0.52207124,0.3817861,0.10349641,6,8
10,AT,0.9618752,0.3817861,0.2663368,6,40
10,AT,0.9970505,0.3817861,0.34430906,5,50
10,AT,1.1742966,0.3817861,0.15384765,7,15
10,AT,1.2578468,0.3817861,0.21095867,4,55
10,AT,0.79188985,0.3817861,0.25072065,4,40
10,AT,0.47299266,0.3817861,0.1497545,6,45
10,AT,1.4534193,0.3817861,0.35946766,4,60
10,AT,0.72570604,0.3817861,0.741411,4,43
10,AT,0.9957522,0.3817861,0.16700168,6,46
10,AT,0.7616985,0.3817861,0.5919381,2,32
10,AT,1.5327454,0.3817861,1.2450459,1,40
10,AT,0.8216196,0.3817861,0.12605837,3,45
10,AT,1.3647192,0.3817861,0.90562516,6,10
10,AT,0.4809376,0.3817861,0.118948184,6,30
10,AT,1.056894,0.3817861,0.40329972,6,40
10,AT,0.5384639,0.3817861,0.20503046,6,40
10,AT,0.7601139,0.3817861,0.15331495,7,999
10,AT,1.3874681,0.3817861,0.40186462,3,40
10,AT,1.0240833,0.3817861,0.38993922,5,32
10,AT,1.0240833,0.3817861,0.25970888,3,25
10,AT,0.4108098,0.3817861,0.08286027,4,999
10,AT,0.89532566,0.3817861,0.15059932,99,999
10,AT,1.5361248,0.3817861,1.5271169,6,38
10,AT,1.5169625,0.3817861,0.38470367,2,55
10,AT,1.1742966,0.3817861,0.18440375,6,45
10,AT,0.84045357,0.3817861,0.16988486,4,40
10,AT,0.38005695,0.3817861,0.06374094,5,44
10,AT,1.089091,0.3817861,0.34582958,5,36
10,AT,0.43046045,0.3817861,0.43977574,4,38
10,AT,2.7749362,0.3817861,1.0384955,3,999
10,AT,1.1917695,0.3817861,0.78863925,4,40
10,AT,0.7372401,0.3817861,0.25458932,4,10
10,AT,1.3056039,0.3817861,0.33110282,6,20
10,AT,0.8423468,0.3817861,0.6666511,6,42
10,AT,0.7386101,0.3817861,0.6843572,4,20
10,AT,1.1742966,0.3817861,0.18440375,4,45
10,AT,0.8328948,0.3817861,0.10911972,3,43
10,AT,0.59588474,0.3817861,0.17576542,5,40
10,AT,0.52207124,0.3817861,0.087815665,5,40
10,AT,1.424449,0.3817861,1.4552748,7,20
10,AT,2.9266863,0.3817861,0.72384435,4,6
10,AT,0.8915591,0.3817861,0.59163713,6,40
10,AT,0.79382676,0.3817861,0.11643471,3,10
10,AT,0.3777803,0.3817861,0.063544974,3,42
10,AT,1.7614449,0.3817861,0.35528323,6,40
10,AT,0.3748413,0.3817861,0.057510648,4,45
10,AT,0.42497617,0.3817861,0.43417296,4,50
10,AT,1.1742966,0.3817861,0.18016838,4,48
10,AT,2.054049,0.3817861,0.32255402,6,45
10,AT,1.0441425,0.3817861,0.1601994,4,44
10,AT,0.52207124,0.3817861,0.10552871,6,40
10,AT,0.7372401,0.3817861,0.23341803,5,40
10,AT,0.59588474,0.3817861,0.18921706,6,39
10,AT,1.6432391,0.3817861,0.22074784,4,19
10,AT,0.9533487,0.3817861,0.15989004,6,50
10,AT,0.79188985,0.3817861,0.25072065,4,40
10,AT,0.923806,0.3817861,0.1863317,4,40
10,AT,0.72670966,0.3817861,0.2767085,4,30
10,AT,1.1742966,0.3817861,0.18440375,6,43
10,AT,1.2749285,0.3817861,1.5271444,6,8
10,AT,0.8216196,0.3817861,0.12837665,4,42
10,AT,1.088559,0.3817861,1.114513,6,38
10,AT,0.999471,0.3817861,0.20159318,4,999
10,AT,2.3649633,0.3817861,0.7487726,4,38
10,AT,0.9957522,0.3817861,0.16700168,4,999
10,AT,1.9397354,0.3817861,0.35482785,6,42
10,AT,0.5996332,0.3817861,0.22832179,4,999
10,AT,0.5841505,0.3817861,0.22242652,2,40
10,AT,1.0393327,0.3817861,0.96299034,5,40
10,AT,1.1742966,0.3817861,0.19752404,3,50
10,AT,0.527563,0.3817861,0.15280275,6,45
10,AT,0.9348352,0.3817861,0.85910714,4,999
10,CY,1.2404253,0.0859776,0.2588427,5,45
10,CY,1.5936497,0.0859776,0.0755999,4,40
10,CY,1.5936497,0.0859776,0.059165355,7,8
10,CY,2.3545465,0.0859776,0.22223799,2,38
10,CY,0.27317548,0.0859776,0.090379275,4,666
10,CY,1.0749018,0.0859776,0.05099144,6,65
10,CY,1.6539005,0.0859776,0.25991005,3,999
10,CY,1.210664,0.0859776,0.067936935,6,3
10,CY,1.2404253,0.0859776,0.08619066,5,38
10,CY,0.7968249,0.0859776,0.03318313,4,10
10,CY,0.80710936,0.0859776,0.033611394,99,76
10,CY,0.9285536,0.0859776,0.22860806,5,50
10,CY,2.2590475,0.0859776,0.15696935,2,36
10,CY,2.0673757,0.0859776,0.11919492,4,999
10,CY,1.210664,0.0859776,0.10223242,5,30
10,CY,1.6539005,0.0859776,0.25991005,6,35
10,CY,0.39841244,0.0859776,0.018899975,7,50
10,CY,0.41347513,0.0859776,0.034915205,5,35
10,CY,0.82695025,0.0859776,0.039229065,5,48
10,CY,0.5683389,0.0859776,0.08931424,2,56
10,CY,0.39841244,0.0859776,0.018899975,4,14
10,CY,0.6413685,0.0859776,0.023811247,6,999
10,CY,1.5936497,0.0859776,0.08942848,6,999
10,CY,0.82695025,0.0859776,0.12995502,5,999
10,CY,2.5676866,0.0859776,0.121806435,4,38
10,CY,0.7325256,0.0859776,0.041106038,1,7
10,CY,0.45065513,0.0859776,0.14329995,4,40
10,CY,0.7968249,0.0859776,0.05536718,5,15
10,CY,1.5496215,0.0859776,0.057530805,2,0
10,CY,0.82695025,0.0859776,0.04767799,5,38
10,CY,0.82695025,0.0859776,0.039229065,6,25
10,CY,0.90131027,0.0859776,0.06262732,4,45
10,CY,1.1725012,0.0859776,0.055621386,7,40
10,CY,1.1747047,0.0859776,0.0659191,4,999
10,CY,0.82695025,0.0859776,0.034437686,6,40
10,CY,1.6539005,0.0859776,0.061402217,2,37
10,CY,1.2404253,0.0859776,0.04605166,3,38
10,CY,0.82695025,0.0859776,0.04767799,6,38
10,CY,0.46210733,0.0859776,0.019244105,2,50
10,CY,0.41347513,0.0859776,0.034915205,5,999
10,CY,0.7968249,0.0859776,0.029582677,3,44
10,CY,0.80710936,0.0859776,0.19870903,2,38
10,CY,0.82695025,0.0859776,0.039229065,6,55
10,CY,0.7968249,0.0859776,0.03318313,5,50
10,CY,0.88328403,0.0859776,0.29223174,4,666
10,CY,0.5993391,0.0859776,0.04164494,4,40
10,CY,0.41347513,0.0859776,0.019614533,6,50
10,CY,0.82695025,0.0859776,0.046404753,5,45
10,CY,0.30807155,0.0859776,0.10932927,6,50
10,CY,0.7968249,0.0859776,0.25337547,6,666
10,CY,0.8238575,0.0859776,0.06956922,3,45
10,CY,0.82695025,0.0859776,0.039229065,2,16
10,CY,1.8836373,0.0859776,0.10570114,6,56
10,CY,0.8238575,0.0859776,0.2028322,2,7
10,CY,0.82695025,0.0859776,0.078053206,4,0
10,CY,0.82695025,0.0859776,0.098317176,3,666
10,CY,1.831314,0.0859776,0.08687424,3,40
10,CY,0.7968249,0.0859776,0.03779995,4,38
10,CY,3.662628,0.0859776,0.13597749,3,38
10,CY,0.39841244,0.0859776,0.022970563,3,40
10,CY,0.79750776,0.0859776,0.06734415,5,50
10,CY,0.8238575,0.0859776,0.2725709,4,999
10,CY,0.82695025,0.0859776,0.06983041,4,50
10,CY,1.6539005,0.0859776,0.092809506,6,44
10,CY,1.5950155,0.0859776,0.075664684,4,33
10,CY,0.80710936,0.0859776,0.068154916,4,42
10,CY,1.1237608,0.0859776,0.34430456,4,40
10,CY,2.0673757,0.0859776,0.11601178,6,40
10,CY,1.2404253,0.0859776,0.06960711,4,50
10,CY,0.82695025,0.0859776,0.098317176,5,50
10,CY,0.8238575,0.0859776,0.057245534,2,40
10,CY,0.41347513,0.0859776,0.13147743,2,999
10,CY,0.9834318,0.0859776,0.31271324,4,38
10,CY,0.80710936,0.0859776,0.09595835,5,38
10,CY,0.77481073,0.0859776,0.043478865,6,40
10,CY,1.2404253,0.0859776,0.058843553,4,48
10,CY,1.6539005,0.0859776,0.07845813,3,40
10,CY,0.6861152,0.0859776,0.028572725,6,666
10,CY,1.5936497,0.0859776,0.09188225,4,40
10,CY,1.2357862,0.0859776,0.04587941,5,35
10,CY,0.82695025,0.0859776,0.05746042,3,38
10,CY,0.79750776,0.0859776,0.094816744,4,40
10,CY,1.1952374,0.0859776,0.04437402,5,37
10,CY,0.5683389,0.0859776,0.06757061,4,46
10,CY,1.647715,0.0859776,0.07816466,5,40
10,CY,0.64781517,0.0859776,0.036352474,7,40
10,CY,0.41347513,0.0859776,0.023838995,6,40
10,CY,0.86375356,0.0859776,0.048469957,3,22
10,CY,1.6157638,0.0859776,0.05998638,4,40
10,CY,1.647715,0.0859776,0.2614337,4,43
10,CY,0.41347513,0.0859776,0.02873021,6,999
10,CY,0.39841244,0.0859776,0.13181357,1,666
10,CY,0.7968249,0.0859776,0.09473563,6,4
10,CY,1.2357862,0.0859776,0.04587941,2,36
10,CY,1.2404253,0.0859776,0.04605166,5,42
10,CY,0.39841244,0.0859776,0.047367815,2,999
10,CY,1.2404253,0.0859776,0.058843553,3,42
10,CY,0.82695025,0.0859776,0.030701108,5,50
10,CY,0.7968249,0.0859776,0.03779995,3,0
10,CY,0.7968249,0.0859776,0.029582677,3,45
10,CY,0.82695025,0.0859776,0.04767799,5,49
10,CY,1.6539005,0.0859776,0.07845813,3,48
10,CY,0.80710936,0.0859776,0.056081764,3,999
10,CY,1.2404253,0.0859776,0.051656492,6,60
10,CY,1.3363644,0.0859776,0.21000938,4,40
10,CY,0.30807155,0.0859776,0.01461436,6,45
10,CY,2.271193,0.0859776,0.08431957,2,10
10,CY,1.2357862,0.0859776,0.051463302,4,999
10,CY,0.82695025,0.0859776,0.030701108,5,38
10,CY,1.2404253,0.0859776,0.10474559,6,42
10,CY,0.82695025,0.0859776,0.030701108,4,50
10,CY,0.4642768,0.0859776,0.03920507,5,55
10,CY,0.39083374,0.0859776,0.13870007,2,40
10,CY,1.6539005,0.0859776,0.06887537,2,38
10,CY,1.6315346,0.0859776,0.25886637,3,2
10,CY,0.82695025,0.0859776,0.20359367,1,50
10,CY,0.7968249,0.0859776,0.05536718,6,35
10,CY,0.2321384,0.0859776,0.011012225,4,50
10,CY,1.6315346,0.0859776,0.09406644,6,30
10,CY,1.6142187,0.0859776,0.13630983,6,45
10,CY,0.41347513,0.0859776,0.023838995,2,37
10,CY,1.1952374,0.0859776,0.04977468,4,40
10,CY,1.2404253,0.0859776,0.07151695,2,40
10,CY,0.82695025,0.0859776,0.039229065,5,45
10,CY,1.2404253,0.0859776,0.051656492,3,50
10,CY,0.82695025,0.0859776,0.039229065,6,40
10,CY,1.6539005,0.0859776,0.061402217,3,35
10,CY,0.80710936,0.0859776,0.038287822,2,45
10,CY,1.1952374,0.0859776,0.04437402,4,7
10,CY,3.5331361,0.0859776,0.13117003,5,41
10,CY,1.4751477,0.0859776,0.13923447,2,100
10,CY,0.82695025,0.0859776,0.039229065,2,50
10,CY,0.8238575,0.0859776,0.2725709,6,38
10,CY,0.6964152,0.0859776,0.06573241,2,40
10,CY,0.79750776,0.0859776,0.02960801,4,41
10,CY,0.82695025,0.0859776,0.04767799,1,20
10,CY,0.915657,0.0859776,0.108863816,6,35
10,CY,0.82695025,0.0859776,0.030701108,4,38
10,CY,0.41347513,0.0859776,0.019614533,6,40
10,CY,1.2404253,0.0859776,0.11707975,4,999
10,CY,0.82695025,0.0859776,0.04767799,7,60
10,CY,0.82695025,0.0859776,0.039229065,4,45
10,CY,0.41347513,0.0859776,0.015350554,4,45
10,CY,0.82695025,0.0859776,0.06983041,3,50
10,CY,0.80710936,0.0859776,0.07618048,2,2
10,CY,0.7968249,0.0859776,0.34430468,3,6
10,CY,0.39841244,0.0859776,0.03364325,3,999
10,CY,0.82695025,0.0859776,0.04767799,4,45
10,CY,1.647715,0.0859776,0.1555224,2,40
10,CY,0.7968249,0.0859776,0.0672865,6,40
10,CY,0.82695025,0.0859776,0.039229065,3,44
10,CY,1.282737,0.0859776,0.047622494,5,23
10,CY,1.4983478,0.0859776,0.104112215,3,38
10,CY,0.82695025,0.0859776,0.046404753,5,40
10,CY,1.1366777,0.0859776,0.07898176,4,666
10,CY,1.2404253,0.0859776,0.051656492,4,999
10,CY,0.41347513,0.0859776,0.034915205,2,30
10,CY,1.6539005,0.0859776,0.15610641,5,40
10,CY,0.82695025,0.0859776,0.030701108,2,37
10,CY,0.7968249,0.0859776,0.0672865,4,30
10,CY,0.7968249,0.0859776,0.04471424,5,41
10,CY,0.8238575,0.0859776,0.03908233,6,88
10,CY,0.82695025,0.0859776,0.05746042,2,37
10,CY,0.30807155,0.0859776,0.01461436,5,45
10,CY,1.647715,0.0859776,0.06861776,5,50
10,CY,0.39841244,0.0859776,0.014791339,5,38
10,CY,0.82695025,0.0859776,0.039229065,3,43
10,CY,0.86375356,0.0859776,0.21265449,4,40
10,CY,0.41347513,0.0859776,0.015350554,3,50
10,CY,0.39841244,0.0859776,0.014791339,3,36
10,CY,0.82695025,0.0859776,0.030701108,2,42
10,CY,0.6964152,0.0859776,0.06573241,3,50
10,CY,0.54635096,0.0859776,0.031499956,3,38
10,CY,0.8238575,0.0859776,0.03908233,4,45
10,CY,0.82695025,0.0859776,0.20359367,5,999
10,CY,1.2404253,0.0859776,0.14747591,2,25
10,CY,0.41347513,0.0859776,0.019614533,6,60
10,CY,1.540612,0.0859776,0.086452186,7,42
10,CY,1.2404253,0.0859776,0.058843553,4,44
10,CY,0.5862506,0.0859776,0.0328977,2,56
10,CY,0.41347513,0.0859776,0.015350554,5,40
10,CY,1.6539005,0.0859776,0.11492084,5,38
10,CY,1.2357862,0.0859776,0.051463302,4,2
10,CY,0.80710936,0.0859776,0.045291338,6,38
10,CY,0.82695025,0.0859776,0.039229065,4,40
10,CY,0.78663266,0.0859776,0.029204302,6,40
10,CY,0.39841244,0.0859776,0.02235712,6,10
10,CY,0.2321384,0.0859776,0.013383975,4,37
10,CY,1.6539005,0.0859776,0.07845813,4,48
10,CY,1.5936497,0.0859776,0.08942848,7,43
10,CY,1.6539005,0.0859776,0.2624154,3,24
10,CY,1.2404253,0.0859776,0.06960711,6,50
10,CY,0.41347513,0.0859776,0.023202376,6,40
10,CY,0.52442175,0.0859776,0.030235628,2,999
10,CY,1.1952374,0.0859776,0.056699943,4,60
10,CY,0.8238575,0.0859776,0.03430888,5,666
10,CY,1.6142187,0.0859776,0.06722279,3,999
10,CY,4.00823,0.0859776,0.2249239,3,60
10,CY,1.2404253,0.0859776,0.34430468,6,666
10,CY,1.1952374,0.0859776,0.04977468,4,40
10,CY,1.5936497,0.0859776,0.15041946,3,55
10,CY,1.540612,0.0859776,0.07308386,4,37
10,CY,1.2404253,0.0859776,0.30539045,4,999
10,CY,0.41347513,0.0859776,0.14673522,6,1
10,CY,0.82695025,0.0859776,0.030701108,3,0
10,CY,1.647715,0.0859776,0.092462316,3,10
10,CY,0.41347513,0.0859776,0.039026603,6,40
10,CY,0.82695025,0.0859776,0.030701108,5,38
10,CY,0.8238575,0.0859776,0.030586239,3,25
10,CY,1.0749018,0.0859776,0.34430027,3,50
10,CY,0.82695025,0.0859776,0.12995502,3,666
10,CY,0.80710936,0.0859776,0.038287822,6,45
10,CY,0.82695025,0.0859776,0.034437686,2,45
10,CY,0.7968249,0.0859776,0.03779995,5,40
10,CY,2.0673757,0.0859776,0.076752745,5,20
10,CY,0.7968249,0.0859776,0.029582677,2,0
10,CY,1.7798557,0.0859776,0.15029676,6,40
10,CY,0.82695025,0.0859776,0.098317176,5,38
10,CY,1.6539005,0.0859776,0.25991005,6,999
10,CY,0.41347513,0.0859776,0.034915205,5,38
10,CY,1.2357862,0.0859776,0.34430456,2,666
10,CY,1.1952374,0.0859776,0.068911664,5,40
10,CY,0.7968249,0.0859776,0.03779995,5,75
10,CY,0.86375356,0.0859776,0.04979989,3,25
10,CY,0.41347513,0.0859776,0.017218843,4,3
10,CY,1.1952374,0.0859776,0.14210348,1,999
10,CY,1.0927019,0.0859776,0.04056733,6,45
10,CY,0.82695025,0.0859776,0.04767799,6,45
10,CY,1.647715,0.0859776,0.061172478,5,40
10,CY,0.39841244,0.0859776,0.014791339,6,5
10,CY,0.41347513,0.0859776,0.015350554,1,38
10,CY,0.88992786,0.0859776,0.042216606,5,40
10,CY,2.0177734,0.0859776,0.11322828,4,10
10,CY,0.82695025,0.0859776,0.030701108,2,27
10,CY,2.3904748,0.0859776,0.33974504,5,40
10,CY,0.49209175,0.0859776,0.028371643,5,45
10,CY,1.6539005,0.0859776,0.06887537,2,0
10,CY,2.0673757,0.0859776,0.08609416,6,50
10,CY,0.30807155,0.0859776,0.011437366,3,999
10,CY,1.5936497,0.0859776,0.059165355,3,999
10,CY,1.5936497,0.0859776,0.134573,6,50
10,CY,0.41192874,0.0859776,0.028622767,2,40
10,CY,1.0749018,0.0859776,0.0603186,5,666
10,CY,0.82695025,0.0859776,0.039229065,3,43
10,CY,0.41347513,0.0859776,0.023202376,6,40
10,CY,0.41347513,0.0859776,0.049158588,4,40
10,CY,0.8238575,0.0859776,0.2028322,5,74
10,CY,0.56736445,0.0859776,0.021063808,3,30
10,CY,0.4917159,0.0859776,0.027592856,5,32
10,CY,0.41347513,0.0859776,0.02873021,1,40
10,CY,0.88992786,0.0859776,0.033039175,5,38
10,CY,0.39083374,0.0859776,0.016275963,6,50
10,CY,0.90131027,0.0859776,0.10715797,2,666
10,CY,0.7968249,0.0859776,0.029582677,7,45
10,CY,1.1952374,0.0859776,0.06707131,4,40
10,CY,1.2357862,0.0859776,0.34430027,3,999
10,CY,0.82695025,0.0859776,0.046404753,5,0
10,CY,1.0876896,0.0859776,0.26778707,4,999
10,CY,0.82695025,0.0859776,0.039229065,2,60
10,CY,1.2404253,0.0859776,0.06960711,6,38
10,CY,0.5683389,0.0859776,0.04799239,4,1
10,CY,1.1986783,0.0859776,0.06726438,2,10
10,CY,1.1952374,0.0859776,0.08305077,5,38
10,CY,0.82695025,0.0859776,0.098317176,3,5
10,CY,0.41347513,0.0859776,0.13679715,5,666
10,CY,0.5993391,0.0859776,0.03363219,3,44
10,CY,0.82695025,0.0859776,0.039229065,3,45
10,CY,0.46210733,0.0859776,0.01715605,3,2
10,CY,1.6142187,0.0859776,0.090582676,5,666
10,CY,1.5936497,0.0859776,0.06636626,5,45
10,CY,0.4578285,0.0859776,0.026396183,5,38
10,CY,0.79750776,0.0859776,0.1265362,3,38
10,CY,1.647715,0.0859776,0.34430468,7,666
10,CY,1.1952374,0.0859776,0.04437402,5,55
10,CY,1.2357862,0.0859776,0.11664191,3,999
10,CY,1.1952374,0.0859776,0.04437402,2,5
10,CY,0.41192874,0.0859776,0.13628545,1,60
10,CY,1.2236509,0.0859776,0.11549648,1,0
10,CY,0.30807155,0.0859776,0.09796103,2,666
10,CY,0.7491739,0.0859776,0.027813595,6,60
10,CY,0.88992786,0.0859776,0.033039175,5,999
10,CY,1.7020932,0.0859776,0.09551377,3,0
10,CY,0.41347513,0.0859776,0.017218843,4,40
10,CY,1.3348918,0.0859776,0.09275462,4,36
10,CY,0.82695025,0.0859776,0.039229065,3,999
10,CY,0.41347513,0.0859776,0.015350554,5,33
10,CY,0.39841244,0.0859776,0.014791339,99,40
10,CY,0.44496393,0.0859776,0.016519587,2,40
10,CY,0.41347513,0.0859776,0.019614533,4,50
10,CY,1.2357862,0.0859776,0.11664191,4,999
10,CY,1.1952374,0.0859776,0.04977468,4,666
10,CY,1.5936497,0.0859776,0.34430468,5,5
10,CY,0.56736445,0.0859776,0.021063808,4,50
10,CY,0.82695025,0.0859776,0.039229065,4,41
10,CY,2.0596437,0.0859776,0.19440314,5,40
10,CY,0.64781517,0.0859776,0.030731171,99,10
10,CY,0.82695025,0.0859776,0.034437686,4,45
10,CY,1.2302294,0.0859776,0.04567312,6,60
10,CY,0.89090955,0.0859776,0.061904598,6,999
10,CY,0.6161431,0.0859776,0.034575168,5,10
10,CY,1.1952374,0.0859776,0.04437402,6,999
10,CY,0.82695025,0.0859776,0.04767799,6,30
10,CY,0.21593839,0.0859776,0.012449972,2,3
10,CY,0.41347513,0.0859776,0.023202376,6,42
10,CY,2.0596437,0.0859776,0.0764657,3,40
10,CY,1.647715,0.0859776,0.07816466,3,999
10,CY,0.78663266,0.0859776,0.029204302,4,40
10,CY,1.9370269,0.0859776,0.34323657,2,48
10,CY,0.54635096,0.0859776,0.020283666,3,37
10,CY,0.39841244,0.0859776,0.02235712,6,45
10,CY,0.915657,0.0859776,0.051382493,6,8
10,CY,0.7968249,0.0859776,0.03779995,5,30
10,CY,0.7968249,0.0859776,0.029582677,6,47
10,CY,0.82695025,0.0859776,0.039229065,5,50
10,CY,1.2404253,0.0859776,0.34430468,5,8
10,CY,1.6142187,0.0859776,0.34430468,4,666
10,CY,0.82695025,0.0859776,0.05746042,4,666
10,CY,0.82695025,0.0859776,0.030701108,5,2
10,CY,0.39841244,0.0859776,0.047367815,4,999
10,CY,0.7491739,0.0859776,0.04204026,6,12
10,CY,1.1747047,0.0859776,0.13966212,4,999
10,CY,0.5683389,0.0859776,0.031892586,3,38
10,CY,0.41347513,0.0859776,0.015350554,5,39
10,CY,0.41347513,0.0859776,0.015350554,6,60
10,CY,1.6539005,0.0859776,0.34430468,4,666
10,CY,0.4642768,0.0859776,0.02202445,1,0
10,CY,0.41347513,0.0859776,0.049158588,4,666
10,CY,0.7968249,0.0859776,0.029582677,4,45
10,CY,0.7816675,0.0859776,0.12283889,4,666
10,CY,0.7968249,0.0859776,0.05536718,4,0
10,CY,2.0673757,0.0859776,0.08609416,4,999
10,CY,0.7968249,0.0859776,0.07520973,2,38
10,CY,0.7968249,0.0859776,0.03318313,5,50
10,CY,0.82695025,0.0859776,0.039229065,4,45
10,CY,0.80710936,0.0859776,0.09595835,5,666
10,CY,0.88992786,0.0859776,0.07514838,2,45
10,CY,1.2236509,0.0859776,0.06866578,99,999
10,CY,0.8157673,0.0859776,0.030285902,3,45
10,CY,1.647715,0.0859776,0.061172478,4,45
10,CY,0.44545478,0.0859776,0.07000314,3,30
10,CY,0.82695025,0.0859776,0.034437686,5,37
10,CY,0.7491739,0.0859776,0.052056108,2,999
10,CY,0.79750776,0.0859776,0.044752564,5,999
10,CY,0.90131027,0.0859776,0.04275652,6,48
10,CY,1.1952374,0.0859776,0.06707131,3,20
10,CY,0.86375356,0.0859776,0.040974952,4,666
10,CY,0.7968249,0.0859776,0.03779995,4,40
10,CY,1.2496858,0.0859776,0.046395432,5,28
10,CY,0.82695025,0.0859776,0.030701108,2,32
10,CY,0.41347513,0.0859776,0.015350554,2,40
10,CY,0.39841244,0.0859776,0.018899975,3,30
10,CY,0.82695025,0.0859776,0.098317176,2,35
10,CY,0.41347513,0.0859776,0.049158588,4,4
10,CY,0.7968249,0.0859776,0.029582677,2,999
10,CY,0.46210733,0.0859776,0.019244105,4,48
10,CY,0.82695025,0.0859776,0.098317176,2,999
10,CY,0.6964152,0.0859776,0.14532268,7,666
10,CY,0.41347513,0.0859776,0.017218843,4,40
10,CY,0.82695025,0.0859776,0.12995502,3,999
10,CY,0.41347513,0.0859776,0.034915205,5,4
10,CY,1.0749018,0.0859776,0.0603186,6,55
10,CY,2.0673757,0.0859776,0.076752745,4,5
10,CY,0.8238575,0.0859776,0.030586239,6,40
10,CY,0.80710936,0.0859776,0.038287822,2,37
10,CY,0.7968249,0.0859776,0.03779995,7,42
10,CY,1.1952374,0.0859776,0.2494133,3,55
10,CY,2.0673757,0.0859776,0.34430468,5,666
10,CY,2.3494093,0.0859776,0.13545561,5,70
10,CY,0.94181865,0.0859776,0.03922127,2,40
10,CY,0.82695025,0.0859776,0.05746042,4,42
10,CY,0.82695025,0.0859776,0.04767799,3,40
10,CY,1.2404253,0.0859776,0.07151695,5,30
10,CY,0.41347513,0.0859776,0.015350554,4,37
10,CY,0.21593839,0.0859776,0.008992584,5,50
10,CY,0.80710936,0.0859776,0.07618048,7,45
10,CY,0.82695025,0.0859776,0.039229065,6,48
10,CY,0.85250825,0.0859776,0.059236344,3,666
10,CY,0.41347513,0.0859776,0.019614533,6,38
10,CY,0.80710936,0.0859776,0.07618048,6,30
10,CY,0.41347513,0.0859776,0.019614533,2,37
10,CY,1.6539005,0.0859776,0.25991005,4,40
10,CY,1.2404253,0.0859776,0.10474559,6,42
10,CY,0.6861152,0.0859776,0.04767459,6,55
10,CY,0.80710936,0.0859776,0.038287822,4,72
10,CY,0.7968249,0.0859776,0.03779995,6,10
10,CY,1.2404253,0.0859776,0.058843553,6,39
10,CY,1.9390385,0.0859776,0.1347336,3,40
10,CY,0.39083374,0.0859776,0.061419446,7,666
10,CY,0.80710936,0.0859776,0.056081764,5,40
10,CY,1.1952374,0.0859776,0.06707131,4,50
10,CY,2.0673757,0.0859776,0.11919492,4,999
10,CY,1.1952374,0.0859776,0.04437402,4,0
10,CY,1.0771759,0.0859776,0.039990876,3,40
10,CY,0.41347513,0.0859776,0.017218843,4,60
10,CY,2.0596437,0.0859776,0.34430468,6,40
10,CY,0.82695025,0.0859776,0.26295486,5,666
10,CY,0.4642768,0.0859776,0.11430403,4,10
10,CY,0.19541687,0.0859776,0.008137981,2,40
10,CY,0.82695025,0.0859776,0.034437686,6,9
10,CY,2.3602362,0.0859776,0.16400033,5,999
10,CY,0.8238575,0.0859776,0.129469,5,666
10,CY,1.9920622,0.0859776,0.073956646,6,45
10,CY,2.0673757,0.0859776,0.08609416,3,30
10,CY,1.420847,0.0859776,0.34430468,4,666
10,CY,1.1952374,0.0859776,0.04437402,7,48
10,CY,0.90131027,0.0859776,0.033461776,2,999
10,CY,1.5936497,0.0859776,0.059165355,5,40
10,CY,1.2404253,0.0859776,0.051656492,6,50
10,CY,2.9367619,0.0859776,0.16479777,7,50
10,CY,1.1622161,0.0859776,0.28613558,5,60
10,CY,0.82695025,0.0859776,0.034437686,3,999
10,CY,1.7798557,0.0859776,0.08443321,6,40
10,CY,0.7968249,0.0859776,0.029582677,4,10
10,CY,0.7968249,0.0859776,0.04471424,5,40
10,CY,0.43187678,0.0859776,0.14288537,4,666
10,CY,2.0673757,0.0859776,0.34430468,4,666
10,CY,1.6315346,0.0859776,0.060571805,99,40
10,CY,1.2357862,0.0859776,0.04587941,99,40
10,CY,0.82695025,0.0859776,0.04767799,5,36
10,CY,0.80710936,0.0859776,0.029964468,4,20
10,CY,0.30807155,0.0859776,0.011437366,4,41
10,CY,0.8238575,0.0859776,0.030586239,6,38
10,CY,0.41347513,0.0859776,0.015350554,6,0
10,CY,0.7968249,0.0859776,0.03779995,6,45
10,CY,0.7968249,0.0859776,0.19617684,4,44
10,CY,0.82695025,0.0859776,0.030701108,5,30
10,CY,0.82695025,0.0859776,0.06983041,99,8
10,CY,0.39841244,0.0859776,0.037604865,5,40
10,CY,1.2404253,0.0859776,0.04605166,6,38
10,CY,0.8238575,0.0859776,0.09794951,7,30
10,CY,0.41347513,0.0859776,0.02873021,2,35
10,CY,1.6539005,0.0859776,0.061402217,5,999
10,CY,2.3545465,0.0859776,0.13212654,4,44
10,CY,1.2404253,0.0859776,0.058843553,2,40
10,CY,1.3519654,0.0859776,0.056301523,2,50
10,CY,1.1654806,0.0859776,0.04326926,4,38
10,CY,2.0673757,0.0859776,0.11919492,3,50
10,CY,1.2357862,0.0859776,0.04587941,5,45
10,CY,0.5993391,0.0859776,0.21269494,7,0
10,CY,1.6539005,0.0859776,0.09535598,5,666
10,CY,0.82695025,0.0859776,0.098317176,4,40
10,CY,0.7968249,0.0859776,0.05536718,6,999
10,CY,1.2357862,0.0859776,0.11664191,3,50
10,CY,0.82695025,0.0859776,0.030701108,6,0
10,CY,0.7968249,0.0859776,0.04471424,5,42
10,CY,1.5936497,0.0859776,0.15041946,5,40
10,CY,0.82695025,0.0859776,0.030701108,4,38
10,CY,1.2404253,0.0859776,0.08619066,4,46
10,CY,1.3658774,0.0859776,0.1289208,6,8
10,CY,0.7968249,0.0859776,0.09473563,4,38
10,CY,0.41347513,0.0859776,0.015350554,6,20
10,CY,0.41347513,0.0859776,0.015350554,5,40
10,CY,1.9920622,0.0859776,0.3130524,4,666
10,CY,1.1952374,0.0859776,0.04977468,2,666
10,CY,0.82695025,0.0859776,0.06983041,4,6
10,CY,0.82409126,0.0859776,0.03909341,6,35
10,CY,2.0673757,0.0859776,0.09807264,6,999
10,CY,1.2404253,0.0859776,0.051656492,6,40
10,CY,1.282737,0.0859776,0.07198134,5,999
10,CY,0.39841244,0.0859776,0.12668774,2,40
10,CY,0.82695025,0.0859776,0.034437686,4,50
10,CY,0.80710936,0.0859776,0.033611394,4,35
10,CY,1.1952374,0.0859776,0.04977468,4,38
10,CY,1.210664,0.0859776,0.114270695,6,9
10,CY,1.0291729,0.0859776,0.07151182,2,60
10,CY,0.41347513,0.0859776,0.06560385,2,999
10,CY,1.7701772,0.0859776,0.34430468,4,666
10,CY,2.0596437,0.0859776,0.09770585,4,666
10,CY,0.39841244,0.0859776,0.018899975,6,50
10,CY,1.715288,0.0859776,0.0962542,3,2
10,CY,0.41347513,0.0859776,0.023202376,6,46
10,CY,0.82695025,0.0859776,0.046404753,5,3
10,CY,0.7968249,0.0859776,0.04471424,5,50
10,CY,0.8238575,0.0859776,0.0777612,4,10
10,CY,1.1952374,0.0859776,0.1128146,2,0
10,CY,0.52442175,0.0859776,0.029428164,3,48
10,CY,0.54635096,0.0859776,0.18075855,3,666
10,CY,0.8238575,0.0859776,0.2725709,5,4
10,CY,0.7968249,0.0859776,0.03779995,5,30
10,CY,1.2404253,0.0859776,0.08619066,2,666
10,CY,1.2404253,0.0859776,0.11707975,5,34
10,CY,0.7968249,0.0859776,0.045941126,4,999
10,CY,0.80710936,0.0859776,0.033611394,2,36
10,CY,0.8238575,0.0859776,0.2725709,7,999
10,CY,1.5936497,0.0859776,0.15041946,2,999
10,CY,1.2404253,0.0859776,0.07151695,5,8
10,CY,0.7968249,0.0859776,0.029582677,3,40
10,CY,1.4983478,0.0859776,0.3126644,7,666
10,CY,0.915657,0.0859776,0.04343712,4,1
10,CY,0.39841244,0.0859776,0.016591566,6,37
10,CY,1.3348918,0.0859776,0.34430468,5,0
10,CY,0.82695025,0.0859776,0.034437686,5,36
10,CY,0.40355468,0.0859776,0.014982234,4,40
10,CY,0.8238575,0.0859776,0.030586239,5,30
10,CY,0.7968249,0.0859776,0.04471424,5,40
10,CY,0.41347513,0.0859776,0.017218843,5,40
10,CY,1.2404253,0.0859776,0.051656492,5,50
10,CY,0.82695025,0.0859776,0.030701108,6,23
10,CY,0.82695025,0.0859776,0.030701108,4,0
10,CY,0.7968249,0.0859776,0.029582677,4,24
10,CY,0.8238575,0.0859776,0.09794951,5,666
10,CY,0.7968249,0.0859776,0.04471424,5,30
10,CY,1.0749018,0.0859776,0.2646388,2,45
10,CY,3.4735892,0.0859776,0.12895939,2,45
10,CY,0.82695025,0.0859776,0.046404753,4,38
10,CY,0.46210733,0.0859776,0.043616816,5,45
10,CY,0.89090955,0.0859776,0.061904598,5,38
10,CY,2.4808507,0.0859776,0.13921422,3,40
10,CY,0.7491739,0.0859776,0.027813595,6,999
10,CY,1.6539005,0.0859776,0.11492084,6,5
10,CY,0.8157673,0.0859776,0.25939894,7,666
10,CY,0.30807155,0.0859776,0.011437366,2,40
10,CY,0.82695025,0.0859776,0.26295486,6,38
10,CY,0.41347513,0.0859776,0.13147743,4,45
10,CY,1.053677,0.0859776,0.05912759,2,999
10,CY,1.0633436,0.0859776,0.039477378,7,999
10,CY,2.0673757,0.0859776,0.17457595,4,40
10,CY,4.00823,0.0859776,0.34331462,2,50
10,CY,0.82695025,0.0859776,0.098317176,5,52
10,CY,0.7968249,0.0859776,0.05536718,5,168
10,CY,0.47090933,0.0859776,0.032720987,4,0
10,CY,1.647715,0.0859776,0.07816466,6,48
10,CY,0.7968249,0.0859776,0.029582677,4,38
10,CY,0.82695025,0.0859776,0.05746042,4,666
10,CY,0.26221088,0.0859776,0.009734763,5,38
10,CY,0.8157673,0.0859776,0.056683343,3,50
10,CY,0.82695025,0.0859776,0.030701108,4,38
10,CY,1.1063609,0.0859776,0.062083967,6,40
10,CY,1.6539005,0.0859776,0.061402217,3,55
10,CY,0.82695025,0.0859776,0.046404753,5,30
10,CY,1.1952374,0.0859776,0.1128146,4,37
10,CY,0.7968249,0.0859776,0.029582677,3,13
10,CY,0.7375739,0.0859776,0.027382959,6,40
10,CY,0.39841244,0.0859776,0.016591566,6,30
10,CY,0.7968249,0.0859776,0.029582677,3,50
10,CY,0.8238575,0.0859776,0.057245534,6,999
10,CY,1.4751478,0.0859776,0.102500334,5,38
10,CY,0.82695025,0.0859776,0.034437686,5,56
10,CY,0.64781517,0.0859776,0.02405059,2,48
10,CY,0.46210733,0.0859776,0.07262007,4,6
10,CY,0.7375739,0.0859776,0.041389305,2,20
10,CY,2.0596437,0.0859776,0.34430468,5,45
10,CY,0.915657,0.0859776,0.063624196,4,48
10,CY,1.5936497,0.0859776,0.059165355,4,40
10,CY,1.2404253,0.0859776,0.34430468,6,55
10,CY,1.5936497,0.0859776,0.34430468,6,18
10,CY,0.7968249,0.0859776,0.04471424,5,61
10,CY,1.2404253,0.0859776,0.10474559,7,60
10,CY,0.7166012,0.0859776,0.040212423,5,8
10,CY,1.2404253,0.0859776,0.08619066,4,666
10,CY,0.94181865,0.0859776,0.2318738,5,60
10,CY,1.2404253,0.0859776,0.19493254,5,666
10,CY,0.82695025,0.0859776,0.046404753,4,42
10,CY,0.54635096,0.0859776,0.18075855,3,999
10,CY,0.41347513,0.0859776,0.015350554,6,42
10,CY,0.39841244,0.0859776,0.018899975,3,30
10,CY,0.7968249,0.0859776,0.04471424,6,30
10,CY,0.7968249,0.0859776,0.03318313,6,25
10,CY,1.5936497,0.0859776,0.0755999,3,2
10,CY,0.7968249,0.0859776,0.19617684,6,50
10,CY,0.41347513,0.0859776,0.034915205,6,40
10,CY,0.8238575,0.0859776,0.06956922,3,45
10,CY,0.82695025,0.0859776,0.05746042,3,45
10,CY,1.8026205,0.0859776,0.06692355,99,30
10,CY,1.6539005,0.0859776,0.061402217,5,0
10,CY,0.8238575,0.0859776,0.03908233,3,47
10,CY,0.97708434,0.0859776,0.09222386,2,10
10,CY,2.0023377,0.0859776,0.13913187,4,666
10,CY,0.4642768,0.0859776,0.017236602,5,2
10,CY,0.8238575,0.0859776,0.057245534,5,56
10,CY,0.41347513,0.0859776,0.02873021,4,999
10,CY,0.41347513,0.0859776,0.023838995,2,50
10,CY,0.7968249,0.0859776,0.07520973,5,999
10,CY,0.41192874,0.0859776,0.0152931195,4,999
10,CY,0.82695025,0.0859776,0.030701108,3,47
10,CY,0.5683389,0.0859776,0.031892586,2,40
10,CY,1.2956303,0.0859776,0.122290306,4,38
10,CY,0.7968249,0.0859776,0.09473563,2,38
10,CY,0.7968249,0.0859776,0.029582677,2,25
10,CY,1.6142187,0.0859776,0.06722279,2,37
10,CY,1.2404253,0.0859776,0.04605166,3,40
10,CY,2.0673757,0.0859776,0.09807264,6,45
10,CY,0.6605138,0.0859776,0.062343817,5,8
10,CY,0.44545478,0.0859776,0.016537808,5,40
10,CY,0.5316718,0.0859776,0.036943078,5,40
10,CY,0.82695025,0.0859776,0.046404753,5,40
10,CY,0.38849354,0.0859776,0.046188578,4,999
10,CY,0.8238575,0.0859776,0.046231158,5,10
10,CY,0.82695025,0.0859776,0.034437686,2,20
10,CY,0.41347513,0.0859776,0.06560385,6,46
10,CY,0.41347513,0.0859776,0.015350554,5,50
10,CY,1.0987884,0.0859776,0.092785195,3,42
10,CY,1.2404253,0.0859776,0.051656492,99,42
10,CY,0.2321384,0.0859776,0.011012225,5,70
10,CY,1.2302294,0.0859776,0.06903491,6,50
10,CY,0.39841244,0.0859776,0.022970563,4,45
10,CY,0.39083374,0.0859776,0.04646672,5,40
10,CY,1.6142187,0.0859776,0.090582676,4,52
10,CY,0.41347513,0.0859776,0.015350554,3,999
10,CY,0.39841244,0.0859776,0.018899975,4,999
10,CY,0.52442175,0.0859776,0.019469526,5,40
10,CY,1.3722304,0.0859776,0.11587562,2,40
10,CY,0.77481073,0.0859776,0.073131934,3,42
10,CY,0.5316718,0.0859776,0.17590217,6,10
10,CY,1.6539005,0.0859776,0.06887537,5,60
10,CY,0.82695025,0.0859776,0.046404753,1,40
10,CY,0.7968249,0.0859776,0.26362714,5,999
10,CY,0.80710936,0.0859776,0.28642902,2,60
10,CY,1.210664,0.0859776,0.14393753,5,42
10,CY,1.0771759,0.0859776,0.06210476,3,40
10,CY,0.82695025,0.0859776,0.039229065,4,999
10,CY,0.43187678,0.0859776,0.016033722,4,999
10,CY,1.0633436,0.0859776,0.05967007,5,35
10,CY,1.3363644,0.0859776,0.049613412,2,60
10,CY,1.5936497,0.0859776,0.15041946,4,32
10,CY,0.82695025,0.0859776,0.06983041,7,40
10,CY,1.9920622,0.0859776,0.3130524,6,8
10,CY,0.8157673,0.0859776,0.06888601,5,46
10,CY,0.82695025,0.0859776,0.030701108,2,15
10,CY,0.41347513,0.0859776,0.034915205,7,40
10,CY,0.39841244,0.0859776,0.014791339,2,48
10,CY,1.647715,0.0859776,0.06861776,5,36
10,CY,0.82695025,0.0859776,0.039229065,2,45
10,CY,0.7968249,0.0859776,0.045941126,6,45
10,CY,1.8439349,0.0859776,0.28977403,6,999
10,CY,0.64781517,0.0859776,0.21432772,3,666
10,CY,0.5316718,0.0859776,0.025221527,4,999
10,CY,0.82695025,0.0859776,0.04767799,6,25
10,CY,0.5862506,0.0859776,0.055334352,4,10
10,CY,1.5936497,0.0859776,0.06636626,4,666
10,CY,0.82695025,0.0859776,0.04767799,7,40
10,CY,0.82695025,0.0859776,0.030701108,4,20
10,CY,1.1952374,0.0859776,0.04977468,4,40
10,CY,1.6142187,0.0859776,0.1919167,3,37
10,CY,1.1952374,0.0859776,0.04977468,7,60
10,CY,0.30807155,0.0859776,0.017761927,4,58
10,CY,0.41347513,0.0859776,0.023838995,3,36
10,CY,0.80710936,0.0859776,0.038287822,4,80
10,CY,1.2357862,0.0859776,0.04587941,2,6
10,CY,0.41347513,0.0859776,0.015350554,3,40
10,CY,0.82695025,0.0859776,0.046404753,6,40
10,CY,1.210664,0.0859776,0.067936935,5,999
10,CY,0.94181865,0.0859776,0.034965653,3,38
10,CY,1.2357862,0.0859776,0.04587941,6,999
10,CY,2.0596437,0.0859776,0.09770585,5,40
10,CY,0.41347513,0.0859776,0.039026603,4,999
10,CY,1.6539005,0.0859776,0.07845813,2,50
10,CY,0.5316718,0.0859776,0.17590217,4,36
10,CY,1.647715,0.0859776,0.11449107,5,45
10,CY,0.80710936,0.0859776,0.056081764,5,55
10,CY,1.210664,0.0859776,0.10223242,6,30
10,CY,1.6142187,0.0859776,0.15236096,4,42
10,CY,0.2321384,0.0859776,0.07680238,4,8
10,CY,1.2404253,0.0859776,0.051656492,2,999
10,CY,0.82695025,0.0859776,0.034437686,6,38
10,CY,0.4642768,0.0859776,0.1647638,7,5
10,CY,0.39841244,0.0859776,0.03364325,5,45
10,CY,0.7968249,0.0859776,0.04471424,4,40
10,CY,2.2532756,0.0859776,0.34430456,4,999
10,CY,0.82695025,0.0859776,0.04767799,5,40
10,CY,1.5936497,0.0859776,0.08942848,3,999
10,CY,0.82695025,0.0859776,0.030701108,6,0
10,CY,0.7968249,0.0859776,0.03318313,2,40
10,CY,0.8238575,0.0859776,0.057245534,4,45
10,CY,0.7968249,0.0859776,0.045941126,4,10
10,CY,0.82695025,0.0859776,0.098317176,6,999
10,CY,1.2404253,0.0859776,0.07151695,3,38
10,CY,0.7375739,0.0859776,0.26175252,6,55
10,CY,0.8238575,0.0859776,0.03908233,3,48
10,CY,0.7325256,0.0859776,0.24235421,99,999
10,CY,0.82695025,0.0859776,0.039229065,4,45
10,CY,0.82695025,0.0859776,0.034437686,4,60
10,CY,1.1952374,0.0859776,0.2942652,1,40
10,CY,1.540612,0.0859776,0.13009426,5,666
10,CY,1.2404253,0.0859776,0.10474559,1,999
10,CY,0.8429415,0.0859776,0.0312948,3,999
10,CY,0.45065513,0.0859776,0.04253592,5,44
10,CY,1.6539005,0.0859776,0.11492084,2,40
10,CY,0.39083374,0.0859776,0.021931816,3,8
10,CY,0.8238575,0.0859776,0.13071685,2,35
10,CY,0.7968249,0.0859776,0.12522082,4,999
10,CY,0.7968249,0.0859776,0.03318313,6,90
10,CY,1.1347289,0.0859776,0.042127617,4,40
10,CY,0.82695025,0.0859776,0.20359367,5,38
10,CY,0.41347513,0.0859776,0.023202376,4,45
10,CY,0.6964152,0.0859776,0.025854897,6,30
10,CY,0.92421466,0.0859776,0.08723363,4,40
10,CY,1.1952374,0.0859776,0.04437402,4,26
10,CY,1.2404253,0.0859776,0.058843553,2,38
10,CY,1.2404253,0.0859776,0.10474559,6,38
10,CY,0.82695025,0.0859776,0.078053206,5,999
10,CY,0.5385879,0.0859776,0.022429075,1,43
10,CY,1.2404253,0.0859776,0.11707975,4,9
10,CY,0.7491739,0.0859776,0.04204026,3,40
10,CY,0.80710936,0.0859776,0.045291338,4,3
10,CY,0.7968249,0.0859776,0.029582677,6,40
10,CY,0.82695025,0.0859776,0.039229065,5,50
10,CY,3.307801,0.0859776,0.22984168,4,50
10,CY,0.41347513,0.0859776,0.015350554,4,43
10,CY,0.82695025,0.0859776,0.039229065,5,45
10,CY,0.7968249,0.0859776,0.029582677,4,5
10,CY,0.7968249,0.0859776,0.03779995,5,24
10,CY,1.6539005,0.0859776,0.11492084,1,666
10,CY,0.7491739,0.0859776,0.04204026,2,40
10,CY,1.0771759,0.0859776,0.342522,7,48
10,CY,2.4715724,0.0859776,0.29384854,2,10
10,CY,1.5936497,0.0859776,0.08942848,5,5
10,CY,0.41347513,0.0859776,0.023838995,6,50
10,CY,0.8238575,0.0859776,0.13071685,7,5
10,CY,1.2357862,0.0859776,0.3042484,4,999
10,CY,0.7968249,0.0859776,0.03318313,3,48
10,CY,0.41192874,0.0859776,0.023749826,5,50
10,CY,1.053677,0.0859776,0.05912759,4,40
10,CY,1.9920622,0.0859776,0.0829578,5,50
10,CY,0.7816675,0.0859776,0.029019933,4,38
10,CY,3.5830061,0.0859776,0.33699667,4,999
10,CY,0.7968249,0.0859776,0.19617684,6,10
10,CY,0.80710936,0.0859776,0.04653398,7,33
10,CY,0.41347513,0.0859776,0.015350554,5,12
10,CY,1.1952374,0.0859776,0.06707131,2,42
10,CY,0.82695025,0.0859776,0.039229065,6,40
10,CY,1.6539005,0.0859776,0.061402217,4,50
10,CY,0.39841244,0.0859776,0.016591566,3,80
10,CY,2.1975768,0.0859776,0.34430468,5,12
10,CY,1.2404253,0.0859776,0.08619066,4,42
10,CY,1.3110543,0.0859776,0.048673816,4,50
10,CY,1.2404253,0.0859776,0.06960711,5,40
10,CY,0.82695025,0.0859776,0.098317176,3,30
10,CY,0.82695025,0.0859776,0.2735943,2,35
10,CY,1.6142187,0.0859776,0.06722279,6,50
10,CY,0.8238575,0.0859776,0.030586239,4,38
10,CY,0.90131027,0.0859776,0.033461776,4,39
10,CY,0.6161431,0.0859776,0.052029163,4,45
10,CY,0.82695025,0.0859776,0.04767799,6,50
10,CY,1.1952374,0.0859776,0.10092979,2,39
10,CY,1.7798557,0.0859776,0.34430468,4,666
10,CY,1.6539005,0.0859776,0.07845813,4,999
10,CY,1.6539005,0.0859776,0.06887537,2,36
10,CY,0.7968249,0.0859776,0.0672865,2,56
10,CY,0.41347513,0.0859776,0.023202376,4,50
10,CY,1.4983478,0.0859776,0.08408052,6,666
10,CY,1.1952374,0.0859776,0.04437402,7,48
10,CY,1.2404253,0.0859776,0.04605166,4,999
10,CY,1.1952374,0.0859776,0.04977468,2,666
10,CY,1.1952374,0.0859776,0.04977468,3,56
10,CY,1.3348918,0.0859776,0.34430027,6,666
10,CY,0.41347513,0.0859776,0.015350554,4,2
10,CY,1.2404253,0.0859776,0.058843553,2,40
10,CY,0.8238575,0.0859776,0.03430888,7,40
10,CY,1.6157638,0.0859776,0.09066934,3,999
10,CY,1.1366777,0.0859776,0.13514122,3,666
10,CY,0.6605138,0.0859776,0.23440501,2,999
10,CY,0.56736445,0.0859776,0.023627395,6,6
10,CY,1.7701772,0.0859776,0.123000406,3,80
10,CY,1.6539005,0.0859776,0.07845813,4,45
10,CY,0.7968249,0.0859776,0.04471424,6,8
10,CY,0.80710936,0.0859776,0.029964468,4,50
10,CY,0.30807155,0.0859776,0.017287584,2,35
10,CY,0.82695025,0.0859776,0.030701108,3,999
10,CY,0.39841244,0.0859776,0.12668774,2,999
10,CY,1.2404253,0.0859776,0.04605166,5,45
10,CY,1.6539005,0.0859776,0.07845813,6,0
10,CY,0.5862506,0.0859776,0.049504887,2,999
10,CY,0.38344812,0.0859776,0.014235767,5,29
10,CY,0.82695025,0.0859776,0.039229065,4,2
10,CY,1.5936497,0.0859776,0.25044164,4,43
10,CY,0.80710936,0.0859776,0.033611394,2,999
10,CY,0.8429415,0.0859776,0.0312948,6,40
10,CY,0.82695025,0.0859776,0.030701108,6,46
10,CY,0.7968249,0.0859776,0.09473563,3,39
10,CY,1.2357862,0.0859776,0.06934673,6,666
10,CY,0.82695025,0.0859776,0.046404753,6,40
10,CY,1.6539005,0.0859776,0.092809506,4,40
10,CY,1.6539005,0.0859776,0.061402217,5,60
10,CY,0.80710936,0.0859776,0.07618048,3,6
10,CY,0.80710936,0.0859776,0.09595835,3,999
10,CY,0.7968249,0.0859776,0.0672865,1,60
10,CY,0.7968249,0.0859776,0.25337547,4,666
10,CY,0.7166012,0.0859776,0.23708558,5,35
10,CY,0.3430576,0.0859776,0.11349969,5,666
10,CY,1.6539005,0.0859776,0.07845813,5,55
10,CY,0.7968249,0.0859776,0.19617684,6,5
10,CY,0.3583006,0.0859776,0.016997142,3,25
10,CY,0.82695025,0.0859776,0.046404753,5,45
10,CY,1.5936497,0.0859776,0.059165355,5,999
10,CY,1.5936497,0.0859776,0.08942848,3,25
10,CY,0.59005904,0.0859776,0.19521935,2,666
10,CY,1.1622161,0.0859776,0.13817747,1,666
10,CY,1.2404253,0.0859776,0.34430027,4,999
10,CY,0.7968249,0.0859776,0.029582677,2,40
10,CY,1.2644123,0.0859776,0.34430468,2,10
10,CY,0.7968249,0.0859776,0.04471424,3,40
10,CY,0.7968249,0.0859776,0.029582677,3,2
10,CY,1.647715,0.0859776,0.34430468,2,58
10,CY,0.82695025,0.0859776,0.26295486,2,60
10,CY,0.7968249,0.0859776,0.34430468,5,10
10,CY,1.9390385,0.0859776,0.34430456,1,40
10,CY,0.41347513,0.0859776,0.023202376,5,10
10,CY,0.8238575,0.0859776,0.030586239,5,45
10,CY,1.5936497,0.0859776,0.134573,2,54
10,CY,0.41347513,0.0859776,0.02873021,4,50
10,CY,1.2357862,0.0859776,0.05862347,3,48
10,CY,0.82695025,0.0859776,0.039229065,4,12
10,CY,1.7818191,0.0859776,0.34430027,2,42
10,CY,0.39841244,0.0859776,0.016591566,2,48
10,CY,0.7816675,0.0859776,0.04386363,6,8
10,CY,1.2404253,0.0859776,0.19493254,7,666
10,CY,0.77017885,0.0859776,0.065036416,6,37
10,CY,1.1952374,0.0859776,0.06707131,5,999
10,CY,0.82695025,0.0859776,0.046404753,7,40
10,CY,0.41347513,0.0859776,0.34430468,6,40
10,CY,0.82695025,0.0859776,0.098317176,6,25
10,CY,0.8238575,0.0859776,0.2725709,2,666
10,CY,0.7968249,0.0859776,0.03779995,4,50
10,CY,0.41347513,0.0859776,0.034915205,2,40
10,CY,0.43187678,0.0859776,0.016033722,4,32
10,CY,1.2357862,0.0859776,0.34430456,4,666
10,CY,0.8637535,0.0859776,0.04979989,99,40
10,CY,1.2404253,0.0859776,0.04605166,3,45
10,CY,0.41347513,0.0859776,0.015350554,3,160
10,CY,0.94181865,0.0859776,0.05430069,99,999
10,CY,0.8238575,0.0859776,0.046231158,5,5
10,CY,1.5936497,0.0859776,0.08942848,6,999
10,CY,1.4983478,0.0859776,0.23773474,1,38
10,CY,0.41192874,0.0859776,0.019541165,1,50
10,CY,2.8943257,0.0859776,0.107453786,2,45
10,CY,0.82695025,0.0859776,0.039229065,4,42
10,CY,1.6539005,0.0859776,0.092809506,4,38
10,CY,0.3430576,0.0859776,0.014286363,4,40
10,CY,0.82695025,0.0859776,0.039229065,3,25
10,CY,0.8238575,0.0859776,0.03908233,5,40
10,CY,0.82695025,0.0859776,0.04767799,3,45
10,CY,0.80710936,0.0859776,0.029964468,2,47
10,CY,1.1952374,0.0859776,0.056699943,7,45
10,CY,0.7968249,0.0859776,0.029582677,7,40
10,CY,1.9390385,0.0859776,0.1347336,3,50
10,CY,0.46210733,0.0859776,0.026642896,3,40
10,CY,0.7968249,0.0859776,0.28277948,3,45
10,CY,0.41347513,0.0859776,0.023202376,5,40
10,CY,1.420847,0.0859776,0.07973152,2,45
10,CY,0.82695025,0.0859776,0.05746042,5,5
10,CY,0.7968249,0.0859776,0.029582677,2,20
10,CY,1.3348918,0.0859776,0.07490809,5,40
10,CY,1.210664,0.0859776,0.19208944,4,999
10,CY,0.7968249,0.0859776,0.04471424,5,26
10,CY,1.1952374,0.0859776,0.10092979,3,38
10,CY,0.6861152,0.0859776,0.081573196,6,40
10,CY,1.2404253,0.0859776,0.04605166,4,1
10,CY,0.77017885,0.0859776,0.036535908,5,48
10,CY,0.6861152,0.0859776,0.032548066,5,40
10,CY,0.82695025,0.0859776,0.06983041,3,47
10,CY,0.7968249,0.0859776,0.09473563,5,32
10,CY,0.6964152,0.0859776,0.04015198,4,40
10,CY,1.9920622,0.0859776,0.16821623,5,45
10,CY,1.0771759,0.0859776,0.039990876,3,52
10,CY,1.210664,0.0859776,0.10223242,6,50
10,CY,1.2404253,0.0859776,0.30539045,6,60
10,CY,0.80710936,0.0859776,0.029964468,4,40
10,CY,0.39841244,0.0859776,0.016591566,4,40
10,CY,0.5862506,0.0859776,0.024413934,5,45
10,CY,0.81952643,0.0859776,0.0974347,3,40
10,CY,0.30807155,0.0859776,0.026014581,2,38
10,CY,0.7968249,0.0859776,0.0672865,4,60
10,CY,0.82695025,0.0859776,0.04767799,6,45
10,CY,0.21593837,0.0859776,0.008016861,5,37
10,CY,1.6539005,0.0859776,0.11492084,6,46
10,CY,0.82695025,0.0859776,0.046404753,5,40
10,CY,1.6539005,0.0859776,0.061402217,4,41
10,CY,0.41347513,0.0859776,0.06497751,6,666
10,CY,0.7968249,0.0859776,0.03318313,3,10
10,CY,0.8238575,0.0859776,0.046231158,7,50
10,CY,0.46210733,0.0859776,0.021921545,2,50
10,CY,0.7968249,0.0859776,0.26362714,5,40
10,CY,0.43187678,0.0859776,0.05134641,4,35
10,CY,0.82695025,0.0859776,0.034437686,4,45
10,DE,1.0046023,0.82151556,0.8430712,4,38
10,DE,1.0046023,0.82151556,0.6644449,3,40
10,DE,1.0046023,0.82151556,0.46192226,4,40
10,DE,1.0046023,0.82151556,0.5150917,4,25
10,DE,1.0046023,0.82151556,0.6202814,4,25
10,DE,1.0046023,0.82151556,1.3514551,5,45
10,DE,1.0046023,0.82151556,0.4709951,3,55
10,DE,1.0046023,0.82151556,0.6962677,4,666
10,DE,1.0046023,0.82151556,1.7413534,7,999
10,DE,1.0046023,0.82151556,0.5310751,6,38
10,DE,1.0046023,0.82151556,0.93492377,5,35
10,DE,1.0046023,0.82151556,1.158508,2,40
10,DE,1.0046023,0.82151556,0.72262585,4,25
10,DE,1.0046023,0.82151556,0.71884096,5,45
10,DE,1.0046023,0.82151556,0.90082294,99,45
10,DE,1.0046023,0.82151556,0.50612396,7,10
10,DE,1.0046023,0.82151556,0.5938056,3,43
10,DE,1.0046023,0.82151556,0.4745927,6,45
10,DE,1.0046023,0.82151556,0.50612396,5,55
10,DE,1.0046023,0.82151556,0.87498605,2,36
10,DE,1.0046023,0.82151556,1.39793,6,12
10,DE,1.0046023,0.82151556,0.9142216,5,25
10,DE,1.0130444,0.82151556,0.4293424,4,50
10,DE,1.0046023,0.82151556,0.49000242,6,43
10,DE,1.0046023,0.82151556,1.0071982,3,42
10,DE,1.0046023,0.82151556,1.028501,6,55
10,DE,1.0046023,0.82151556,0.7770785,4,38
10,DE,1.0046023,0.82151556,2.0816622,6,48
10,DE,1.0046023,0.82151556,0.8936806,6,999
10,DE,1.0046023,0.82151556,0.9652816,7,666
10,DE,1.0046023,0.82151556,0.47232667,3,45
10,DE,1.0046023,0.82151556,0.78093904,1,30
10,DE,1.0046023,0.82151556,0.5938056,6,50
10,DE,1.0046023,0.82151556,0.9488299,6,20
10,DE,1.0046023,0.82151556,0.6644449,6,38
10,DE,1.0046023,0.82151556,0.9116449,5,20
10,DE,1.0046023,0.82151556,0.47940874,4,55
10,DE,1.0046023,0.82151556,0.77245545,6,25
10,DE,1.0046023,0.82151556,0.72087276,6,40
10,DE,1.0046023,0.82151556,0.8430712,6,45
10,DE,1.0046023,0.82151556,0.8406947,4,168
10,DE,1.0046023,0.82151556,0.90082294,4,42
10,DE,1.0046023,0.82151556,0.7481615,4,666
10,DE,1.0046023,0.82151556,0.903398,5,999
10,DE,1.0130444,0.82151556,0.83728725,4,999
10,DE,1.0046023,0.82151556,0.49497455,4,45
10,DE,1.0046023,0.82151556,0.5649073,3,40
10,DE,1.0046023,0.82151556,0.6578015,2,999
10,DE,1.0046023,0.82151556,0.5206894,3,43
10,DE,1.0046023,0.82151556,0.47940874,6,999
10,DE,1.0046023,0.82151556,0.6644449,3,22
10,DE,1.0046023,0.82151556,0.5310751,3,6
10,DE,1.0046023,0.82151556,1.8458856,6,666
10,DE,0.57532686,0.82151556,0.48281974,5,8
10,DE,1.0046023,0.82151556,1.028501,4,7
10,DE,1.0046023,0.82151556,1.7413534,7,41
10,DE,1.0046023,0.82151556,0.5117041,6,30
10,DE,1.0046023,0.82151556,0.49020743,7,50
10,DE,1.0046023,0.82151556,0.72087276,6,18
10,DE,1.0046023,0.82151556,0.91332,2,666
10,DE,1.0046023,0.82151556,0.59245354,6,8
10,DE,1.0046023,0.82151556,0.531104,6,28
10,DE,1.0130444,0.82151556,0.92190367,4,42
10,DE,1.0046023,0.82151556,0.5862924,5,30
10,DE,1.0046023,0.82151556,0.611978,4,40
10,DE,1.0046023,0.82151556,0.56796795,4,48
10,DE,1.0046023,0.82151556,1.8669425,2,20
10,DE,1.0046023,0.82151556,0.9691014,5,999
10,DE,1.0046023,0.82151556,0.77282447,6,999
10,DE,1.0046023,0.82151556,0.9142216,4,20
10,DE,1.0046023,0.82151556,0.72087276,4,10
10,DE,1.0046023,0.82151556,0.47232667,4,55
10,DE,1.0046023,0.82151556,0.49737647,6,30
10,DE,1.0046023,0.82151556,0.9266892,4,35
10,DE,1.0046023,0.82151556,0.77245545,6,30
10,DE,1.0046023,0.82151556,0.903398,2,40
10,DE,1.0046023,0.82151556,0.79495275,6,999
10,DE,1.0046023,0.82151556,1.2284942,3,45
10,DE,1.0046023,0.82151556,1.0837764,3,40
10,DE,1.0046023,0.82151556,0.9488299,5,55
10,DE,1.0046023,0.82151556,1.2683845,6,999
10,DE,1.0046023,0.82151556,0.9089117,1,666
10,DE,1.0046023,0.82151556,0.49497455,6,38
10,DE,1.0046023,0.82151556,0.77245545,2,999
10,DE,1.0046023,0.82151556,0.9691014,5,999
10,DE,1.0046023,0.82151556,0.4111214,4,20
10,DE,1.0046023,0.82151556,0.9652816,5,8
10,DE,1.0046023,0.82151556,0.8430712,4,39
10,DE,1.0046023,0.82151556,0.5649073,4,50
10,DE,1.0046023,0.82151556,0.73806393,6,45
10,DE,1.0046023,0.82151556,0.9357701,4,45
10,DE,1.0046023,0.82151556,0.9488299,4,40
10,DE,1.0046023,0.82151556,0.7481615,4,20
10,DE,1.0046023,0.82151556,0.7641459,6,27
10,DE,1.0046023,0.82151556,0.77245545,6,999
10,DE,1.0046023,0.82151556,0.4745927,6,999
10,DE,1.0046023,0.82151556,0.8823152,6,999
10,DE,1.0046023,0.82151556,1.0910307,4,50
10,DE,1.0046023,0.82151556,0.42576477,5,80
10,DE,1.0046023,0.82151556,0.57999,4,999
10,DE,1.0046023,0.82151556,0.9652816,6,39
10,DE,1.0046023,0.82151556,0.90082294,6,43
10,DE,1.0046023,0.82151556,0.45728162,4,999
10,DE,1.0046023,0.82151556,0.49000242,6,45
10,DE,1.0046023,0.82151556,0.91332,2,40
10,DE,1.0046023,0.82151556,0.4559926,6,45
10,DE,1.0046023,0.82151556,0.5087317,5,40
10,DE,1.0046023,0.82151556,0.95489913,6,45
10,DE,1.0046023,0.82151556,0.84265924,3,36
10,DE,1.0046023,0.82151556,0.979639,5,999
10,DE,1.0046023,0.82151556,0.45728162,4,40
10,DE,1.0046023,0.82151556,0.79495275,6,15
10,DE,1.0046023,0.82151556,0.65610456,4,34
10,DE,1.0046023,0.82151556,0.7460893,5,40
10,DE,1.0046023,0.82151556,1.4508483,7,666
10,DE,1.0046023,0.82151556,0.99039847,3,27
10,DE,1.0046023,0.82151556,0.78093904,6,40
10,DE,1.0046023,0.82151556,0.8406947,3,40
10,DE,1.0046023,0.82151556,0.9142216,7,30
10,DE,1.0046023,0.82151556,0.5853512,4,999
10,DE,1.0046023,0.82151556,0.903398,5,666
10,DE,1.0046023,0.82151556,0.77245545,2,11
10,DE,1.0046023,0.82151556,0.71668595,5,27
10,DE,1.0046023,0.82151556,1.183685,4,8
10,DE,1.0046023,0.82151556,0.5862924,7,32
10,DE,1.0046023,0.82151556,0.83030975,2,13
10,DE,1.0046023,0.82151556,2.1604648,6,33
10,DE,1.0046023,0.82151556,0.8823152,6,40
10,DE,1.0046023,0.82151556,0.7481615,6,47
10,DE,1.0046023,0.82151556,0.6644449,3,19
10,DE,1.0046023,0.82151556,0.5988232,4,43
10,DE,1.0130444,0.82151556,0.4293424,4,46
10,DE,1.0046023,0.82151556,1.7712854,7,30
10,DE,1.0046023,0.82151556,1.2284942,6,40
10,DE,1.0046023,0.82151556,1.1768091,4,41
10,DE,1.0046023,0.82151556,2.0695705,3,666
10,DE,1.0046023,0.82151556,0.6053294,6,45
10,DE,1.0046023,0.82151556,2.0122206,6,666
10,DE,1.0046023,0.82151556,2.4177234,3,999
10,DE,0.57532686,0.82151556,0.2930486,5,44
10,DE,1.0046023,0.82151556,0.5988232,4,45
10,DE,1.0046023,0.82151556,0.72087276,6,23
10,DE,1.0046023,0.82151556,0.57999,3,45
10,DE,1.0046023,0.82151556,1.0837764,6,40
10,DE,1.0046023,0.82151556,0.5588358,4,30
10,DE,1.0046023,0.82151556,0.9488299,3,40
10,DE,1.0046023,0.82151556,1.1752414,2,40
10,DE,1.0046023,0.82151556,0.95489913,2,999
10,DE,1.0046023,0.82151556,0.5424216,5,28
10,DE,1.0046023,0.82151556,0.72087276,4,23
10,DE,1.0046023,0.82151556,0.5988232,4,39
10,DE,1.0046023,0.82151556,0.903398,4,50
10,DE,1.0046023,0.82151556,0.59238154,6,41
10,DE,1.0046023,0.82151556,0.71668595,5,12
10,DE,1.0046023,0.82151556,0.77245545,4,28
10,DE,1.0046023,0.82151556,0.7158557,6,37
10,DE,1.0046023,0.82151556,0.78093904,4,32
10,DE,1.0046023,0.82151556,0.59431446,4,32
10,DE,1.0046023,0.82151556,0.6962677,6,40
10,DE,1.0046023,0.82151556,0.5087317,4,40
10,DE,1.0046023,0.82151556,0.5988232,3,35
10,DE,1.0046023,0.82151556,0.89828366,7,39
10,DE,1.0046023,0.82151556,0.9488299,6,999
10,DE,1.0046023,0.82151556,0.5206894,6,37
10,DE,1.0046023,0.82151556,0.6053294,6,30
10,DE,1.0046023,0.82151556,0.49000242,5,40
10,DE,1.0046023,0.82151556,0.59431446,6,40
10,DE,1.0046023,0.82151556,0.9142216,2,38
10,DE,1.0046023,0.82151556,0.87498605,5,999
10,DE,1.0046023,0.82151556,0.7641459,4,40
10,DE,1.0046023,0.82151556,0.9142216,6,39
10,DE,1.0046023,0.82151556,0.69430506,6,48
10,DE,1.0046023,0.82151556,2.6245463,3,35
10,DE,1.0046023,0.82151556,2.0695705,5,999
10,DE,1.0046023,0.82151556,0.4745927,4,12
10,DE,1.0046023,0.82151556,0.7460893,6,666
10,DE,1.0046023,0.82151556,0.5988232,5,45
10,DE,1.0046023,0.82151556,0.7481615,5,40
10,DE,1.0046023,0.82151556,0.77245545,4,48
10,DE,1.0046023,0.82151556,0.7173693,4,45
10,DE,1.0046023,0.82151556,0.6644449,1,666
10,DE,1.0046023,0.82151556,0.42576477,5,42
10,DE,1.0046023,0.82151556,0.47940874,99,48
10,DE,1.0046023,0.82151556,0.5588358,5,40
10,DE,1.0046023,0.82151556,0.40699133,6,35
10,DE,1.0046023,0.82151556,0.90082294,2,35
10,DE,1.0046023,0.82151556,0.51271206,4,45
10,DE,1.0046023,0.82151556,0.903398,3,43
10,DE,1.0046023,0.82151556,0.7481615,4,20
10,DE,1.0046023,0.82151556,0.50067854,5,999
10,DE,1.0046023,0.82151556,0.6053294,5,20
10,DE,1.0046023,0.82151556,0.903398,4,40
10,DE,1.0046023,0.82151556,0.9142216,4,42
10,DE,1.0046023,0.82151556,0.84265924,4,30
10,DE,1.0046023,0.82151556,0.5862924,3,25
10,DE,1.0046023,0.82151556,0.6962677,6,40
10,DE,1.0046023,0.82151556,0.45923847,4,45
10,DE,1.0046023,0.82151556,0.9691014,4,28
10,DE,1.0046023,0.82151556,1.2683845,6,40
10,DE,1.0046023,0.82151556,0.7460893,6,33
10,DE,1.0046023,0.82151556,0.5273934,4,45
10,DE,1.0046023,0.82151556,0.6644449,2,19
10,DE,1.0046023,0.82151556,0.5988232,3,36
10,DE,1.0046023,0.82151556,0.61339086,4,999
10,DE,1.0046023,0.82151556,0.7770785,4,8
10,DE,1.0046023,0.82151556,0.6962677,2,999
10,DE,1.0046023,0.82151556,0.95489913,5,40
10,DE,1.0046023,0.82151556,0.7460893,5,35
10,DE,1.0046023,0.82151556,1.1768091,4,45
10,DE,1.0046023,0.82151556,1.549845,7,8
10,DE,1.0046023,0.82151556,0.72087276,2,20
10,DE,1.0046023,0.82151556,0.5150917,2,45
10,DE,1.0046023,0.82151556,0.77245545,99,20
10,DE,1.0046023,0.82151556,0.979639,3,20
10,DE,1.0046023,0.82151556,0.47940874,2,666
10,DE,1.0046023,0.82151556,0.5004114,4,40
10,DE,1.0046023,0.82151556,0.49000242,4,2
10,DE,1.0046023,0.82151556,1.1803502,3,40
10,DE,1.0046023,0.82151556,0.50612396,7,30
10,DE,1.0046023,0.82151556,0.5483194,4,45
10,DE,1.0046023,0.82151556,0.87498605,5,999
10,DE,1.0046023,0.82151556,0.6644449,4,38
10,DE,1.0046023,0.82151556,1.4979596,4,999
10,DE,1.0046023,0.82151556,0.903398,5,40
10,DE,1.0046023,0.82151556,0.5206894,3,42
10,DE,1.0046023,0.82151556,0.51271206,6,60
10,DE,1.0046023,0.82151556,0.73806393,6,39
10,DE,1.0046023,0.82151556,0.9357701,6,60
10,DE,1.0046023,0.82151556,0.45728162,4,35
10,DE,1.0046023,0.82151556,0.903398,4,54
10,DE,1.0046023,0.82151556,0.5273934,4,666
10,DE,1.0046023,0.82151556,0.7481615,5,999
10,DE,1.0130444,0.82151556,0.6038552,3,42
10,DE,1.0046023,0.82151556,0.46192226,7,65
10,DE,1.0046023,0.82151556,0.903398,6,50
10,DE,1.0046023,0.82151556,0.5150917,3,999
10,DE,1.0046023,0.82151556,0.8381757,5,55
10,DE,1.0046023,0.82151556,0.903398,5,43
10,DE,1.0046023,0.82151556,0.8430712,6,45
10,DE,1.0046023,0.82151556,0.47232667,6,30
10,DE,1.0046023,0.82151556,0.5588358,4,42
10,DE,1.0046023,0.82151556,2.0224733,4,40
10,DE,1.0046023,0.82151556,0.84265924,2,32
10,DE,1.0046023,0.82151556,0.7481615,4,16
10,DE,1.0046023,0.82151556,0.7481615,6,6
10,DE,1.0046023,0.82151556,0.8950595,3,10
10,DE,1.0046023,0.82151556,0.69222265,7,40
10,DE,1.0046023,0.82151556,0.7173693,6,38
10,DE,1.0046023,0.82151556,0.7641459,4,40
10,DE,1.0046023,0.82151556,0.9652816,6,8
10,DE,1.0046023,0.82151556,0.4755132,2,666
10,DE,1.0046023,0.82151556,0.6644449,4,8
10,DE,1.0046023,0.82151556,0.7460893,6,14
10,DE,1.0046023,0.82151556,0.4847319,4,3
10,DE,1.0046023,0.82151556,0.5938056,4,45
10,DE,1.0046023,0.82151556,0.9089117,5,45
10,DE,1.0046023,0.82151556,0.5483194,2,50
10,DE,1.0046023,0.82151556,0.6962677,6,17
10,DE,1.0046023,0.82151556,0.77245545,3,40
10,DE,1.0046023,0.82151556,0.7460893,6,26
10,DE,1.0046023,0.82151556,0.8381757,5,999
10,DE,1.0046023,0.82151556,0.4203809,6,25
10,DE,1.0046023,0.82151556,0.6196944,5,40
10,DE,1.0046023,0.82151556,0.9488299,4,30
10,DE,1.0046023,0.82151556,1.8864498,5,39
10,DE,1.0046023,0.82151556,1.1768091,3,36
10,DE,1.0046023,0.82151556,0.83030975,4,666
10,DE,1.0046023,0.82151556,0.89558655,6,40
10,DE,1.0046023,0.82151556,0.979639,4,37
10,DE,1.0046023,0.82151556,1.183685,5,45
10,DE,1.0046023,0.82151556,0.5310751,5,999
10,DE,1.0046023,0.82151556,1.0910307,6,50
10,DE,1.0046023,0.82151556,0.5988232,6,25
10,DE,1.0046023,0.82151556,0.49497455,4,8
10,DE,1.0046023,0.82151556,0.49020743,5,40
10,DE,1.0046023,0.82151556,0.72087276,5,38
10,DE,1.0046023,0.82151556,0.40699133,6,42
10,DE,1.0046023,0.82151556,0.47164983,2,26
10,DE,1.0046023,0.82151556,1.3898098,6,8
10,DE,1.0046023,0.82151556,0.50067854,6,41
10,DE,1.0046023,0.82151556,0.42576477,5,50
10,DE,1.0046023,0.82151556,1.1752414,5,41
10,DE,1.0046023,0.82151556,0.63804144,4,40
10,DE,1.0046023,0.82151556,0.72087276,6,999
10,DE,1.0046023,0.82151556,0.77245545,6,666
10,DE,1.0046023,0.82151556,0.91332,4,39
10,DE,1.0046023,0.82151556,0.95489913,6,38
10,DE,1.0046023,0.82151556,0.73806393,4,15
10,DE,1.0046023,0.82151556,0.49000242,6,50
10,DE,1.0046023,0.82151556,1.0837764,4,42
10,DE,1.0046023,0.82151556,0.77245545,5,32
10,DE,1.0046023,0.82151556,0.8086729,4,13
10,DE,1.0046023,0.82151556,0.7481615,2,48
10,DE,1.0046023,0.82151556,0.50612396,4,41
10,DE,1.0046023,0.82151556,0.71884096,3,15
10,DE,1.0046023,0.82151556,1.3898098,3,666
10,DE,1.0046023,0.82151556,0.45923847,4,30
10,DE,1.0046023,0.82151556,2.6245463,6,38
10,DE,1.0046023,0.82151556,0.78093904,5,40
10,DE,1.0046023,0.82151556,2.3359077,4,8
10,DE,1.0046023,0.82151556,0.903398,4,60
10,DE,1.0046023,0.82151556,0.903398,6,45
10,DE,1.0046023,0.82151556,0.87498605,4,50
10,DE,1.0046023,0.82151556,0.49497455,4,40
10,DE,1.0046023,0.82151556,0.5633152,5,40
10,DE,1.0046023,0.82151556,0.5988232,5,40
10,DE,1.0046023,0.82151556,1.0910307,5,40
10,DE,1.0046023,0.82151556,1.2284942,6,38
10,DE,1.0046023,0.82151556,0.5150917,5,999
10,DE,1.0046023,0.82151556,0.903398,4,10
10,DE,1.0046023,0.82151556,1.2683845,5,10
10,DE,1.0046023,0.82151556,0.91332,4,42
10,DE,1.0046023,0.82151556,0.7481615,6,15
10,DE,1.0046023,0.82151556,0.97588414,6,40
10,DE,1.0130444,0.82151556,0.4250293,5,40
10,DE,1.0046023,0.82151556,0.77245545,4,30
10,DE,1.0046023,0.82151556,0.5588358,5,43
10,DE,1.0046023,0.82151556,0.4559926,7,8
10,DE,1.0046023,0.82151556,0.7770785,4,42
10,DE,1.0046023,0.82151556,0.59238154,4,48
10,DE,0.52648985,0.82151556,0.3648983,6,999
10,DE,1.0046023,0.82151556,0.48965093,6,50
10,DE,1.0046023,0.82151556,0.71668595,5,32
10,DE,1.0046023,0.82151556,0.7481615,6,40
10,DE,1.0046023,0.82151556,0.5649073,4,41
10,DE,1.0046023,0.82151556,0.78093904,5,8
10,DE,1.0046023,0.82151556,0.979639,6,4
10,DE,1.0046023,0.82151556,0.7770785,4,40
10,DE,1.0046023,0.82151556,0.6962677,5,999
10,DE,1.0046023,0.82151556,0.72262585,2,45
10,DE,1.0046023,0.82151556,0.8406947,2,50
10,DE,1.0046023,0.82151556,2.609303,4,14
10,DE,1.0046023,0.82151556,1.4979596,6,36
10,DE,1.0046023,0.82151556,0.71668595,5,30
10,DE,1.0130444,0.82151556,0.46112445,4,6
10,DE,1.0046023,0.82151556,0.63804144,6,999
10,DE,1.0046023,0.82151556,0.7770785,6,20
10,DE,1.0046023,0.82151556,0.9116449,4,35
10,DE,1.0046023,0.82151556,0.4745927,5,60
10,DE,1.0046023,0.82151556,0.45728162,4,55
10,DE,1.0046023,0.82151556,0.5988232,6,33
10,DE,1.0046023,0.82151556,0.46192226,3,999
10,DE,1.0046023,0.82151556,0.7481615,4,6
10,DE,1.0046023,0.82151556,0.83030975,3,40
10,DE,1.0046023,0.82151556,0.979639,3,40
10,DE,1.0046023,0.82151556,0.6962677,6,999
10,DE,1.0046023,0.82151556,0.43535438,5,50
10,DE,1.0046023,0.82151556,1.9187179,4,666
10,DE,1.0046023,0.82151556,0.903398,6,45
10,DE,1.0046023,0.82151556,0.6644449,4,20
10,DE,1.0046023,0.82151556,0.71668595,5,25
10,DE,1.0046023,0.82151556,1.549845,6,666
10,DE,1.0046023,0.82151556,0.5206894,2,35
10,DE,1.0046023,0.82151556,0.5988232,2,45
10,DE,1.0046023,0.82151556,0.71668595,4,40
10,DE,1.0046023,0.82151556,0.6644449,5,14
10,DE,1.0046023,0.82151556,0.6644449,2,48
10,DE,1.0046023,0.82151556,0.5310751,4,28
10,DE,1.0046023,0.82151556,0.89828366,5,40
10,DE,1.0046023,0.82151556,0.7460893,5,666
10,DE,1.0046023,0.82151556,0.5862924,5,22
10,DE,1.0046023,0.82151556,0.64497447,6,50
10,DE,1.0046023,0.82151556,0.7641459,7,30
10,DE,1.0046023,0.82151556,2.0816622,4,40
10,DE,1.0046023,0.82151556,0.5150917,99,999
10,DE,1.0046023,0.82151556,0.9142216,6,27
10,DE,1.0046023,0.82151556,0.4214874,6,40
10,DE,1.0046023,0.82151556,0.5938056,4,40
10,DE,1.0046023,0.82151556,1.1768091,6,45
10,DE,0.57532686,0.82151556,0.5235665,4,20
10,DE,1.0046023,0.82151556,0.5273934,7,80
10,DE,1.0046023,0.82151556,0.49497455,4,40
10,DE,1.0046023,0.82151556,2.0816622,4,43
10,DE,1.0046023,0.82151556,0.46192226,6,40
10,DE,1.0046023,0.82151556,1.6050462,5,999
10,DE,1.0046023,0.82151556,1.9187179,4,999
10,DE,1.0046023,0.82151556,0.50612396,6,30
10,DE,1.0046023,0.82151556,1.9489388,2,40
10,DE,1.0046023,0.82151556,0.5853512,4,50
10,DE,1.0046023,0.82151556,0.7641459,6,40
10,DE,1.0130444,0.82151556,0.8497406,5,40
10,DE,1.0046023,0.82151556,1.3514551,6,30
10,DE,1.0046023,0.82151556,1.2683845,6,30
10,DE,1.0046023,0.82151556,0.5087317,5,45
10,DE,1.0046023,0.82151556,0.979639,4,40
10,DE,1.0046023,0.82151556,1.6050462,5,999
10,DE,1.0046023,0.82151556,0.72087276,3,20
10,DE,1.0046023,0.82151556,0.8430712,1,60
10,DE,1.0046023,0.82151556,0.47940874,3,45
10,DE,1.0046023,0.82151556,0.5555892,5,50
10,DE,1.0046023,0.82151556,0.9652816,7,999
10,DE,1.0046023,0.82151556,0.5988232,6,42
10,DE,1.0046023,0.82151556,0.84265924,4,35
10,DE,1.0046023,0.82151556,0.71668595,4,37
10,DE,1.0046023,0.82151556,0.77245545,4,45
10,DE,1.0046023,0.82151556,0.47940874,4,40
10,DE,1.0046023,0.82151556,0.43535438,6,40
10,DE,1.0046023,0.82151556,0.5588358,4,999
10,DE,1.0046023,0.82151556,0.42576477,4,43
10,DE,1.0046023,0.82151556,0.4559926,5,40
10,DE,1.0046023,0.82151556,0.77245545,6,39
10,DE,1.0046023,0.82151556,0.5938056,4,44
10,DE,1.0046023,0.82151556,0.4111214,4,45
10,DE,1.0046023,0.82151556,0.9625641,4,40
10,DE,1.0046023,0.82151556,0.7460893,2,45
10,DE,1.0046023,0.82151556,0.72087276,4,20
10,DE,1.0046023,0.82151556,0.71668595,4,33
10,DE,1.0046023,0.82151556,0.49497455,4,12
10,DE,1.0046023,0.82151556,0.5206894,4,39
10,DE,1.0046023,0.82151556,2.3105469,4,40
10,DE,1.0046023,0.82151556,0.78093904,4,30
10,DE,1.0046023,0.82151556,0.5588358,6,45
10,DE,1.0046023,0.82151556,1.0618118,6,42
10,DE,1.0046023,0.82151556,0.5938056,4,40
10,DE,0.52648985,0.82151556,0.2928732,6,45
10,DE,1.0046023,0.82151556,0.4755132,2,999
10,DE,1.0046023,0.82151556,0.6644449,3,40
10,DE,1.0046023,0.82151556,0.71884096,1,30
10,DE,0.52648985,0.82151556,0.37779373,2,40
10,DE,1.0046023,0.82151556,0.69222265,4,41
10,DE,1.0046023,0.82151556,0.6196944,5,40
10,DE,1.0046023,0.82151556,0.7460893,6,999
10,DE,1.0046023,0.82151556,0.6644449,3,10
10,DE,1.0046023,0.82151556,0.49020743,7,50
10,DE,1.0046023,0.82151556,0.77245545,4,999
10,DE,1.0046023,0.82151556,2.609303,4,25
10,DE,1.0046023,0.82151556,0.49497455,4,40
10,DE,1.0046023,0.82151556,1.183685,6,40
10,DE,0.5772695,0.82151556,0.34121558,4,60
10,DE,1.0130444,0.82151556,0.46580365,5,60
10,DE,1.0046023,0.82151556,0.8430712,4,45
10,DE,1.0046023,0.82151556,1.0437982,6,999
10,DE,1.0046023,0.82151556,0.6644449,6,38
10,DE,1.0046023,0.82151556,0.8230453,6,40
10,DE,1.0046023,0.82151556,2.0122206,3,42
10,DE,1.0046023,0.82151556,0.6578015,4,40
10,DE,1.0046023,0.82151556,0.42576477,6,48
10,DE,1.0046023,0.82151556,1.2823155,5,40
10,DE,0.52648985,0.82151556,0.37779373,2,666
10,DE,1.0046023,0.82151556,0.9652816,7,999
10,DE,1.0046023,0.82151556,0.5310751,5,32
10,DE,1.0046023,0.82151556,0.5842293,4,40
10,DE,1.0046023,0.82151556,0.89558655,6,999
10,DE,1.0046023,0.82151556,0.6196944,4,26
10,DE,1.0046023,0.82151556,0.83724916,4,999
10,DE,1.0046023,0.82151556,0.7460893,4,999
10,DE,1.0046023,0.82151556,0.49000242,6,39
10,DE,1.0046023,0.82151556,0.91332,3,40
10,DE,1.0046023,0.82151556,0.6644449,4,42
10,DE,1.0046023,0.82151556,1.2284942,6,39
10,DE,1.0046023,0.82151556,1.3138354,6,45
10,DE,1.0046023,0.82151556,0.48965093,2,8
10,DE,1.0046023,0.82151556,1.158508,4,999
10,DE,1.0046023,0.82151556,0.979639,99,999
10,DE,1.0046023,0.82151556,0.5588358,2,41
10,DE,1.0046023,0.82151556,1.2683845,4,40
10,DE,1.0046023,0.82151556,1.0437982,5,35
10,DE,1.0046023,0.82151556,0.72087276,3,12
10,DE,1.0046023,0.82151556,1.028501,99,999
10,DE,1.0046023,0.82151556,0.71884096,4,40
10,DE,1.0046023,0.82151556,0.7481615,4,999
10,DE,1.0046023,0.82151556,0.7460893,5,4
10,DE,1.0046023,0.82151556,1.2284942,5,46
10,DE,1.0046023,0.82151556,0.71668595,6,999
10,DE,1.0046023,0.82151556,1.9187179,3,40
10,DE,1.0046023,0.82151556,0.7641459,4,40
10,DE,1.0046023,0.82151556,0.5988232,4,41
10,DE,1.0046023,0.82151556,0.5004114,4,36
10,DE,1.0046023,0.82151556,0.47940874,6,38
10,DE,1.0046023,0.82151556,0.6644449,4,666
10,DE,1.0046023,0.82151556,1.2683845,5,45
10,DE,1.0046023,0.82151556,0.59853566,5,45
10,DE,1.0046023,0.82151556,0.5483194,5,999
10,DE,1.0046023,0.82151556,0.77245545,5,30
10,DE,1.0046023,0.82151556,0.49000242,6,38
10,DE,0.57532686,0.82151556,0.41283742,2,10
10,DE,1.0046023,0.82151556,0.979639,4,30
10,DE,1.0046023,0.82151556,0.42576477,4,40
10,DE,1.0046023,0.82151556,2.0757954,5,666
10,DE,1.0046023,0.82151556,0.49000242,6,25
10,DE,1.0046023,0.82151556,0.8001355,6,35
10,DE,1.0046023,0.82151556,1.4818469,5,666
10,DE,1.0130444,0.82151556,0.49913538,5,50
10,DE,1.0046023,0.82151556,0.83030975,99,999
10,DE,1.0046023,0.82151556,0.8406947,4,999
10,DE,1.0046023,0.82151556,1.183685,2,48
10,DE,1.0046023,0.82151556,0.5206894,4,42
10,DE,1.0046023,0.82151556,0.5588358,2,45
10,DE,1.0046023,0.82151556,0.5988232,5,50
10,DE,1.0046023,0.82151556,0.69222265,6,20
10,DE,1.0046023,0.82151556,0.49497455,4,45
10,DE,1.0046023,0.82151556,0.7481615,6,18
10,DE,1.0046023,0.82151556,1.3514551,4,40
10,DE,1.0046023,0.82151556,0.47164983,5,27
10,DE,1.0046023,0.82151556,0.45542914,6,30
10,DE,1.0046023,0.82151556,0.47232667,6,11
10,DE,1.0046023,0.82151556,0.80175346,4,666
10,DE,1.0046023,0.82151556,0.6053294,4,40
10,DE,1.0046023,0.82151556,0.5988184,7,38
10,DE,1.0046023,0.82151556,0.87498605,6,40
10,DE,1.0046023,0.82151556,0.49737647,4,46
10,DE,1.0046023,0.82151556,0.77245545,4,2
10,DE,1.0046023,0.82151556,0.46192226,2,40
10,DE,1.0046023,0.82151556,0.7173693,4,50
10,DE,1.0046023,0.82151556,0.5206894,4,41
10,DE,1.0046023,0.82151556,0.49497455,2,40
10,DE,1.0046023,0.82151556,0.49020743,3,41
10,DE,1.0046023,0.82151556,2.1604648,2,35
10,DE,1.0046023,0.82151556,0.5988232,6,999
10,DE,1.0046023,0.82151556,0.77245545,6,23
10,DE,1.0046023,0.82151556,0.9266892,5,5
10,DE,1.0046023,0.82151556,0.46192226,5,40
10,DE,1.0046023,0.82151556,0.8430712,4,43
10,DE,1.0046023,0.82151556,0.71668595,2,0
10,DE,1.0046023,0.82151556,0.7481615,4,40
10,DE,1.0046023,0.82151556,0.72262585,5,999
10,DE,1.0046023,0.82151556,0.87498605,5,999
10,DE,1.0046023,0.82151556,0.45728162,5,38
10,DE,1.0046023,0.82151556,0.42576477,4,60
10,DE,1.0046023,0.82151556,0.49737647,4,50
10,DE,1.0046023,0.82151556,0.5988232,6,45
10,DE,1.0046023,0.82151556,0.903398,7,48
10,DE,1.0046023,0.82151556,1.3514551,6,40
10,DE,1.0046023,0.82151556,0.979639,6,40
10,DE,1.0046023,0.82151556,0.49497455,6,39
10,DE,1.0046023,0.82151556,0.9142216,5,41
10,DE,1.0046023,0.82151556,2.0343237,2,43
10,DE,1.0046023,0.82151556,0.97917575,2,40
10,DE,1.0046023,0.82151556,0.6578015,5,35
10,DE,1.0046023,0.82151556,0.5649073,6,33
10,DE,1.0046023,0.82151556,0.91332,5,10
10,DE,1.0046023,0.82151556,1.2683845,6,45
10,DE,1.0046023,0.82151556,0.57999,2,42
10,DE,1.0046023,0.82151556,0.6644449,5,999
10,DE,1.0046023,0.82151556,0.64176625,4,37
10,DE,1.0046023,0.82151556,0.90082294,7,666
10,DE,1.0046023,0.82151556,0.46192226,3,999
10,DE,1.0046023,0.82151556,0.8430712,5,999
10,DE,1.0046023,0.82151556,2.2066238,2,666
10,DE,1.0046023,0.82151556,0.6054002,4,50
10,DE,1.0046023,0.82151556,0.6962677,6,15
10,DE,1.0130444,0.82151556,0.83728725,4,41
10,DE,1.0046023,0.82151556,0.5988232,7,45
10,DE,1.0046023,0.82151556,0.5988232,5,40
10,DE,1.0046023,0.82151556,0.49000242,4,47
10,DE,1.0046023,0.82151556,0.5220938,5,42
10,DE,1.0046023,0.82151556,1.8458856,3,11
10,DE,1.0046023,0.82151556,0.57999,3,45
10,DE,1.0046023,0.82151556,0.48965093,5,55
10,DE,1.0046023,0.82151556,0.72087276,6,666
10,DE,1.0046023,0.82151556,0.45462623,2,666
10,DE,1.0046023,0.82151556,0.77245545,4,999
10,DE,1.0046023,0.82151556,0.49000242,7,30
10,DE,1.0046023,0.82151556,0.5424216,4,999
10,DE,1.0046023,0.82151556,0.8430712,5,39
10,DE,1.0046023,0.82151556,0.8430712,3,40
10,DE,1.0046023,0.82151556,0.59431446,6,16
10,DE,1.0046023,0.82151556,0.8086729,4,38
10,DE,1.0046023,0.82151556,0.48965093,4,15
10,DE,1.0046023,0.82151556,0.5862924,4,29
10,DE,1.0046023,0.82151556,0.46062,4,45
10,DE,1.0046023,0.82151556,0.7481615,6,35
10,DE,1.0046023,0.82151556,0.77245545,6,999
10,DE,1.0046023,0.82151556,0.8406947,4,40
10,DE,1.0046023,0.82151556,0.59238154,5,39
10,DE,1.0046023,0.82151556,0.4111214,4,60
10,DE,1.0046023,0.82151556,0.9142216,4,38
10,DE,1.0046023,0.82151556,0.5220938,6,40
10,DE,1.0046023,0.82151556,2.7820985,2,999
10,DE,1.0046023,0.82151556,0.5483194,2,30
10,DE,1.0046023,0.82151556,0.50067854,6,42
10,DE,1.0046023,0.82151556,1.1768091,2,42
10,DE,1.0046023,0.82151556,0.5273934,6,24
10,DE,1.0046023,0.82151556,2.0757954,4,666
10,DE,1.0046023,0.82151556,0.5220938,6,38
10,DE,1.0046023,0.82151556,0.64159423,2,38
10,DE,1.0046023,0.82151556,0.4847319,6,30
10,DE,1.0046023,0.82151556,0.46062,7,999
10,DE,1.0046023,0.82151556,1.8659555,5,999
10,DE,1.0046023,0.82151556,0.71884096,4,25
10,DE,1.0046023,0.82151556,0.47232667,4,70
10,DE,1.0046023,0.82151556,0.979639,2,50
10,DE,1.0046023,0.82151556,0.5117041,4,28
10,DE,1.0130444,0.82151556,1.2993333,6,999
10,DE,1.0046023,0.82151556,0.5649073,4,33
10,DE,1.0046023,0.82151556,0.5572606,4,56
10,DE,1.0130444,0.82151556,0.72693014,5,999
10,DE,1.0046023,0.82151556,0.89828366,2,40
10,DE,1.0046023,0.82151556,0.49000242,6,40
10,DE,1.0046023,0.82151556,0.59238154,3,999
10,DE,1.0046023,0.82151556,0.49000242,4,39
10,DE,1.0046023,0.82151556,1.8072726,2,666
10,DE,1.0046023,0.82151556,0.55434185,2,25
10,DE,1.0046023,0.82151556,0.9488299,6,36
10,DE,1.0046023,0.82151556,0.8381757,6,40
10,DE,1.0046023,0.82151556,0.77245545,4,40
10,DE,1.0046023,0.82151556,0.71668595,6,40
10,DE,1.0046023,0.82151556,0.64176625,6,666
10,DE,1.0046023,0.82151556,0.80175346,4,30
10,DE,1.0046023,0.82151556,1.8072726,6,999
10,DE,0.52648985,0.82151556,0.44183508,4,40
10,DE,1.0046023,0.82151556,0.5483194,4,30
10,DE,1.0046023,0.82151556,0.77245545,2,28
10,DE,1.0046023,0.82151556,0.5988232,5,60
10,DE,1.0046023,0.82151556,1.0147438,6,40
10,DE,1.0046023,0.82151556,0.8430712,4,45
10,DE,1.0046023,0.82151556,0.77245545,1,999
10,DE,1.0046023,0.82151556,0.72262585,6,999
10,DE,1.0046023,0.82151556,0.72262585,5,999
10,DE,1.0046023,0.82151556,0.83030975,7,999
10,DE,1.0046023,0.82151556,0.72087276,6,999
10,DE,1.0046023,0.82151556,0.84265924,4,20
10,DE,1.0046023,0.82151556,0.5988184,3,40
10,DE,1.0046023,0.82151556,1.0837764,5,999
10,DE,1.0046023,0.82151556,0.903398,4,70
10,DE,1.0046023,0.82151556,0.6196944,2,40
10,DE,1.0046023,0.82151556,0.51168334,2,45
10,DE,1.0046023,0.82151556,0.7770785,4,45
10,DE,1.0046023,0.82151556,0.7641459,2,999
10,DE,1.0046023,0.82151556,0.80175346,5,38
10,DE,1.0046023,0.82151556,0.75428396,6,30
10,DE,1.0046023,0.82151556,0.5273934,4,40
10,DE,1.0046023,0.82151556,1.0535071,4,45
10,DE,1.0046023,0.82151556,0.8136785,6,28
10,DE,1.0046023,0.82151556,0.9116449,4,23
10,DE,1.0046023,0.82151556,2.2306173,5,40
10,DE,1.0046023,0.82151556,0.5649073,4,18
10,DE,1.0046023,0.82151556,0.4111214,5,50
10,DE,1.0046023,0.82151556,0.5310751,4,45
10,DE,1.0046023,0.82151556,0.6053294,4,60
10,DE,1.0046023,0.82151556,0.49497455,4,8
10,DE,1.0046023,0.82151556,1.8659555,2,999
10,DE,1.0046023,0.82151556,0.7481615,5,37
10,DE,1.0046023,0.82151556,0.5862924,99,999
10,DE,1.0046023,0.82151556,1.2683845,4,60
10,DE,1.0046023,0.82151556,0.9488299,5,38
10,DE,1.0046023,0.82151556,1.0618118,5,40
10,DE,1.0046023,0.82151556,0.7173693,2,48
10,DE,1.0046023,0.82151556,2.2306173,3,999
10,DE,1.0046023,0.82151556,0.46062,3,40
10,DE,1.0046023,0.82151556,0.46062,5,40
10,DE,0.52648985,0.82151556,0.24753594,7,38
10,DE,1.0046023,0.82151556,0.72087276,4,30
10,DE,1.0046023,0.82151556,0.777911,5,37
10,DE,1.0046023,0.82151556,0.42576477,2,8
10,DE,1.0046023,0.82151556,0.64159423,3,40
10,DE,1.0046023,0.82151556,0.5424216,4,40
10,DE,1.0046023,0.82151556,2.4177234,2,40
10,DE,1.0046023,0.82151556,0.46192226,4,40
10,DE,1.0046023,0.82151556,0.83724916,4,999
10,DE,1.0046023,0.82151556,0.5555892,5,33
10,DE,1.0046023,0.82151556,0.5616258,99,45
10,DE,1.0046023,0.82151556,0.750353,5,50
10,DE,1.0046023,0.82151556,0.59853566,5,40
10,DE,1.0046023,0.82151556,0.9089117,6,8
10,DE,1.0046023,0.82151556,0.57999,5,40
10,DE,1.0046023,0.82151556,0.9488299,3,42
10,DE,1.0046023,0.82151556,0.5862924,2,28
10,DE,1.0046023,0.82151556,1.7712854,7,40
10,DE,1.0046023,0.82151556,0.64159423,4,20
10,DE,1.0046023,0.82151556,0.91332,2,40
10,DE,1.0046023,0.82151556,0.49497455,4,48
10,DE,1.0046023,0.82151556,0.49737647,5,55
10,DE,1.0046023,0.82151556,0.7481615,1,42
10,DE,1.0046023,0.82151556,1.7413534,6,666
10,DE,1.0046023,0.82151556,0.5150917,4,42
10,DE,1.0046023,0.82151556,1.5960648,6,4
10,DE,1.0046023,0.82151556,0.5206894,5,45
10,DE,1.0046023,0.82151556,1.3138354,5,43
10,DE,1.0046023,0.82151556,0.6644449,5,62
10,DE,1.0046023,0.82151556,1.183685,4,6
10,DE,1.0046023,0.82151556,0.64159423,6,666
10,DE,1.0046023,0.82151556,0.87498605,4,999
10,DE,1.0046023,0.82151556,0.77245545,4,22
10,DE,1.0046023,0.82151556,0.47164983,2,666
10,DE,1.0046023,0.82151556,0.5117041,5,40
10,DE,1.0046023,0.82151556,0.5220938,3,33
10,DE,1.0046023,0.82151556,0.9116449,5,45
10,DE,1.0046023,0.82151556,1.8072726,6,38
10,DE,1.0046023,0.82151556,0.5862924,7,38
10,DE,1.0046023,0.82151556,0.7641459,4,30
10,DE,1.0046023,0.82151556,0.72087276,6,42
10,DE,1.0046023,0.82151556,0.903398,7,60
10,DE,1.0046023,0.82151556,0.7481615,4,40
10,DE,1.0046023,0.82151556,0.72087276,4,10
10,DE,1.0046023,0.82151556,0.9142216,2,18
10,DE,1.0046023,0.82151556,0.6053294,7,3
10,DE,1.0046023,0.82151556,0.9652816,7,6
10,DE,1.0046023,0.82151556,0.4847319,6,40
10,DE,1.0046023,0.82151556,0.47940874,5,40
10,DE,1.0046023,0.82151556,0.5273934,6,10
10,DE,1.0046023,0.82151556,0.7481615,6,60
10,DE,1.0046023,0.82151556,0.979639,4,46
10,DE,1.0046023,0.82151556,0.9142216,4,999
10,DE,1.0046023,0.82151556,1.2823155,6,40
10,DE,1.0130444,0.82151556,0.85015595,3,40
10,DE,1.0046023,0.82151556,0.903398,3,8
10,DE,1.0046023,0.82151556,0.5150917,4,55
10,DE,1.0046023,0.82151556,0.75428396,6,38
10,DE,1.0046023,0.82151556,0.8430712,6,42
10,DE,1.0046023,0.82151556,2.2306173,6,8
10,DE,1.0046023,0.82151556,0.50067854,6,41
10,DE,1.0046023,0.82151556,0.78093904,1,999
10,DE,1.0046023,0.82151556,2.2306173,5,6
10,DE,1.0046023,0.82151556,0.45462623,5,52
10,DE,1.0046023,0.82151556,1.183685,3,40
10,DE,1.0046023,0.82151556,0.72087276,5,38
10,DE,1.0046023,0.82151556,0.7641459,6,40
10,DE,0.57532686,0.82151556,0.39874616,6,20
10,DE,1.0046023,0.82151556,0.83724916,5,35
10,DE,1.0046023,0.82151556,0.8936806,6,39
10,DE,1.0046023,0.82151556,0.91332,4,42
10,DE,1.0046023,0.82151556,0.64176625,6,40
10,DE,1.0046023,0.82151556,1.4818469,2,999
10,DE,1.0046023,0.82151556,1.0910307,5,40
10,DE,0.57532686,0.82151556,0.48281974,6,45
10,DE,1.0046023,0.82151556,0.87498605,5,40
10,DE,1.0046023,0.82151556,1.158508,4,40
10,DE,1.0046023,0.82151556,0.47164983,4,50
10,DE,1.0046023,0.82151556,2.7820985,4,4
10,DE,1.0130444,0.82151556,0.7836087,4,50
10,DE,1.0046023,0.82151556,0.71668595,4,40
10,DE,1.0046023,0.82151556,0.49020743,7,55
10,DE,1.0046023,0.82151556,0.72087276,4,40
10,DE,1.0046023,0.82151556,0.7481615,6,20
10,DE,1.0046023,0.82151556,0.87498605,5,37
10,DE,1.0046023,0.82151556,0.49000242,6,45
10,DE,1.0046023,0.82151556,0.97917575,2,999
10,DE,1.0046023,0.82151556,0.9142216,4,20
10,DE,1.0046023,0.82151556,0.87498605,6,55
10,DE,1.0046023,0.82151556,0.59853566,4,43
10,DE,1.0046023,0.82151556,0.57999,6,26
10,DE,1.0046023,0.82151556,0.49737647,6,45
10,DE,1.0046023,0.82151556,2.1604648,4,666
10,DE,1.0046023,0.82151556,0.5004114,5,50
10,DE,1.0046023,0.82151556,0.5424216,5,40
10,DE,1.0046023,0.82151556,0.4709951,6,45
10,DE,1.0046023,0.82151556,1.0618118,4,40
10,DE,1.0046023,0.82151556,0.73806393,3,48
10,DE,1.0046023,0.82151556,0.5988184,3,40
10,DE,1.0046023,0.82151556,0.5483194,3,37
10,DE,1.0046023,0.82151556,1.2683845,2,42
10,DE,1.0046023,0.82151556,0.47940874,6,45
10,DE,1.0046023,0.82151556,0.95489913,6,4
10,DE,1.0046023,0.82151556,0.46192226,2,40
10,DE,1.0046023,0.82151556,0.47940874,6,45
10,DE,1.0046023,0.82151556,0.46192226,4,40
10,DE,1.0046023,0.82151556,0.47232667,4,38
10,DE,1.0046023,0.82151556,0.5988184,6,40
10,DE,1.0046023,0.82151556,0.7173693,3,32
10,DE,1.0046023,0.82151556,0.49497455,6,42
10,DE,1.0046023,0.82151556,0.77245545,6,666
10,DE,1.0046023,0.82151556,1.0683459,4,50
10,DE,1.0046023,0.82151556,0.49497455,4,45
10,DE,1.0046023,0.82151556,0.7481615,4,999
10,DE,1.0046023,0.82151556,0.8950595,7,40
10,DE,1.0046023,0.82151556,0.5988232,5,39
10,DE,1.0046023,0.82151556,0.47940874,4,60
10,DE,1.0046023,0.82151556,1.0910307,6,41
10,DE,1.0046023,0.82151556,0.49497455,4,50
10,DE,1.0046023,0.82151556,0.43535438,6,40
10,DE,1.0046023,0.82151556,0.77245545,6,999
10,DE,1.0046023,0.82151556,0.71668595,4,40
10,DE,1.0046023,0.82151556,0.83030975,2,40
10,DE,1.0046023,0.82151556,0.47232667,6,46
10,DE,1.0046023,0.82151556,0.5117041,6,45
10,DE,1.0046023,0.82151556,1.0618118,5,42
10,DE,1.0046023,0.82151556,0.5310751,3,40
10,DE,1.0046023,0.82151556,1.3898098,4,40
10,DE,1.0046023,0.82151556,1.2547408,4,47
10,DE,1.0046023,0.82151556,0.42576477,3,999
10,DE,1.0046023,0.82151556,0.64159423,4,999
10,DE,1.0046023,0.82151556,0.65610456,4,45
10,DE,1.0046023,0.82151556,0.6962677,2,40
10,DE,1.0046023,0.82151556,1.4999746,3,60
10,DE,1.0046023,0.82151556,0.7460893,4,666
10,DE,1.0046023,0.82151556,0.50278074,6,30
10,DE,1.0046023,0.82151556,0.5206894,5,25
10,DE,0.52648985,0.82151556,0.37779373,6,5
10,DE,1.0046023,0.82151556,1.2683845,6,42
10,DE,1.0046023,0.82151556,0.750353,4,35
10,DE,1.0046023,0.82151556,0.5649073,6,33
10,DE,1.0046023,0.82151556,0.9116449,4,25
10,DE,1.0046023,0.82151556,0.57999,2,40
10,DE,1.0046023,0.82151556,0.9357701,2,40
10,DE,1.0046023,0.82151556,0.6578015,4,999
10,DE,1.0046023,0.82151556,0.72087276,5,2
10,DE,1.0046023,0.82151556,0.9691014,6,999
10,DE,1.0046023,0.82151556,0.50278074,6,34
10,DE,1.0046023,0.82151556,0.5988232,4,32
10,DE,1.0046023,0.82151556,1.2885052,3,8
10,DE,1.0046023,0.82151556,0.61339086,4,40
10,DE,1.0046023,0.82151556,0.5862924,3,10
10,DE,1.0046023,0.82151556,0.903398,2,40
10,DE,1.0046023,0.82151556,0.5988232,4,40
10,DE,1.0046023,0.82151556,0.5150917,7,40
10,DE,1.0046023,0.82151556,0.750353,6,45
10,DE,1.0046023,0.82151556,0.95489913,6,666
10,DE,1.0046023,0.82151556,0.48965093,5,38
10,DE,1.0046023,0.82151556,0.8430712,4,48
10,DE,1.0046023,0.82151556,0.5588358,7,40
10,DE,1.0046023,0.82151556,0.4559926,4,16
10,DE,1.0046023,0.82151556,0.72087276,6,22
10,DE,1.0046023,0.82151556,0.6962677,7,120
10,DE,1.0046023,0.82151556,0.77245545,4,11
10,DE,1.0046023,0.82151556,0.4745927,6,30
10,DE,1.0046023,0.82151556,0.5150917,5,8
10,DE,1.0046023,0.82151556,0.6644449,6,40
10,DE,1.0046023,0.82151556,0.91332,6,42
10,DE,1.0046023,0.82151556,0.49497455,6,45
10,DE,1.0046023,0.82151556,0.42576477,3,8
10,DE,1.0046023,0.82151556,0.78093904,4,30
10,DE,1.0046023,0.82151556,0.77245545,5,20
10,DE,1.0046023,0.82151556,0.57999,4,8
10,DE,1.0046023,0.82151556,0.53649414,6,39
10,DE,1.0046023,0.82151556,0.8136785,6,40
10,DE,1.0046023,0.82151556,0.87498605,4,42
10,DE,1.0046023,0.82151556,0.42576477,6,33
10,DE,1.0046023,0.82151556,0.49020743,4,42
10,DE,1.0046023,0.82151556,0.50612396,6,45
10,DE,1.0046023,0.82151556,0.59238154,3,48
10,DE,1.0046023,0.82151556,0.47940874,5,50
10,DE,1.0046023,0.82151556,0.45728162,6,40
10,DE,1.0046023,0.82151556,0.42576477,6,40
10,DE,1.0046023,0.82151556,1.2683845,5,40
10,DE,1.0046023,0.82151556,0.9142216,6,40
10,DE,1.0046023,0.82151556,0.72087276,5,999
10,DE,1.0046023,0.82151556,0.77245545,3,46
10,DE,0.57532686,0.82151556,0.2930486,5,55
10,DE,1.0046023,0.82151556,1.877851,1,999
10,DE,1.0046023,0.82151556,1.39793,6,3
10,DE,1.0046023,0.82151556,0.7158557,4,26
10,DE,1.0130444,0.82151556,2.099158,6,60
10,DE,1.0046023,0.82151556,0.7770785,99,999
10,DE,1.0046023,0.82151556,0.51168334,6,38
10,DE,1.0046023,0.82151556,0.5588358,5,42
10,DE,1.0046023,0.82151556,0.47940874,6,15
10,DE,1.0046023,0.82151556,0.69430506,3,999
10,DE,1.0046023,0.82151556,0.5150917,6,47
10,DE,1.0046023,0.82151556,3.2862568,7,999
10,DE,0.52648985,0.82151556,0.47912267,6,30
10,DE,1.0046023,0.82151556,1.6236099,6,40
10,DE,1.0046023,0.82151556,0.8430712,4,40
10,DE,1.0046023,0.82151556,1.4818469,3,666
10,DE,1.0046023,0.82151556,1.183685,4,32
10,DE,1.0046023,0.82151556,1.4999746,6,41
10,DE,1.0046023,0.82151556,0.84265924,4,6
10,DE,1.0130444,0.82151556,0.97339207,4,40
10,DE,1.0046023,0.82151556,1.3138354,6,55
10,DE,1.0046023,0.82151556,0.979639,3,14
10,DE,1.0046023,0.82151556,2.0122206,3,42
10,DE,1.0046023,0.82151556,1.2284942,4,45
10,DE,1.0046023,0.82151556,0.5220938,5,40
10,DE,1.0046023,0.82151556,0.8430712,2,999
10,DE,1.0046023,0.82151556,0.45728162,3,43
10,DE,1.0046023,0.82151556,0.9266892,5,35
10,DE,1.0046023,0.82151556,0.6053294,6,35
10,DE,1.0046023,0.82151556,0.8936806,6,40
10,DE,1.0046023,0.82151556,0.72087276,6,40
10,DE,1.0046023,0.82151556,0.50067854,5,40
10,DE,1.0046023,0.82151556,1.7413534,6,999
10,DE,1.0046023,0.82151556,0.4214874,5,45
10,DE,1.0046023,0.82151556,0.5483194,4,35
10,DE,1.0046023,0.82151556,0.9488299,2,999
10,DE,1.0046023,0.82151556,0.9652816,3,999
10,DE,1.0046023,0.82151556,0.72262585,6,666
10,DE,1.0046023,0.82151556,0.5220938,6,15
10,DE,1.0046023,0.82151556,0.6053294,5,41
10,DE,1.0046023,0.82151556,0.6644449,4,40
10,DE,1.0046023,0.82151556,0.4111214,6,60
10,DE,1.0046023,0.82151556,0.51168334,3,60
10,DE,1.0046023,0.82151556,0.91332,4,40
10,DE,1.0046023,0.82151556,0.45542914,6,20
10,DE,1.0046023,0.82151556,0.93492377,99,999
10,DE,1.0046023,0.82151556,0.7481615,5,40
10,DE,1.0046023,0.82151556,0.90082294,6,20
10,DE,1.0046023,0.82151556,0.83030975,6,42
10,DE,1.0046023,0.82151556,0.72087276,5,25
10,DE,1.0046023,0.82151556,1.549845,3,666
10,DE,1.0046023,0.82151556,0.7770785,3,45
10,DE,1.0046023,0.82151556,0.42576477,2,60
10,DE,1.0046023,0.82151556,0.8430712,4,42
10,DE,1.0046023,0.82151556,0.93492377,6,18
10,DE,1.0046023,0.82151556,0.80175346,6,999
10,DE,1.0046023,0.82151556,0.46192226,6,50
10,DE,1.0046023,0.82151556,0.72087276,5,39
10,DE,1.0046023,0.82151556,1.6713306,4,999
10,DE,1.0046023,0.82151556,0.49497455,7,39
10,DE,1.0130444,0.82151556,0.5103771,4,45
10,DE,1.0046023,0.82151556,0.83724916,6,45
10,DE,1.0046023,0.82151556,0.47940874,2,51
10,DE,1.0046023,0.82151556,0.50612396,6,19
10,DE,1.0046023,0.82151556,0.57999,5,45
10,DE,1.0046023,0.82151556,1.3747772,6,10
10,DE,1.0046023,0.82151556,0.750353,5,42
10,DE,1.0046023,0.82151556,0.71668595,5,30
10,DE,1.0046023,0.82151556,0.46192226,6,48
10,DE,1.0046023,0.82151556,0.903398,6,40
10,DE,1.0046023,0.82151556,0.9089117,5,45
10,DE,1.0046023,0.82151556,0.5483194,4,22
10,DE,1.0046023,0.82151556,0.87498605,4,10
10,DE,1.0046023,0.82151556,0.9488299,3,45
10,DE,1.0046023,0.82151556,0.9488299,2,999
10,DE,1.0046023,0.82151556,0.9652816,7,999
10,DE,1.0046023,0.82151556,0.77245545,6,48
10,DE,1.0046023,0.82151556,0.9142216,4,32
10,DE,1.0046023,0.82151556,0.5572606,6,40
10,DE,1.0046023,0.82151556,0.77245545,2,35
10,DE,1.0046023,0.82151556,0.77245545,4,42
10,DE,1.0046023,0.82151556,0.49020743,5,45
10,DE,1.0046023,0.82151556,2.0816622,6,40
10,DE,1.0046023,0.82151556,0.5117041,4,45
10,DE,1.0046023,0.82151556,1.7714618,6,40
10,DE,1.0046023,0.82151556,0.55434185,3,20
10,DE,1.0046023,0.82151556,0.6053294,6,30
10,DE,1.0046023,0.82151556,1.4979596,4,3
10,DE,1.0046023,0.82151556,0.49737647,4,47
10,DE,1.0046023,0.82151556,0.59431446,5,40
10,DE,1.0046023,0.82151556,1.0618118,6,40
10,DE,1.0046023,0.82151556,0.5588358,6,42
10,DE,1.0046023,0.82151556,0.63804144,6,100
10,DE,1.0046023,0.82151556,0.7460893,5,42
10,DE,1.0130444,0.82151556,0.85015595,99,999
10,DE,1.0046023,0.82151556,2.0122206,3,999
10,DE,1.0046023,0.82151556,0.979639,4,50
10,DE,1.0046023,0.82151556,0.46192226,6,60
10,DE,1.0046023,0.82151556,0.48965093,7,28
10,DE,1.0046023,0.82151556,0.77245545,6,18
10,DE,1.0046023,0.82151556,0.59431446,3,39
10,DE,1.0046023,0.82151556,0.72087276,6,45
10,DE,1.0046023,0.82151556,1.3514551,4,45
10,DE,1.0046023,0.82151556,0.77245545,6,100
10,DE,1.0046023,0.82151556,0.95489913,5,999
10,DE,1.0046023,0.82151556,0.5087317,3,37
10,DE,1.0046023,0.82151556,0.6053294,7,43
10,DE,1.0046023,0.82151556,0.750353,4,40
10,DE,1.0046023,0.82151556,0.5117041,6,50
10,DE,1.0046023,0.82151556,0.7460893,6,42
10,DE,1.0046023,0.82151556,0.7481615,4,25
10,DE,1.0046023,0.82151556,1.2547408,6,50
10,DE,1.0046023,0.82151556,0.5938056,3,40
10,DE,1.0046023,0.82151556,0.7481615,5,25
10,DE,1.0046023,0.82151556,0.5572606,6,45
10,DE,1.0046023,0.82151556,0.69222265,7,2
10,DE,1.0046023,0.82151556,0.979639,3,20
10,DE,1.0130444,0.82151556,1.1001985,4,30
10,DE,1.0046023,0.82151556,0.73806393,6,999
10,DE,1.0046023,0.82151556,0.5988232,5,60
10,DE,1.0046023,0.82151556,0.903398,2,30
10,DE,1.0046023,0.82151556,0.8001355,4,6
10,DE,1.0046023,0.82151556,0.87498605,5,48
10,DE,1.0046023,0.82151556,0.77245545,4,48
10,DE,1.0130444,0.82151556,0.7836087,4,40
10,DE,1.0046023,0.82151556,1.0910307,4,60
10,DE,1.0046023,0.82151556,1.877851,2,8
10,DE,1.0046023,0.82151556,0.64176625,6,8
10,DE,1.0046023,0.82151556,0.55434185,6,20
10,DE,1.0046023,0.82151556,0.7481615,2,666
10,DE,1.0046023,0.82151556,0.979639,5,46
10,DE,1.0046023,0.82151556,0.77245545,6,19
10,DE,1.0046023,0.82151556,0.42576477,2,36
10,DE,1.0046023,0.82151556,0.5588358,5,41
10,DE,1.0046023,0.82151556,0.9089117,6,40
10,DE,1.0046023,0.82151556,0.9625641,3,999
10,DE,1.0046023,0.82151556,0.47164983,6,50
10,DE,1.0046023,0.82151556,0.8230453,2,19
10,DE,1.0046023,0.82151556,1.2683845,4,45
10,DE,1.0046023,0.82151556,0.47940874,6,999
10,DE,1.0046023,0.82151556,0.7770785,5,38
10,DE,1.0046023,0.82151556,0.9488299,3,12
10,DE,1.0046023,0.82151556,0.87498605,6,43
10,DE,1.0046023,0.82151556,0.64176625,6,999
10,DE,1.0046023,0.82151556,0.8936806,1,40
10,DE,1.0046023,0.82151556,1.2885052,4,666
10,DE,1.0046023,0.82151556,0.77245545,4,25
10,DE,1.0046023,0.82151556,0.46192226,3,40
10,DE,1.0046023,0.82151556,0.77245545,1,999
10,DE,1.0046023,0.82151556,0.8230453,4,40
10,DE,1.0046023,0.82151556,0.46958306,4,40
10,DE,1.0046023,0.82151556,0.50278074,5,22
10,DE,1.0046023,0.82151556,0.903398,2,40
10,DE,1.0046023,0.82151556,0.47940874,3,40
10,DE,1.0046023,0.82151556,0.5206894,6,999
10,DE,1.0046023,0.82151556,0.6053294,5,40
10,DE,1.0046023,0.82151556,0.4847319,4,35
10,DE,1.0046023,0.82151556,0.83724916,3,999
10,DE,1.0046023,0.82151556,0.71884096,6,55
10,DE,1.0046023,0.82151556,0.95489913,2,39
10,DE,1.0046023,0.82151556,0.6962677,6,5
10,DE,1.0046023,0.82151556,0.6053294,6,18
10,DE,1.0046023,0.82151556,0.89558655,6,41
10,DE,1.0046023,0.82151556,1.4818469,4,24
10,DE,1.0046023,0.82151556,0.8136785,2,40
10,DE,1.0046023,0.82151556,0.6962677,4,35
10,DE,1.0046023,0.82151556,0.84265924,4,34
10,DE,1.0046023,0.82151556,0.71668595,99,999
10,DE,1.0046023,0.82151556,0.49000242,4,45
10,DE,1.0046023,0.82151556,0.979639,4,999
10,DE,1.0046023,0.82151556,0.6962677,6,999
10,DE,1.0046023,0.82151556,0.46192226,5,55
10,DE,1.0046023,0.82151556,1.183685,3,39
10,DE,1.0046023,0.82151556,0.6053294,4,20
10,DE,1.0046023,0.82151556,0.83030975,4,666
10,DE,1.0046023,0.82151556,0.47940874,5,24
10,DE,1.0046023,0.82151556,0.47164983,6,45
10,DE,1.0046023,0.82151556,0.43535438,4,41
10,DE,1.0046023,0.82151556,0.5862924,5,40
10,DE,1.0046023,0.82151556,0.8430712,5,40
10,DE,1.0046023,0.82151556,0.49497455,5,45
10,DE,1.0046023,0.82151556,2.2306173,5,39
10,DE,1.0046023,0.82151556,0.6962677,4,35
10,DE,1.0046023,0.82151556,0.78093904,2,12
10,DE,1.0046023,0.82151556,0.59238154,5,35
10,DE,1.0046023,0.82151556,0.71668595,3,36
10,DE,1.0046023,0.82151556,0.5483194,6,35
10,DE,1.0046023,0.82151556,0.6484355,6,666
10,DE,1.0046023,0.82151556,2.0816622,5,999
10,DE,1.0046023,0.82151556,0.9357701,4,38
10,DE,1.0046023,0.82151556,0.903398,4,999
10,DE,1.0046023,0.82151556,0.9488299,6,33
10,DE,1.0046023,0.82151556,0.5483194,5,38
10,DE,1.0046023,0.82151556,0.59853566,6,47
10,DE,1.0046023,0.82151556,0.90082294,7,999
10,DE,1.0046023,0.82151556,0.43535438,6,37
10,DE,1.0046023,0.82151556,0.84265924,4,15
10,DE,1.0046023,0.82151556,0.50067854,4,30
10,DE,1.0046023,0.82151556,0.50278074,6,33
10,DE,1.0046023,0.82151556,0.7770785,4,40
10,DE,1.0046023,0.82151556,3.2862568,6,39
10,DE,1.0046023,0.82151556,0.78093904,5,40
10,DE,1.0046023,0.82151556,1.2284942,7,85
10,DE,1.0046023,0.82151556,0.50612396,99,35
10,DE,1.0046023,0.82151556,0.47940874,3,40
10,DE,1.0046023,0.82151556,0.95489913,4,48
10,DE,1.0046023,0.82151556,2.1604648,4,20
10,DE,1.0046023,0.82151556,0.56796795,4,40
10,DE,1.0046023,0.82151556,0.55434185,99,999
10,DE,1.0046023,0.82151556,0.57999,5,40
10,DE,1.0046023,0.82151556,2.0757954,3,999
10,DE,1.0046023,0.82151556,0.6196944,3,15
10,DE,1.0046023,0.82151556,0.4111214,4,48
10,DE,1.0046023,0.82151556,0.5483194,7,20
10,DE,1.0046023,0.82151556,0.42576477,6,42
10,DE,1.0046023,0.82151556,1.6050462,3,2
10,DE,1.0046023,0.82151556,0.5588358,4,60
10,DE,1.0046023,0.82151556,1.8659555,7,8
10,DE,1.0046023,0.82151556,0.46192226,5,40
10,DE,1.0046023,0.82151556,0.42576477,4,38
10,DE,1.0046023,0.82151556,0.5206894,4,34
10,DE,1.0046023,0.82151556,0.8936806,4,45
10,DE,1.0046023,0.82151556,0.45923847,7,45
10,DE,1.0046023,0.82151556,0.77245545,5,999
10,DE,1.0046023,0.82151556,0.47232667,6,45
10,DE,1.0046023,0.82151556,0.90082294,4,46
10,DE,1.0046023,0.82151556,0.71668595,3,40
10,DE,1.0046023,0.82151556,0.5150917,6,45
10,DE,1.0046023,0.82151556,0.5483194,4,41
10,DE,1.0046023,0.82151556,0.77245545,5,40
10,DE,1.0046023,0.82151556,0.5273934,2,44
10,DE,1.0046023,0.82151556,0.73806393,6,20
10,DE,1.0046023,0.82151556,0.8136785,6,33
10,DE,1.0046023,0.82151556,0.49497455,7,39
10,DE,1.0046023,0.82151556,2.6245463,2,20
10,DE,1.0046023,0.82151556,0.84265924,3,35
10,DE,1.0046023,0.82151556,0.8406947,3,50
10,DE,1.0046023,0.82151556,0.57999,4,9
10,DE,1.0046023,0.82151556,0.5087317,6,23
10,DE,1.0046023,0.82151556,0.91332,5,100
10,DE,1.0046023,0.82151556,0.8430712,7,999
10,DE,1.0046023,0.82151556,0.72087276,6,15
10,DE,1.0046023,0.82151556,1.183685,6,45
10,DE,1.0046023,0.82151556,0.5988232,2,999
10,DE,1.0046023,0.82151556,0.5004114,6,40
10,DE,1.0046023,0.82151556,0.45728162,4,8
10,DE,1.0046023,0.82151556,0.72262585,6,42
10,DE,1.0046023,0.82151556,0.6644449,2,12
10,DE,1.0046023,0.82151556,0.5087317,4,40
10,DE,1.0046023,0.82151556,1.6050462,7,40
10,DE,1.0046023,0.82151556,1.183685,5,30
10,DE,1.0046023,0.82151556,1.2683845,3,39
10,DE,1.0046023,0.82151556,0.84265924,6,42
10,DE,1.0046023,0.82151556,1.0437982,6,39
10,DE,1.0046023,0.82151556,0.71668595,3,25
10,DE,1.0046023,0.82151556,0.47232667,4,42
10,DE,1.0046023,0.82151556,0.9142216,5,30
10,DE,1.0046023,0.82151556,1.4979596,3,999
10,DE,1.0046023,0.82151556,0.48965093,5,42
10,DE,1.0046023,0.82151556,0.979639,4,24
10,DE,1.0046023,0.82151556,0.5988232,4,37
10,DE,1.0046023,0.82151556,0.7641459,4,15
10,DE,1.0046023,0.82151556,0.49497455,3,45
10,DE,1.0046023,0.82151556,0.64159423,7,35
10,DE,1.0046023,0.82151556,0.6644449,6,999
10,DE,1.0046023,0.82151556,0.49497455,4,45
10,DE,1.0046023,0.82151556,0.9652816,2,666
10,DE,1.0046023,0.82151556,0.50278074,6,22
10,DE,1.0046023,0.82151556,0.4745927,6,39
10,DE,1.0046023,0.82151556,0.65610456,2,48
10,DE,1.0046023,0.82151556,0.54857755,5,40
10,DE,1.0046023,0.82151556,0.45923847,3,999
10,DE,1.0046023,0.82151556,0.47940874,4,42
10,DE,1.0046023,0.82151556,0.46192226,4,38
10,DE,1.0046023,0.82151556,0.47164983,3,999
10,DE,1.0046023,0.82151556,0.8936806,4,39
10,DE,1.0046023,0.82151556,0.5616258,4,43
10,DE,1.0046023,0.82151556,1.028501,5,39
10,DE,1.0046023,0.82151556,0.5483194,6,48
10,DE,1.0046023,0.82151556,0.5616258,4,30
10,DE,1.0046023,0.82151556,1.6050462,6,666
10,DE,1.0046023,0.82151556,0.7481615,6,42
10,DE,1.0046023,0.82151556,2.0816622,6,35
10,DE,1.0046023,0.82151556,0.5862924,4,15
10,DE,1.0046023,0.82151556,1.4979596,99,999
10,DE,1.0046023,0.82151556,0.5004114,4,50
10,DE,1.0046023,0.82151556,0.51271206,6,40
10,DE,1.0130444,0.82151556,0.92190367,4,999
10,DE,1.0046023,0.82151556,0.49497455,2,45
10,DE,1.0046023,0.82151556,1.8072726,3,666
10,DE,1.0046023,0.82151556,0.9089117,6,40
10,DE,1.0046023,0.82151556,0.83030975,4,45
10,DE,1.0046023,0.82151556,0.9691014,4,40
10,DE,1.0046023,0.82151556,0.6053294,6,40
10,DE,1.0046023,0.82151556,0.49000242,6,28
10,DE,1.0046023,0.82151556,0.57999,6,45
10,DE,1.0046023,0.82151556,0.49020743,5,40
10,DE,1.0046023,0.82151556,0.46062,2,45
10,DE,1.0046023,0.82151556,0.8936806,3,40
10,DE,1.0046023,0.82151556,0.9142216,4,30
10,DE,1.0046023,0.82151556,0.46958306,5,50
10,DE,1.0046023,0.82151556,0.7770785,5,43
10,DE,1.0046023,0.82151556,0.750353,4,35
10,DE,1.0046023,0.82151556,0.45923847,4,40
10,DE,1.0046023,0.82151556,0.4709951,3,999
10,DE,1.0046023,0.82151556,0.611978,5,42
10,DE,1.0046023,0.82151556,0.8381757,4,999
10,DE,1.0046023,0.82151556,0.6578015,4,40
10,DE,1.0046023,0.82151556,1.4999746,7,40
10,DE,1.0046023,0.82151556,0.9691014,5,30
10,DE,1.0046023,0.82151556,0.9691014,5,25
10,DE,1.0130444,0.82151556,0.47629592,6,41
10,DE,1.0046023,0.82151556,0.5988232,6,45
10,DE,1.0046023,0.82151556,0.7641459,3,43
10,DE,1.0046023,0.82151556,0.5206894,4,40
10,DE,0.52648985,0.82151556,0.3648983,4,999
10,DE,1.0046023,0.82151556,0.5555892,4,50
10,DE,1.0046023,0.82151556,0.93492377,5,37
10,DE,1.0046023,0.82151556,0.69222265,5,37
10,DE,1.0046023,0.82151556,0.5424216,6,30
10,DE,1.0046023,0.82151556,0.89828366,7,20
10,DE,1.0046023,0.82151556,0.5842293,4,30
10,DE,1.0046023,0.82151556,0.59238154,1,42
10,DE,1.0046023,0.82151556,1.7970549,3,60
10,DE,1.0046023,0.82151556,0.47940874,5,8
10,DE,1.0046023,0.82151556,0.46062,5,40
10,DE,1.0046023,0.82151556,0.72087276,5,13
10,DE,1.0046023,0.82151556,0.93492377,6,40
10,DE,1.0046023,0.82151556,0.4847319,6,999
10,DE,1.0046023,0.82151556,0.5310751,4,45
10,DE,1.0046023,0.82151556,0.531104,6,20
10,DE,1.0046023,0.82151556,1.2284,6,999
10,DE,1.0046023,0.82151556,0.9357701,4,40
10,DE,1.0046023,0.82151556,0.95489913,4,666
10,DE,1.0046023,0.82151556,0.47940874,5,42
10,DE,1.0046023,0.82151556,0.8230453,5,40
10,DE,1.0046023,0.82151556,1.9905784,6,8
10,DE,1.0046023,0.82151556,0.7770785,7,35
10,DE,1.0046023,0.82151556,0.5588358,7,999
10,DE,1.0046023,0.82151556,0.77245545,4,20
10,DE,1.0130444,0.82151556,0.83728725,6,40
10,DE,1.0046023,0.82151556,0.903398,4,36
10,DE,1.0046023,0.82151556,2.8123481,5,20
10,DE,1.0046023,0.82151556,0.51271206,4,60
10,DE,1.0046023,0.82151556,0.4203809,6,11
10,DE,1.0046023,0.82151556,0.5649073,5,45
10,DE,1.0046023,0.82151556,0.47940874,2,666
10,DE,1.0046023,0.82151556,2.8123481,2,19
10,DE,1.0046023,0.82151556,1.183685,2,39
10,DE,1.0046023,0.82151556,1.2284942,4,40
10,DE,1.0046023,0.82151556,0.7481615,4,39
10,DE,1.0046023,0.82151556,0.77245545,6,21
10,DE,1.0130444,0.82151556,0.46580365,6,40
10,DE,1.0046023,0.82151556,0.73806393,6,43
10,DE,1.0046023,0.82151556,0.87498605,5,666
10,DE,1.0046023,0.82151556,1.183685,2,60
10,DE,1.0046023,0.82151556,0.90082294,4,45
10,DE,1.0046023,0.82151556,0.52426046,5,45
10,DE,1.0046023,0.82151556,0.57999,4,70
10,DE,1.0046023,0.82151556,0.47940874,4,45
10,DE,1.0046023,0.82151556,0.7641459,6,38
10,DE,1.0130444,0.82151556,0.55292714,3,42
10,DE,1.0046023,0.82151556,0.8430712,6,45
10,DE,1.0046023,0.82151556,0.903398,4,38
10,DE,1.0046023,0.82151556,0.979639,5,40
10,DE,1.0046023,0.82151556,0.47940874,2,28
10,DE,1.0046023,0.82151556,2.0122206,4,40
10,DE,1.0046023,0.82151556,0.47164983,5,40
10,DE,1.0046023,0.82151556,1.39793,6,999
10,DE,0.52648985,0.82151556,0.47912267,2,8
10,DE,1.0046023,0.82151556,0.5150917,6,47
10,DE,1.0046023,0.82151556,0.87498605,4,50
10,DE,1.0046023,0.82151556,1.3514551,4,43
10,DE,1.0046023,0.82151556,0.5117041,3,40
10,DE,1.0046023,0.82151556,1.877851,4,40
10,DE,1.0046023,0.82151556,0.5206894,4,38
10,DE,1.0046023,0.82151556,0.5588358,4,25
10,DE,1.0046023,0.82151556,0.71668595,4,40
10,DE,1.0046023,0.82151556,1.028501,7,42
10,DE,1.0046023,0.82151556,1.2284942,4,40
10,DE,1.0046023,0.82151556,2.0122206,6,999
10,DE,1.0046023,0.82151556,0.7460893,5,666
10,DE,1.0046023,0.82151556,0.47940874,3,999
10,DE,1.0046023,0.82151556,1.0683459,6,40
10,DE,1.0046023,0.82151556,0.72087276,5,8
10,DE,1.0046023,0.82151556,0.6962677,7,38
10,DE,1.0046023,0.82151556,0.89558655,6,39
10,DE,1.0046023,0.82151556,0.5862924,7,7
10,DE,1.0046023,0.82151556,1.7364464,5,666
10,DE,1.0046023,0.82151556,1.0910307,3,48
10,DE,1.0046023,0.82151556,0.95489913,5,42
10,DE,1.0046023,0.82151556,0.5588358,6,45
10,DE,1.0046023,0.82151556,0.6490528,5,3
10,DE,1.0046023,0.82151556,0.5087317,5,40
10,DE,1.0046023,0.82151556,0.9652816,6,999
10,DE,1.0046023,0.82151556,0.87498605,5,10
10,DE,1.0046023,0.82151556,0.5588358,3,39
10,DE,1.0046023,0.82151556,0.9488299,6,30
10,DE,1.0046023,0.82151556,0.9027818,99,999
10,DE,1.0046023,0.82151556,1.3898098,3,666
10,DE,1.0046023,0.82151556,0.50612396,5,999
10,DE,1.0046023,0.82151556,0.7481615,3,40
10,DE,1.0046023,0.82151556,1.2441908,3,999
10,DE,1.0046023,0.82151556,0.5087317,4,30
10,DE,1.0046023,0.82151556,0.5572606,5,999
10,DE,1.0046023,0.82151556,0.9652816,4,666
10,DE,1.0046023,0.82151556,0.6962677,7,999
10,DE,1.0046023,0.82151556,0.5988232,5,30
10,DE,1.0046023,0.82151556,0.7460893,6,999
10,DE,1.0046023,0.82151556,0.64159423,4,30
10,DE,1.0046023,0.82151556,0.47164983,2,999
10,DE,1.0046023,0.82151556,0.7665104,2,9
10,DE,1.0046023,0.82151556,1.2284942,7,38
10,DE,1.0046023,0.82151556,0.8430712,5,46
10,DE,1.0046023,0.82151556,0.78093904,4,40
10,DE,1.0046023,0.82151556,0.5310751,6,25
10,DE,1.0046023,0.82151556,0.72262585,5,22
10,DE,1.0046023,0.82151556,0.46062,6,45
10,DE,1.0046023,0.82151556,0.49497455,4,50
10,DE,1.0046023,0.82151556,0.531104,4,45
10,DE,1.0046023,0.82151556,0.5588358,6,50
10,DE,1.0046023,0.82151556,0.64497447,6,36
10,DE,1.0046023,0.82151556,0.72262585,5,40
10,DE,1.0046023,0.82151556,0.8406947,4,40
10,DE,1.0130444,0.82151556,0.5250639,6,60
10,DE,1.0046023,0.82151556,0.64176625,4,666
10,DE,1.0046023,0.82151556,2.0122206,3,999
10,DE,1.0046023,0.82151556,1.2547408,5,40
10,DE,1.0046023,0.82151556,0.5988232,5,41
10,DE,1.0046023,0.82151556,0.71668595,6,20
10,DE,1.0046023,0.82151556,0.5273934,4,50
10,DE,1.0046023,0.82151556,0.7481615,2,999
10,DE,1.0046023,0.82151556,0.49737647,6,40
10,DE,1.0046023,0.82151556,0.750353,4,50
10,DE,1.0046023,0.82151556,0.9625641,6,40
10,DE,1.0046023,0.82151556,0.59238154,6,999
10,DE,1.0046023,0.82151556,0.42576477,5,45
10,DE,1.0046023,0.82151556,0.750353,2,666
10,DE,1.0046023,0.82151556,0.57999,5,40
10,DE,1.0046023,0.82151556,0.71668595,2,35
10,DE,1.0046023,0.82151556,0.8936806,2,40
10,DE,1.0046023,0.82151556,1.158508,7,35
10,DE,1.0046023,0.82151556,0.49497455,3,60
10,DE,1.0046023,0.82151556,0.79495275,4,999
10,DE,1.0046023,0.82151556,0.8430712,5,50
10,DE,1.0046023,0.82151556,0.9488299,5,999
10,DE,1.0046023,0.82151556,0.8430712,4,55
10,DE,1.0046023,0.82151556,0.46062,5,40
10,DE,1.0046023,0.82151556,1.2683845,6,45
10,DE,1.0046023,0.82151556,0.63804144,6,38
10,DE,1.0046023,0.82151556,0.5555892,3,40
10,DE,1.0046023,0.82151556,0.47232667,6,50
10,DE,1.0046023,0.82151556,0.6644449,1,999
10,DE,1.0046023,0.82151556,0.7641459,6,32
10,DE,1.0046023,0.82151556,1.183685,4,45
10,DE,1.0046023,0.82151556,0.77245545,4,40
10,DE,1.0046023,0.82151556,0.49538425,5,36
10,DE,1.0046023,0.82151556,1.1768091,3,40
10,DE,1.0046023,0.82151556,0.78093904,4,43
10,DE,1.0046023,0.82151556,0.5633152,5,44
10,DE,1.0046023,0.82151556,0.6644449,3,38
10,DE,1.0046023,0.82151556,0.43535438,4,30
10,DE,1.0046023,0.82151556,0.83030975,6,999
10,DE,1.0046023,0.82151556,0.72087276,7,666
10,DE,1.0046023,0.82151556,0.47232667,2,41
10,DE,1.0046023,0.82151556,0.5588358,2,42
10,DE,1.0046023,0.82151556,0.45728162,5,50
10,DE,1.0046023,0.82151556,0.7460893,6,20
10,DE,1.0046023,0.82151556,0.43535438,6,666
10,DE,1.0046023,0.82151556,0.65610456,7,40
10,DE,1.0046023,0.82151556,0.45923847,2,40
10,DE,1.0046023,0.82151556,0.8001355,2,30
10,DE,1.0046023,0.82151556,0.95489913,5,20
10,DE,1.0046023,0.82151556,0.9142216,5,999
10,DE,1.0046023,0.82151556,0.6578015,6,999
10,DE,1.0046023,0.82151556,0.87498605,4,45
10,DE,1.0046023,0.82151556,0.64176625,6,52
10,DE,1.0046023,0.82151556,0.9089117,4,999
10,DE,1.0046023,0.82151556,3.2862568,2,40
10,DE,1.0046023,0.82151556,0.7770785,6,39
10,DE,1.0046023,0.82151556,0.47940874,5,39
10,DE,1.0046023,0.82151556,0.64497447,5,20
10,DE,1.0046023,0.82151556,0.7460893,5,10
10,DE,1.0046023,0.82151556,0.61339086,2,40
10,DE,1.0046023,0.82151556,2.0816622,99,999
10,DE,1.0046023,0.82151556,0.6644449,4,40
10,DE,1.0046023,0.82151556,0.6196944,4,46
10,DE,1.0046023,0.82151556,0.5649073,4,42
10,DE,1.0046023,0.82151556,1.8659555,6,40
10,DE,1.0046023,0.82151556,2.1604648,6,666
10,DE,1.0046023,0.82151556,0.73806393,4,45
10,DE,1.0046023,0.82151556,0.5649073,4,30
10,DE,1.0046023,0.82151556,0.6196944,5,999
10,DE,1.0046023,0.82151556,0.47940874,4,45
10,DE,1.0046023,0.82151556,0.5206894,6,45
10,DE,1.0046023,0.82151556,1.0437982,2,999
10,DE,1.0046023,0.82151556,1.730858,6,40
10,DE,1.0046023,0.82151556,0.7460893,3,20
10,DE,1.0046023,0.82151556,0.8136785,6,30
10,DE,1.0046023,0.82151556,0.7460893,6,20
10,DE,1.0046023,0.82151556,0.59238154,99,999
10,DE,1.0046023,0.82151556,0.63804144,4,50
10,DE,1.0046023,0.82151556,0.5004114,2,45
10,DE,1.0046023,0.82151556,2.4191086,2,30
10,DE,1.0046023,0.82151556,0.5588358,7,32
10,DE,1.0046023,0.82151556,1.9187179,3,999
10,DE,1.0046023,0.82151556,0.84265924,5,39
10,DE,1.0046023,0.82151556,0.5483194,4,35
10,DE,1.0046023,0.82151556,0.6202814,3,42
10,DE,1.0046023,0.82151556,0.9488299,6,5
10,DE,1.0046023,0.82151556,0.72262585,4,999
10,DE,1.0046023,0.82151556,1.8527278,4,10
10,DE,1.0046023,0.82151556,0.71884096,2,18
10,DE,1.0046023,0.82151556,0.53649414,5,40
10,DE,1.0046023,0.82151556,0.87498605,6,45
10,DE,1.0046023,0.82151556,0.48067966,7,27
10,DE,1.0046023,0.82151556,0.46192226,2,40
10,DE,1.0046023,0.82151556,0.5649073,2,38
10,DE,1.0046023,0.82151556,2.6171503,4,999
10,DE,1.0046023,0.82151556,0.80175346,7,15
10,DE,1.0046023,0.82151556,0.77245545,6,40
10,DE,1.0046023,0.82151556,1.2683845,4,40
10,DE,1.0046023,0.82151556,0.77245545,6,28
10,DE,1.0046023,0.82151556,0.6053294,6,21
10,DE,1.0046023,0.82151556,0.903398,4,40
10,DE,1.0046023,0.82151556,0.5150917,6,39
10,DE,1.0046023,0.82151556,0.49000242,5,41
10,DE,1.0046023,0.82151556,0.5588358,7,30
10,DE,1.0046023,0.82151556,0.6962677,3,40
10,DE,1.0046023,0.82151556,0.57999,2,35
10,DE,1.0046023,0.82151556,0.90082294,6,11
10,DE,1.0046023,0.82151556,0.6962677,5,25
10,DE,1.0046023,0.82151556,0.7460893,4,40
10,DE,1.0046023,0.82151556,0.5988232,6,45
10,DE,1.0046023,0.82151556,0.5588358,4,50
10,DE,1.0046023,0.82151556,1.4508483,3,666
10,DE,1.0046023,0.82151556,0.6644449,5,20
10,DE,1.0046023,0.82151556,0.5310751,5,40
10,DE,1.0046023,0.82151556,0.59238154,4,40
10,DE,1.0046023,0.82151556,0.6053294,6,25
10,DE,1.0046023,0.82151556,1.0535071,5,50
10,DE,1.0046023,0.82151556,0.46062,3,40
10,DE,1.0046023,0.82151556,0.903398,4,45
10,DE,1.0046023,0.82151556,0.7481615,3,2
10,DE,1.0046023,0.82151556,0.59238154,3,666
10,DE,1.0046023,0.82151556,0.903398,5,40
10,DE,1.0046023,0.82151556,1.8458856,2,40
10,DE,1.0046023,0.82151556,0.903398,6,25
10,DE,1.0046023,0.82151556,1.0910307,5,30
10,DE,1.0046023,0.82151556,0.72262585,2,40
10,DE,1.0046023,0.82151556,0.77245545,4,12
10,DE,1.0046023,0.82151556,0.903398,6,33
10,DE,1.0046023,0.82151556,0.7641459,4,35
10,DE,1.0046023,0.82151556,0.903398,3,40
10,DE,1.0046023,0.82151556,0.87498605,5,50
10,DE,1.0046023,0.82151556,0.6644449,6,35
10,DE,1.0046023,0.82151556,0.9116449,5,9
10,DE,0.57532686,0.82151556,0.5235665,4,11
10,DE,1.0046023,0.82151556,0.5988232,6,45
10,DE,1.0046023,0.82151556,0.903398,5,40
10,DE,1.0130444,0.82151556,0.7021189,5,42
10,DE,1.0046023,0.82151556,0.59238154,2,42
10,DE,1.0046023,0.82151556,0.77245545,5,38
10,DE,1.0046023,0.82151556,0.90082294,4,20
10,DE,1.0046023,0.82151556,1.0535071,3,50
10,DE,1.0046023,0.82151556,1.4818469,5,666
10,DE,1.0046023,0.82151556,0.64159423,4,38
10,DE,1.0046023,0.82151556,0.5588358,5,999
10,DE,1.0130444,0.82151556,0.47629592,6,43
10,DE,1.0046023,0.82151556,0.45542914,5,30
10,DE,1.0046023,0.82151556,1.1803502,6,43
10,DE,1.0046023,0.82151556,0.9266892,6,42
10,DE,1.0046023,0.82151556,0.72087276,5,55
10,DE,1.0046023,0.82151556,0.979639,6,26
10,DE,1.0046023,0.82151556,0.5938056,5,45
10,DE,1.0046023,0.82151556,0.5862924,6,999
10,DE,1.0046023,0.82151556,1.4999746,6,40
10,DE,1.0046023,0.82151556,0.47232667,2,41
10,DE,1.0046023,0.82151556,0.5102619,6,48
10,DE,1.0046023,0.82151556,1.0683459,2,50
10,DE,1.0046023,0.82151556,0.611978,4,40
10,DE,1.0046023,0.82151556,0.5087317,3,45
10,DE,1.0046023,0.82151556,0.64497447,5,42
10,DE,1.0046023,0.82151556,0.5988232,6,40
10,DE,1.0046023,0.82151556,0.49497455,6,20
10,DE,1.0046023,0.82151556,0.83030975,6,25
10,DE,1.0046023,0.82151556,0.979639,3,55
10,DE,1.0046023,0.82151556,0.54857755,6,47
10,DE,1.0046023,0.82151556,0.5938056,4,55
10,DE,1.0046023,0.82151556,0.9089117,5,999
10,DE,0.5772695,0.82151556,1.5376958,6,666
10,DE,1.0046023,0.82151556,0.6962677,4,24
10,DE,1.0046023,0.82151556,0.47940874,6,40
10,DE,1.0046023,0.82151556,0.87498605,4,55
10,DE,1.0046023,0.82151556,0.49497455,6,35
10,DE,1.0046023,0.82151556,0.9625641,4,40
10,DE,1.0046023,0.82151556,0.71884096,4,40
10,DE,1.0046023,0.82151556,0.5588358,5,45
10,DE,1.0046023,0.82151556,0.9142216,3,30
10,DE,1.0046023,0.82151556,0.5588358,4,43
10,DE,1.0046023,0.82151556,0.777911,5,40
10,DE,1.0046023,0.82151556,0.46062,6,40
10,DE,1.0046023,0.82151556,2.2306173,3,999
10,DE,1.0046023,0.82151556,0.77245545,5,999
10,DE,1.0046023,0.82151556,0.50612396,5,40
10,DE,1.0046023,0.82151556,0.5988232,5,50
10,DE,1.0046023,0.82151556,1.0071982,5,41
10,DE,1.0046023,0.82151556,0.5588358,2,37
10,DE,1.0046023,0.82151556,0.8406947,1,999
10,DE,1.0046023,0.82151556,0.48965093,3,15
10,DE,1.0046023,0.82151556,0.48965093,6,40
10,DE,1.0046023,0.82151556,0.51271206,2,40
10,DE,1.0046023,0.82151556,0.42576477,5,666
10,DE,1.0046023,0.82151556,1.3138354,7,25
10,DE,1.0046023,0.82151556,0.5588358,6,9
10,DE,1.0046023,0.82151556,0.5988232,2,46
10,DE,1.0046023,0.82151556,0.9142216,4,30
10,DE,1.0046023,0.82151556,0.7770785,5,9
10,DE,1.0046023,0.82151556,0.5588358,5,45
10,DE,1.0046023,0.82151556,0.64176625,7,60
10,DE,1.0046023,0.82151556,1.0683459,6,57
10,DE,1.0046023,0.82151556,0.4745927,4,45
10,DE,1.0046023,0.82151556,0.5842293,6,20
10,DE,1.0046023,0.82151556,0.750353,4,42
10,DE,1.0046023,0.82151556,0.6644449,6,25
10,DE,1.0046023,0.82151556,0.55434185,5,666
10,DE,1.0046023,0.82151556,0.6962677,4,20
10,DE,1.0046023,0.82151556,1.8527278,4,999
10,DE,1.0046023,0.82151556,1.8659555,2,666
10,DE,1.0046023,0.82151556,0.49000242,4,49
10,DE,1.0046023,0.82151556,0.57999,5,40
10,DE,1.0046023,0.82151556,0.5862924,6,40
10,DE,1.0046023,0.82151556,0.9357701,6,32
10,DE,1.0046023,0.82151556,1.2284942,5,60
10,DE,1.0046023,0.82151556,0.95489913,6,41
10,DE,1.0046023,0.82151556,0.8406947,6,50
10,DE,1.0046023,0.82151556,0.78093904,1,50
10,DE,1.0046023,0.82151556,0.47232667,5,5
10,DE,1.0046023,0.82151556,0.8936806,6,38
10,DE,1.0046023,0.82151556,0.9488299,2,30
10,DE,1.0046023,0.82151556,0.49497455,4,38
10,DE,1.0046023,0.82151556,0.43535438,7,50
10,DE,1.0046023,0.82151556,0.45462623,5,41
10,DE,1.0046023,0.82151556,0.9142216,99,999
10,DE,1.0046023,0.82151556,0.6962677,6,40
10,DE,1.0046023,0.82151556,1.2284942,4,40
10,DE,1.0046023,0.82151556,0.5483194,4,35
10,DE,1.0046023,0.82151556,0.49000242,4,666
10,DE,1.0046023,0.82151556,0.7460893,6,999
10,DE,1.0046023,0.82151556,0.7481615,6,22
10,DE,1.0046023,0.82151556,0.47940874,6,15
10,DE,1.0046023,0.82151556,1.1803502,1,40
10,DE,1.0046023,0.82151556,0.78093904,6,38
10,DE,1.0046023,0.82151556,0.49497455,4,999
10,DE,1.0046023,0.82151556,1.0462518,5,999
10,DE,1.0046023,0.82151556,0.9142216,5,50
10,DE,1.0046023,0.82151556,0.6196944,6,30
10,DE,1.0046023,0.82151556,0.5853512,2,40
10,DE,1.0046023,0.82151556,0.97917575,4,38
10,DE,1.0046023,0.82151556,0.65610456,4,25
10,DE,1.0046023,0.82151556,0.77245545,3,7
10,DE,1.0046023,0.82151556,0.5862924,2,38
10,DE,1.0046023,0.82151556,1.4979596,6,666
10,DE,1.0046023,0.82151556,1.0147438,5,40
10,DE,1.0046023,0.82151556,0.87498605,6,40
10,DE,1.0046023,0.82151556,0.77245545,4,36
10,DE,1.0046023,0.82151556,0.750353,3,999
10,DE,1.0046023,0.82151556,0.9142216,2,999
10,DE,1.0046023,0.82151556,0.64159423,4,42
10,DE,1.0046023,0.82151556,0.71884096,4,8
10,DE,1.0046023,0.82151556,1.8659555,7,666
10,DE,1.0046023,0.82151556,1.0147438,6,30
10,DE,1.0046023,0.82151556,0.9488299,6,15
10,DE,1.0046023,0.82151556,0.50067854,5,44
10,DE,1.0046023,0.82151556,0.6490528,3,45
10,DE,1.0046023,0.82151556,0.62702096,6,36
10,DE,1.0046023,0.82151556,0.7481615,4,40
10,DE,1.0046023,0.82151556,0.46192226,7,70
10,DE,1.0046023,0.82151556,0.5273934,4,45
10,DE,1.0046023,0.82151556,0.5588358,4,35
10,DE,1.0046023,0.82151556,0.903398,4,40
10,DE,1.0046023,0.82151556,0.5087317,4,45
10,DE,1.0046023,0.82151556,0.57999,7,8
10,DE,1.0046023,0.82151556,0.979639,4,10
10,DE,1.0046023,0.82151556,0.57999,4,45
10,DE,1.0046023,0.82151556,0.63804144,6,20
10,DE,1.0046023,0.82151556,0.7770785,6,999
10,DE,1.0046023,0.82151556,1.2284942,3,65
10,DE,1.0046023,0.82151556,0.5483194,4,42
10,DE,1.0046023,0.82151556,0.5206894,6,20
10,DE,1.0046023,0.82151556,0.89828366,5,50
10,DE,1.0046023,0.82151556,0.47232667,6,40
10,DE,1.0046023,0.82151556,0.7481615,4,39
10,DE,1.0046023,0.82151556,0.6053294,6,38
10,DE,1.0046023,0.82151556,0.72262585,4,666
10,DE,1.0046023,0.82151556,0.5206894,4,41
10,DE,1.0046023,0.82151556,0.9652816,4,666
10,DE,1.0046023,0.82151556,0.83030975,4,666
10,DE,1.0046023,0.82151556,0.49000242,6,999
10,DE,1.0046023,0.82151556,1.4818469,2,666
10,DE,1.0046023,0.82151556,0.95489913,6,45
10,DE,1.0046023,0.82151556,0.93492377,4,38
10,DE,1.0046023,0.82151556,1.0462518,4,999
10,DE,1.0046023,0.82151556,0.5588358,5,43
10,DE,1.0046023,0.82151556,0.72087276,3,28
10,DE,1.0046023,0.82151556,0.59245354,6,10
10,DE,1.0046023,0.82151556,0.5649073,6,42
10,DE,1.0046023,0.82151556,0.5273934,3,45
10,DE,1.0046023,0.82151556,0.7641459,7,20
10,DE,1.0046023,0.82151556,0.8381757,7,50
10,DE,1.0046023,0.82151556,0.49497455,6,50
10,DE,1.0046023,0.82151556,0.50612396,3,35
10,DE,1.0046023,0.82151556,0.5988232,4,38
10,DE,1.0046023,0.82151556,0.4847319,4,20
10,DE,1.0046023,0.82151556,0.9142216,6,15
10,DE,1.0046023,0.82151556,0.5424216,5,40
10,DE,1.0046023,0.82151556,0.71884096,6,39
10,DE,1.0046023,0.82151556,0.57999,4,43
10,DE,1.0046023,0.82151556,0.9142216,5,25
10,DE,1.0046023,0.82151556,0.73806393,6,666
10,DE,1.0046023,0.82151556,1.0437982,6,31
10,DE,1.0046023,0.82151556,0.59238154,4,40
10,DE,1.0046023,0.82151556,1.0437982,6,12
10,DE,1.0046023,0.82151556,0.51271206,4,42
10,DE,1.0046023,0.82151556,0.9488299,4,35
10,DE,1.0046023,0.82151556,0.42576477,6,25
10,DE,1.0046023,0.82151556,0.45923847,6,50
10,DE,1.0046023,0.82151556,0.6196944,4,2
10,DE,1.0046023,0.82151556,0.48965093,4,40
10,DE,1.0046023,0.82151556,0.50067854,6,50
10,DE,1.0046023,0.82151556,1.8527278,3,58
10,DE,1.0046023,0.82151556,0.903398,4,40
10,DE,1.0046023,0.82151556,0.7770785,4,46
10,DE,1.0046023,0.82151556,0.9966461,4,40
10,DE,1.0046023,0.82151556,0.9142216,2,80
10,DE,1.0046023,0.82151556,0.93492377,6,38
10,DE,1.0046023,0.82151556,0.6484355,3,35
10,DE,1.0046023,0.82151556,1.4979596,2,32
10,DE,1.0046023,0.82151556,0.49497455,3,48
10,DE,1.0046023,0.82151556,0.42576477,4,60
10,DE,1.0046023,0.82151556,0.83030975,5,40
10,DE,1.0046023,0.82151556,0.903398,5,8
10,DE,1.0046023,0.82151556,0.64159423,4,15
10,DE,1.0046023,0.82151556,0.5572606,3,42
10,DE,1.0046023,0.82151556,0.5588358,5,45
10,DE,1.0046023,0.82151556,1.1768091,6,999
10,DE,1.0046023,0.82151556,0.87498605,4,40
10,DE,1.0046023,0.82151556,0.6962677,6,19
10,DE,1.0046023,0.82151556,0.7481615,6,48
10,DE,1.0046023,0.82151556,0.40190277,5,50
10,DE,1.0046023,0.82151556,0.5794707,6,30
10,DE,1.0046023,0.82151556,2.0122206,6,11
10,DE,1.0046023,0.82151556,0.5616258,6,40
10,DE,1.0046023,0.82151556,0.4111214,6,45
10,DE,1.0046023,0.82151556,0.72262585,6,35
10,DE,1.0046023,0.82151556,0.89828366,4,999
10,DE,1.0046023,0.82151556,2.9131258,5,45
10,DE,1.0046023,0.82151556,1.3138354,2,48
10,DE,1.0046023,0.82151556,0.46062,4,48
10,DE,1.0046023,0.82151556,2.0343237,3,40
10,DE,1.0046023,0.82151556,0.531104,6,20
10,DE,1.0046023,0.82151556,0.5555892,6,27
10,DE,1.0046023,0.82151556,0.77245545,6,40
10,DE,1.0046023,0.82151556,0.903398,6,40
10,DE,1.0046023,0.82151556,0.5555892,5,40
10,DE,1.0046023,0.82151556,0.5649073,6,20
10,DE,1.0046023,0.82151556,0.5117041,7,25
10,DE,1.0046023,0.82151556,0.8430712,99,999
10,DE,1.0046023,0.82151556,1.0535071,5,60
10,DE,1.0046023,0.82151556,0.40699133,6,30
10,DE,1.0046023,0.82151556,0.8230453,4,25
10,DE,1.0046023,0.82151556,0.72262585,6,999
10,DE,1.0046023,0.82151556,0.77245545,6,50
10,DE,1.0046023,0.82151556,0.7641459,4,999
10,DE,1.0046023,0.82151556,1.2441908,2,45
10,DE,1.0046023,0.82151556,0.5588358,4,999
10,DE,1.0046023,0.82151556,0.53649414,4,48
10,DE,1.0046023,0.82151556,0.7460893,2,999
10,DE,1.0046023,0.82151556,0.50612396,6,40
10,DE,1.0046023,0.82151556,0.5988184,6,44
10,DE,1.0046023,0.82151556,0.5649073,4,28
10,DE,1.0046023,0.82151556,0.8430712,2,999
10,DE,1.0046023,0.82151556,0.91332,2,48
10,DE,1.0046023,0.82151556,0.5988232,4,41
10,DE,1.0046023,0.82151556,0.5310751,6,50
10,DE,1.0046023,0.82151556,0.5310751,5,44
10,DE,1.0130444,0.82151556,0.72693014,4,10
10,DE,1.0046023,0.82151556,0.5206894,4,34
10,DE,1.0046023,0.82151556,2.7820985,4,666
10,DE,1.0046023,0.82151556,0.979639,5,45
10,DE,1.0046023,0.82151556,0.5988232,1,666
10,DE,1.0046023,0.82151556,0.9357701,4,50
10,DE,1.0046023,0.82151556,0.57999,3,60
10,DE,1.0046023,0.82151556,1.2547408,5,40
10,DE,1.0046023,0.82151556,0.90082294,4,45
10,DE,1.0046023,0.82151556,1.2683845,6,40
10,DE,1.0046023,0.82151556,0.47232667,2,73
10,DE,1.0046023,0.82151556,0.53649414,6,50
10,DE,1.0046023,0.82151556,1.1768091,4,8
10,DE,1.0046023,0.82151556,0.72262585,7,30
10,DE,1.0046023,0.82151556,0.49497455,6,35
10,DE,1.0046023,0.82151556,0.89828366,6,2
10,DE,1.0046023,0.82151556,0.57999,6,40
10,DE,1.0046023,0.82151556,0.5588358,4,50
10,DE,1.0130444,0.82151556,0.4293424,2,22
10,DE,1.0046023,0.82151556,0.50278074,6,30
10,DE,1.0046023,0.82151556,0.903398,4,50
10,DE,1.0046023,0.82151556,0.903398,6,45
10,DE,1.0046023,0.82151556,0.46192226,3,47
10,DE,1.0046023,0.82151556,0.90082294,3,38
10,DE,1.0046023,0.82151556,0.5555892,6,50
10,DE,1.0046023,0.82151556,0.64497447,6,20
10,DE,1.0046023,0.82151556,0.73806393,6,36
10,DE,1.0046023,0.82151556,0.903398,3,44
10,DE,0.52648985,0.82151556,0.29605544,2,20
10,DE,1.0046023,0.82151556,0.64176625,5,999
10,DE,1.0046023,0.82151556,0.8430712,6,40
10,DE,1.0046023,0.82151556,0.45542914,4,41
10,DE,1.0046023,0.82151556,0.7641459,4,25
10,DE,1.0046023,0.82151556,0.5310751,2,10
10,DE,1.0046023,0.82151556,0.89828366,6,40
10,DE,1.0046023,0.82151556,0.8823152,4,42
10,DE,1.0046023,0.82151556,0.979639,5,40
10,DE,1.0046023,0.82151556,0.42576477,4,50
10,DE,1.0046023,0.82151556,0.8936806,6,40
10,DE,1.0046023,0.82151556,0.8950595,4,999
10,DE,1.0046023,0.82151556,0.50612396,6,60
10,DE,1.0046023,0.82151556,0.9488299,6,12
10,DE,1.0046023,0.82151556,2.1604648,1,40
10,DE,1.0046023,0.82151556,2.1604648,5,999
10,DE,1.0046023,0.82151556,0.5988184,4,43
10,DE,1.0046023,0.82151556,0.7481615,6,42
10,DE,1.0046023,0.82151556,0.47940874,2,40
10,DE,1.0046023,0.82151556,1.158508,3,40
10,DE,1.0046023,0.82151556,0.777911,4,30
10,DE,1.0046023,0.82151556,0.84265924,4,40
10,DE,1.0046023,0.82151556,0.73806393,5,8
10,DE,1.0046023,0.82151556,1.6050462,6,38
10,DE,1.0046023,0.82151556,0.7460893,6,29
10,DE,1.0130444,0.82151556,1.279042,2,40
10,DE,1.0046023,0.82151556,0.9266892,3,999
10,DE,1.0046023,0.82151556,1.8458856,5,140
10,DE,1.0046023,0.82151556,0.95489913,7,999
10,DE,1.0046023,0.82151556,0.5572606,5,10
10,DE,1.0046023,0.82151556,1.028501,6,10
10,DE,1.0046023,0.82151556,0.6644449,6,37
10,DE,1.0046023,0.82151556,1.2683845,1,34
10,DE,1.0046023,0.82151556,0.77245545,4,25
10,DE,1.0046023,0.82151556,0.979639,5,666
10,DE,1.0046023,0.82151556,0.47940874,5,39
10,DE,1.0046023,0.82151556,0.7770785,4,48
10,DE,1.0046023,0.82151556,0.8381757,4,40
10,DE,1.0046023,0.82151556,0.72262585,99,999
10,DE,1.0046023,0.82151556,0.8430712,4,39
10,DE,1.0046023,0.82151556,0.9134945,3,999
10,DE,1.0046023,0.82151556,0.979639,4,23
10,DE,1.0046023,0.82151556,0.87498605,4,45
10,DE,1.0046023,0.82151556,1.4508483,7,40
10,DE,1.0046023,0.82151556,0.50612396,6,8
10,DE,1.0046023,0.82151556,0.47940874,4,40
10,DE,1.0046023,0.82151556,2.0816622,6,999
10,DE,1.0046023,0.82151556,0.8230453,4,999
10,DE,1.0046023,0.82151556,0.73806393,7,43
10,DE,1.0046023,0.82151556,0.93492377,4,30
10,DE,1.0046023,0.82151556,0.5117041,4,60
10,DE,1.0046023,0.82151556,0.6490528,6,8
10,DE,1.0046023,0.82151556,0.84265924,4,30
10,DE,1.0046023,0.82151556,1.0910307,6,40
10,DE,1.0046023,0.82151556,0.7641459,2,25
10,DE,1.0046023,0.82151556,0.5842293,4,40
10,DE,1.0046023,0.82151556,0.47940874,5,40
10,DE,1.0046023,0.82151556,1.1768091,6,60
10,DE,1.0046023,0.82151556,0.7481615,6,18
10,DE,1.0046023,0.82151556,0.9134945,3,48
10,DE,1.0046023,0.82151556,0.80175346,99,50
10,DE,1.0046023,0.82151556,0.6054002,5,42
10,DE,1.0046023,0.82151556,0.64176625,4,40
10,DE,1.0046023,0.82151556,0.5392715,5,42
10,DE,1.0046023,0.82151556,0.903398,3,55
10,DE,1.0046023,0.82151556,0.5310751,2,999
10,DE,1.0046023,0.82151556,3.072208,4,666
10,DE,1.0046023,0.82151556,0.5938056,4,45
10,DE,1.0046023,0.82151556,0.7460893,4,13
10,DE,1.0046023,0.82151556,0.83724916,99,27
10,DE,1.0046023,0.82151556,1.39793,5,999
10,DE,1.0046023,0.82151556,1.7312369,5,10
10,DE,1.0046023,0.82151556,0.5853512,2,72
10,DE,1.0046023,0.82151556,0.7641459,4,30
10,DE,1.0046023,0.82151556,0.8936806,6,38
10,DE,1.0046023,0.82151556,0.7481615,5,45
10,DE,1.0046023,0.82151556,0.97917575,4,38
10,DE,1.0046023,0.82151556,0.49020743,6,45
10,DE,1.0046023,0.82151556,0.5862924,5,39
10,DE,1.0046023,0.82151556,0.63804144,3,999
10,DE,1.0046023,0.82151556,0.45923847,6,45
10,DE,1.0046023,0.82151556,0.90082294,5,13
10,DE,1.0046023,0.82151556,1.4979596,4,0
10,DE,1.0046023,0.82151556,1.9187179,2,666
10,DE,1.0046023,0.82151556,0.72087276,3,15
10,DE,1.0046023,0.82151556,0.5988232,99,999
10,DE,1.0046023,0.82151556,0.6644449,5,999
10,DE,1.0046023,0.82151556,0.9488299,5,25
10,DE,1.0046023,0.82151556,0.5273934,4,2
10,DE,1.0046023,0.82151556,0.5150917,4,42
10,DE,1.0046023,0.82151556,0.47232667,6,40
10,DE,1.0130444,0.82151556,1.1936324,7,48
10,DE,1.0046023,0.82151556,0.5988232,6,43
10,DE,1.0046023,0.82151556,0.72087276,7,4
10,DE,1.0046023,0.82151556,0.46192226,7,50
10,DE,1.0046023,0.82151556,0.78093904,4,40
10,DE,1.0046023,0.82151556,0.46958306,5,40
10,DE,1.0046023,0.82151556,0.5483194,3,25
10,DE,1.0046023,0.82151556,0.8936806,4,42
10,DE,1.0046023,0.82151556,1.1768091,2,41
10,DE,1.0046023,0.82151556,0.8430712,3,50
10,DE,1.0046023,0.82151556,0.49497455,6,40
10,DE,1.0046023,0.82151556,0.83030975,6,50
10,DE,1.0046023,0.82151556,0.46192226,3,40
10,DE,1.0046023,0.82151556,0.87498605,3,999
10,DE,1.0046023,0.82151556,0.903398,3,39
10,DE,1.0046023,0.82151556,0.47232667,3,41
10,DE,1.0046023,0.82151556,0.77245545,5,30
10,DE,1.0046023,0.82151556,0.5483194,6,30
10,DE,1.0046023,0.82151556,0.39304996,4,40
10,DE,1.0046023,0.82151556,0.84265924,4,39
10,DE,1.0046023,0.82151556,0.53649414,4,42
10,DE,1.0046023,0.82151556,0.49020743,6,42
10,DE,1.0046023,0.82151556,0.45728162,6,45
10,DE,1.0046023,0.82151556,0.49538425,5,44
10,DE,1.0046023,0.82151556,0.9998724,4,38
10,DE,1.0046023,0.82151556,1.2885052,3,38
10,DE,1.0046023,0.82151556,0.5988184,6,22
10,DE,1.0046023,0.82151556,0.5588358,4,35
10,DE,1.0046023,0.82151556,0.5310751,5,999
10,DE,1.0130444,0.82151556,1.2993333,5,666
10,DE,1.0046023,0.82151556,0.64497447,5,55
10,DE,1.0046023,0.82151556,2.2306173,4,666
10,DE,1.0046023,0.82151556,0.4203809,6,18
10,DE,1.0046023,0.82151556,1.0683459,2,30
10,DE,1.0046023,0.82151556,0.5310751,2,46
10,DE,1.0046023,0.82151556,0.7261941,6,35
10,DE,1.0046023,0.82151556,2.1604648,1,999
10,DE,1.0046023,0.82151556,1.1768091,3,45
10,DE,1.0046023,0.82151556,0.45923847,2,999
10,DE,1.0046023,0.82151556,0.72262585,6,666
10,DE,1.0046023,0.82151556,1.8527278,4,35
10,DE,1.0046023,0.82151556,0.9488299,5,999
10,DE,1.0046023,0.82151556,0.47164983,2,666
10,DE,1.0046023,0.82151556,1.39793,99,666
10,DE,1.0046023,0.82151556,0.7183895,6,50
10,DE,1.0046023,0.82151556,0.78093904,1,40
10,DE,1.0046023,0.82151556,0.8430712,7,43
10,DE,1.0046023,0.82151556,0.7460893,4,40
10,DE,1.0130444,0.82151556,0.56353104,6,42
10,DE,1.0046023,0.82151556,0.46192226,6,0
10,DE,1.0046023,0.82151556,0.5633152,5,33
10,DE,1.0046023,0.82151556,0.47940874,5,39
10,DE,1.0046023,0.82151556,0.83030975,5,40
10,DE,1.0046023,0.82151556,0.5988232,4,3
10,DE,1.0046023,0.82151556,0.5424216,6,35
10,DE,1.0046023,0.82151556,0.7770785,6,45
10,DE,1.0046023,0.82151556,0.8406947,3,45
10,DE,1.0046023,0.82151556,0.80175346,5,160
10,DE,1.0046023,0.82151556,1.8072726,7,666
10,DE,1.0046023,0.82151556,0.47940874,4,45
10,DE,1.0046023,0.82151556,0.5273934,5,55
10,DE,1.0046023,0.82151556,0.48965093,6,40
10,DE,1.0046023,0.82151556,0.93492377,3,41
10,DE,1.0046023,0.82151556,0.4559926,6,50
10,DE,1.0046023,0.82151556,0.45728162,5,40
10,DE,1.0046023,0.82151556,0.99039847,3,30
10,DE,1.0046023,0.82151556,0.45923847,5,40
10,DE,1.0130444,0.82151556,0.90839267,6,7
10,DE,1.0046023,0.82151556,0.65610456,6,999
10,DE,1.0046023,0.82151556,0.61339086,4,35
10,DE,1.0046023,0.82151556,0.64159423,5,25
10,DE,0.57532686,0.82151556,0.32004017,6,39
10,DE,1.0046023,0.82151556,0.9488299,5,666
10,DE,1.0046023,0.82151556,0.9116449,4,35
10,DE,1.0046023,0.82151556,0.8936806,3,48
10,DE,1.0046023,0.82151556,0.9357701,4,40
10,DE,1.0046023,0.82151556,1.2683845,5,40
10,DE,1.0046023,0.82151556,0.47940874,6,55
10,DE,1.0046023,0.82151556,0.5273934,6,40
10,DE,1.0046023,0.82151556,0.93492377,6,42
10,DE,1.0046023,0.82151556,0.77245545,4,50
10,DE,1.0046023,0.82151556,1.4979596,5,666
10,DE,1.0046023,0.82151556,0.72087276,4,35
10,DE,1.0046023,0.82151556,0.48965093,5,8
10,DE,1.0046023,0.82151556,0.7481615,4,60
10,DE,1.0046023,0.82151556,0.7460893,4,999
10,DE,1.0046023,0.82151556,2.0816622,4,999
10,DE,1.0046023,0.82151556,0.903398,5,38
10,DE,1.0046023,0.82151556,0.6202814,6,25
10,DE,1.0046023,0.82151556,0.8430712,3,666
10,DE,1.0046023,0.82151556,0.49020743,3,42
10,DE,1.0046023,0.82151556,1.0071982,4,40
10,DE,1.0046023,0.82151556,0.9488299,2,999
10,DE,1.0046023,0.82151556,0.72262585,6,10
10,DE,1.0046023,0.82151556,0.9691014,4,5
10,DE,1.0046023,0.82151556,0.63804144,5,50
10,DE,1.0046023,0.82151556,2.2551174,5,10
10,DE,1.0046023,0.82151556,0.45728162,4,39
10,DE,1.0046023,0.82151556,0.72087276,3,38
10,DE,1.0046023,0.82151556,1.4979596,4,666
10,DE,1.0046023,0.82151556,0.72087276,5,40
10,DE,1.0046023,0.82151556,0.8430712,5,40
10,DE,1.0130444,0.82151556,0.51942015,5,45
10,DE,1.0046023,0.82151556,0.90082294,4,999
10,DE,1.0046023,0.82151556,0.7481615,4,40
10,DE,1.0046023,0.82151556,0.7770785,6,43
10,DE,1.0046023,0.82151556,0.9089117,3,37
10,DE,1.0046023,0.82151556,0.903398,6,70
10,DE,1.0046023,0.82151556,0.6644449,4,999
10,DE,1.0046023,0.82151556,2.6245463,7,40
10,DE,1.0046023,0.82151556,0.64497447,2,40
10,DE,1.0046023,0.82151556,0.45923847,6,30
10,DE,1.0046023,0.82151556,1.0910307,6,40
10,DE,1.0046023,0.82151556,0.5988232,6,50
10,DE,1.0046023,0.82151556,0.72087276,5,13
10,DE,1.0130444,0.82151556,0.7789463,4,38
10,DE,1.0046023,0.82151556,0.9142216,6,150
10,DE,1.0046023,0.82151556,1.39793,6,2
10,DE,1.0046023,0.82151556,0.6053294,5,28
10,DE,1.0046023,0.82151556,0.50278074,2,36
10,DE,1.0046023,0.82151556,0.48965093,5,40
10,DE,1.0046023,0.82151556,0.6962677,3,39
10,DE,1.0046023,0.82151556,1.2683845,4,40
10,DE,1.0046023,0.82151556,0.59238154,6,35
10,DE,1.0046023,0.82151556,1.8659555,6,4
10,DE,1.0046023,0.82151556,0.64176625,5,5
10,DE,1.0046023,0.82151556,0.9134945,5,999
10,DE,1.0046023,0.82151556,0.9089117,2,40
10,DE,1.0046023,0.82151556,0.77245545,6,18
10,DE,1.0046023,0.82151556,0.6962677,7,999
10,DE,1.0046023,0.82151556,0.6962677,6,8
10,DE,1.0046023,0.82151556,0.6490528,2,52
10,DE,1.0046023,0.82151556,0.71884096,7,39
10,DE,1.0046023,0.82151556,0.79495275,4,15
10,DE,1.0046023,0.82151556,0.72087276,5,8
10,DE,1.0130444,0.82151556,0.6038552,6,42
10,DE,1.0046023,0.82151556,0.7460893,2,25
10,DE,1.0046023,0.82151556,0.87498605,4,999
10,DE,1.0046023,0.82151556,0.4745927,4,45
10,DE,1.0046023,0.82151556,0.53649414,2,55
10,DE,1.0046023,0.82151556,0.5842293,4,45
10,DE,1.0046023,0.82151556,0.47940874,7,55
10,DE,1.0046023,0.82151556,0.48965093,6,42
10,DE,1.0046023,0.82151556,1.158508,6,35
10,DE,1.0046023,0.82151556,0.611978,5,30
10,DE,1.0046023,0.82151556,1.158508,6,9
10,DE,1.0046023,0.82151556,0.5988184,3,48
10,DE,1.0046023,0.82151556,0.9652816,99,999
10,DE,1.0046023,0.82151556,0.979639,6,30
10,DE,1.0046023,0.82151556,0.93492377,6,42
10,DE,1.0046023,0.82151556,2.0883334,4,33
10,DE,1.0046023,0.82151556,0.5649073,5,15
10,DE,1.0046023,0.82151556,0.78093904,99,25
10,DE,1.0046023,0.82151556,0.9998724,6,999
10,DE,1.0046023,0.82151556,0.47232667,5,42
10,DE,1.0046023,0.82151556,0.50612396,5,32
10,DE,1.0046023,0.82151556,0.6644449,4,65
10,DE,1.0046023,0.82151556,0.46192226,3,40
10,DE,1.0046023,0.82151556,0.7481615,2,37
10,DE,1.0046023,0.82151556,1.2683845,4,70
10,DE,1.0046023,0.82151556,0.87498605,2,50
10,DE,1.0046023,0.82151556,0.43535438,7,2
10,DE,1.0046023,0.82151556,1.4508483,6,8
10,DE,1.0046023,0.82151556,0.90082294,3,15
10,DE,1.0046023,0.82151556,1.1803502,4,45
10,DE,1.0046023,0.82151556,0.89558655,4,12
10,DE,1.0046023,0.82151556,0.7641459,3,20
10,DE,1.0046023,0.82151556,0.49020743,6,55
10,DE,1.0046023,0.82151556,0.72087276,3,999
10,DE,1.0046023,0.82151556,0.79495275,4,36
10,DE,1.0046023,0.82151556,0.5633152,4,39
10,DE,1.0046023,0.82151556,0.49000242,6,39
10,DE,1.0046023,0.82151556,0.87498605,6,46
10,DE,1.0046023,0.82151556,0.77245545,4,16
10,DE,1.0046023,0.82151556,0.6962677,4,6
10,DE,1.0046023,0.82151556,0.77245545,4,666
10,DE,0.5772695,0.82151556,0.87437224,6,48
10,DE,0.5772695,0.82151556,0.37798887,4,35
10,DE,1.0046023,0.82151556,0.8430712,4,60
10,DE,1.0046023,0.82151556,0.5588358,2,45
10,DE,1.0046023,0.82151556,0.49497455,5,666
10,DE,1.0046023,0.82151556,0.6644449,6,18
10,DE,1.0046023,0.82151556,0.72087276,6,10
10,DE,1.0046023,0.82151556,0.77245545,2,39
10,DE,1.0046023,0.82151556,0.5842293,5,42
10,DE,1.0046023,0.82151556,0.46192226,4,47
10,DE,1.0046023,0.82151556,0.49737647,6,55
10,DE,1.0046023,0.82151556,0.91332,4,40
10,DE,1.0046023,0.82151556,0.46192226,3,12
10,DE,1.0046023,0.82151556,0.57999,99,999
10,DE,1.0046023,0.82151556,0.50067854,5,40
10,DE,1.0046023,0.82151556,1.4508483,5,12
10,DE,1.0046023,0.82151556,0.7261941,5,40
10,DE,1.0046023,0.82151556,0.750353,6,40
10,DE,1.0046023,0.82151556,0.5117041,6,30
10,DE,1.0046023,0.82151556,1.4818469,4,8
10,DE,1.0046023,0.82151556,0.45923847,6,40
10,DE,1.0046023,0.82151556,0.45923847,2,43
10,DE,1.0046023,0.82151556,0.7481615,5,999
10,DE,1.0046023,0.82151556,0.45728162,2,40
10,DE,1.0046023,0.82151556,1.8669425,6,999
10,DE,1.0046023,0.82151556,0.8430712,5,45
10,DE,1.0046023,0.82151556,0.59238154,6,35
10,DE,1.0046023,0.82151556,0.49497455,4,40
10,DE,1.0046023,0.82151556,0.6490528,4,40
10,DE,1.0046023,0.82151556,1.3138354,6,40
10,DE,1.0046023,0.82151556,0.90082294,7,40
10,DE,1.0046023,0.82151556,0.5862924,3,36
10,DE,1.0046023,0.82151556,0.64497447,4,999
10,DE,1.0046023,0.82151556,3.2862568,2,38
10,DE,1.0046023,0.82151556,0.46192226,4,40
10,DE,1.0046023,0.82151556,0.9625641,3,45
10,DE,1.0046023,0.82151556,0.6644449,4,999
10,DE,1.0046023,0.82151556,0.50067854,6,999
10,DE,1.0046023,0.82151556,0.7460893,6,666
10,DE,1.0046023,0.82151556,3.2862568,3,999
10,DE,1.0046023,0.82151556,0.4111214,4,45
10,DE,1.0046023,0.82151556,0.8001355,2,42
10,DE,1.0046023,0.82151556,0.89558655,5,40
10,DE,1.0046023,0.82151556,1.0535071,4,0
10,DE,1.0046023,0.82151556,0.79495275,5,999
10,DE,1.0046023,0.82151556,0.87498605,4,50
10,DE,1.0046023,0.82151556,0.6053294,6,45
10,DE,1.0046023,0.82151556,0.5853512,5,40
10,DE,0.5772695,0.82151556,0.41280386,6,38
10,DE,1.0046023,0.82151556,0.49000242,4,15
10,DE,1.0046023,0.82151556,0.64176625,6,45
10,DE,1.0046023,0.82151556,1.1768091,5,40
10,DE,1.0046023,0.82151556,1.1580179,5,999
10,DE,1.0046023,0.82151556,0.83030975,6,42
10,DE,1.0046023,0.82151556,0.71884096,6,48
10,DE,1.0046023,0.82151556,0.4847319,4,39
10,DE,1.0046023,0.82151556,0.62702096,3,7
10,DE,1.0046023,0.82151556,1.4508483,6,40
10,DE,1.0046023,0.82151556,0.45542914,3,25
10,DE,1.0046023,0.82151556,1.2683845,4,38
10,DE,1.0046023,0.82151556,0.8406947,4,40
10,DE,1.0046023,0.82151556,0.49497455,5,0
10,DE,1.0046023,0.82151556,0.6644449,5,40
10,DE,1.0046023,0.82151556,0.5483194,5,60
10,DE,1.0046023,0.82151556,0.5862924,2,0
10,DE,1.0046023,0.82151556,0.5483194,5,999
10,DE,1.0046023,0.82151556,0.89828366,4,40
10,DE,1.0046023,0.82151556,0.5087317,2,999
10,DE,1.0046023,0.82151556,0.7481615,4,15
10,DE,1.0046023,0.82151556,1.4979596,3,37
10,DE,1.0046023,0.82151556,0.979639,3,60
10,DE,1.0046023,0.82151556,0.6644449,3,33
10,DE,1.0046023,0.82151556,0.7770785,4,40
10,DE,1.0046023,0.82151556,1.5144126,1,666
10,DE,1.0046023,0.82151556,0.45462623,6,22
10,DE,1.0046023,0.82151556,0.6196944,6,30
10,DE,1.0046023,0.82151556,0.43535438,4,50
10,DE,1.0046023,0.82151556,0.6644449,4,36
10,DE,1.0046023,0.82151556,0.8001355,6,17
10,DE,1.0046023,0.82151556,0.5862924,6,45
10,DE,1.0046023,0.82151556,0.8381757,2,666
10,DE,1.0046023,0.82151556,1.2683845,4,999
10,DE,1.0046023,0.82151556,0.903398,6,7
10,DE,1.0046023,0.82151556,0.50278074,2,42
10,DE,1.0046023,0.82151556,1.0910307,4,45
10,DE,1.0046023,0.82151556,0.5392715,1,70
10,DE,1.0046023,0.82151556,0.8381757,2,40
10,DE,1.0046023,0.82151556,0.69222265,6,30
10,DE,1.0046023,0.82151556,1.1803502,4,44
10,DE,1.0046023,0.82151556,0.6053294,4,30
10,DE,1.0046023,0.82151556,0.39304996,99,45
10,DE,1.0046023,0.82151556,0.8136785,5,48
10,DE,1.0046023,0.82151556,0.7481615,2,41
10,DE,1.0046023,0.82151556,0.51271206,7,60
10,DE,1.0046023,0.82151556,0.9652816,99,999
10,DE,1.0046023,0.82151556,0.50612396,3,50
10,DE,1.0046023,0.82151556,0.5633152,4,41
10,DE,1.0046023,0.82151556,0.72087276,5,80
10,DE,1.0046023,0.82151556,0.47940874,6,40
10,DE,1.0046023,0.82151556,0.5273934,5,60
10,DE,1.0046023,0.82151556,0.5988232,4,45
10,DE,1.0046023,0.82151556,0.9142216,6,13
10,DE,1.0046023,0.82151556,0.46192226,6,32
10,DE,1.0046023,0.82151556,1.0147438,4,30
10,DE,1.0046023,0.82151556,1.9187179,2,666
10,DE,1.0046023,0.82151556,0.4745927,4,45
10,DE,1.0046023,0.82151556,1.6050462,6,6
10,DE,1.0046023,0.82151556,0.5004114,2,60
10,DE,1.0046023,0.82151556,0.5988184,6,45
10,DE,1.0046023,0.82151556,0.5273934,4,45
10,DE,1.0046023,0.82151556,0.5588358,5,37
10,DE,1.0046023,0.82151556,0.7770785,6,30
10,DE,1.0046023,0.82151556,0.979639,5,999
10,DE,1.0046023,0.82151556,0.6644449,99,999
10,DE,1.0046023,0.82151556,0.47940874,4,50
10,DE,1.0046023,0.82151556,0.5988184,5,30
10,DE,1.0046023,0.82151556,0.7665104,7,50
10,DE,1.0046023,0.82151556,0.77245545,2,999
10,DE,1.0046023,0.82151556,0.9142216,5,40
10,DE,0.57532686,0.82151556,0.26188114,7,8
10,DE,1.0046023,0.82151556,0.47164983,4,34
10,DE,1.0046023,0.82151556,0.49020743,4,40
10,DE,1.0046023,0.82151556,0.4745927,6,41
10,DE,1.0046023,0.82151556,0.8430712,6,50
10,DE,1.0046023,0.82151556,1.0462518,4,666
10,DE,1.0046023,0.82151556,0.49000242,4,666
10,DE,1.0046023,0.82151556,0.6962677,3,3
10,DE,1.0046023,0.82151556,0.77245545,5,32
10,DE,1.0046023,0.82151556,0.9027818,4,39
10,DE,1.0046023,0.82151556,0.9089117,3,41
10,DE,1.0046023,0.82151556,0.9116449,4,26
10,DE,1.0046023,0.82151556,0.5862924,4,34
10,DE,1.0046023,0.82151556,0.64159423,3,22
10,DE,1.0046023,0.82151556,0.6196944,4,23
10,DE,1.0046023,0.82151556,0.46062,6,45
10,DE,1.0046023,0.82151556,0.73806393,4,0
10,DE,1.0046023,0.82151556,0.5588358,3,40
10,DE,1.0046023,0.82151556,0.72087276,3,50
10,DE,1.0046023,0.82151556,0.5842293,4,40
10,DE,1.0046023,0.82151556,0.46192226,2,45
10,DE,1.0046023,0.82151556,0.7641459,4,999
10,DE,1.0046023,0.82151556,0.93492377,4,40
10,DE,1.0046023,0.82151556,0.49000242,6,50
10,DE,1.0046023,0.82151556,0.64176625,4,30
10,DE,1.0046023,0.82151556,0.47940874,6,999
10,DE,1.0046023,0.82151556,0.9089117,2,7
10,DE,1.0046023,0.82151556,0.5862924,5,39
10,DE,1.0046023,0.82151556,0.7770785,5,48
10,DE,1.0046023,0.82151556,0.8430712,4,40
10,DE,1.0046023,0.82151556,0.7481615,3,32
10,DE,1.0046023,0.82151556,0.64176625,2,9
10,DE,1.0046023,0.82151556,0.7481615,6,999
10,DE,1.0130444,0.82151556,0.51942015,5,8
10,DE,1.0046023,0.82151556,0.90082294,6,40
10,DE,1.0046023,0.82151556,0.83724916,4,11
10,DE,1.0046023,0.82151556,1.9187179,5,40
10,DE,1.0046023,0.82151556,0.8936806,4,40
10,DE,1.0046023,0.82151556,0.50612396,3,52
10,DE,1.0046023,0.82151556,0.83030975,6,40
10,DE,1.0046023,0.82151556,0.5862924,6,20
10,DE,1.0046023,0.82151556,0.5310751,6,6
10,DE,1.0046023,0.82151556,1.4979596,2,30
10,DE,1.0046023,0.82151556,2.2306173,6,30
10,DE,1.0046023,0.82151556,1.2284942,2,60
10,DE,1.0046023,0.82151556,0.42576477,6,55
10,DE,1.0130444,0.82151556,3.2862568,2,44
10,DE,1.0046023,0.82151556,0.72262585,3,41
10,DE,1.0046023,0.82151556,0.45542914,6,50
10,DE,1.0046023,0.82151556,0.7481615,6,20
10,DE,1.0046023,0.82151556,0.64176625,4,42
10,DE,1.0046023,0.82151556,0.40699133,4,40
10,DE,1.0046023,0.82151556,2.2066238,2,999
10,DE,1.0046023,0.82151556,0.979639,4,35
10,DE,1.0046023,0.82151556,0.9142216,2,40
10,DE,1.0046023,0.82151556,1.2441908,7,666
10,DE,1.0046023,0.82151556,2.6171503,5,42
10,DE,1.0046023,0.82151556,0.47940874,4,60
10,DE,1.0046023,0.82151556,0.5988184,6,999
10,DE,1.0046023,0.82151556,1.8659555,6,1
10,DE,1.0046023,0.82151556,0.42576477,7,20
10,DE,1.0046023,0.82151556,0.98593336,6,43
10,DE,1.0046023,0.82151556,0.9652816,6,666
10,DE,1.0046023,0.82151556,0.47164983,4,30
10,DE,1.0046023,0.82151556,0.78093904,2,40
10,DE,1.0046023,0.82151556,0.5572606,5,30
10,DE,1.0046023,0.82151556,0.750353,6,38
10,DE,1.0046023,0.82151556,1.0437982,4,50
10,DE,1.0046023,0.82151556,0.57999,2,40
10,DE,1.0046023,0.82151556,0.5616258,4,40
10,DE,1.0046023,0.82151556,0.5616258,5,40
10,DE,1.0046023,0.82151556,0.9652816,7,5
10,DE,1.0046023,0.82151556,0.45728162,6,45
10,DE,1.0130444,0.82151556,0.51600444,6,24
10,DE,1.0046023,0.82151556,0.48965093,4,666
10,DE,1.0046023,0.82151556,0.46062,6,40
10,DE,1.0046023,0.82151556,0.8230453,4,48
10,DE,1.0046023,0.82151556,0.9652816,6,666
10,DE,1.0046023,0.82151556,0.72262585,6,999
10,DE,1.0046023,0.82151556,0.46062,6,45
10,DE,1.0046023,0.82151556,0.9652816,5,45
10,DE,1.0046023,0.82151556,0.72262585,4,30
10,DE,1.0046023,0.82151556,0.5555892,5,45
10,DE,1.0046023,0.82151556,0.47232667,6,41
10,DE,1.0046023,0.82151556,0.46192226,4,38
10,DE,1.0046023,0.82151556,0.4745927,6,50
10,DE,1.0046023,0.82151556,0.48965093,6,45
10,DE,1.0046023,0.82151556,1.2683845,4,35
10,DE,1.0046023,0.82151556,0.5206894,4,13
10,DE,1.0046023,0.82151556,0.4745927,6,50
10,DE,1.0046023,0.82151556,2.4191086,4,25
10,DE,1.0046023,0.82151556,0.903398,4,50
10,DE,1.0046023,0.82151556,0.5588358,4,65
10,DE,1.0046023,0.82151556,0.48965093,2,40
10,DE,1.0046023,0.82151556,0.87498605,3,40
10,DE,1.0046023,0.82151556,0.90082294,4,40
10,DE,1.0046023,0.82151556,0.61339086,2,12
10,DE,1.0046023,0.82151556,0.77245545,2,0
10,DE,1.0046023,0.82151556,0.7481615,2,30
10,DE,1.0046023,0.82151556,0.47940874,3,40
10,DE,1.0046023,0.82151556,3.2862568,3,50
10,DE,1.0046023,0.82151556,1.2885052,4,43
10,DE,1.0046023,0.82151556,0.89828366,2,35
10,DE,1.0046023,0.82151556,1.183685,5,38
10,DE,1.0046023,0.82151556,0.7770785,6,45
10,DE,1.0046023,0.82151556,0.5988232,4,40
10,DE,1.0046023,0.82151556,0.45923847,2,40
10,DE,1.0046023,0.82151556,3.2862568,3,100
10,DE,1.0130444,0.82151556,0.49913538,5,35
10,DE,1.0046023,0.82151556,0.50756145,7,999
10,DE,1.0046023,0.82151556,0.5483194,4,28
10,DE,1.0046023,0.82151556,0.69430506,4,8
10,DE,1.0046023,0.82151556,0.5649073,4,45
10,DE,1.0046023,0.82151556,0.77245545,5,30
10,DE,1.0046023,0.82151556,0.5862924,5,38
10,DE,1.0046023,0.82151556,0.5988184,4,41
10,DE,1.0046023,0.82151556,0.72087276,5,22
10,DE,1.0046023,0.82151556,0.84265924,4,44
10,DE,1.0046023,0.82151556,0.7770785,6,43
10,DE,1.0046023,0.82151556,0.57999,4,50
10,DE,1.0046023,0.82151556,0.59238154,4,999
10,DE,1.0046023,0.82151556,1.1768091,6,38
10,DE,1.0046023,0.82151556,0.7770785,4,50
10,DE,1.0046023,0.82151556,0.5588358,5,40
10,DE,1.0046023,0.82151556,1.2823155,4,45
10,DE,1.0046023,0.82151556,0.49497455,6,60
10,DE,1.0046023,0.82151556,0.84265924,6,23
10,DE,1.0046023,0.82151556,0.47940874,4,40
10,DE,1.0046023,0.82151556,0.5102619,3,47
10,DE,1.0046023,0.82151556,0.77245545,3,41
10,DE,1.0046023,0.82151556,0.49000242,6,20
10,DE,1.0046023,0.82151556,0.5842293,3,46
10,DE,1.0046023,0.82151556,0.3891013,6,35
10,DE,1.0046023,0.82151556,0.4709951,6,45
10,DE,1.0046023,0.82151556,0.6196944,1,999
10,DE,1.0046023,0.82151556,0.5273934,6,60
10,DE,1.0046023,0.82151556,0.5588358,6,8
10,DE,1.0046023,0.82151556,0.77245545,6,60
10,DE,1.0046023,0.82151556,2.1604648,4,30
10,DE,1.0046023,0.82151556,0.49497455,5,38
10,DE,1.0046023,0.82151556,0.57999,5,55
10,DE,1.0046023,0.82151556,0.49000242,5,40
10,DE,1.0046023,0.82151556,0.93492377,4,40
10,DE,1.0046023,0.82151556,0.65610456,4,45
10,DE,1.0046023,0.82151556,0.49020743,6,666
10,DE,1.0046023,0.82151556,0.5862924,4,55
10,DE,1.0046023,0.82151556,0.57999,6,38
10,DE,1.0046023,0.82151556,0.48965093,3,38
10,DE,1.0046023,0.82151556,0.5206894,6,20
10,DE,1.0046023,0.82151556,0.72087276,3,666
10,DE,1.0046023,0.82151556,0.49497455,4,40
10,DE,1.0046023,0.82151556,0.47232667,6,70
10,DE,1.0046023,0.82151556,0.45728162,6,3
10,DE,1.0046023,0.82151556,1.1752414,3,40
10,DE,1.0046023,0.82151556,0.5087317,4,45
10,DE,1.0046023,0.82151556,0.5206894,6,45
10,DE,1.0046023,0.82151556,0.49497455,4,40
10,DE,1.0046023,0.82151556,1.2683845,4,55
10,DE,1.0046023,0.82151556,0.7770785,3,40
10,DE,1.0046023,0.82151556,0.9142216,2,37
10,DE,1.0046023,0.82151556,0.8381757,6,37
10,DE,1.0046023,0.82151556,0.77245545,2,43
10,DE,1.0046023,0.82151556,0.5392715,4,45
10,DE,1.0046023,0.82151556,0.64176625,6,38
10,DE,1.0046023,0.82151556,0.47940874,2,666
10,DE,1.0046023,0.82151556,1.9187179,2,999
10,DE,1.0046023,0.82151556,0.45462623,6,40
10,DE,1.0046023,0.82151556,0.47940874,6,40
10,DE,1.0046023,0.82151556,0.87498605,4,999
10,DE,1.0046023,0.82151556,0.9134945,3,666
10,DE,1.0046023,0.82151556,0.5633152,5,41
10,DE,1.0046023,0.82151556,0.49497455,5,7
10,DE,1.0046023,0.82151556,0.4214874,6,5
10,DE,1.0130444,0.82151556,0.4390131,5,42
10,DE,1.0046023,0.82151556,0.62702096,4,43
10,DE,1.0046023,0.82151556,0.77245545,6,45
10,DE,1.0046023,0.82151556,0.78093904,2,38
10,DE,1.0046023,0.82151556,0.99039847,4,40
10,DE,1.0046023,0.82151556,0.45923847,6,50
10,DE,1.0046023,0.82151556,1.8072726,7,0
10,DE,1.0046023,0.82151556,2.6378977,2,999
10,DE,1.0046023,0.82151556,0.47940874,3,50
10,DE,1.0046023,0.82151556,0.87498605,6,35
10,DE,1.0046023,0.82151556,0.5220938,4,5
10,DE,1.0046023,0.82151556,0.9142216,6,20
10,DE,1.0046023,0.82151556,1.1803502,4,45
10,DE,1.0046023,0.82151556,0.979639,6,13
10,DE,1.0046023,0.82151556,0.5087317,6,40
10,DE,1.0046023,0.82151556,2.996538,4,8
10,DE,1.0046023,0.82151556,0.7460893,7,999
10,DE,1.0046023,0.82151556,0.5649073,5,999
10,DE,1.0046023,0.82151556,0.50612396,4,60
10,DE,1.0046023,0.82151556,1.8864498,5,7
10,DE,1.0046023,0.82151556,0.77245545,6,30
10,DE,1.0046023,0.82151556,1.4508483,6,666
10,DE,1.0046023,0.82151556,0.49497455,5,48
10,DE,1.0046023,0.82151556,0.5117041,4,43
10,DE,1.0046023,0.82151556,0.5555892,6,45
10,DE,1.0046023,0.82151556,0.7481615,6,24
10,DE,1.0046023,0.82151556,1.4873999,3,40
10,DE,1.0046023,0.82151556,0.903398,4,25
10,DE,1.0046023,0.82151556,0.5424216,4,50
10,DE,1.0046023,0.82151556,0.8001355,4,42
10,DE,1.0046023,0.82151556,0.45923847,4,45
10,DE,1.0046023,0.82151556,0.42576477,4,999
10,DE,1.0046023,0.82151556,2.0816622,4,999
10,DE,1.0046023,0.82151556,0.50612396,2,40
10,DE,1.0046023,0.82151556,0.46192226,6,45
10,DE,1.0046023,0.82151556,0.6578015,99,999
10,DE,1.0046023,0.82151556,1.028501,6,666
10,DE,1.0046023,0.82151556,0.57999,6,40
10,DE,1.0046023,0.82151556,1.0837764,3,65
10,DE,1.0046023,0.82151556,0.5087317,2,20
10,DE,1.0046023,0.82151556,0.979639,5,34
10,DE,1.0046023,0.82151556,0.611978,6,40
10,DE,1.0046023,0.82151556,1.9187179,2,999
10,DE,1.0046023,0.82151556,0.6644449,3,35
10,DE,1.0046023,0.82151556,0.57999,4,45
10,DE,1.0046023,0.82151556,0.72087276,7,45
10,DE,1.0046023,0.82151556,1.1803502,4,43
10,DE,1.0046023,0.82151556,0.9691014,4,14
10,DE,0.52648985,0.82151556,0.24208318,6,60
10,DE,1.0046023,0.82151556,0.9652816,6,999
10,DE,1.0046023,0.82151556,0.6196944,2,40
10,DE,1.0046023,0.82151556,0.9652816,6,666
10,DE,1.0046023,0.82151556,0.77245545,3,8
10,DE,1.0046023,0.82151556,1.028501,6,39
10,DE,1.0046023,0.82151556,0.5588358,6,60
10,DE,1.0046023,0.82151556,0.57999,6,37
10,DE,1.0046023,0.82151556,0.979639,6,35
10,DE,1.0046023,0.82151556,1.2823155,5,999
10,DE,1.0046023,0.82151556,0.84265924,6,29
10,DE,1.0046023,0.82151556,0.64159423,3,12
10,DE,1.0046023,0.82151556,0.51271206,4,42
10,DE,1.0046023,0.82151556,0.5988232,3,999
10,DE,1.0046023,0.82151556,0.49497455,4,40
10,DE,1.0046023,0.82151556,1.8659555,6,999
10,DE,1.0046023,0.82151556,0.7770785,4,40
10,DE,1.0046023,0.82151556,0.72087276,6,25
10,DE,1.0046023,0.82151556,2.0122206,4,999
10,DE,1.0046023,0.82151556,0.9652816,6,15
10,DE,1.0046023,0.82151556,0.72262585,3,999
10,DE,1.0046023,0.82151556,1.0437982,5,666
10,DE,1.0046023,0.82151556,0.7770785,4,50
10,DE,1.0046023,0.82151556,0.90082294,6,999
10,DE,1.0046023,0.82151556,0.5988232,4,20
10,DE,1.0046023,0.82151556,1.2683845,6,37
10,DE,1.0046023,0.82151556,0.8430712,5,44
10,DE,1.0046023,0.82151556,3.2862568,5,666
10,DE,1.0046023,0.82151556,1.2547408,5,41
10,DE,1.0046023,0.82151556,0.5424216,6,20
10,DE,1.0046023,0.82151556,0.6644449,5,12
10,DE,1.0046023,0.82151556,1.0535071,6,45
10,DE,1.0046023,0.82151556,0.4111214,4,42
10,DE,1.0046023,0.82151556,0.5649073,4,999
10,DE,1.0046023,0.82151556,0.59431446,4,15
10,DE,1.0046023,0.82151556,0.5424216,6,20
10,DE,1.0046023,0.82151556,0.73806393,6,666
10,DE,1.0046023,0.82151556,0.903398,2,40
10,DE,1.0046023,0.82151556,0.8430712,3,43
10,DE,1.0046023,0.82151556,0.8406947,3,40
10,DE,1.0046023,0.82151556,0.5649073,6,30
10,DE,1.0046023,0.82151556,0.77245545,6,999
10,DE,1.0046023,0.82151556,0.6644449,5,25
10,DE,1.0046023,0.82151556,0.5588358,2,37
10,DE,1.0046023,0.82151556,0.64176625,5,80
10,DE,1.0046023,0.82151556,0.9652816,6,35
10,DE,1.0046023,0.82151556,0.46062,4,40
10,DE,1.0046023,0.82151556,0.47940874,4,999
10,DE,1.0046023,0.82151556,0.71668595,1,24
10,DE,1.0046023,0.82151556,0.89558655,6,999
10,DE,1.0046023,0.82151556,0.45728162,4,22
10,DE,1.0046023,0.82151556,0.73806393,5,45
10,DE,1.0046023,0.82151556,1.8458856,6,6
10,DE,1.0046023,0.82151556,0.42576477,6,45
10,DE,1.0046023,0.82151556,0.50612396,6,43
10,DE,1.0046023,0.82151556,0.8381757,6,20
10,DE,1.0046023,0.82151556,0.7460893,6,40
10,DE,1.0046023,0.82151556,0.47940874,4,37
10,DE,1.0046023,0.82151556,0.47940874,5,45
10,DE,1.0046023,0.82151556,0.9116449,6,39
10,DE,1.0046023,0.82151556,0.6053294,5,999
10,DE,1.0046023,0.82151556,0.9142216,7,20
10,DE,1.0046023,0.82151556,0.49497455,4,40
10,DE,1.0046023,0.82151556,0.46192226,2,40
10,DE,1.0046023,0.82151556,0.7770785,4,48
10,DE,1.0046023,0.82151556,1.0437982,2,40
10,DE,1.0046023,0.82151556,0.53649414,5,45
10,DE,1.0046023,0.82151556,0.8430712,6,42
10,DE,1.0046023,0.82151556,0.9966461,4,40
10,DE,1.0046023,0.82151556,0.8230453,4,999
10,DE,1.0046023,0.82151556,0.79495275,6,35
10,DE,1.0046023,0.82151556,0.72087276,2,40
10,DE,1.0046023,0.82151556,0.6053294,4,35
10,DE,1.0046023,0.82151556,0.49020743,6,45
10,DE,1.0046023,0.82151556,0.7460893,2,999
10,DE,1.0046023,0.82151556,1.1803502,6,35
10,DE,1.0046023,0.82151556,0.6644449,2,30
10,DE,1.0046023,0.82151556,0.47164983,5,40
10,DE,1.0046023,0.82151556,1.2284942,4,41
10,DE,1.0046023,0.82151556,0.5633152,2,39
10,DE,1.0046023,0.82151556,1.39793,6,11
10,DE,1.0046023,0.82151556,0.64176625,4,40
10,DE,1.0046023,0.82151556,0.59238154,5,42
10,DE,1.0046023,0.82151556,0.6644449,4,30
10,DE,1.0046023,0.82151556,0.64176625,4,999
10,DE,1.0046023,0.82151556,0.9357701,4,42
10,DE,1.0046023,0.82151556,0.5842293,6,30
10,DE,1.0046023,0.82151556,1.0683459,3,40
10,DE,1.0046023,0.82151556,0.97588414,6,40
10,DE,1.0046023,0.82151556,0.5842293,4,50
10,DE,1.0046023,0.82151556,0.72262585,6,666
10,DE,1.0046023,0.82151556,0.48965093,6,60
10,DE,1.0046023,0.82151556,1.730858,4,40
10,DE,1.0046023,0.82151556,0.77282447,99,999
10,DE,1.0046023,0.82151556,0.5649073,4,10
10,DE,1.0046023,0.82151556,0.72262585,6,48
10,DE,1.0046023,0.82151556,0.6484355,4,48
10,DE,1.0046023,0.82151556,0.8001355,6,55
10,DE,1.0046023,0.82151556,0.777911,4,25
10,DE,1.0046023,0.82151556,0.55434185,4,40
10,DE,1.0046023,0.82151556,0.9691014,3,23
10,DE,1.0046023,0.82151556,0.71668595,6,35
10,DE,1.0046023,0.82151556,0.5424216,6,22
10,DE,1.0046023,0.82151556,0.47940874,4,55
10,DE,1.0046023,0.82151556,0.5310751,5,50
10,DE,1.0046023,0.82151556,0.49497455,6,45
10,DE,1.0046023,0.82151556,0.7261941,6,7
10,DE,1.0046023,0.82151556,1.4873999,6,50
10,DE,1.0046023,0.82151556,0.6962677,5,50
10,DE,1.0046023,0.82151556,0.6644449,3,20
10,DE,1.0046023,0.82151556,0.6962677,6,15
10,DE,1.0046023,0.82151556,1.0837764,2,43
10,DE,1.0046023,0.82151556,0.47232667,6,45
10,DE,1.0046023,0.82151556,1.2284942,2,35
10,DE,1.0046023,0.82151556,0.46192226,6,50
10,DE,1.0046023,0.82151556,0.7460893,6,4
10,DE,1.0046023,0.82151556,1.8527278,4,50
10,DE,1.0046023,0.82151556,0.5988232,4,60
10,DE,1.0046023,0.82151556,0.5862924,6,26
10,DE,1.0046023,0.82151556,0.903398,6,40
10,DE,1.0046023,0.82151556,0.8381757,2,41
10,DE,1.0046023,0.82151556,0.71668595,99,40
10,DE,1.0046023,0.82151556,0.6644449,4,25
10,DE,1.0046023,0.82151556,1.4818469,3,666
10,DE,1.0046023,0.82151556,0.7481615,4,999
10,DE,1.0130444,0.82151556,0.5250639,7,30
10,DE,1.0046023,0.82151556,0.7770785,2,45
10,DE,1.0046023,0.82151556,0.7481615,6,25
10,DE,1.0046023,0.82151556,0.49000242,4,8
10,DE,1.0046023,0.82151556,1.7413534,6,666
10,DE,1.0046023,0.82151556,0.979639,2,35
10,DE,1.0046023,0.82151556,0.69430506,5,23
10,DE,1.0046023,0.82151556,0.49000242,4,666
10,DE,1.0046023,0.82151556,0.8430712,3,999
10,DE,1.0046023,0.82151556,0.6644449,6,47
10,DE,1.0046023,0.82151556,0.5150917,6,38
10,DE,1.0046023,0.82151556,0.903398,4,6
10,DE,1.0046023,0.82151556,0.9142216,5,15
10,DE,1.0046023,0.82151556,0.89558655,4,999
10,DE,1.0046023,0.82151556,0.45462623,5,25
10,DE,1.0046023,0.82151556,0.903398,4,45
10,DE,1.0130444,0.82151556,0.4293424,3,42
10,DE,1.0046023,0.82151556,0.84265924,6,25
10,DE,1.0046023,0.82151556,1.0147438,4,40
10,DE,1.0046023,0.82151556,0.57999,4,40
10,DE,1.0046023,0.82151556,0.59853566,6,30
10,DE,1.0046023,0.82151556,0.7460893,7,14
10,DE,1.0046023,0.82151556,0.77245545,3,999
10,DE,1.0046023,0.82151556,0.64176625,6,35
10,DE,1.0046023,0.82151556,0.4847319,4,20
10,DE,1.0130444,0.82151556,0.4293424,2,45
10,DE,1.0046023,0.82151556,0.7460893,5,35
10,DE,1.0046023,0.82151556,1.0837764,3,30
10,DE,1.0046023,0.82151556,3.2862568,3,30
10,DE,1.0046023,0.82151556,0.45728162,3,41
10,DE,1.0046023,0.82151556,0.9488299,5,30
10,DE,1.0046023,0.82151556,0.72087276,4,45
10,DE,1.0046023,0.82151556,0.84265924,5,27
10,DE,1.0046023,0.82151556,0.57999,4,42
10,DE,1.0046023,0.82151556,1.3939899,7,47
10,DE,1.0046023,0.82151556,0.8430712,4,39
10,DE,1.0046023,0.82151556,0.7641459,6,40
10,DE,1.0046023,0.82151556,0.46192226,6,60
10,DE,1.0046023,0.82151556,1.2683845,7,10
10,DE,1.0046023,0.82151556,1.4508483,1,999
10,DE,1.0046023,0.82151556,0.4847319,5,39
10,DE,1.0046023,0.82151556,0.6962677,3,30
10,DE,1.0046023,0.82151556,1.2284942,5,30
10,DE,1.0046023,0.82151556,0.611978,3,28
10,DE,1.0046023,0.82151556,0.7460893,4,40
10,DE,1.0046023,0.82151556,1.1768091,3,40
10,DE,1.0046023,0.82151556,0.7460893,6,41
10,DE,1.0046023,0.82151556,1.0910307,3,40
10,DE,1.0046023,0.82151556,1.3514551,3,40
10,DE,1.0046023,0.82151556,0.46958306,4,50
10,DE,1.0046023,0.82151556,0.5424216,6,48
10,DE,1.0046023,0.82151556,0.49497455,6,50
10,DE,1.0046023,0.82151556,0.72087276,4,50
10,DE,1.0046023,0.82151556,0.64159423,7,28
10,DE,1.0046023,0.82151556,2.7239027,5,999
10,DE,1.0046023,0.82151556,0.47232667,6,40
10,DE,1.0046023,0.82151556,0.97917575,6,50
10,DE,1.0046023,0.82151556,0.89558655,7,999
10,DE,1.0046023,0.82151556,0.59238154,4,40
10,DE,1.0046023,0.82151556,0.42576477,4,38
10,DE,1.0046023,0.82151556,0.77245545,6,999
10,DE,1.0046023,0.82151556,1.0618118,5,40
10,DE,1.0046023,0.82151556,1.8659555,6,666
10,DE,1.0046023,0.82151556,0.7641459,6,999
10,DE,1.0046023,0.82151556,0.9652816,6,41
10,DE,1.0046023,0.82151556,0.72262585,5,666
10,DE,1.0046023,0.82151556,0.47232667,4,39
10,DE,1.0046023,0.82151556,0.5117041,4,40
10,DE,1.0046023,0.82151556,0.79495275,3,30
10,DE,1.0046023,0.82151556,0.80175346,4,37
10,DE,1.0046023,0.82151556,0.6202814,5,45
10,DE,1.0046023,0.82151556,0.8430712,5,40
10,DE,1.0046023,0.82151556,0.5938056,6,80
10,DE,1.0046023,0.82151556,0.9116449,5,8
10,DE,1.0130444,0.82151556,0.72693014,6,40
10,DE,1.0046023,0.82151556,0.903398,4,45
10,DE,1.0046023,0.82151556,0.9488299,6,33
10,DE,1.0046023,0.82151556,0.49000242,6,36
10,DE,1.0046023,0.82151556,0.57999,5,30
10,DE,1.0046023,0.82151556,0.49000242,5,40
10,DE,1.0046023,0.82151556,0.65610456,5,7
10,DE,1.0046023,0.82151556,0.71884096,6,11
10,DE,1.0130444,0.82151556,0.56965446,2,46
10,DE,1.0046023,0.82151556,0.46062,5,39
10,DE,1.0046023,0.82151556,0.5004114,4,48
10,DE,1.0046023,0.82151556,0.6644449,3,24
10,DE,1.0046023,0.82151556,2.6245463,2,16
10,DE,1.0046023,0.82151556,1.183685,3,48
10,DE,1.0046023,0.82151556,0.8381757,3,666
10,DE,1.0046023,0.82151556,1.2547408,4,60
10,DE,1.0046023,0.82151556,0.46192226,6,45
10,DE,1.0046023,0.82151556,0.7460893,5,10
10,DE,1.0046023,0.82151556,0.5649073,4,999
10,DE,1.0046023,0.82151556,0.5555892,4,9
10,DE,1.0046023,0.82151556,1.2683845,2,8
10,DE,1.0046023,0.82151556,0.84265924,5,55
10,DE,1.0046023,0.82151556,0.5988232,4,41
10,DE,1.0046023,0.82151556,0.9142216,3,25
10,DE,1.0046023,0.82151556,0.45728162,4,22
10,DE,1.0046023,0.82151556,1.0147438,7,999
10,DE,1.0046023,0.82151556,0.5117041,4,10
10,DE,1.0046023,0.82151556,0.5424216,6,35
10,DE,1.0046023,0.82151556,0.72262585,7,62
10,DE,1.0130444,0.82151556,1.5105461,1,666
10,DE,1.0046023,0.82151556,1.2284942,5,40
10,DE,1.0046023,0.82151556,0.72087276,2,48
10,DE,1.0046023,0.82151556,2.3359077,3,29
10,DE,1.0046023,0.82151556,0.6578015,6,60
10,DE,1.0046023,0.82151556,0.49000242,2,38
10,DE,1.0046023,0.82151556,0.9652816,6,29
10,DE,1.0046023,0.82151556,0.72087276,3,37
10,DE,1.0046023,0.82151556,0.42576477,6,40
10,DE,1.0046023,0.82151556,0.48965093,2,40
10,DE,1.0046023,0.82151556,1.2823155,5,40
10,DE,1.0046023,0.82151556,0.7770785,4,45
10,DE,1.0046023,0.82151556,0.5150917,6,30
10,DE,1.0046023,0.82151556,0.7460893,4,39
10,DE,1.0046023,0.82151556,0.9142216,6,32
10,DE,1.0046023,0.82151556,0.64176625,2,999
10,DE,1.0046023,0.82151556,0.49000242,6,20
10,DE,1.0046023,0.82151556,0.9142216,4,10
10,DE,1.0046023,0.82151556,0.72087276,5,30
10,DE,1.0046023,0.82151556,0.5483194,5,24
10,DE,1.0046023,0.82151556,0.6644449,5,40
10,DE,1.0046023,0.82151556,1.8458856,4,40
10,DE,0.52648985,0.82151556,0.47912267,4,10
10,DE,1.0046023,0.82151556,0.84265924,6,22
10,DE,1.0046023,0.82151556,0.59853566,6,41
10,DE,1.0046023,0.82151556,0.4745927,6,39
10,DE,1.0046023,0.82151556,0.49497455,6,45
10,DE,1.0046023,0.82151556,1.6713306,4,44
10,DE,1.0046023,0.82151556,0.72087276,2,50
10,DE,1.0046023,0.82151556,0.5273934,6,50
10,DE,1.0046023,0.82151556,1.8659555,7,60
10,DE,1.0046023,0.82151556,2.7820985,6,20
10,DE,1.0046023,0.82151556,0.64159423,2,40
10,DE,1.0046023,0.82151556,0.5853512,3,45
10,DE,1.0130444,0.82151556,0.46580365,4,26
10,DE,1.0046023,0.82151556,0.6053294,4,21
10,DE,1.0046023,0.82151556,0.53649414,4,39
10,DE,1.0046023,0.82151556,0.72087276,4,40
10,DE,1.0046023,0.82151556,0.8230453,2,48
10,DE,1.0046023,0.82151556,0.89558655,4,44
10,DE,1.0046023,0.82151556,0.7481615,4,27
10,DE,1.0046023,0.82151556,1.9881635,7,999
10,DE,1.0046023,0.82151556,1.4999746,6,40
10,DE,1.0046023,0.82151556,0.84265924,4,12
10,DE,1.0046023,0.82151556,0.5862924,5,8
10,DE,1.0046023,0.82151556,0.9142216,4,20
10,DE,1.0046023,0.82151556,1.7413534,4,6
10,DE,1.0046023,0.82151556,0.5988232,6,60
10,DE,1.0046023,0.82151556,0.87498605,6,42
10,DE,1.0046023,0.82151556,0.5087317,2,35
10,DE,1.0046023,0.82151556,0.7641459,4,999
10,DE,1.0046023,0.82151556,0.45462623,5,11
10,DE,1.0046023,0.82151556,0.98593336,6,45
10,DE,1.0046023,0.82151556,1.3747772,4,50
10,DE,1.0046023,0.82151556,0.7641459,4,999
10,DE,1.0046023,0.82151556,0.78093904,3,20
10,DE,1.0046023,0.82151556,0.903398,1,999
10,DE,1.0046023,0.82151556,0.5649073,6,26
10,DE,1.0046023,0.82151556,1.4508483,6,999
10,DE,1.0046023,0.82151556,0.4214874,3,6
10,DE,1.0046023,0.82151556,1.0837764,6,50
10,DE,1.0046023,0.82151556,1.0910307,2,50
10,DE,1.0046023,0.82151556,0.903398,2,48
10,DE,1.0046023,0.82151556,0.47940874,2,25
10,DE,1.0046023,0.82151556,0.51271206,5,40
10,DE,1.0046023,0.82151556,0.49497455,6,20
10,DE,1.0046023,0.82151556,0.9652816,4,38
10,DE,1.0046023,0.82151556,0.43535438,6,39
10,DE,1.0046023,0.82151556,0.4847319,4,49
10,DE,1.0046023,0.82151556,1.183685,6,40
10,DE,1.0046023,0.82151556,0.95489913,6,46
10,DE,1.0046023,0.82151556,0.47940874,5,9
10,DE,1.0046023,0.82151556,0.6053294,5,40
10,DE,1.0130444,0.82151556,3.2862568,4,40
10,DE,1.0046023,0.82151556,0.50756145,6,40
10,DE,1.0046023,0.82151556,0.49497455,5,43
10,DE,1.0046023,0.82151556,0.72087276,7,9
10,DE,1.0046023,0.82151556,0.5633152,4,52
10,DE,1.0046023,0.82151556,0.49497455,4,50
10,DE,1.0046023,0.82151556,1.8669425,2,40
10,DE,1.0046023,0.82151556,0.71668595,5,50
10,DE,1.0046023,0.82151556,0.8430712,4,55
10,DE,1.0046023,0.82151556,0.6053294,4,28
10,DE,1.0046023,0.82151556,0.57999,99,999
10,DE,1.0046023,0.82151556,1.2441908,7,666
10,DE,1.0046023,0.82151556,0.56796795,4,45
10,DE,1.0046023,0.82151556,0.5117041,4,999
10,DE,1.0046023,0.82151556,0.979639,6,40
10,DE,1.0046023,0.82151556,0.47940874,3,42
10,DE,1.0046023,0.82151556,0.71668595,4,999
10,DE,1.0046023,0.82151556,0.47232667,6,8
10,DE,1.0046023,0.82151556,0.77245545,4,28
10,DE,1.0046023,0.82151556,0.5117041,3,8
10,DE,1.0046023,0.82151556,0.6644449,3,30
10,DE,1.0046023,0.82151556,0.9652816,99,999
10,DE,1.0046023,0.82151556,0.64159423,5,22
10,DE,1.0046023,0.82151556,0.611978,4,8
10,DE,1.0046023,0.82151556,2.0122206,2,50
10,DE,1.0046023,0.82151556,0.65610456,5,15
10,DE,1.0046023,0.82151556,0.6962677,6,36
10,DE,1.0046023,0.82151556,0.73806393,99,999
10,DE,1.0046023,0.82151556,0.59238154,6,50
10,DE,1.0046023,0.82151556,0.47940874,5,40
10,DE,1.0046023,0.82151556,0.64176625,6,22
10,DE,1.0046023,0.82151556,0.50278074,4,39
10,DE,1.0046023,0.82151556,0.750353,5,999
10,DE,1.0046023,0.82151556,0.5102619,6,20
10,DE,1.0046023,0.82151556,0.5087317,6,37
10,DE,1.0046023,0.82151556,0.51271206,6,55
10,DE,1.0046023,0.82151556,0.5087317,4,45
10,DE,1.0046023,0.82151556,0.9652816,99,999
10,DE,1.0046023,0.82151556,0.57999,6,38
10,DE,1.0046023,0.82151556,0.9142216,3,25
10,DE,1.0046023,0.82151556,0.5572606,5,45
10,DE,1.0046023,0.82151556,0.9266892,6,50
10,DE,1.0046023,0.82151556,1.7364464,6,0
10,DE,1.0046023,0.82151556,0.71668595,4,30
10,DE,1.0046023,0.82151556,0.47164983,4,65
10,DE,1.0046023,0.82151556,0.47940874,4,50
10,DE,1.0046023,0.82151556,0.83030975,5,39
10,DE,1.0046023,0.82151556,0.4847319,6,12
10,DE,1.0046023,0.82151556,0.47940874,4,38
10,DE,1.0046023,0.82151556,2.0816622,5,40
10,DE,1.0046023,0.82151556,0.91332,1,40
10,DE,1.0046023,0.82151556,0.5853512,6,50
10,DE,1.0046023,0.82151556,0.77245545,2,999
10,DE,1.0046023,0.82151556,0.47940874,6,50
10,DE,1.0046023,0.82151556,0.49000242,4,40
10,DE,1.0046023,0.82151556,0.5117041,4,30
10,DE,1.0046023,0.82151556,0.43535438,5,40
10,DE,1.0046023,0.82151556,2.2066238,5,10
10,DE,1.0046023,0.82151556,0.8086729,4,10
10,DE,1.0046023,0.82151556,0.45728162,6,15
10,DE,1.0046023,0.82151556,1.2284,6,30
10,DE,1.0046023,0.82151556,0.84265924,4,14
10,DE,1.0046023,0.82151556,0.87498605,4,999
10,DE,1.0046023,0.82151556,0.50612396,6,43
10,DE,1.0046023,0.82151556,0.47940874,3,999
10,DE,1.0046023,0.82151556,0.63804144,3,38
10,DE,1.0046023,0.82151556,0.6644449,6,40
10,DE,1.0046023,0.82151556,0.50067854,4,45
10,DE,1.0046023,0.82151556,0.57999,5,42
10,DE,1.0046023,0.82151556,0.9625641,4,35
10,DE,1.0046023,0.82151556,0.71884096,6,666
10,DE,1.0046023,0.82151556,0.72087276,4,12
10,DE,1.0046023,0.82151556,0.7460893,6,41
10,DE,1.0046023,0.82151556,0.6644449,5,30
10,DE,1.0046023,0.82151556,0.7460893,4,999
10,DE,1.0046023,0.82151556,3.2862568,1,50
10,DE,1.0046023,0.82151556,0.6644449,6,40
10,DE,1.0046023,0.82151556,1.4979596,5,666
10,DE,1.0046023,0.82151556,0.4559926,6,30
10,DE,1.0046023,0.82151556,0.9488299,5,40
10,DE,1.0046023,0.82151556,0.61339086,2,50
10,DE,1.0046023,0.82151556,0.7641459,7,999
10,DE,1.0046023,0.82151556,0.65610456,6,43
10,DE,1.0046023,0.82151556,1.1768091,3,8
10,DE,1.0046023,0.82151556,0.42576477,6,999
10,DE,1.0046023,0.82151556,0.45728162,6,44
10,DE,1.0046023,0.82151556,0.5988232,99,999
10,DE,1.0046023,0.82151556,0.77245545,6,5
10,DE,1.0046023,0.82151556,0.8823152,4,45
10,DE,1.0046023,0.82151556,0.93492377,6,999
10,DE,1.0046023,0.82151556,0.5862924,6,15
10,DE,1.0046023,0.82151556,0.46192226,4,70
10,DE,1.0046023,0.82151556,0.7481615,4,10
10,DE,1.0046023,0.82151556,1.2547408,4,60
10,DE,1.0046023,0.82151556,0.903398,6,60
10,DE,1.0046023,0.82151556,0.5483194,3,40
10,DE,1.0046023,0.82151556,0.64497447,6,36
10,DE,1.0046023,0.82151556,1.3514551,6,999
10,DE,1.0046023,0.82151556,1.2885052,5,666
10,DE,1.0046023,0.82151556,0.8430712,6,41
10,DE,1.0046023,0.82151556,1.158508,4,30
10,DE,1.0046023,0.82151556,0.6578015,99,40
10,DE,1.0046023,0.82151556,0.49497455,6,50
10,DE,1.0046023,0.82151556,0.77245545,4,12
10,DE,1.0046023,0.82151556,0.8430712,7,40
10,DE,1.0046023,0.82151556,0.9142216,4,62
10,DE,1.0046023,0.82151556,1.4818469,7,39
10,DE,1.0046023,0.82151556,0.7481615,6,12
10,DE,1.0046023,0.82151556,0.9488299,6,45
10,DE,1.0046023,0.82151556,0.89828366,6,15
10,DE,1.0046023,0.82151556,0.77245545,4,32
10,DE,1.0046023,0.82151556,0.6053294,4,30
10,DE,1.0046023,0.82151556,0.9089117,7,6
10,DE,1.0046023,0.82151556,0.979639,4,39
10,DE,1.0046023,0.82151556,1.0683459,7,9
10,DE,1.0046023,0.82151556,0.64497447,3,20
10,DE,1.0046023,0.82151556,0.83330923,6,45
10,DE,1.0046023,0.82151556,0.49000242,4,20
10,DE,1.0046023,0.82151556,0.903398,3,999
10,DE,1.0046023,0.82151556,0.59238154,4,50
10,DE,1.0046023,0.82151556,0.5220938,5,28
10,DE,1.0046023,0.82151556,1.2683845,3,41
10,DE,1.0046023,0.82151556,1.2547408,5,45
10,DE,1.0046023,0.82151556,0.5483194,4,30
10,DE,1.0046023,0.82151556,1.4979596,3,999
10,DE,0.57532686,0.82151556,0.41283742,3,40
10,DE,1.0046023,0.82151556,0.49497455,4,38
10,DE,1.0046023,0.82151556,0.9266892,2,45
10,DE,1.0046023,0.82151556,0.72087276,6,38
10,DE,1.0046023,0.82151556,0.5988232,6,28
10,DE,1.0046023,0.82151556,1.0535071,2,999
10,DE,1.0046023,0.82151556,0.7460893,6,1
10,DE,1.0046023,0.82151556,0.73806393,7,666
10,DE,1.0046023,0.82151556,0.80175346,6,4
10,DE,1.0046023,0.82151556,0.49020743,6,42
10,DE,1.0046023,0.82151556,1.0437982,6,20
10,DE,1.0046023,0.82151556,0.83724916,6,45
10,DE,1.0046023,0.82151556,0.8406947,5,40
10,DE,1.0046023,0.82151556,0.9357701,5,42
10,DE,1.0046023,0.82151556,0.6053294,4,34
10,DE,1.0046023,0.82151556,0.5117041,4,40
10,DE,1.0046023,0.82151556,0.5842293,4,50
10,DE,1.0046023,0.82151556,0.5206894,2,4
10,DE,1.0046023,0.82151556,0.45728162,6,8
10,DE,1.0130444,0.82151556,1.8816382,4,666
10,DE,1.0046023,0.82151556,0.8381757,2,40
10,DE,1.0046023,0.82151556,0.8381757,5,999
10,DE,1.0046023,0.82151556,0.9266892,5,40
10,DE,1.0046023,0.82151556,1.3747772,4,40
10,DE,1.0046023,0.82151556,1.8659555,4,25
10,DE,1.0046023,0.82151556,0.49497455,6,50
10,DE,1.0046023,0.82151556,0.49000242,7,50
10,DE,1.0046023,0.82151556,0.5150917,7,37
10,DE,1.0046023,0.82151556,0.45728162,6,35
10,DE,1.0046023,0.82151556,0.42576477,3,40
10,DE,1.0046023,0.82151556,1.2683845,4,40
10,DE,1.0046023,0.82151556,0.57999,5,35
10,DE,1.0046023,0.82151556,0.72087276,5,666
10,DE,0.52648985,0.82151556,0.37779373,1,666
10,DE,1.0046023,0.82151556,0.8430712,3,40
10,DE,1.0046023,0.82151556,0.903398,5,39
10,DE,1.0046023,0.82151556,1.0837764,2,40
10,DE,1.0046023,0.82151556,3.2862568,4,40
10,DE,1.0046023,0.82151556,1.8458856,6,999
10,DE,1.0046023,0.82151556,0.7770785,6,40
10,DE,1.0046023,0.82151556,1.8659555,4,666
10,DE,1.0046023,0.82151556,1.3138354,5,38
10,DE,1.0046023,0.82151556,0.50067854,6,60
10,DE,1.0046023,0.82151556,0.47940874,4,40
10,DE,1.0046023,0.82151556,0.49020743,4,40
10,DE,1.0046023,0.82151556,0.6962677,5,8
10,DE,1.0046023,0.82151556,0.9691014,99,999
10,DE,1.0046023,0.82151556,0.97588414,2,12
10,DE,1.0046023,0.82151556,0.5842293,6,20
10,DE,1.0046023,0.82151556,0.49000242,6,42
10,DE,1.0046023,0.82151556,0.6644449,6,40
10,DE,1.0046023,0.82151556,0.64176625,4,40
10,DE,1.0046023,0.82151556,0.9488299,2,46
10,DE,1.0046023,0.82151556,0.93492377,6,40
10,DE,1.0046023,0.82151556,0.8430712,6,40
10,DE,1.0046023,0.82151556,0.77245545,6,25
10,DE,1.0046023,0.82151556,0.83330923,6,48
10,DE,1.0046023,0.82151556,0.5273934,1,34
10,DE,1.0046023,0.82151556,0.5483194,6,33
10,DE,1.0046023,0.82151556,0.9142216,6,6
10,DE,1.0046023,0.82151556,0.87498605,2,40
10,DE,1.0046023,0.82151556,1.0437982,7,999
10,DE,1.0046023,0.82151556,0.45923847,4,666
10,DE,1.0046023,0.82151556,0.77245545,7,25
10,DE,1.0046023,0.82151556,0.72262585,7,40
10,DE,1.0046023,0.82151556,0.78093904,4,20
10,DE,1.0046023,0.82151556,0.9652816,6,41
10,DE,1.0046023,0.82151556,0.73806393,6,16
10,DE,1.0046023,0.82151556,0.57999,6,43
10,DE,1.0046023,0.82151556,0.61339086,6,7
10,DE,1.0046023,0.82151556,0.5206894,6,50
10,DE,1.0046023,0.82151556,0.8430712,7,35
10,DE,1.0046023,0.82151556,0.9691014,6,999
10,DE,1.0046023,0.82151556,0.8430712,4,35
10,DE,1.0046023,0.82151556,0.77245545,4,39
10,DE,1.0046023,0.82151556,0.46192226,2,6
10,DE,1.0046023,0.82151556,0.75428396,7,6
10,DE,1.0046023,0.82151556,2.4191086,4,25
10,DE,1.0046023,0.82151556,0.73806393,6,4
10,DE,1.0046023,0.82151556,0.5588358,2,22
10,DE,1.0130444,0.82151556,0.7523592,5,42
10,DE,1.0046023,0.82151556,1.2683845,6,45
10,DE,1.0046023,0.82151556,0.5087317,4,30
10,DE,1.0046023,0.82151556,0.77245545,6,36
10,DE,1.0046023,0.82151556,0.45923847,3,40
10,DE,1.0046023,0.82151556,2.0816622,2,19
10,DE,1.0046023,0.82151556,1.0910307,4,38
10,DE,1.0046023,0.82151556,0.5220938,5,40
10,DE,1.0046023,0.82151556,0.5087317,2,50
10,DE,1.0046023,0.82151556,0.46062,4,60
10,DE,1.0046023,0.82151556,0.4214874,6,31
10,DE,1.0046023,0.82151556,1.183685,6,40
10,DE,1.0046023,0.82151556,0.5004114,4,666
10,DE,1.0046023,0.82151556,1.6050462,2,666
10,DE,1.0046023,0.82151556,0.71884096,4,666
10,DE,1.0046023,0.82151556,1.2284942,2,8
10,DE,1.0046023,0.82151556,0.47940874,6,11
10,DE,1.0046023,0.82151556,0.7641459,4,40
10,DE,1.0046023,0.82151556,0.5392715,3,40
10,DE,1.0046023,0.82151556,1.7413534,6,39
10,DE,1.0046023,0.82151556,0.6578015,6,40
10,DE,1.0046023,0.82151556,0.5988232,3,39
10,DE,1.0046023,0.82151556,0.979639,5,27
10,DE,1.0046023,0.82151556,1.3138354,5,43
10,DE,1.0046023,0.82151556,1.9905784,5,8
10,DE,1.0046023,0.82151556,0.4745927,6,19
10,DE,1.0046023,0.82151556,0.9488299,99,8
10,DE,1.0046023,0.82151556,0.750353,4,25
10,DE,1.0046023,0.82151556,0.5588358,3,40
10,DE,1.0046023,0.82151556,0.979639,4,32
10,DE,1.0046023,0.82151556,0.5862924,4,7
10,DE,1.0046023,0.82151556,2.0816622,4,30
10,DE,1.0046023,0.82151556,0.73806393,2,40
10,DE,1.0046023,0.82151556,1.7413534,6,6
10,DE,1.0046023,0.82151556,0.83030975,6,40
10,DE,1.0046023,0.82151556,0.903398,4,70
10,DE,1.0046023,0.82151556,0.62702096,4,37
10,DE,1.0046023,0.82151556,0.6644449,6,666
10,DE,1.0046023,0.82151556,0.5150917,4,40
10,DE,1.0130444,0.82151556,0.6038552,5,48
10,DE,1.0046023,0.82151556,0.5588358,4,43
10,DE,1.0046023,0.82151556,0.64497447,4,35
10,DE,1.0046023,0.82151556,0.7641459,4,28
10,DE,0.52648985,0.82151556,0.44183508,6,48
10,DE,1.0046023,0.82151556,0.77245545,4,38
10,DE,1.0046023,0.82151556,1.8659555,4,666
10,DE,1.0046023,0.82151556,0.77245545,4,25
10,DE,1.0046023,0.82151556,0.5273934,5,999
10,DE,1.0046023,0.82151556,0.77245545,6,38
10,DE,1.0046023,0.82151556,0.5392715,5,9
10,DE,1.0046023,0.82151556,0.47940874,5,45
10,DE,1.0046023,0.82151556,0.7460893,7,999
10,DE,1.0046023,0.82151556,0.7481615,4,40
10,DE,1.0046023,0.82151556,0.73806393,5,17
10,DE,1.0046023,0.82151556,0.5102619,6,42
10,DE,1.0046023,0.82151556,0.57999,4,999
10,DE,1.0046023,0.82151556,0.5588358,6,55
10,DE,1.0046023,0.82151556,0.6962677,5,9
10,DE,1.0046023,0.82151556,0.90082294,6,999
10,DE,1.0046023,0.82151556,0.7641459,6,70
10,DE,1.0046023,0.82151556,2.8123481,99,38
10,DE,1.0046023,0.82151556,1.8659555,6,666
10,DE,1.0046023,0.82151556,0.46062,6,80
10,DE,1.0046023,0.82151556,0.5150917,4,45
10,DE,1.0046023,0.82151556,0.49497455,5,40
10,DE,1.0046023,0.82151556,1.2683845,6,45
10,DE,1.0046023,0.82151556,0.5483194,6,46
10,DE,1.0046023,0.82151556,0.9142216,5,30
10,DE,1.0046023,0.82151556,0.9357701,6,50
10,DE,1.0046023,0.82151556,0.7081602,3,45
10,DE,1.0046023,0.82151556,3.2862568,3,1
10,DE,1.0046023,0.82151556,0.64497447,6,36
10,DE,1.0046023,0.82151556,2.376706,6,666
10,DE,1.0046023,0.82151556,0.47232667,6,55
10,DE,1.0046023,0.82151556,0.4559926,5,50
10,DE,1.0046023,0.82151556,0.7481615,5,45
10,DE,1.0046023,0.82151556,0.87498605,2,34
10,DE,1.0046023,0.82151556,0.5310751,5,30
10,DE,1.0046023,0.82151556,0.6962677,6,50
10,DE,1.0046023,0.82151556,0.5572606,4,30
10,DE,1.0046023,0.82151556,0.63804144,4,45
10,DE,1.0046023,0.82151556,1.0683459,4,39
10,DE,1.0046023,0.82151556,0.8406947,3,55
10,DE,1.0046023,0.82151556,0.71668595,5,40
10,DE,1.0046023,0.82151556,0.79495275,6,47
10,DE,1.0046023,0.82151556,0.7460893,4,15
10,DE,1.0046023,0.82151556,0.49000242,5,43
10,DE,1.0046023,0.82151556,0.47940874,6,40
10,DE,1.0046023,0.82151556,0.90082294,5,40
10,DE,1.0046023,0.82151556,0.72262585,6,999
10,DE,1.0046023,0.82151556,0.5588358,5,42
10,DE,1.0046023,0.82151556,0.49497455,3,46
10,DE,1.0046023,0.82151556,0.6644449,5,40
10,DE,1.0046023,0.82151556,0.8936806,3,40
10,DE,0.57532686,0.82151556,0.41283742,4,42
10,DE,1.0046023,0.82151556,0.47940874,5,60
10,DE,1.0046023,0.82151556,0.5483194,4,50
10,DE,1.0046023,0.82151556,0.77245545,3,0
10,DE,1.0046023,0.82151556,0.47940874,4,9
10,DE,1.0046023,0.82151556,0.8381757,6,999
10,DE,1.0046023,0.82151556,0.5273934,4,5
10,DE,1.0046023,0.82151556,1.9489388,6,8
10,DE,1.0046023,0.82151556,0.4559926,6,39
10,DE,1.0046023,0.82151556,0.50067854,6,41
10,DE,1.0046023,0.82151556,0.71668595,7,46
10,DE,1.0046023,0.82151556,0.5555892,3,42
10,DE,1.0046023,0.82151556,0.9089117,2,35
10,DE,1.0046023,0.82151556,0.5649073,5,46
10,DE,1.0046023,0.82151556,0.5988232,2,40
10,DE,1.0046023,0.82151556,0.61339086,99,999
10,DE,1.0046023,0.82151556,0.42576477,6,39
10,DE,1.0046023,0.82151556,0.5588358,4,999
10,DE,1.0046023,0.82151556,0.6484355,5,35
10,DE,1.0046023,0.82151556,0.47940874,4,30
10,DE,1.0046023,0.82151556,0.42576477,5,666
10,DE,1.0046023,0.82151556,0.47232667,5,40
10,DE,1.0046023,0.82151556,0.47940874,4,1
10,DE,1.0046023,0.82151556,1.8864498,5,999
10,DE,1.0046023,0.82151556,0.9142216,5,9
10,DE,1.0046023,0.82151556,0.6053294,4,4
10,DE,1.0046023,0.82151556,0.47940874,5,35
10,DE,1.0046023,0.82151556,0.77245545,5,40
10,DE,1.0046023,0.82151556,0.49737647,4,41
10,DE,1.0046023,0.82151556,0.49497455,4,35
10,DE,1.0046023,0.82151556,2.2306173,2,25
10,DE,1.0046023,0.82151556,1.0535071,6,40
10,DE,1.0046023,0.82151556,0.7460893,3,12
10,DE,1.0046023,0.82151556,0.5117041,5,40
10,DE,1.0046023,0.82151556,0.7460893,6,15
10,DE,1.0046023,0.82151556,0.5938056,6,41
10,DE,0.5772695,0.82151556,0.6654257,4,40
10,DE,1.0046023,0.82151556,0.8936806,6,15
10,DE,1.0046023,0.82151556,0.6962677,4,12
10,DE,1.0046023,0.82151556,0.5988232,3,41
10,DE,1.0046023,0.82151556,0.45728162,6,14
10,DE,1.0046023,0.82151556,0.46192226,4,999
10,DE,1.0046023,0.82151556,0.90082294,7,999
10,DE,1.0046023,0.82151556,0.50612396,6,43
10,DE,1.0046023,0.82151556,3.2862568,4,999
10,DE,1.0046023,0.82151556,0.46958306,6,35
10,DE,1.0046023,0.82151556,2.0816622,2,38
10,DE,1.0046023,0.82151556,1.4508483,5,666
10,DE,1.0046023,0.82151556,1.183685,4,40
10,DE,1.0046023,0.82151556,0.78093904,4,40
10,DE,1.0046023,0.82151556,0.46192226,2,25
10,DE,1.0046023,0.82151556,0.77245545,6,5
10,DE,1.0046023,0.82151556,0.48965093,6,50
10,DE,1.0046023,0.82151556,1.0910307,5,45
10,DE,1.0046023,0.82151556,0.903398,2,999
10,DE,1.0046023,0.82151556,0.8950595,4,666
10,DE,1.0046023,0.82151556,0.7460893,2,45
10,DE,1.0046023,0.82151556,0.5988232,4,40
10,DE,1.0046023,0.82151556,0.8430712,6,45
10,DE,1.0046023,0.82151556,0.7261941,4,40
10,DE,1.0046023,0.82151556,0.49497455,4,9
10,DE,1.0046023,0.82151556,2.6245463,2,30
10,DE,1.0046023,0.82151556,0.5483194,5,2
10,DE,1.0046023,0.82151556,0.8136785,6,37
10,DE,1.0046023,0.82151556,0.7481615,3,55
10,DE,1.0046023,0.82151556,0.59245354,4,40
10,DE,1.0046023,0.82151556,0.5424216,5,30
10,DE,1.0046023,0.82151556,0.42576477,4,60
10,DE,1.0046023,0.82151556,0.5988232,4,60
10,DE,1.0046023,0.82151556,0.5483194,5,40
10,DE,1.0046023,0.82151556,0.8936806,4,8
10,DE,1.0046023,0.82151556,0.903398,6,40
10,DE,1.0046023,0.82151556,0.90082294,6,999
10,DE,1.0046023,0.82151556,0.71884096,4,45
10,DE,1.0046023,0.82151556,0.72087276,4,48
10,DE,1.0046023,0.82151556,0.8936806,4,43
10,DE,1.0046023,0.82151556,0.63804144,6,50
10,DE,1.0046023,0.82151556,0.9652816,6,40
10,DE,1.0046023,0.82151556,0.6644449,5,20
10,DE,1.0046023,0.82151556,0.47232667,6,5
10,DE,1.0046023,0.82151556,0.6962677,6,45
10,DE,1.0046023,0.82151556,0.50278074,6,50
10,DE,1.0046023,0.82151556,0.8406947,6,8
10,DE,1.0046023,0.82151556,0.5310751,4,40
10,DE,1.0046023,0.82151556,0.77245545,4,24
10,DE,1.0046023,0.82151556,0.5588358,6,40
10,DE,1.0046023,0.82151556,0.4745927,7,666
10,DE,1.0046023,0.82151556,1.9187179,3,999
10,DE,1.0046023,0.82151556,0.5862924,6,20
10,DE,1.0046023,0.82151556,0.78093904,5,40
10,DE,1.0046023,0.82151556,0.77245545,2,0
10,DE,1.0046023,0.82151556,0.9266892,4,666
10,DE,0.52648985,0.82151556,0.24208318,6,39
10,DE,1.0046023,0.82151556,0.750353,5,50
10,DE,1.0046023,0.82151556,0.5649073,6,20
10,DE,1.0046023,0.82151556,0.45728162,3,56
10,DE,1.0046023,0.82151556,0.5117041,4,30
10,DE,1.0046023,0.82151556,1.2683845,7,40
10,DE,1.0046023,0.82151556,1.7413534,6,8
10,DE,1.0130444,0.82151556,0.7523592,4,37
10,DE,1.0046023,0.82151556,0.89558655,2,15
10,DE,1.0046023,0.82151556,1.549845,6,666
10,DE,1.0046023,0.82151556,0.61339086,6,666
10,DE,1.0046023,0.82151556,0.8136785,99,30
10,DE,1.0046023,0.82151556,0.979639,2,40
10,DE,1.0046023,0.82151556,0.77245545,1,48
10,DE,1.0046023,0.82151556,0.72262585,6,25
10,DE,1.0046023,0.82151556,0.72087276,4,40
10,DE,1.0046023,0.82151556,0.4847319,6,11
10,DE,1.0046023,0.82151556,0.49000242,4,5
10,DE,1.0046023,0.82151556,0.8430712,2,8
10,DE,1.0046023,0.82151556,0.42576477,3,38
10,DE,1.0046023,0.82151556,0.9488299,1,999
10,DE,1.0046023,0.82151556,0.72087276,3,38
10,DE,1.0046023,0.82151556,0.51271206,6,25
10,DE,1.0046023,0.82151556,0.71884096,6,160
10,DE,0.57532686,0.82151556,0.32004017,4,40
10,DE,1.0046023,0.82151556,0.72087276,4,25
10,DE,1.0046023,0.82151556,0.979639,6,27
10,DE,1.0046023,0.82151556,0.979639,4,30
10,DE,1.0046023,0.82151556,0.91332,6,50
10,DE,1.0046023,0.82151556,0.50612396,5,55
10,DE,1.0046023,0.82151556,0.46062,4,50
10,DE,1.0046023,0.82151556,0.84265924,6,25
10,DE,1.0046023,0.82151556,0.4755132,4,40
10,DE,1.0046023,0.82151556,0.91332,6,40
10,DE,1.0046023,0.82151556,0.60718024,4,66
10,DE,0.5772695,0.82151556,0.87437224,5,48
10,DE,1.0046023,0.82151556,0.83030975,2,44
10,DE,1.0046023,0.82151556,0.87498605,2,40
10,DE,1.0046023,0.82151556,1.2683845,4,40
10,DE,1.0046023,0.82151556,0.9142216,6,10
10,DE,1.0046023,0.82151556,0.46062,6,45
10,DE,1.0046023,0.82151556,1.9187179,4,8
10,DE,1.0046023,0.82151556,2.1604648,6,40
10,DE,1.0046023,0.82151556,1.8659555,6,50
10,DE,1.0046023,0.82151556,0.46062,4,50
10,DE,1.0046023,0.82151556,0.5878406,6,31
10,DE,1.0046023,0.82151556,0.87498605,3,36
10,DE,1.0046023,0.82151556,0.49000242,6,41
10,DE,1.0046023,0.82151556,0.5150917,6,45
10,DE,1.0046023,0.82151556,0.8136785,5,999
10,DE,1.0046023,0.82151556,2.4177234,99,40
10,DE,1.0046023,0.82151556,0.5572606,3,9
10,DE,1.0046023,0.82151556,1.0837764,4,40
10,DE,1.0046023,0.82151556,0.4847319,6,38
10,DE,1.0046023,0.82151556,0.46192226,6,40
10,DE,1.0046023,0.82151556,0.8381757,5,999
10,DE,1.0046023,0.82151556,0.6490528,99,999
10,DE,1.0046023,0.82151556,2.2306173,5,666
10,DE,1.0046023,0.82151556,1.2683845,7,40
10,DE,1.0046023,0.82151556,0.5988232,6,40
10,DE,1.0046023,0.82151556,0.57999,6,42
10,DE,1.0046023,0.82151556,0.72087276,2,999
10,DE,1.0046023,0.82151556,0.72087276,6,12
10,DE,1.0046023,0.82151556,0.50067854,6,40
10,DE,1.0046023,0.82151556,0.9142216,4,20
10,DE,1.0046023,0.82151556,0.72087276,3,666
10,DE,1.0046023,0.82151556,0.5572606,4,60
10,DE,1.0046023,0.82151556,1.1580179,6,5
10,DE,1.0046023,0.82151556,0.49000242,4,666
10,DE,1.0046023,0.82151556,0.5206894,4,35
10,DE,1.0046023,0.82151556,0.51271206,5,50
10,DE,1.0046023,0.82151556,0.42576477,5,45
10,DE,1.0046023,0.82151556,1.8458856,6,48
10,DE,1.0046023,0.82151556,0.47232667,5,39
10,DE,1.0046023,0.82151556,0.43535438,4,40
10,DE,1.0046023,0.82151556,1.4999746,5,46
10,DE,1.0046023,0.82151556,1.7413534,3,40
10,DE,1.0046023,0.82151556,0.979639,6,40
10,DE,1.0046023,0.82151556,0.9488299,4,999
10,DE,1.0046023,0.82151556,1.2284942,4,999
10,DE,1.0046023,0.82151556,1.4818469,7,999
10,DE,1.0046023,0.82151556,0.5938056,5,50
10,DE,1.0046023,0.82151556,0.4709951,4,45
10,DE,1.0046023,0.82151556,0.40190277,3,999
10,DE,1.0046023,0.82151556,0.48965093,6,50
10,DE,1.0046023,0.82151556,0.64159423,4,30
10,DE,1.0046023,0.82151556,2.1604648,4,40
10,DE,1.0046023,0.82151556,0.7641459,4,40
10,DE,1.0046023,0.82151556,0.5087317,6,40
10,DE,1.0046023,0.82151556,1.4979596,6,666
10,DE,1.0046023,0.82151556,1.4508483,7,2
10,DE,1.0046023,0.82151556,0.6644449,4,20
10,DE,1.0046023,0.82151556,0.7770785,5,38
10,DE,1.0046023,0.82151556,0.77245545,4,999
10,DE,1.0046023,0.82151556,0.903398,4,40
10,DE,1.0046023,0.82151556,0.50067854,6,40
10,DE,1.0046023,0.82151556,0.5206894,6,5
10,DE,1.0046023,0.82151556,0.50067854,6,50
10,DE,1.0046023,0.82151556,0.49000242,5,666
10,DE,1.0046023,0.82151556,0.90082294,5,666
10,DE,1.0130444,0.82151556,0.85015595,2,999
10,DE,1.0046023,0.82151556,0.5842293,4,23
10,DE,1.0046023,0.82151556,0.9652816,5,40
10,DE,1.0046023,0.82151556,1.4999746,6,4
10,DE,0.5772695,0.82151556,0.6227652,7,41
10,DE,1.0046023,0.82151556,0.50612396,4,43
10,DE,1.0046023,0.82151556,0.5273934,2,42
10,DE,1.0046023,0.82151556,1.3138354,3,60
10,DE,1.0046023,0.82151556,0.5004114,5,999
10,DE,1.0046023,0.82151556,0.57999,5,39
10,DE,1.0046023,0.82151556,0.5938056,4,48
10,DE,1.0046023,0.82151556,0.49497455,4,40
10,DE,1.0046023,0.82151556,0.9652816,7,999
10,DE,1.0046023,0.82151556,0.9134945,6,20
10,DE,1.0046023,0.82151556,0.8823152,6,10
10,DE,1.0046023,0.82151556,0.5150917,4,41
10,DE,1.0046023,0.82151556,0.39304996,6,60
10,DE,1.0046023,0.82151556,0.5206894,4,42
10,DE,1.0046023,0.82151556,0.43535438,6,47
10,DE,1.0046023,0.82151556,0.9488299,3,8
10,DE,1.0046023,0.82151556,0.50612396,5,45
10,DE,1.0046023,0.82151556,0.77282447,5,999
10,DE,1.0046023,0.82151556,0.50067854,6,41
10,DE,1.0046023,0.82151556,0.903398,2,999
10,DE,1.0046023,0.82151556,0.8381757,4,40
10,DE,1.0046023,0.82151556,0.4847319,5,40
10,DE,1.0046023,0.82151556,1.1768091,2,43
10,DE,1.0046023,0.82151556,0.49737647,4,58
10,DE,1.0046023,0.82151556,1.3514551,2,999
10,DE,1.0046023,0.82151556,2.8123481,4,999
10,DE,1.0046023,0.82151556,0.7770785,4,55
10,DE,1.0046023,0.82151556,0.47232667,6,43
10,DE,1.0046023,0.82151556,0.48965093,6,50
10,DE,1.0046023,0.82151556,0.59238154,6,30
10,DE,1.0046023,0.82151556,0.8136785,4,9
10,DE,1.0046023,0.82151556,0.50278074,6,55
10,DE,1.0046023,0.82151556,1.5216395,2,999
10,DE,1.0046023,0.82151556,0.77245545,2,40
10,DE,1.0046023,0.82151556,0.5988184,7,45
10,DE,1.0046023,0.82151556,1.0437982,4,37
10,DE,1.0046023,0.82151556,1.4508483,6,7
10,DE,1.0046023,0.82151556,0.46192226,6,40
10,DE,1.0046023,0.82151556,0.8430712,3,666
10,DE,1.0046023,0.82151556,0.9142216,5,39
10,DE,1.0046023,0.82151556,0.5206894,5,40
10,DE,1.0046023,0.82151556,0.9142216,6,999
10,DE,1.0046023,0.82151556,0.77245545,4,16
10,DE,1.0046023,0.82151556,0.5206894,4,45
10,DE,1.0046023,0.82151556,0.5988232,4,50
10,DE,1.0046023,0.82151556,0.9142216,3,28
10,DE,1.0046023,0.82151556,1.0147438,4,40
10,DE,1.0046023,0.82151556,0.4745927,4,43
10,DE,1.0046023,0.82151556,0.71884096,4,50
10,DE,1.0046023,0.82151556,0.6644449,5,39
10,DE,1.0046023,0.82151556,0.46192226,6,20
10,DE,1.0046023,0.82151556,0.903398,4,40
10,DE,1.0046023,0.82151556,2.0816622,4,15
10,DE,1.0046023,0.82151556,0.77245545,5,15
10,DE,1.0046023,0.82151556,1.0618118,5,40
10,DE,1.0046023,0.82151556,0.903398,3,48
10,DE,1.0046023,0.82151556,0.5102619,6,999
10,DE,1.0046023,0.82151556,0.5572606,5,45
10,DE,1.0046023,0.82151556,0.9691014,3,44
10,DE,1.0046023,0.82151556,0.979639,4,20
10,DE,1.0046023,0.82151556,0.71668595,6,30
10,DE,1.0046023,0.82151556,0.47940874,6,55
10,DE,1.0046023,0.82151556,0.46062,4,39
10,DE,1.0046023,0.82151556,0.64176625,4,999
10,DE,1.0046023,0.82151556,0.6962677,7,48
10,DE,1.0046023,0.82151556,0.9142216,6,50
10,DE,1.0046023,0.82151556,0.90082294,2,40
10,DE,1.0046023,0.82151556,0.84265924,6,62
10,DE,1.0046023,0.82151556,1.0910307,6,40
10,DE,1.0046023,0.82151556,1.183685,6,44
10,DE,1.0046023,0.82151556,0.7460893,3,999
10,DE,0.57532686,0.82151556,0.2930486,1,999
10,DE,1.0046023,0.82151556,0.53649414,4,35
10,DE,1.0046023,0.82151556,0.9691014,6,25
10,DE,1.0046023,0.82151556,1.5216395,1,40
10,DE,1.0046023,0.82151556,0.5087317,3,70
10,DE,1.0046023,0.82151556,0.5087317,5,50
10,DE,1.0046023,0.82151556,0.49497455,4,39
10,DE,1.0046023,0.82151556,0.5483194,4,44
10,DE,1.0046023,0.82151556,0.83030975,6,999
10,DE,1.0046023,0.82151556,0.42576477,4,35
10,DE,1.0046023,0.82151556,0.5938056,3,8
10,DE,1.0046023,0.82151556,0.50612396,5,42
10,DE,1.0046023,0.82151556,0.8086729,4,41
10,DE,1.0046023,0.82151556,0.903398,3,41
10,DE,1.0046023,0.82151556,0.45728162,6,46
10,DE,1.0046023,0.82151556,0.72087276,4,38
10,DE,1.0046023,0.82151556,0.9691014,2,0
10,DE,1.0046023,0.82151556,0.8406947,6,38
10,DE,1.0046023,0.82151556,0.72087276,6,31
10,DE,1.0046023,0.82151556,0.7770785,2,40
10,DE,1.0046023,0.82151556,0.5988232,3,38
10,DE,1.0046023,0.82151556,0.8430712,4,45
10,DE,1.0046023,0.82151556,0.84265924,3,30
10,DE,1.0046023,0.82151556,0.5988184,5,32
10,DE,1.0046023,0.82151556,0.6644449,5,10
10,DE,1.0046023,0.82151556,0.49497455,3,45
10,DE,1.0046023,0.82151556,0.49020743,6,60
10,DE,1.0046023,0.82151556,0.5555892,5,50
10,DE,1.0046023,0.82151556,0.47164983,4,40
10,DE,1.0046023,0.82151556,0.8230453,4,40
10,DE,1.0046023,0.82151556,0.46192226,2,60
10,DE,1.0046023,0.82151556,0.4847319,4,42
10,DE,1.0046023,0.82151556,0.50067854,6,50
10,DE,1.0046023,0.82151556,0.73806393,99,999
10,DE,1.0046023,0.82151556,1.1752414,99,999
10,DE,1.0046023,0.82151556,0.50612396,6,55
10,DE,1.0046023,0.82151556,0.77245545,7,30
10,DE,1.0046023,0.82151556,0.57999,4,50
10,DE,1.0046023,0.82151556,0.9488299,5,20
10,DE,1.0046023,0.82151556,0.7481615,4,25
10,DE,1.0046023,0.82151556,1.3138354,7,31
10,DE,1.0046023,0.82151556,0.8406947,4,80
10,DE,1.0046023,0.82151556,1.730858,2,999
10,DE,1.0046023,0.82151556,0.79495275,6,30
10,DE,1.0046023,0.82151556,1.2885052,6,666
10,DE,1.0046023,0.82151556,0.48965093,6,60
10,DE,1.0046023,0.82151556,0.51271206,4,65
10,DE,1.0046023,0.82151556,0.46192226,6,40
10,DE,1.0046023,0.82151556,0.77245545,4,40
10,DE,1.0046023,0.82151556,0.47232667,6,45
10,DE,1.0046023,0.82151556,0.5572606,99,999
10,DE,1.0046023,0.82151556,0.6053294,4,28
10,DE,1.0046023,0.82151556,1.4818469,6,999
10,DE,1.0046023,0.82151556,0.4847319,4,38
10,DE,1.0046023,0.82151556,0.9652816,4,40
10,DE,1.0046023,0.82151556,1.39793,5,45
10,DE,1.0046023,0.82151556,1.6050462,6,40
10,DE,1.0046023,0.82151556,0.49000242,5,44
10,DE,1.0046023,0.82151556,0.7460893,2,666
10,DE,1.0046023,0.82151556,0.47940874,5,45
10,DE,1.0046023,0.82151556,0.87498605,4,45
10,DE,1.0046023,0.82151556,1.1803502,6,39
10,DE,1.0046023,0.82151556,0.46192226,2,50
10,DE,1.0046023,0.82151556,0.47940874,5,10
10,DE,1.0046023,0.82151556,0.7460893,4,8
10,DE,1.0046023,0.82151556,0.4847319,2,42
10,DE,1.0046023,0.82151556,2.0816622,99,666
10,DE,1.0046023,0.82151556,0.90082294,4,40
10,DE,1.0046023,0.82151556,1.3514551,5,42
10,DE,1.0046023,0.82151556,0.77245545,3,999
10,DE,1.0046023,0.82151556,0.8936806,3,40
10,DE,1.0046023,0.82151556,2.7820985,4,10
10,DE,1.0046023,0.82151556,0.9142216,6,25
10,DE,1.0046023,0.82151556,0.49497455,4,50
10,DE,1.0046023,0.82151556,0.8136785,4,38
10,DE,1.0046023,0.82151556,0.71884096,4,20
10,DE,1.0046023,0.82151556,0.49020743,4,666
10,DE,0.5772695,0.82151556,0.6753229,6,20
10,DE,1.0046023,0.82151556,0.77245545,3,42
10,DE,1.0046023,0.82151556,1.1752414,5,30
10,DE,1.0046023,0.82151556,0.56796795,5,41
10,DE,1.0046023,0.82151556,1.2284942,4,39
10,DE,1.0046023,0.82151556,2.4177234,4,999
10,DE,1.0046023,0.82151556,0.45728162,6,41
10,DE,1.0046023,0.82151556,0.5862924,5,45
10,DE,1.0046023,0.82151556,0.7481615,5,0
10,DE,1.0046023,0.82151556,0.5988184,4,40
10,DE,1.0046023,0.82151556,0.49020743,6,40
10,DE,1.0046023,0.82151556,0.8381757,6,40
10,DE,1.0046023,0.82151556,1.2683845,4,40
10,DE,1.0046023,0.82151556,0.9652816,6,20
10,DE,1.0046023,0.82151556,0.8406947,3,50
10,DE,1.0046023,0.82151556,0.83030975,3,999
10,DE,1.0046023,0.82151556,0.5273934,6,8
10,DE,1.0046023,0.82151556,3.2862568,2,999
10,DE,1.0046023,0.82151556,0.69430506,6,999
10,DE,1.0046023,0.82151556,0.4559926,5,45
10,DE,1.0046023,0.82151556,0.5310751,6,30
10,DE,1.0046023,0.82151556,0.6053294,4,25
10,DE,1.0046023,0.82151556,0.5649073,6,35
10,DE,1.0046023,0.82151556,0.5483194,5,20
10,DE,1.0046023,0.82151556,0.46192226,4,40
10,DE,1.0046023,0.82151556,0.5988232,1,20
10,DE,1.0046023,0.82151556,0.77245545,6,40
10,DE,1.0046023,0.82151556,1.0437982,3,10
10,DE,1.0046023,0.82151556,0.903398,4,38
10,DE,1.0046023,0.82151556,0.7460893,6,666
10,DE,1.0046023,0.82151556,0.53649414,6,25
10,DE,1.0046023,0.82151556,0.97588414,5,14
10,DE,1.0046023,0.82151556,0.903398,5,45
10,DE,1.0046023,0.82151556,0.48965093,4,50
10,DE,1.0046023,0.82151556,0.83030975,6,50
10,DE,1.0046023,0.82151556,0.5988232,4,40
10,DE,1.0046023,0.82151556,0.48965093,6,50
10,DE,1.0046023,0.82151556,0.7641459,3,7
10,DE,1.0046023,0.82151556,0.93492377,5,40
10,DE,1.0046023,0.82151556,1.27181,99,999
10,DE,1.0046023,0.82151556,0.50612396,4,56
10,DE,1.0046023,0.82151556,0.47940874,6,38
10,DE,1.0046023,0.82151556,1.0910307,2,45
10,DE,1.0046023,0.82151556,1.2284942,6,35
10,DE,1.0046023,0.82151556,0.9134945,99,666
10,DE,1.0130444,0.82151556,0.72693014,2,999
10,DE,1.0046023,0.82151556,0.8381757,5,42
10,DE,1.0046023,0.82151556,2.0224733,6,2
10,DE,1.0046023,0.82151556,0.6962677,6,999
10,DE,1.0046023,0.82151556,1.0910307,5,50
10,DE,1.0046023,0.82151556,0.6054002,3,39
10,DE,1.0046023,0.82151556,1.3514551,4,40
10,DE,1.0046023,0.82151556,0.8136785,2,999
10,DE,1.0046023,0.82151556,0.49497455,1,666
10,DE,1.0046023,0.82151556,0.61339086,6,45
10,DE,1.0046023,0.82151556,0.77245545,4,999
10,DE,1.0046023,0.82151556,0.5649073,2,50
10,DE,1.0046023,0.82151556,0.83030975,4,7
10,DE,1.0046023,0.82151556,0.7460893,4,5
10,DE,1.0046023,0.82151556,0.84265924,6,42
10,DE,1.0046023,0.82151556,0.6644449,4,13
10,DE,1.0046023,0.82151556,1.7312369,3,666
10,DE,1.0046023,0.82151556,0.9488299,4,40
10,DE,1.0046023,0.82151556,0.7460893,99,999
10,DE,1.0046023,0.82151556,0.7481615,4,40
10,DE,1.0046023,0.82151556,0.91332,5,45
10,DE,1.0046023,0.82151556,0.7641459,6,40
10,DE,1.0046023,0.82151556,1.3514551,6,38
10,DE,1.0046023,0.82151556,0.6053294,4,20
10,DE,1.0046023,0.82151556,0.64159423,6,38
10,DE,1.0046023,0.82151556,0.5588358,6,50
10,DE,1.0046023,0.82151556,0.77245545,5,999
10,DE,1.0046023,0.82151556,0.91332,3,40
10,DE,1.0046023,0.82151556,0.49000242,6,30
10,DE,1.0046023,0.82151556,1.2547408,6,40
10,DE,1.0046023,0.82151556,0.5988184,2,50
10,DE,1.0046023,0.82151556,1.9187179,6,666
10,DE,1.0046023,0.82151556,0.91332,3,40
10,DE,1.0046023,0.82151556,0.5004114,5,45
10,DE,1.0046023,0.82151556,0.47940874,2,45
10,DE,1.0046023,0.82151556,0.5117041,4,22
10,DE,1.0046023,0.82151556,1.183685,7,999
10,DE,1.0046023,0.82151556,0.77245545,3,42
10,DE,1.0046023,0.82151556,0.5649073,5,666
10,DE,1.0046023,0.82151556,0.5633152,4,40
10,DE,1.0046023,0.82151556,0.903398,2,40
10,DE,1.0046023,0.82151556,0.6644449,6,40
10,DE,1.0046023,0.82151556,0.5117041,2,47
10,DE,1.0046023,0.82151556,0.51271206,4,42
10,DE,1.0046023,0.82151556,1.4818469,4,666
10,DE,1.0046023,0.82151556,0.6962677,6,6
10,DE,1.0046023,0.82151556,0.9116449,7,40
10,DE,1.0046023,0.82151556,0.8950595,6,10
10,DE,1.0046023,0.82151556,0.72262585,4,666
10,DE,1.0046023,0.82151556,0.49000242,6,999
10,DE,1.0046023,0.82151556,0.57999,6,40
10,DE,1.0046023,0.82151556,0.57999,6,999
10,DE,1.0046023,0.82151556,0.5004114,5,45
10,DE,1.0046023,0.82151556,0.5988232,4,26
10,DE,1.0046023,0.82151556,0.7460893,4,39
10,DE,1.0046023,0.82151556,0.71884096,6,40
10,DE,1.0046023,0.82151556,0.4214874,7,37
10,DE,1.0046023,0.82151556,0.91332,2,40
10,DE,1.0046023,0.82151556,0.49020743,6,45
10,DE,1.0046023,0.82151556,0.5853512,4,40
10,DE,1.0046023,0.82151556,0.979639,6,34
10,DE,1.0046023,0.82151556,0.6053294,6,40
10,DE,1.0046023,0.82151556,0.7460893,6,42
10,DE,1.0046023,0.82151556,2.7239027,5,54
10,DE,1.0046023,0.82151556,1.6050462,6,44
10,DE,1.0046023,0.82151556,0.49000242,5,45
10,DE,1.0046023,0.82151556,1.39793,2,999
10,DE,1.0046023,0.82151556,0.4214874,6,41
10,DE,1.0046023,0.82151556,0.5310751,4,28
10,DE,1.0046023,0.82151556,1.1415293,5,40
10,DE,0.57532686,0.82151556,0.5235665,99,28
10,DE,1.0046023,0.82151556,0.6644449,6,999
10,DE,1.0046023,0.82151556,2.0757954,4,999
10,DE,1.0046023,0.82151556,0.47940874,6,45
10,DE,1.0046023,0.82151556,0.47940874,4,70
10,DE,1.0046023,0.82151556,0.71668595,3,20
10,DE,1.0046023,0.82151556,1.2885052,4,999
10,DE,1.0046023,0.82151556,1.3747772,3,38
10,DE,1.0046023,0.82151556,0.5150917,5,39
10,DE,1.0046023,0.82151556,0.5862924,6,50
10,DE,1.0046023,0.82151556,0.77282447,6,45
10,DE,1.0046023,0.82151556,0.8381757,3,65
10,DE,1.0046023,0.82151556,0.63804144,5,40
10,DE,1.0046023,0.82151556,0.5988232,4,50
10,DE,1.0046023,0.82151556,0.69430506,7,9
10,DE,1.0046023,0.82151556,0.4847319,5,14
10,DE,1.0046023,0.82151556,0.59431446,6,40
10,DE,1.0046023,0.82151556,0.64159423,2,8
10,DE,1.0046023,0.82151556,0.83030975,7,999
10,DE,1.0046023,0.82151556,0.87498605,4,60
10,DE,1.0046023,0.82151556,0.903398,5,38
10,DE,1.0046023,0.82151556,2.0122206,2,40
10,DE,1.0046023,0.82151556,1.4999746,6,55
10,DE,1.0046023,0.82151556,2.2306173,3,999
10,DE,1.0046023,0.82151556,0.7460893,7,666
10,DE,1.0046023,0.82151556,0.6202814,6,41
10,DE,1.0130444,0.82151556,2.2493625,3,999
10,DE,1.0046023,0.82151556,0.50612396,6,70
10,DE,1.0046023,0.82151556,0.9652816,6,20
10,DE,1.0046023,0.82151556,0.50612396,4,666
10,DE,1.0046023,0.82151556,0.73806393,4,999
10,DE,1.0046023,0.82151556,0.9142216,99,999
10,DE,1.0046023,0.82151556,0.57999,5,70
10,DE,1.0046023,0.82151556,0.46192226,3,999
10,DE,1.0046023,0.82151556,0.6490528,2,40
10,DE,1.0046023,0.82151556,2.2306173,2,20
10,DE,1.0046023,0.82151556,3.2862568,99,8
10,DE,1.0046023,0.82151556,0.87498605,6,45
10,DE,1.0046023,0.82151556,0.90082294,6,40
10,DE,1.0046023,0.82151556,1.2547408,6,50
10,DE,1.0046023,0.82151556,0.72262585,99,999
10,DE,0.52648985,0.82151556,0.26817325,5,999
10,DE,1.0046023,0.82151556,0.9116449,5,19
10,DE,1.0046023,0.82151556,0.49020743,4,46
10,DE,1.0046023,0.82151556,2.0122206,6,40
10,DE,1.0130444,0.82151556,1.6185342,7,999
10,DE,1.0046023,0.82151556,0.49000242,6,20
10,DE,1.0046023,0.82151556,0.4559926,6,33
10,DE,1.0046023,0.82151556,0.8823152,5,38
10,DE,1.0046023,0.82151556,0.7770785,6,42
10,DE,1.0046023,0.82151556,0.93492377,6,40
10,DE,1.0046023,0.82151556,0.4111214,3,999
10,DE,1.0046023,0.82151556,0.8430712,4,60
10,DE,1.0046023,0.82151556,1.1803502,2,8
10,DE,1.0046023,0.82151556,0.9652816,6,70
10,DE,1.0046023,0.82151556,0.5117041,6,38
10,DE,1.0046023,0.82151556,2.3359077,1,999
10,DE,1.0046023,0.82151556,0.903398,3,999
10,DE,1.0046023,0.82151556,1.2284942,3,42
10,DE,1.0046023,0.82151556,0.77245545,4,9
10,DE,1.0046023,0.82151556,0.5862924,5,40
10,DE,1.0046023,0.82151556,0.8430712,5,38
10,DE,1.0046023,0.82151556,0.71668595,2,38
10,DE,1.0046023,0.82151556,0.9652816,6,666
10,DE,1.0046023,0.82151556,0.55434185,2,30
10,DE,1.0046023,0.82151556,0.979639,6,20
10,DE,1.0046023,0.82151556,1.1803502,5,46
10,DE,1.0046023,0.82151556,1.2284942,6,45
10,DE,1.0046023,0.82151556,0.7641459,4,35
10,DE,1.0046023,0.82151556,0.8406947,99,666
10,DE,1.0046023,0.82151556,0.7481615,3,40
10,DE,1.0046023,0.82151556,1.2885052,4,999
10,DE,1.0046023,0.82151556,0.47164983,3,50
10,DE,1.0046023,0.82151556,1.0910307,6,40
10,DE,1.0046023,0.82151556,0.46062,7,60
10,DE,1.0046023,0.82151556,0.6054002,4,40
10,DE,1.0046023,0.82151556,0.6644449,6,40
10,DE,1.0046023,0.82151556,0.8001355,5,25
10,DE,0.57532686,0.82151556,0.27049726,7,9
10,DE,1.0046023,0.82151556,0.42576477,5,666
10,DE,1.0046023,0.82151556,1.8458856,2,40
10,DE,1.0046023,0.82151556,0.979639,1,999
10,DE,1.0046023,0.82151556,0.4745927,7,999
10,DE,1.0046023,0.82151556,0.49000242,6,45
10,DE,1.0046023,0.82151556,0.7481615,7,45
10,DE,1.0046023,0.82151556,0.750353,4,8
10,DE,1.0046023,0.82151556,0.72087276,5,45
10,DE,1.0046023,0.82151556,0.5102619,4,999
10,DE,1.0046023,0.82151556,0.5988232,5,45
10,DE,1.0046023,0.82151556,0.5938056,6,45
10,DE,1.0046023,0.82151556,0.903398,4,999
10,DE,1.0046023,0.82151556,0.47940874,3,40
10,DE,1.0046023,0.82151556,0.7261941,4,42
10,DE,1.0046023,0.82151556,0.5424216,4,999
10,DE,1.0046023,0.82151556,0.78093904,4,999
10,DE,1.0046023,0.82151556,1.0837764,3,40
10,DE,1.0046023,0.82151556,0.73806393,4,7
10,DE,1.0046023,0.82151556,0.45923847,5,60
10,DE,1.0046023,0.82151556,0.8001355,4,999
10,DE,1.0046023,0.82151556,0.777911,99,999
10,DE,1.0046023,0.82151556,0.7770785,4,38
10,DE,1.0046023,0.82151556,0.60718024,3,42
10,DE,1.0046023,0.82151556,0.93492377,5,999
10,DE,1.0046023,0.82151556,0.5588358,5,24
10,DE,1.0046023,0.82151556,0.5102619,6,999
10,DE,1.0046023,0.82151556,0.5938056,3,40
10,DE,1.0046023,0.82151556,0.72087276,3,8
10,DE,1.0046023,0.82151556,1.183685,6,55
10,DE,1.0046023,0.82151556,1.0535071,4,40
10,DE,1.0046023,0.82151556,0.9652816,3,999
10,DE,1.0046023,0.82151556,0.7770785,5,10
10,DE,1.0046023,0.82151556,0.50612396,3,40
10,DE,1.0046023,0.82151556,0.47940874,6,40
10,DE,1.0046023,0.82151556,0.5206894,5,28
10,DE,1.0046023,0.82151556,0.45923847,4,50
10,DE,0.5772695,0.82151556,0.37798887,6,28
10,DE,1.0046023,0.82151556,0.5483194,4,39
10,DE,1.0046023,0.82151556,0.72087276,4,36
10,DE,1.0046023,0.82151556,0.9142216,2,999
10,DE,1.0046023,0.82151556,0.6962677,5,40
10,DE,1.0046023,0.82151556,0.61339086,4,24
10,DE,1.0046023,0.82151556,0.979639,4,999
10,DE,1.0046023,0.82151556,1.0462518,3,41
10,DE,1.0046023,0.82151556,0.77245545,4,25
10,DE,1.0046023,0.82151556,0.9142216,5,18
10,DE,1.0046023,0.82151556,0.903398,7,42
10,DE,1.0046023,0.82151556,0.903398,5,39
10,DE,1.0046023,0.82151556,1.2284942,4,39
10,DE,1.0046023,0.82151556,1.1768091,99,40
10,DE,1.0046023,0.82151556,0.42576477,4,35
10,DE,1.0046023,0.82151556,1.3898098,4,30
10,DE,1.0046023,0.82151556,2.0816622,6,1
10,DE,1.0046023,0.82151556,0.50278074,6,45
10,DE,1.0046023,0.82151556,0.5616258,4,50
10,DE,1.0046023,0.82151556,2.2306173,4,8
10,DE,1.0046023,0.82151556,0.979639,6,999
10,DE,1.0046023,0.82151556,0.7770785,5,40
10,DE,1.0046023,0.82151556,0.7770785,2,8
10,DE,1.0046023,0.82151556,0.83724916,5,40
10,DE,1.0046023,0.82151556,0.9142216,4,3
10,DE,1.0046023,0.82151556,1.183685,3,999
10,DE,1.0046023,0.82151556,0.65610456,4,40
10,DE,1.0046023,0.82151556,0.9488299,6,39
10,DE,1.0046023,0.82151556,0.87498605,4,36
10,DE,1.0046023,0.82151556,0.9089117,3,30
10,DE,1.0046023,0.82151556,0.6962677,4,20
10,DE,1.0046023,0.82151556,2.8123481,3,999
10,DE,1.0046023,0.82151556,0.9142216,5,22
10,DE,1.0046023,0.82151556,0.9266892,6,40
10,DE,1.0046023,0.82151556,0.6644449,6,999
10,DE,1.0046023,0.82151556,0.6490528,3,45
10,DE,1.0046023,0.82151556,0.72087276,3,35
10,DE,1.0046023,0.82151556,1.7413534,7,40
10,DE,1.0046023,0.82151556,0.72087276,4,36
10,DE,1.0046023,0.82151556,0.5273934,6,55
10,DE,1.0046023,0.82151556,0.63804144,5,40
10,DE,1.0046023,0.82151556,0.9266892,4,40
10,DE,1.0046023,0.82151556,1.0147438,5,25
10,DE,1.0046023,0.82151556,0.979639,5,999
10,DE,1.0046023,0.82151556,0.57999,4,45
10,DE,1.0046023,0.82151556,0.89828366,99,35
10,DE,1.0130444,0.82151556,1.6185342,6,3
10,DE,1.0046023,0.82151556,1.0683459,4,25
10,DE,1.0046023,0.82151556,1.2885052,4,12
10,DE,1.0046023,0.82151556,0.71884096,5,37
10,DE,1.0046023,0.82151556,0.84265924,6,20
10,DE,1.0046023,0.82151556,0.71668595,1,10
10,DE,1.0046023,0.82151556,0.42576477,6,8
10,DE,1.0046023,0.82151556,0.57999,2,45
10,DE,1.0046023,0.82151556,0.5649073,4,33
10,DE,1.0130444,0.82151556,0.85015595,3,39
10,DE,1.0046023,0.82151556,0.5649073,6,40
10,DE,1.0046023,0.82151556,1.8659555,3,8
10,DE,1.0046023,0.82151556,0.93492377,4,30
10,DE,1.0046023,0.82151556,0.7460893,6,39
10,DE,1.0046023,0.82151556,0.750353,6,999
10,DE,1.0046023,0.82151556,0.5087317,4,999
10,DE,1.0046023,0.82151556,0.64159423,4,32
10,DE,1.0046023,0.82151556,0.903398,2,40
10,DE,1.0046023,0.82151556,0.99039847,4,43
10,DE,1.0046023,0.82151556,0.77245545,4,3
10,DE,1.0046023,0.82151556,0.5588358,4,999
10,DE,1.0046023,0.82151556,3.2862568,3,54
10,DE,1.0046023,0.82151556,0.46062,6,30
10,DE,1.0046023,0.82151556,0.72087276,7,30
10,DE,1.0046023,0.82151556,0.47940874,6,999
10,DE,1.0046023,0.82151556,0.72262585,6,3
10,DE,1.0046023,0.82151556,2.1604648,3,999
10,DE,1.0046023,0.82151556,1.2547408,4,10
10,DE,1.0046023,0.82151556,0.90082294,3,41
10,DE,1.0046023,0.82151556,0.46062,2,37
10,DE,1.0046023,0.82151556,0.78093904,4,48
10,DE,1.0046023,0.82151556,1.730858,2,999
10,DE,1.0046023,0.82151556,0.99039847,6,32
10,DE,1.0046023,0.82151556,0.5988232,5,40
10,DE,1.0046023,0.82151556,0.5988232,5,65
10,DE,1.0046023,0.82151556,0.93492377,6,48
10,DE,1.0046023,0.82151556,0.49497455,6,60
10,DE,1.0046023,0.82151556,0.7481615,4,20
10,DE,1.0046023,0.82151556,0.9134945,4,999
10,DE,1.0046023,0.82151556,0.7770785,3,40
10,DE,1.0046023,0.82151556,0.91332,6,40
10,DE,1.0046023,0.82151556,0.59238154,6,45
10,DE,1.0046023,0.82151556,0.64497447,5,34
10,DE,1.0046023,0.82151556,1.549845,4,999
10,DE,1.0046023,0.82151556,0.8430712,6,40
10,DE,1.0046023,0.82151556,0.5588358,5,42
10,DE,1.0046023,0.82151556,1.39793,5,666
10,DE,1.0046023,0.82151556,0.9142216,6,30
10,DE,1.0046023,0.82151556,0.48965093,2,40
10,DE,1.0046023,0.82151556,0.50612396,3,32
10,DE,1.0046023,0.82151556,0.903398,3,999
10,DE,1.0046023,0.82151556,1.4979596,6,10
10,DE,1.0046023,0.82151556,0.71668595,4,23
10,DE,1.0046023,0.82151556,0.6644449,4,30
10,DE,1.0046023,0.82151556,0.5206894,2,40
10,DE,1.0046023,0.82151556,0.9089117,5,45
10,DE,1.0046023,0.82151556,0.77245545,4,999
10,DE,1.0046023,0.82151556,0.5483194,4,30
10,DE,1.0046023,0.82151556,0.8406947,3,38
10,DE,1.0046023,0.82151556,0.77245545,3,40
10,DE,1.0046023,0.82151556,0.83724916,4,40
10,DE,1.0046023,0.82151556,0.9116449,4,40
10,DE,1.0046023,0.82151556,0.45728162,5,9
10,DE,1.0046023,0.82151556,1.2683845,2,50
10,DE,1.0046023,0.82151556,0.7481615,3,45
10,DE,1.0046023,0.82151556,0.45923847,5,50
10,DE,1.0046023,0.82151556,0.6962677,4,39
10,DE,1.0046023,0.82151556,0.777911,6,33
10,DE,1.0046023,0.82151556,0.5649073,4,33
10,DE,1.0046023,0.82151556,0.61339086,1,15
10,DE,1.0046023,0.82151556,0.6053294,4,14
10,DE,1.0046023,0.82151556,0.6962677,5,35
10,DE,1.0046023,0.82151556,0.55434185,4,42
10,DE,1.0046023,0.82151556,1.2441908,3,77
10,DE,1.0046023,0.82151556,0.5588358,4,50
10,DE,1.0046023,0.82151556,1.183685,2,60
10,DE,1.0046023,0.82151556,0.903398,4,48
10,DE,1.0046023,0.82151556,2.8123481,2,40
10,DE,1.0046023,0.82151556,0.5588358,4,999
10,DE,1.0046023,0.82151556,0.57999,6,42
10,DE,1.0046023,0.82151556,2.2306173,99,666
10,DE,1.0046023,0.82151556,0.64497447,4,23
10,DE,1.0130444,0.82151556,1.6185342,6,666
10,DE,1.0046023,0.82151556,0.59238154,4,43
10,DE,1.0046023,0.82151556,1.2683845,3,45
10,DE,1.0046023,0.82151556,0.99039847,4,32
10,DE,1.0046023,0.82151556,0.5588358,6,40
10,DE,0.52648985,0.82151556,0.26817325,6,60
10,DE,1.0046023,0.82151556,0.4745927,6,36
10,DE,1.0046023,0.82151556,0.45728162,5,40
10,DE,1.0046023,0.82151556,0.50067854,6,40
10,DE,1.0046023,0.82151556,0.8381757,6,45
10,DE,1.0046023,0.82151556,1.0535071,3,40
10,DE,1.0046023,0.82151556,0.8406947,5,40
10,DE,1.0046023,0.82151556,0.5310751,5,43
10,DE,1.0046023,0.82151556,0.7770785,2,999
10,DE,1.0046023,0.82151556,0.6644449,6,42
10,DE,1.0046023,0.82151556,0.6644449,5,44
10,DE,1.0046023,0.82151556,0.7460893,4,18
10,DE,1.0046023,0.82151556,0.7481615,5,6
10,DE,1.0046023,0.82151556,0.71884096,7,20
10,DE,1.0046023,0.82151556,0.71668595,5,42
10,DE,1.0046023,0.82151556,0.5004114,5,60
10,DE,1.0046023,0.82151556,0.5273934,6,55
10,DE,1.0046023,0.82151556,0.5310751,6,10
10,DE,1.0046023,0.82151556,0.5220938,6,20
10,DE,1.0046023,0.82151556,0.7641459,4,24
10,DE,1.0046023,0.82151556,0.5988232,6,50
10,DE,1.0046023,0.82151556,0.6962677,2,5
10,DE,1.0046023,0.82151556,1.183685,4,60
10,DE,1.0046023,0.82151556,0.49020743,3,35
10,DE,1.0046023,0.82151556,0.40699133,4,28
10,DE,1.0046023,0.82151556,3.072208,6,666
10,DE,1.0046023,0.82151556,0.71668595,6,30
10,DE,1.0046023,0.82151556,2.1604648,6,20
10,DE,1.0046023,0.82151556,0.49000242,6,32
10,DE,1.0046023,0.82151556,0.9089117,2,32
10,DE,1.0046023,0.82151556,0.46192226,5,50
10,DE,1.0046023,0.82151556,0.75428396,6,53
10,DE,1.0046023,0.82151556,0.903398,5,40
10,DE,1.0046023,0.82151556,0.59238154,6,21
10,DE,1.0046023,0.82151556,0.59238154,4,50
10,DE,1.0046023,0.82151556,1.2683845,3,65
10,DE,1.0046023,0.82151556,0.7460893,6,8
10,DE,0.57532686,0.82151556,0.39874616,7,2
10,DE,1.0046023,0.82151556,1.2683845,6,30
10,DE,1.0046023,0.82151556,1.0535071,4,7
10,DE,1.0046023,0.82151556,0.5588358,3,45
10,DE,1.0046023,0.82151556,2.0816622,6,666
10,DE,1.0046023,0.82151556,1.4999746,3,40
10,DE,1.0046023,0.82151556,0.903398,3,45
10,DE,1.0046023,0.82151556,0.7665104,6,8
10,DE,1.0046023,0.82151556,1.7970549,5,8
10,DE,1.0046023,0.82151556,2.0816622,4,999
10,DE,1.0046023,0.82151556,0.6053294,5,25
10,DE,1.0046023,0.82151556,1.8659555,2,9
10,DE,1.0130444,0.82151556,0.7836087,6,41
10,DE,1.0046023,0.82151556,0.6578015,3,40
10,DE,1.0046023,0.82151556,0.5862924,6,27
10,DE,1.0046023,0.82151556,0.47232667,4,50
10,DE,1.0046023,0.82151556,0.45462623,5,35
10,DE,1.0046023,0.82151556,2.6245463,2,40
10,DE,1.0046023,0.82151556,0.9652816,5,10
10,DE,1.0046023,0.82151556,0.56796795,4,40
10,DE,1.0046023,0.82151556,1.8072726,5,45
10,DE,1.0046023,0.82151556,0.64497447,4,45
10,DE,1.0046023,0.82151556,0.64176625,7,999
10,DE,1.0046023,0.82151556,0.9652816,6,39
10,DE,1.0046023,0.82151556,0.49000242,5,42
10,DE,1.0046023,0.82151556,0.64176625,3,666
10,DE,1.0046023,0.82151556,0.6644449,2,42
10,DE,1.0046023,0.82151556,0.49020743,6,40
10,DE,1.0046023,0.82151556,0.42576477,4,40
10,DE,1.0046023,0.82151556,0.5649073,6,34
10,DE,1.0046023,0.82151556,0.4111214,4,52
10,DE,1.0046023,0.82151556,0.5588358,5,40
10,DE,1.0046023,0.82151556,0.83030975,4,20
10,DE,1.0046023,0.82151556,0.61339086,6,20
10,DE,1.0046023,0.82151556,0.48965093,5,46
10,DE,1.0046023,0.82151556,0.5588358,3,50
10,DE,1.0046023,0.82151556,0.80676556,6,50
10,DE,1.0046023,0.82151556,0.4847319,6,65
10,DE,1.0046023,0.82151556,1.2284942,4,45
10,DE,1.0046023,0.82151556,1.2284942,3,40
10,DE,1.0046023,0.82151556,1.2284942,6,37
10,DE,1.0046023,0.82151556,0.7481615,7,4
10,DE,1.0046023,0.82151556,0.55434185,4,999
10,DE,1.0046023,0.82151556,0.5424216,6,42
10,DE,1.0046023,0.82151556,0.5988184,4,6
10,DE,1.0046023,0.82151556,1.1768091,4,45
10,DE,1.0046023,0.82151556,0.5649073,3,25
10,DE,1.0046023,0.82151556,0.64497447,4,32
10,DE,1.0046023,0.82151556,0.6644449,6,20
10,DE,1.0046023,0.82151556,0.5220938,5,45
10,DE,1.0046023,0.82151556,0.72087276,4,999
10,DE,1.0046023,0.82151556,1.0683459,2,42
10,DE,1.0046023,0.82151556,1.1768091,6,40
10,DE,1.0046023,0.82151556,0.7481615,5,666
10,DE,1.0046023,0.82151556,0.9142216,5,35
10,DE,1.0046023,0.82151556,0.61339086,4,20
10,DE,1.0046023,0.82151556,0.8001355,3,999
10,DE,1.0046023,0.82151556,0.6053294,4,25
10,DE,1.0046023,0.82151556,0.7460893,3,3
10,DE,1.0046023,0.82151556,0.63804144,99,999
10,DE,1.0046023,0.82151556,0.7770785,6,50
10,DE,1.0046023,0.82151556,0.5988232,4,40
10,DE,1.0046023,0.82151556,1.183685,4,37
10,DE,1.0046023,0.82151556,1.39793,7,666
10,DE,1.0130444,0.82151556,0.92190367,5,40
10,DE,1.0046023,0.82151556,0.979639,5,46
10,DE,1.0046023,0.82151556,0.5087317,3,40
10,DE,1.0046023,0.82151556,3.2862568,2,40
10,DE,1.0046023,0.82151556,0.903398,4,45
10,DE,1.0046023,0.82151556,0.9652816,2,15
10,DE,1.0046023,0.82151556,0.7770785,6,666
10,DE,1.0046023,0.82151556,1.3138354,6,42
10,DE,1.0046023,0.82151556,0.8430712,5,30
10,DE,1.0046023,0.82151556,0.7460893,5,999
10,DE,1.0046023,0.82151556,0.5087317,2,50
10,DE,1.0046023,0.82151556,0.8936806,4,38
10,DE,1.0046023,0.82151556,1.3138354,4,35
10,DE,1.0046023,0.82151556,0.979639,4,30
10,DE,1.0046023,0.82151556,0.7173693,1,666
10,DE,1.0046023,0.82151556,0.6644449,4,38
10,DE,1.0046023,0.82151556,0.5862924,6,10
10,DE,1.0046023,0.82151556,0.7770785,5,666
10,DE,1.0046023,0.82151556,1.028501,7,30
10,DE,1.0046023,0.82151556,0.8001355,2,30
10,DE,1.0046023,0.82151556,0.93492377,4,999
10,DE,1.0046023,0.82151556,2.2306173,3,666
10,DE,1.0046023,0.82151556,0.84265924,4,39
10,DE,1.0046023,0.82151556,0.55434185,6,40
10,DE,1.0046023,0.82151556,0.9142216,4,27
10,DE,1.0046023,0.82151556,0.5588358,2,45
10,DE,1.0046023,0.82151556,0.7770785,6,35
10,DE,1.0046023,0.82151556,0.7481615,6,40
10,DE,1.0046023,0.82151556,0.5862924,4,21
10,DE,1.0046023,0.82151556,0.903398,4,999
10,DE,1.0046023,0.82151556,1.7413534,6,12
10,DE,1.0046023,0.82151556,1.3939899,5,999
10,DE,1.0046023,0.82151556,0.8430712,3,40
10,DE,1.0046023,0.82151556,0.5649073,4,24
10,DE,1.0046023,0.82151556,0.69430506,3,30
10,DE,1.0046023,0.82151556,2.1604648,6,40
10,DE,1.0046023,0.82151556,0.79495275,6,18
10,DE,1.0046023,0.82151556,0.95489913,5,42
10,DE,1.0046023,0.82151556,0.72087276,4,20
10,DE,1.0046023,0.82151556,1.183685,4,0
10,DE,1.0046023,0.82151556,0.5588358,3,45
10,DE,1.0046023,0.82151556,0.8430712,6,50
10,DE,1.0046023,0.82151556,0.77245545,4,9
10,DE,1.0046023,0.82151556,0.90082294,99,999
10,DE,1.0046023,0.82151556,1.2683845,5,50
10,DE,1.0046023,0.82151556,0.47940874,6,39
10,DE,1.0046023,0.82151556,0.87498605,7,40
10,DE,1.0046023,0.82151556,1.7364464,4,666
10,DE,1.0046023,0.82151556,0.50612396,6,40
10,DE,1.0046023,0.82151556,0.903398,3,60
10,DE,1.0046023,0.82151556,0.72087276,4,20
10,DE,1.0046023,0.82151556,0.8950595,4,36
10,DE,1.0046023,0.82151556,0.45728162,7,50
10,DE,1.0046023,0.82151556,0.71884096,5,999
10,DE,1.0046023,0.82151556,0.5424216,5,45
10,DE,1.0046023,0.82151556,0.7183895,2,40
10,DE,1.0046023,0.82151556,0.5988232,6,40
10,DE,1.0046023,0.82151556,0.8406947,3,999
10,DE,1.0046023,0.82151556,0.45728162,4,43
10,DE,1.0046023,0.82151556,0.5649073,4,28
10,DE,1.0046023,0.82151556,0.979639,5,26
10,DE,1.0046023,0.82151556,0.5862924,6,10
10,DE,1.0046023,0.82151556,0.42576477,6,8
10,DE,1.0046023,0.82151556,0.84265924,2,20
10,DE,1.0046023,0.82151556,0.4745927,5,45
10,DE,1.0046023,0.82151556,0.5117041,7,40
10,DE,1.0046023,0.82151556,0.7460893,5,40
10,DE,1.0046023,0.82151556,0.6484355,5,35
10,DE,1.0046023,0.82151556,0.45728162,3,37
10,DE,1.0046023,0.82151556,0.49497455,6,40
10,DE,1.0046023,0.82151556,0.50612396,6,45
10,DE,1.0046023,0.82151556,0.77245545,4,30
10,DE,0.5772695,0.82151556,0.5324988,2,40
10,DE,1.0046023,0.82151556,0.5424216,6,35
10,DE,1.0046023,0.82151556,0.46062,6,34
10,DE,1.0046023,0.82151556,0.6644449,5,10
10,DE,1.0046023,0.82151556,0.5102619,5,45
10,DE,1.0046023,0.82151556,0.42576477,5,45
10,DE,1.0046023,0.82151556,0.979639,4,40
10,DE,1.0046023,0.82151556,1.0910307,99,53
10,DE,0.5772695,0.82151556,0.33778787,7,45
10,DE,1.0046023,0.82151556,0.64176625,6,40
10,DE,1.0046023,0.82151556,0.9116449,4,23
10,DE,1.0046023,0.82151556,0.8430712,7,55
10,DE,1.0046023,0.82151556,0.45923847,5,666
10,DE,1.0046023,0.82151556,0.42576477,6,27
10,DE,1.0046023,0.82151556,1.0147438,6,42
10,DE,1.0046023,0.82151556,0.72262585,6,23
10,DE,1.0046023,0.82151556,1.1768091,5,34
10,DE,1.0046023,0.82151556,0.6490528,7,42
10,DE,1.0046023,0.82151556,0.63804144,4,50
10,DE,1.0046023,0.82151556,0.42576477,5,45
10,DE,1.0046023,0.82151556,0.8430712,5,45
10,DE,1.0046023,0.82151556,0.8430712,3,39
10,DE,1.0046023,0.82151556,0.49020743,6,38
10,DE,1.0046023,0.82151556,0.57999,4,45
10,DE,1.0046023,0.82151556,0.5649073,2,25
10,DE,1.0046023,0.82151556,0.5842293,6,34
10,DE,1.0046023,0.82151556,0.43540913,2,10
10,DE,1.0046023,0.82151556,0.5392715,5,45
10,DE,1.0046023,0.82151556,0.5572606,5,999
10,DE,1.0046023,0.82151556,0.50612396,6,15
10,DE,1.0046023,0.82151556,0.6053294,4,46
10,DE,1.0046023,0.82151556,0.48965093,5,40
10,DE,1.0046023,0.82151556,0.5424216,7,35
10,DE,1.0046023,0.82151556,1.2547408,2,20
10,DE,1.0046023,0.82151556,0.90082294,5,40
10,DE,1.0046023,0.82151556,2.1604648,2,999
10,DE,1.0046023,0.82151556,0.5988184,3,55
10,DE,1.0046023,0.82151556,2.0122206,3,41
10,DE,1.0046023,0.82151556,0.903398,5,60
10,DE,0.57532686,0.82151556,0.39874616,6,39
10,DE,1.0046023,0.82151556,0.57999,5,45
10,DE,1.0046023,0.82151556,0.72262585,3,7
10,DE,1.0046023,0.82151556,0.72087276,4,999
10,DE,1.0046023,0.82151556,0.45542914,6,999
10,DE,1.0046023,0.82151556,0.89558655,6,40
10,DE,1.0046023,0.82151556,0.64497447,6,25
10,DE,1.0046023,0.82151556,0.63804144,4,2
10,DE,1.0046023,0.82151556,1.5516373,4,35
10,DE,1.0046023,0.82151556,1.1580179,6,666
10,DE,1.0046023,0.82151556,3.2862568,4,45
10,DE,1.0046023,0.82151556,0.72262585,6,10
10,DE,1.0046023,0.82151556,0.72087276,4,42
10,DE,1.0046023,0.82151556,0.9652816,6,999
10,DE,1.0046023,0.82151556,0.49020743,3,42
10,DE,1.0046023,0.82151556,0.69430506,6,8
10,DE,1.0046023,0.82151556,0.9652816,6,666
10,DE,1.0046023,0.82151556,1.8659555,6,45
10,DE,1.0046023,0.82151556,0.7481615,5,20
10,DE,1.0046023,0.82151556,0.47940874,5,50
10,DE,1.0046023,0.82151556,0.77245545,7,60
10,DE,1.0046023,0.82151556,0.6962677,6,30
10,DE,1.0046023,0.82151556,0.5206894,5,40
10,DE,1.0046023,0.82151556,0.7460893,5,42
10,DE,1.0046023,0.82151556,0.5310751,4,60
10,DE,1.0046023,0.82151556,0.9357701,3,40
10,DE,1.0046023,0.82151556,0.5988232,6,45
10,DE,1.0046023,0.82151556,0.903398,2,45
10,DE,1.0046023,0.82151556,0.5087317,6,30
10,DE,1.0046023,0.82151556,0.9488299,4,41
10,DE,1.0046023,0.82151556,0.8230453,3,999
10,DE,1.0046023,0.82151556,0.72262585,6,50
10,DE,1.0046023,0.82151556,0.9652816,5,7
10,DE,1.0046023,0.82151556,0.979639,4,30
10,DE,1.0046023,0.82151556,0.750353,4,666
10,DE,1.0046023,0.82151556,0.46192226,2,40
10,DE,1.0046023,0.82151556,0.45728162,5,40
10,DE,1.0046023,0.82151556,3.2862568,4,999
10,DE,1.0046023,0.82151556,1.9489388,5,55
10,DE,1.0046023,0.82151556,1.3747772,1,40
10,DE,1.0046023,0.82151556,0.5555892,6,20
10,DE,1.0046023,0.82151556,1.183685,3,40
10,DE,1.0046023,0.82151556,0.90082294,6,40
10,DE,1.0046023,0.82151556,0.9134945,4,999
10,DE,1.0046023,0.82151556,0.9652816,6,12
10,DE,1.0046023,0.82151556,1.183685,4,999
10,DE,0.57532686,0.82151556,0.5235665,2,43
10,DE,1.0046023,0.82151556,0.95489913,7,40
10,DE,1.0046023,0.82151556,0.6962677,6,40
10,DE,1.0046023,0.82151556,0.46192226,6,45
10,DE,1.0046023,0.82151556,0.7641459,5,40
10,DE,1.0046023,0.82151556,0.4847319,6,31
10,DE,1.0046023,0.82151556,0.5649073,5,40
10,DE,1.0046023,0.82151556,0.69222265,6,40
10,DE,1.0046023,0.82151556,0.5150917,4,45
10,DE,1.0046023,0.82151556,0.47940874,4,40
10,DE,1.0046023,0.82151556,1.7364464,6,31
10,DE,1.0046023,0.82151556,0.47164983,6,50
10,DE,1.0046023,0.82151556,0.73806393,6,40
10,DE,1.0046023,0.82151556,0.77282447,6,40
10,DE,1.0046023,0.82151556,0.64497447,6,8
10,DE,1.0046023,0.82151556,0.47232667,7,45
10,DE,1.0046023,0.82151556,0.49497455,2,38
10,DE,1.0046023,0.82151556,0.903398,4,12
10,DE,1.0046023,0.82151556,0.47164983,3,15
10,DE,1.0046023,0.82151556,1.2885052,99,8
10,DE,1.0046023,0.82151556,0.8430712,3,8
10,DE,1.0046023,0.82151556,0.8430712,4,56
10,DE,1.0046023,0.82151556,0.9142216,3,40
10,DE,1.0046023,0.82151556,1.0910307,4,50
10,DE,1.0046023,0.82151556,0.8381757,5,45
10,DE,1.0046023,0.82151556,0.5310751,5,20
10,DE,1.0046023,0.82151556,0.45728162,6,40
10,DE,1.0046023,0.82151556,0.9116449,5,32
10,DE,1.0046023,0.82151556,0.5862924,7,44
10,DE,1.0046023,0.82151556,0.48965093,4,42
10,DE,1.0046023,0.82151556,0.8381757,3,999
10,DE,1.0046023,0.82151556,1.2823155,6,50
10,DE,1.0046023,0.82151556,1.0071982,6,40
10,DE,1.0046023,0.82151556,1.0910307,4,55
10,DE,1.0046023,0.82151556,0.77245545,4,40
10,DE,1.0046023,0.82151556,0.7460893,2,36
10,DE,1.0046023,0.82151556,0.9116449,4,50
10,DE,1.0046023,0.82151556,1.2547408,5,40
10,DE,1.0046023,0.82151556,0.9652816,6,30
10,DE,1.0046023,0.82151556,0.5273934,6,50
10,DE,1.0046023,0.82151556,0.7481615,4,40
10,DE,1.0046023,0.82151556,1.2823155,5,40
10,DE,1.0046023,0.82151556,0.7460893,4,39
10,DE,1.0046023,0.82151556,0.46192226,5,50
10,DE,1.0046023,0.82151556,0.47940874,2,999
10,DE,1.0046023,0.82151556,0.77245545,4,40
10,DE,1.0046023,0.82151556,0.5616258,6,80
10,DE,1.0046023,0.82151556,0.5988184,6,20
10,DE,1.0046023,0.82151556,1.2284942,3,45
10,DE,1.0046023,0.82151556,0.5206894,4,40
10,DE,1.0046023,0.82151556,0.7460893,6,999
10,DE,1.0046023,0.82151556,0.5988184,5,40
10,DE,1.0046023,0.82151556,1.4508483,5,666
10,DE,1.0046023,0.82151556,0.750353,2,50
10,DE,1.0046023,0.82151556,0.72087276,4,42
10,DE,1.0046023,0.82151556,0.80175346,6,999
10,DE,1.0046023,0.82151556,2.0343237,3,999
10,DE,1.0046023,0.82151556,0.7641459,2,40
10,DE,1.0046023,0.82151556,0.80175346,6,9
10,DE,1.0046023,0.82151556,0.84265924,7,999
10,DE,1.0046023,0.82151556,1.8072726,6,20
10,DE,1.0046023,0.82151556,0.903398,2,42
10,DE,1.0046023,0.82151556,0.5649073,5,6
10,DE,1.0046023,0.82151556,0.979639,5,20
10,DE,1.0046023,0.82151556,0.5102619,5,35
10,DE,1.0046023,0.82151556,0.6053294,6,38
10,DE,1.0046023,0.82151556,0.7261941,2,35
10,DE,1.0046023,0.82151556,0.45728162,5,30
10,DE,1.0046023,0.82151556,0.71668595,5,6
10,DE,1.0046023,0.82151556,0.72087276,1,20
10,DE,1.0046023,0.82151556,0.64159423,5,38
10,DE,1.0046023,0.82151556,0.7481615,6,24
10,DE,1.0046023,0.82151556,0.5988232,6,36
10,DE,1.0046023,0.82151556,0.47232667,1,666
10,DE,1.0046023,0.82151556,0.93492377,6,40
10,DE,1.0046023,0.82151556,0.9266892,3,40
10,DE,1.0046023,0.82151556,0.5117041,4,40
10,DE,1.0046023,0.82151556,1.2823155,4,40
10,DE,1.0046023,0.82151556,0.5588358,3,40
10,DE,1.0046023,0.82151556,0.47940874,3,45
10,DE,1.0046023,0.82151556,0.42576477,4,38
10,DE,1.0046023,0.82151556,0.5938056,5,40
10,DE,1.0046023,0.82151556,0.45542914,5,40
10,DE,1.0130444,0.82151556,0.61041605,3,30
10,DE,1.0130444,0.82151556,0.72693014,6,40
10,DE,1.0046023,0.82151556,0.4745927,5,45
10,DE,1.0046023,0.82151556,2.1604648,3,666
10,DE,1.0046023,0.82151556,0.49538425,6,50
10,DE,1.0046023,0.82151556,0.77245545,5,999
10,DE,1.0046023,0.82151556,0.55434185,3,45
10,DE,1.0046023,0.82151556,1.3138354,6,48
10,DE,1.0046023,0.82151556,0.9142216,3,10
10,DE,1.0046023,0.82151556,0.5862924,5,20
10,DE,1.0046023,0.82151556,0.51271206,4,999
10,DE,1.0046023,0.82151556,0.77245545,2,40
10,DE,1.0046023,0.82151556,0.8430712,6,39
10,DE,1.0046023,0.82151556,1.4999746,4,41
10,DE,1.0046023,0.82151556,0.903398,1,55
10,DE,1.0046023,0.82151556,0.57999,5,43
10,DE,1.0046023,0.82151556,1.2885052,7,999
10,DE,1.0046023,0.82151556,0.5310751,6,999
10,DE,1.0046023,0.82151556,0.979639,4,15
10,DE,1.0046023,0.82151556,0.48965093,4,40
10,DE,1.0046023,0.82151556,0.4559926,5,30
10,DE,1.0046023,0.82151556,0.45728162,5,28
10,DE,1.0046023,0.82151556,1.6050462,5,60
10,DE,1.0046023,0.82151556,0.59238154,4,50
10,DE,1.0046023,0.82151556,0.77245545,5,666
10,DE,1.0046023,0.82151556,0.49020743,6,8
10,DE,1.0046023,0.82151556,0.5862924,5,40
10,DE,1.0046023,0.82151556,0.7460893,5,999
10,DE,1.0046023,0.82151556,1.2284942,4,8
10,DE,1.0046023,0.82151556,1.4979596,6,666
10,DE,1.0046023,0.82151556,0.49020743,5,37
10,DE,1.0046023,0.82151556,0.87498605,6,8
10,DE,1.0046023,0.82151556,0.71884096,4,666
10,DE,1.0046023,0.82151556,0.49497455,5,50
10,DE,1.0046023,0.82151556,0.7183895,6,46
10,DE,1.0046023,0.82151556,1.8659555,2,666
10,DE,1.0046023,0.82151556,0.5588358,4,50
10,DE,1.0046023,0.82151556,0.9142216,6,15
10,DE,1.0046023,0.82151556,1.183685,6,50
10,DE,1.0046023,0.82151556,1.0147438,4,30
10,DE,1.0046023,0.82151556,1.39793,4,42
10,DE,1.0046023,0.82151556,0.93492377,6,38
10,DE,1.0046023,0.82151556,0.979639,2,666
10,DE,1.0046023,0.82151556,0.50278074,3,26
10,DE,1.0046023,0.82151556,0.5117041,5,45
10,DE,1.0046023,0.82151556,2.0122206,4,40
10,DE,1.0046023,0.82151556,3.2862568,4,999
10,DE,1.0046023,0.82151556,0.5842293,6,45
10,DE,1.0046023,0.82151556,0.77245545,4,0
10,DE,1.0046023,0.82151556,0.903398,4,30
10,DE,1.0046023,0.82151556,0.49020743,6,10
10,DE,1.0046023,0.82151556,1.8659555,5,20
10,DE,1.0046023,0.82151556,0.8430712,4,999
10,DE,1.0046023,0.82151556,0.50756145,4,40
10,DE,1.0046023,0.82151556,0.47940874,6,38
10,DE,1.0046023,0.82151556,0.46192226,5,42
10,DE,1.0046023,0.82151556,0.9488299,3,21
10,DE,1.0046023,0.82151556,0.99039847,4,50
10,DE,1.0046023,0.82151556,0.57999,5,45
10,DE,1.0046023,0.82151556,0.5206894,6,39
10,DE,1.0046023,0.82151556,0.9488299,4,38
10,DE,1.0046023,0.82151556,0.90082294,2,41
10,DE,1.0046023,0.82151556,0.89828366,6,45
10,DE,1.0046023,0.82151556,0.5483194,7,40
10,DE,1.0046023,0.82151556,0.9142216,6,22
10,DE,1.0046023,0.82151556,0.50612396,5,44
10,DE,1.0046023,0.82151556,0.47940874,6,45
10,DE,1.0046023,0.82151556,0.5150917,5,45
10,DE,1.0046023,0.82151556,1.183685,3,42
10,DE,1.0046023,0.82151556,0.979639,4,8
10,DE,1.0046023,0.82151556,0.50067854,4,8
10,DE,1.0046023,0.82151556,2.1604648,6,35
10,DE,1.0046023,0.82151556,0.4847319,6,36
10,DE,1.0046023,0.82151556,3.2862568,6,42
10,DE,1.0046023,0.82151556,1.0683459,4,40
10,DE,1.0046023,0.82151556,2.0122206,2,999
10,DE,1.0046023,0.82151556,0.9142216,3,999
10,DE,1.0046023,0.82151556,0.90082294,5,45
10,DE,1.0046023,0.82151556,0.77245545,99,21
10,DE,1.0046023,0.82151556,0.95489913,5,21
10,DE,1.0046023,0.82151556,0.6962677,6,40
10,DE,1.0046023,0.82151556,0.5392715,4,4
10,DE,1.0046023,0.82151556,0.72087276,4,666
10,DE,1.0046023,0.82151556,0.9652816,2,19
10,DE,1.0046023,0.82151556,0.77245545,5,30
10,DE,1.0046023,0.82151556,0.7770785,6,40
10,DE,1.0046023,0.82151556,0.6962677,5,19
10,DE,1.0046023,0.82151556,0.59238154,5,60
10,DE,1.0046023,0.82151556,1.7413534,6,42
10,DE,1.0046023,0.82151556,0.77245545,5,25
10,DE,1.0046023,0.82151556,1.183685,5,10
10,DE,1.0046023,0.82151556,0.50612396,2,40
10,DE,1.0046023,0.82151556,1.2683845,6,38
10,DE,1.0046023,0.82151556,0.531104,6,47
10,DE,0.57532686,0.82151556,0.41283742,4,5
10,DE,1.0046023,0.82151556,0.9089117,6,35
10,DE,1.0046023,0.82151556,0.5842293,2,40
10,DE,1.0046023,0.82151556,0.57999,2,40
10,DE,1.0046023,0.82151556,2.0816622,2,40
10,DE,0.52648985,0.82151556,0.26817325,6,42
10,DE,1.0046023,0.82151556,0.9116449,4,35
10,DE,1.0046023,0.82151556,0.7641459,6,20
10,DE,1.0046023,0.82151556,0.78093904,2,30
10,DE,1.0046023,0.82151556,1.3514551,5,36
10,DE,1.0046023,0.82151556,0.51271206,4,40
10,DE,1.0046023,0.82151556,0.83030975,4,39
10,DE,1.0046023,0.82151556,0.7481615,4,666
10,DE,1.0046023,0.82151556,0.8936806,6,50
10,DE,1.0046023,0.82151556,0.7460893,4,45
10,DE,1.0046023,0.82151556,0.8430712,2,35
10,DE,1.0046023,0.82151556,0.7460893,5,5
10,DE,1.0046023,0.82151556,0.93492377,4,38
10,DE,1.0046023,0.82151556,0.64176625,6,10
10,DE,1.0046023,0.82151556,0.5483194,6,28
10,DE,1.0046023,0.82151556,0.8406947,4,999
10,DE,1.0046023,0.82151556,0.5988232,4,40
10,DE,1.0046023,0.82151556,1.2823155,2,45
10,DE,1.0046023,0.82151556,1.9489388,6,666
10,DE,1.0046023,0.82151556,0.979639,4,39
10,DE,1.0046023,0.82151556,0.8086729,3,14
10,DE,1.0046023,0.82151556,2.2306173,3,25
10,DE,1.0046023,0.82151556,0.56796795,4,34
10,DE,1.0046023,0.82151556,0.56796795,4,44
10,DE,1.0046023,0.82151556,0.750353,6,12
10,DE,1.0046023,0.82151556,0.979639,3,39
10,DE,1.0046023,0.82151556,0.6053294,5,30
10,DE,1.0046023,0.82151556,0.7460893,2,42
10,DE,1.0046023,0.82151556,0.5588358,4,999
10,DE,1.0046023,0.82151556,0.50278074,5,38
10,DE,1.0046023,0.82151556,0.64159423,4,38
10,DE,1.0046023,0.82151556,0.46192226,4,50
10,DE,1.0046023,0.82151556,1.2823155,3,55
10,DE,1.0046023,0.82151556,0.9142216,6,999
10,DE,1.0046023,0.82151556,1.183685,6,45
10,DE,1.0046023,0.82151556,0.8430712,2,55
10,DE,1.0046023,0.82151556,0.903398,4,43
10,DE,1.0046023,0.82151556,0.84265924,4,39
10,DE,1.0046023,0.82151556,0.73806393,6,4
10,DE,1.0046023,0.82151556,1.1580179,6,39
10,DE,1.0046023,0.82151556,0.83724916,5,40
10,DE,1.0046023,0.82151556,1.4979596,7,60
10,DE,1.0046023,0.82151556,0.55434185,6,40
10,DE,1.0046023,0.82151556,0.9142216,4,27
10,DE,1.0046023,0.82151556,1.158508,4,45
10,DE,1.0046023,0.82151556,1.3138354,6,45
10,DE,1.0046023,0.82151556,0.84265924,2,8
10,DE,1.0046023,0.82151556,0.55434185,5,40
10,DE,1.0046023,0.82151556,0.903398,5,40
10,DE,1.0046023,0.82151556,1.4979596,3,0
10,DE,1.0130444,0.82151556,0.67002887,6,30
10,DE,1.0046023,0.82151556,0.5150917,6,55
10,DE,1.0046023,0.82151556,0.83030975,7,20
10,DE,1.0046023,0.82151556,0.979639,2,18
10,DE,1.0046023,0.82151556,0.91332,3,40
10,DE,1.0046023,0.82151556,1.0071982,4,42
10,DE,1.0046023,0.82151556,0.77245545,2,40
10,DE,1.0046023,0.82151556,0.4745927,6,42
10,DE,1.0046023,0.82151556,0.9142216,4,40
10,DE,1.0046023,0.82151556,0.9142216,6,40
10,DE,1.0046023,0.82151556,0.78093904,2,38
10,DE,1.0046023,0.82151556,0.69222265,5,999
10,DE,1.0046023,0.82151556,0.59245354,6,999
10,DE,1.0046023,0.82151556,0.84265924,4,34
10,DE,1.0046023,0.82151556,0.83030975,6,35
10,DE,1.0046023,0.82151556,0.8430712,4,40
10,DE,1.0046023,0.82151556,0.979639,4,999
10,DE,1.0046023,0.82151556,0.6053294,6,40
10,DE,1.0046023,0.82151556,0.4755132,5,10
10,DE,1.0046023,0.82151556,0.71668595,4,40
10,DE,1.0046023,0.82151556,0.5842293,7,52
10,DE,1.0046023,0.82151556,1.158508,7,40
10,DE,1.0046023,0.82151556,0.93492377,5,40
10,DE,1.0046023,0.82151556,2.1604648,4,666
10,DE,1.0046023,0.82151556,1.1803502,5,60
10,DE,1.0046023,0.82151556,0.43535438,6,45
10,DE,1.0046023,0.82151556,0.49020743,4,45
10,DE,1.0046023,0.82151556,2.0695705,6,35
10,DE,1.0046023,0.82151556,0.78093904,5,999
10,DE,1.0046023,0.82151556,0.5862924,4,20
10,DE,1.0046023,0.82151556,0.8430712,4,38
10,DE,1.0046023,0.82151556,0.9691014,2,80
10,DE,1.0046023,0.82151556,0.93492377,6,45
10,DE,1.0046023,0.82151556,0.6644449,4,32
10,DE,1.0046023,0.82151556,0.47232667,4,50
10,DE,1.0046023,0.82151556,0.49020743,5,40
10,DE,1.0046023,0.82151556,0.5988232,3,999
10,DE,1.0046023,0.82151556,0.64159423,5,40
10,DE,1.0046023,0.82151556,0.42576477,5,44
10,DE,1.0046023,0.82151556,0.83030975,1,45
10,DE,1.0046023,0.82151556,0.903398,5,666
10,DE,1.0046023,0.82151556,0.59238154,6,43
10,DE,1.0046023,0.82151556,0.45728162,6,70
10,DE,1.0046023,0.82151556,0.4709951,6,6
10,DE,1.0046023,0.82151556,1.4508483,6,40
10,DE,1.0046023,0.82151556,0.9089117,6,50
10,DE,1.0046023,0.82151556,0.40190277,5,18
10,DE,1.0046023,0.82151556,0.5102619,4,20
10,DE,1.0046023,0.82151556,0.5150917,4,999
10,DE,1.0130444,0.82151556,1.7559884,1,999
10,DE,1.0046023,0.82151556,0.50612396,5,40
10,DE,1.0046023,0.82151556,0.46958306,7,9
10,DE,1.0046023,0.82151556,0.5555892,5,43
10,DE,1.0046023,0.82151556,0.9652816,3,37
10,DE,1.0046023,0.82151556,0.9691014,2,40
10,DE,1.0046023,0.82151556,0.72262585,5,9
10,DE,1.0046023,0.82151556,1.0462518,6,21
10,DE,1.0046023,0.82151556,0.903398,4,39
10,DE,1.0046023,0.82151556,0.903398,4,55
10,DE,1.0046023,0.82151556,0.531104,5,30
10,DE,1.0046023,0.82151556,0.9998724,6,5
10,DE,1.0046023,0.82151556,0.7481615,5,0
10,DE,1.0046023,0.82151556,1.0437982,5,42
10,DE,1.0046023,0.82151556,0.72087276,4,999
10,DE,1.0046023,0.82151556,0.72087276,6,40
10,DE,1.0046023,0.82151556,0.49000242,6,40
10,DE,1.0046023,0.82151556,0.57999,6,35
10,DE,1.0046023,0.82151556,0.49737647,6,42
10,DE,1.0046023,0.82151556,0.49497455,6,42
10,DE,1.0046023,0.82151556,0.71884096,5,46
10,DE,1.0046023,0.82151556,0.5588358,5,60
10,DE,1.0046023,0.82151556,0.5004114,6,45
10,DE,1.0046023,0.82151556,0.4745927,5,50
10,DE,1.0046023,0.82151556,0.77245545,4,999
10,DE,1.0046023,0.82151556,0.48965093,6,41
10,DE,1.0046023,0.82151556,0.49497455,4,45
10,DE,1.0046023,0.82151556,1.2683845,4,44
10,DE,1.0046023,0.82151556,0.87498605,4,666
10,DE,1.0046023,0.82151556,0.77245545,4,11
10,DE,1.0046023,0.82151556,0.69430506,6,40
10,DE,1.0046023,0.82151556,0.9998724,4,999
10,DE,1.0046023,0.82151556,1.877851,5,666
10,DE,1.0046023,0.82151556,0.72087276,5,20
10,DE,1.0046023,0.82151556,0.8381757,2,43
10,DE,1.0046023,0.82151556,0.5988232,6,45
10,DE,1.0046023,0.82151556,0.8430712,4,50
10,DE,1.0046023,0.82151556,0.50278074,4,22
10,DE,1.0046023,0.82151556,0.71668595,5,35
10,DE,1.0046023,0.82151556,0.71884096,4,999
10,DE,1.0046023,0.82151556,0.46062,6,41
10,DE,1.0046023,0.82151556,0.46192226,3,42
10,DE,1.0046023,0.82151556,2.2306173,4,999
10,DE,1.0046023,0.82151556,0.5862924,3,15
10,DE,1.0046023,0.82151556,0.9357701,4,45
10,DE,1.0046023,0.82151556,0.69430506,5,40
10,DE,1.0046023,0.82151556,0.89558655,2,38
10,DE,1.0046023,0.82151556,0.71884096,5,44
10,DE,1.0046023,0.82151556,1.2683845,4,60
10,DE,1.0046023,0.82151556,0.4709951,5,50
10,DE,1.0046023,0.82151556,0.903398,6,45
10,DE,1.0046023,0.82151556,0.57999,4,50
10,DE,1.0046023,0.82151556,0.55434185,4,40
10,DE,1.0046023,0.82151556,0.6053294,6,24
10,DE,1.0046023,0.82151556,0.47940874,5,30
10,DE,1.0046023,0.82151556,0.77282447,6,40
10,DE,0.52648985,0.82151556,0.44183508,7,55
10,DE,1.0046023,0.82151556,2.1604648,4,666
10,DE,1.0046023,0.82151556,0.5588358,1,40
10,DE,1.0046023,0.82151556,0.55434185,6,666
10,DE,1.0046023,0.82151556,0.5988232,4,50
10,DE,1.0046023,0.82151556,0.46062,3,39
10,DE,1.0046023,0.82151556,0.50278074,4,32
10,DE,1.0046023,0.82151556,0.7481615,6,39
10,DE,1.0046023,0.82151556,2.0816622,3,40
10,DE,1.0046023,0.82151556,0.8406947,2,38
10,DE,1.0046023,0.82151556,0.4214874,4,45
10,DE,1.0046023,0.82151556,0.7460893,6,1
10,DE,1.0046023,0.82151556,0.903398,4,40
10,DE,1.0046023,0.82151556,0.6054002,99,999
10,DE,1.0046023,0.82151556,0.47232667,6,60
10,DE,1.0046023,0.82151556,0.750353,4,40
10,DE,1.0046023,0.82151556,0.47940874,99,31
10,DE,1.0046023,0.82151556,0.6484355,2,60
10,DE,1.0046023,0.82151556,0.7770785,3,38
10,DE,1.0046023,0.82151556,0.47164983,6,45
10,DE,1.0046023,0.82151556,0.5988232,4,40
10,DE,1.0046023,0.82151556,0.50278074,4,39
10,DE,1.0046023,0.82151556,1.6050462,4,40
10,DE,1.0046023,0.82151556,0.40699133,6,10
10,DE,1.0046023,0.82151556,0.8950595,5,40
10,DE,1.0046023,0.82151556,0.5633152,2,21
10,DE,1.0046023,0.82151556,0.48067966,6,30
10,DE,1.0046023,0.82151556,1.183685,2,42
10,DE,1.0046023,0.82151556,0.5102619,6,8
10,DE,1.0046023,0.82151556,0.42576477,5,9
10,DE,1.0046023,0.82151556,0.56796795,3,43
10,DE,1.0046023,0.82151556,0.8381757,3,40
10,DE,1.0046023,0.82151556,0.6644449,4,35
10,DE,1.0046023,0.82151556,0.9116449,2,35
10,DE,1.0130444,0.82151556,0.92190367,4,5
10,DE,1.0046023,0.82151556,0.9142216,6,27
10,DE,1.0046023,0.82151556,0.89558655,99,999
10,DE,1.0046023,0.82151556,0.9116449,6,666
10,DE,1.0046023,0.82151556,0.9652816,4,5
10,DE,1.0046023,0.82151556,0.73806393,2,6
10,DE,1.0046023,0.82151556,0.48965093,4,999
10,DE,1.0046023,0.82151556,0.4203809,5,20
10,DE,1.0046023,0.82151556,1.0071982,4,44
10,DE,1.0046023,0.82151556,0.6054002,4,999
10,DE,1.0046023,0.82151556,0.54857755,5,6
10,DE,1.0046023,0.82151556,1.183685,3,43
10,DE,1.0046023,0.82151556,0.49020743,5,50
10,DE,1.0046023,0.82151556,0.71884096,1,9
10,DE,1.0046023,0.82151556,0.42576477,4,40
10,DE,1.0046023,0.82151556,0.5483194,7,25
10,DE,1.0046023,0.82151556,1.2547408,6,38
10,DE,1.0046023,0.82151556,0.5842293,3,32
10,DE,1.0046023,0.82151556,0.9488299,6,20
10,DE,1.0046023,0.82151556,0.83330923,4,666
10,DE,1.0046023,0.82151556,0.49000242,5,50
10,DE,1.0046023,0.82151556,0.6578015,3,999
10,DE,1.0046023,0.82151556,0.8406947,4,666
10,DE,1.0046023,0.82151556,0.5117041,4,17
10,DE,1.0046023,0.82151556,1.2683845,5,42
10,DE,1.0046023,0.82151556,0.59245354,4,25
10,DE,1.0046023,0.82151556,0.93492377,4,29
10,DE,1.0046023,0.82151556,1.0683459,4,43
10,DE,1.0046023,0.82151556,0.4847319,4,40
10,DE,1.0046023,0.82151556,1.1803502,5,60
10,DE,1.0046023,0.82151556,0.62702096,4,32
10,DE,1.0046023,0.82151556,1.1803502,3,40
10,DE,1.0046023,0.82151556,0.72087276,6,55
10,DE,1.0046023,0.82151556,2.8123481,5,35
10,DE,1.0046023,0.82151556,0.7460893,7,8
10,DE,1.0046023,0.82151556,0.7481615,6,999
10,DE,1.0046023,0.82151556,1.7413534,3,666
10,DE,1.0046023,0.82151556,1.8458856,3,666
10,DE,1.0046023,0.82151556,0.7770785,5,40
10,DE,1.0046023,0.82151556,0.7641459,4,38
10,DE,1.0046023,0.82151556,0.979639,4,23
10,DE,1.0046023,0.82151556,0.4847319,4,40
10,DE,1.0046023,0.82151556,0.5938056,3,666
10,DE,1.0046023,0.82151556,0.71668595,4,42
10,DE,1.0046023,0.82151556,0.7460893,3,45
10,DE,1.0046023,0.82151556,2.2066548,5,666
10,DE,1.0046023,0.82151556,0.5862924,6,50
10,DE,1.0046023,0.82151556,0.8406947,7,8
10,DE,1.0046023,0.82151556,0.7481615,5,666
10,DE,1.0046023,0.82151556,0.9027818,5,39
10,DE,1.0046023,0.82151556,0.91332,4,45
10,DE,1.0046023,0.82151556,0.7641459,4,40
10,DE,1.0046023,0.82151556,0.59238154,6,60
10,DE,1.0046023,0.82151556,0.5004114,5,40
10,DE,1.0046023,0.82151556,0.5649073,5,25
10,DE,1.0046023,0.82151556,0.8381757,5,40
10,DE,1.0046023,0.82151556,2.0695705,99,666
10,DE,1.0046023,0.82151556,1.6713306,2,666
10,DE,1.0046023,0.82151556,0.979639,4,38
10,DE,1.0046023,0.82151556,0.87498605,3,54
10,DE,1.0046023,0.82151556,0.49538425,2,35
10,DE,1.0046023,0.82151556,1.2284942,5,40
10,DE,1.0046023,0.82151556,0.84265924,2,25
10,DE,1.0046023,0.82151556,0.7460893,5,999
10,DE,1.0046023,0.82151556,0.5853512,4,40
10,DE,1.0046023,0.82151556,0.49737647,5,45
10,DE,1.0046023,0.82151556,0.87498605,3,45
10,DE,1.0046023,0.82151556,0.903398,5,999
10,DE,1.0046023,0.82151556,2.0122206,1,666
10,DE,1.0046023,0.82151556,0.78093904,6,40
10,DE,1.0046023,0.82151556,0.72087276,99,35
10,DE,1.0046023,0.82151556,0.5572606,4,41
10,DE,1.0046023,0.82151556,0.73806393,3,35
10,DE,1.0046023,0.82151556,0.5988232,4,60
10,DE,1.0046023,0.82151556,0.903398,5,50
10,DE,1.0046023,0.82151556,1.1803502,5,45
10,DE,1.0046023,0.82151556,0.6644449,99,999
10,DE,1.0046023,0.82151556,0.61339086,4,25
10,DE,1.0046023,0.82151556,1.0437982,4,43
10,DE,1.0046023,0.82151556,1.4979596,5,666
10,DE,1.0046023,0.82151556,1.183685,2,40
10,DE,1.0046023,0.82151556,0.77245545,6,20
10,DE,1.0046023,0.82151556,0.979639,4,20
10,DE,1.0046023,0.82151556,0.5572606,6,30
10,DE,1.0046023,0.82151556,0.750353,2,999
10,DE,1.0046023,0.82151556,1.2441908,6,666
10,DE,1.0046023,0.82151556,2.376706,4,32
10,DE,1.0046023,0.82151556,0.47164983,2,34
10,DE,1.0046023,0.82151556,3.2862568,5,50
10,DE,1.0046023,0.82151556,0.7641459,6,45
10,DE,1.0046023,0.82151556,0.47164983,6,22
10,DE,1.0046023,0.82151556,0.72087276,4,5
10,DE,1.0046023,0.82151556,0.72087276,3,30
10,DE,1.0046023,0.82151556,0.95489913,4,40
10,DE,1.0046023,0.82151556,0.91332,4,40
10,DE,1.0046023,0.82151556,0.5862924,4,40
10,DE,1.0046023,0.82151556,0.49497455,2,50
10,DE,1.0046023,0.82151556,0.9089117,3,42
10,DE,1.0046023,0.82151556,0.5649073,4,50
10,DE,1.0046023,0.82151556,0.83030975,3,41
10,DE,1.0046023,0.82151556,0.62702096,5,20
10,DE,1.0046023,0.82151556,0.979639,4,25
10,DE,1.0046023,0.82151556,0.7173693,6,42
10,DE,1.0046023,0.82151556,0.49020743,6,40
10,DE,1.0046023,0.82151556,0.72087276,99,999
10,DE,1.0046023,0.82151556,0.5616258,5,50
10,DE,1.0046023,0.82151556,1.9489388,4,38
10,DE,1.0046023,0.82151556,0.40699133,3,43
10,DE,1.0046023,0.82151556,0.89828366,5,45
10,DE,1.0046023,0.82151556,0.9116449,4,999
10,DE,1.0046023,0.82151556,0.90082294,5,4
10,DE,1.0046023,0.82151556,0.59238154,5,999
10,DE,1.0046023,0.82151556,1.0910307,6,65
10,DE,1.0046023,0.82151556,0.8001355,3,32
10,DE,1.0046023,0.82151556,0.5310751,2,40
10,DE,1.0046023,0.82151556,1.1768091,4,40
10,DE,1.0046023,0.82151556,0.79495275,6,10
10,DE,1.0046023,0.82151556,1.1803502,5,42
10,DE,1.0046023,0.82151556,0.9357701,2,55
10,DE,1.0046023,0.82151556,0.95489913,4,40
10,DE,1.0046023,0.82151556,1.183685,4,999
10,DE,1.0046023,0.82151556,0.64176625,5,40
10,DE,1.0046023,0.82151556,1.0683459,4,999
10,DE,1.0046023,0.82151556,0.84265924,4,30
10,DE,1.0046023,0.82151556,0.979639,6,20
10,DE,1.0046023,0.82151556,0.47940874,5,35
10,DE,1.0046023,0.82151556,1.5216395,2,39
10,DE,1.0046023,0.82151556,0.43535438,5,50
10,DE,1.0046023,0.82151556,0.8381757,5,999
10,DE,1.0046023,0.82151556,0.8936806,3,12
10,DE,1.0046023,0.82151556,0.59431446,5,43
10,DE,1.0046023,0.82151556,0.6053294,3,30
10,DE,1.0046023,0.82151556,0.8406947,6,35
10,DE,1.0046023,0.82151556,2.2066548,1,666
10,DE,1.0046023,0.82151556,0.52426046,5,48
10,DE,1.0046023,0.82151556,0.90082294,6,42
10,DE,1.0046023,0.82151556,0.5616258,3,8
10,DE,1.0046023,0.82151556,0.6962677,5,27
10,DE,1.0046023,0.82151556,0.45923847,4,46
10,DE,1.0046023,0.82151556,0.6196944,3,35
10,DE,1.0046023,0.82151556,1.183685,4,8
10,DE,1.0046023,0.82151556,0.63804144,5,45
10,DE,1.0046023,0.82151556,0.78093904,4,38
10,DE,1.0046023,0.82151556,0.903398,6,42
10,DE,1.0046023,0.82151556,0.78093904,5,999
10,DE,1.0046023,0.82151556,0.7460893,4,45
10,DE,1.0046023,0.82151556,2.4191086,4,999
10,DE,1.0046023,0.82151556,0.979639,4,33
10,DE,1.0046023,0.82151556,0.903398,4,45
10,DE,1.0046023,0.82151556,0.49497455,6,50
10,DE,1.0046023,0.82151556,0.6053294,3,60
10,DE,1.0046023,0.82151556,0.7460893,5,40
10,DE,1.0046023,0.82151556,0.6962677,6,38
10,DE,1.0046023,0.82151556,0.6054002,2,50
10,DE,1.0046023,0.82151556,0.77245545,6,40
10,DE,1.0046023,0.82151556,0.49020743,6,5
10,DE,1.0046023,0.82151556,0.5649073,4,34
10,DE,1.0046023,0.82151556,0.50278074,6,42
10,DE,1.0046023,0.82151556,0.49000242,5,19
10,DE,1.0046023,0.82151556,0.47940874,5,50
10,DE,1.0046023,0.82151556,0.7641459,4,43
10,DE,1.0046023,0.82151556,0.69222265,4,38
10,DE,1.0046023,0.82151556,0.979639,6,40
10,DE,1.0046023,0.82151556,0.8430712,6,0
10,DE,1.0046023,0.82151556,0.9652816,4,8
10,DE,1.0046023,0.82151556,0.8430712,6,45
10,DE,1.0046023,0.82151556,0.49020743,6,8
10,DE,1.0046023,0.82151556,0.7770785,5,999
10,DE,1.0046023,0.82151556,0.84265924,4,32
10,DE,1.0046023,0.82151556,0.77245545,5,39
10,DE,1.0046023,0.82151556,0.6484355,4,35
10,DE,1.0046023,0.82151556,1.7413534,6,39
10,DE,1.0046023,0.82151556,0.5273934,5,45
10,DE,1.0046023,0.82151556,1.2823155,3,40
10,DE,1.0046023,0.82151556,0.5649073,4,21
10,DE,1.0046023,0.82151556,0.48965093,3,44
10,DE,1.0046023,0.82151556,1.2683845,6,43
10,DE,1.0046023,0.82151556,0.9142216,4,10
10,DE,1.0046023,0.82151556,0.5616258,4,38
10,DE,1.0046023,0.82151556,1.0462518,3,50
10,DE,1.0046023,0.82151556,0.8936806,4,40
10,DE,1.0046023,0.82151556,0.9652816,4,41
10,DE,1.0046023,0.82151556,0.47164983,4,25
10,DE,1.0046023,0.82151556,0.69430506,6,44
10,DE,1.0046023,0.82151556,0.4847319,6,70
10,DE,1.0046023,0.82151556,0.48965093,4,999
10,DE,1.0046023,0.82151556,0.903398,6,45
10,DE,1.0046023,0.82151556,1.4508483,4,2
10,DE,1.0046023,0.82151556,1.1803502,4,38
10,DE,1.0046023,0.82151556,0.979639,3,4
10,DE,1.0046023,0.82151556,0.49497455,5,41
10,DE,1.0046023,0.82151556,0.4111214,6,55
10,DE,1.0046023,0.82151556,0.79495275,4,999
10,DE,1.0046023,0.82151556,0.7665104,6,38
10,DE,1.0130444,0.82151556,0.85015595,2,999
10,DE,1.0046023,0.82151556,0.5988184,3,32
10,DE,1.0046023,0.82151556,0.9142216,5,7
10,DE,1.0046023,0.82151556,0.9691014,4,30
10,DE,1.0046023,0.82151556,0.9488299,99,999
10,DE,1.0046023,0.82151556,0.5588358,5,42
10,DE,1.0046023,0.82151556,0.8406947,2,40
10,DE,1.0046023,0.82151556,1.158508,3,56
10,DE,1.0046023,0.82151556,0.5842293,6,50
10,DE,1.0046023,0.82151556,0.72087276,5,37
10,DE,1.0046023,0.82151556,0.5206894,4,15
10,DE,1.0046023,0.82151556,0.47940874,5,40
10,DE,1.0046023,0.82151556,2.2306173,5,666
10,DE,1.0130444,0.82151556,0.7789463,3,15
10,DE,1.0046023,0.82151556,0.77245545,5,999
10,DE,1.0046023,0.82151556,0.7158557,5,40
10,DE,1.0046023,0.82151556,0.87498605,4,40
10,DE,1.0046023,0.82151556,1.27181,4,666
10,DE,1.0046023,0.82151556,0.9266892,2,40
10,DE,1.0046023,0.82151556,0.80175346,5,7
10,DE,1.0046023,0.82151556,0.77282447,6,40
10,DE,1.0046023,0.82151556,0.79495275,3,42
10,DE,1.0046023,0.82151556,0.63804144,6,39
10,DE,1.0046023,0.82151556,0.5087317,4,45
10,DE,1.0046023,0.82151556,0.46062,5,50
10,DE,1.0046023,0.82151556,0.8430712,5,999
10,DE,1.0046023,0.82151556,0.49020743,6,60
10,DE,1.0046023,0.82151556,0.9142216,7,999
10,DE,1.0046023,0.82151556,0.53649414,6,40
10,DE,1.0046023,0.82151556,0.77245545,2,40
10,DE,1.0046023,0.82151556,0.77245545,5,41
10,DE,1.0046023,0.82151556,0.3891013,6,40
10,DE,1.0046023,0.82151556,0.5862924,6,45
10,DE,1.0046023,0.82151556,0.64497447,2,19
10,DE,1.0046023,0.82151556,0.6053294,4,38
10,DE,1.0046023,0.82151556,0.9142216,3,39
10,DE,1.0046023,0.82151556,0.46192226,6,12
10,DE,1.0046023,0.82151556,0.8430712,4,40
10,DE,1.0046023,0.82151556,0.5310751,6,43
10,DE,1.0046023,0.82151556,0.93492377,5,42
10,DE,1.0046023,0.82151556,0.7481615,3,666
10,DE,1.0046023,0.82151556,0.5862924,3,44
10,DE,1.0046023,0.82151556,0.5483194,6,40
10,DE,1.0046023,0.82151556,0.5555892,5,35
10,DE,1.0046023,0.82151556,0.6962677,6,4
10,DE,1.0046023,0.82151556,0.77245545,6,42
10,DE,1.0046023,0.82151556,1.4979596,3,36
10,DE,1.0046023,0.82151556,0.7481615,4,25
10,DE,1.0046023,0.82151556,0.64497447,3,40
10,DE,1.0046023,0.82151556,0.97588414,7,999
10,DE,1.0046023,0.82151556,0.5588358,6,48
10,DE,1.0046023,0.82151556,0.6053294,5,45
10,DE,1.0046023,0.82151556,0.50612396,4,40
10,DE,1.0046023,0.82151556,0.43535438,5,42
10,DE,1.0046023,0.82151556,0.90082294,3,40
10,DE,1.0046023,0.82151556,0.6962677,6,40
10,DE,1.0046023,0.82151556,0.57999,6,40
10,DE,1.0046023,0.82151556,1.2683845,6,41
10,DE,1.0046023,0.82151556,0.9652816,6,40
10,DE,1.0046023,0.82151556,1.1415293,6,666
10,DE,1.0046023,0.82151556,1.8659555,6,40
10,DE,1.0046023,0.82151556,0.77245545,6,37
10,DE,1.0046023,0.82151556,2.7820985,4,39
10,DE,1.0046023,0.82151556,0.77245545,2,50
10,DE,1.0046023,0.82151556,0.5273934,4,45
10,DE,1.0046023,0.82151556,0.46062,6,25
10,DE,1.0046023,0.82151556,1.4979596,5,666
10,DE,1.0046023,0.82151556,0.45728162,7,40
10,DE,1.0046023,0.82151556,0.53649414,5,42
10,DE,1.0046023,0.82151556,1.5978634,2,999
10,DE,1.0046023,0.82151556,0.5392715,5,12
10,DE,1.0046023,0.82151556,0.5102619,4,999
10,DE,1.0046023,0.82151556,0.7481615,6,30
10,DE,1.0046023,0.82151556,0.8230453,4,43
10,DE,1.0046023,0.82151556,0.83724916,6,999
10,DE,1.0046023,0.82151556,0.72262585,5,14
10,DE,1.0046023,0.82151556,0.83724916,4,40
10,DE,1.0046023,0.82151556,1.0071982,4,36
10,DE,1.0046023,0.82151556,0.4755132,6,39
10,DE,1.0046023,0.82151556,0.49497455,4,40
10,DE,1.0046023,0.82151556,0.93492377,3,43
10,DE,1.0046023,0.82151556,0.9625641,5,999
10,DE,1.0046023,0.82151556,0.5988232,6,38
10,DE,1.0046023,0.82151556,0.47232667,3,42
10,DE,1.0046023,0.82151556,1.8072726,6,4
10,DE,1.0046023,0.82151556,0.5117041,3,55
10,DE,1.0046023,0.82151556,0.9357701,5,40
10,DE,1.0046023,0.82151556,0.5853512,5,12
10,DE,1.0046023,0.82151556,0.5117041,4,40
10,DE,1.0046023,0.82151556,0.9142216,3,39
10,DE,1.0046023,0.82151556,0.50612396,3,42
10,DE,1.0046023,0.82151556,0.5988232,2,999
10,DE,1.0046023,0.82151556,0.75428396,6,666
10,DE,1.0046023,0.82151556,1.39793,6,40
10,DE,1.0046023,0.82151556,0.40699133,4,34
10,DE,1.0046023,0.82151556,1.1803502,2,50
10,DE,1.0046023,0.82151556,0.56796795,6,45
10,DE,1.0046023,0.82151556,0.5087317,4,28
10,DE,1.0046023,0.82151556,0.46062,3,10
10,DE,1.0046023,0.82151556,0.9652816,7,8
10,DE,1.0046023,0.82151556,0.8430712,3,45
10,DE,1.0046023,0.82151556,0.4745927,4,40
10,DE,0.57532686,0.82151556,0.32004017,5,40
10,DE,1.0046023,0.82151556,0.64176625,5,45
10,DE,1.0046023,0.82151556,0.7481615,5,40
10,DE,1.0046023,0.82151556,0.9488299,5,8
10,DE,1.0046023,0.82151556,0.5087317,2,11
10,DE,1.0046023,0.82151556,0.45728162,5,42
10,DE,1.0046023,0.82151556,0.5087317,6,30
10,DE,1.0046023,0.82151556,0.4214874,6,11
10,DE,1.0046023,0.82151556,0.8430712,5,666
10,DE,1.0046023,0.82151556,0.9691014,6,999
10,DE,1.0046023,0.82151556,0.87498605,4,25
10,DE,1.0046023,0.82151556,0.71668595,6,40
10,DE,1.0046023,0.82151556,0.78093904,6,40
10,DE,1.0046023,0.82151556,0.43535438,6,44
10,DE,1.0046023,0.82151556,0.5616258,4,24
10,DE,1.0046023,0.82151556,1.39793,3,41
10,DE,1.0046023,0.82151556,0.7460893,5,0
10,DE,1.0046023,0.82151556,0.6053294,6,10
10,DE,1.0046023,0.82151556,0.9134945,4,45
10,DE,1.0046023,0.82151556,0.77245545,3,666
10,DE,1.0046023,0.82151556,2.8123481,1,60
10,DE,1.0046023,0.82151556,0.979639,3,40
10,DE,1.0046023,0.82151556,0.47164983,4,999
10,DE,1.0046023,0.82151556,0.71668595,7,40
10,DE,1.0046023,0.82151556,0.45923847,5,50
10,DE,1.0046023,0.82151556,1.0437982,3,45
10,DE,1.0046023,0.82151556,1.0910307,4,38
10,DE,1.0046023,0.82151556,0.8149527,2,50
10,DE,0.5772695,0.82151556,0.34121558,5,42
10,DE,1.0046023,0.82151556,0.9116449,6,100
10,DE,1.0046023,0.82151556,0.49737647,4,42
10,DE,1.0046023,0.82151556,0.5572606,6,45
10,DE,1.0046023,0.82151556,0.9134945,6,38
10,DE,1.0046023,0.82151556,2.376706,4,11
10,DE,1.0046023,0.82151556,0.7173693,5,40
10,DE,1.0046023,0.82151556,0.83030975,6,60
10,DE,1.0046023,0.82151556,0.42576477,4,45
10,DE,1.0046023,0.82151556,0.7158557,4,42
10,DE,1.0046023,0.82151556,0.50612396,6,42
10,DE,1.0046023,0.82151556,0.90082294,2,20
10,DE,1.0046023,0.82151556,1.2547408,6,40
10,DE,1.0046023,0.82151556,0.77245545,4,55
10,DE,1.0046023,0.82151556,0.47164983,4,666
10,DE,1.0046023,0.82151556,0.9488299,6,20
10,DE,1.0046023,0.82151556,0.5273934,3,55
10,DE,1.0046023,0.82151556,0.9116449,6,30
10,DE,1.0046023,0.82151556,0.7481615,4,40
10,DE,1.0046023,0.82151556,0.47940874,7,168
10,DE,1.0046023,0.82151556,0.62702096,4,37
10,DE,1.0046023,0.82151556,0.9116449,4,39
10,DE,1.0046023,0.82151556,0.7481615,5,80
10,DE,1.0046023,0.82151556,0.5988232,3,45
10,DE,1.0046023,0.82151556,1.8072726,7,999
10,DE,1.0046023,0.82151556,1.2683845,4,40
10,DE,1.0046023,0.82151556,0.7460893,4,10
10,DE,1.0046023,0.82151556,0.3891013,6,8
10,DE,1.0046023,0.82151556,0.5087317,4,30
10,DE,1.0046023,0.82151556,0.55434185,6,35
10,DE,1.0046023,0.82151556,0.7460893,3,2
10,DE,1.0046023,0.82151556,0.63804144,4,40
10,DE,1.0046023,0.82151556,0.9116449,3,45
10,DE,1.0046023,0.82151556,0.43540913,6,45
10,DE,1.0046023,0.82151556,0.47940874,5,50
10,DE,1.0046023,0.82151556,0.7460893,6,40
10,DE,1.0046023,0.82151556,1.0462518,4,40
10,DE,1.0046023,0.82151556,0.47940874,7,49
10,DE,1.0046023,0.82151556,0.46192226,4,40
10,DE,1.0046023,0.82151556,0.6644449,5,37
10,DE,1.0046023,0.82151556,0.531104,6,45
10,DE,1.0046023,0.82151556,1.3747772,3,40
10,DE,1.0046023,0.82151556,0.49497455,2,54
10,DE,1.0046023,0.82151556,0.59431446,5,30
10,DE,1.0046023,0.82151556,0.5424216,5,42
10,DE,1.0046023,0.82151556,0.8381757,5,40
10,DE,1.0046023,0.82151556,0.5150917,3,40
10,DE,1.0046023,0.82151556,0.6484355,4,40
10,DE,1.0046023,0.82151556,0.5649073,4,30
10,DE,1.0046023,0.82151556,2.0816622,3,999
10,DE,1.0046023,0.82151556,0.72087276,4,35
10,DE,1.0046023,0.82151556,0.50612396,6,39
10,DE,1.0046023,0.82151556,0.4847319,4,40
10,DE,1.0046023,0.82151556,0.48965093,4,50
10,DE,1.0046023,0.82151556,0.77245545,2,40
10,DE,1.0046023,0.82151556,0.49497455,6,999
10,DE,1.0046023,0.82151556,1.9881635,6,2
10,DE,1.0046023,0.82151556,1.4979596,4,38
10,DE,1.0046023,0.82151556,0.87498605,4,42
10,DE,1.0046023,0.82151556,2.1604648,5,22
10,DE,1.0046023,0.82151556,0.45728162,5,20
10,DE,1.0046023,0.82151556,2.6245463,2,20
10,DE,1.0046023,0.82151556,0.9116449,6,35
10,DE,1.0046023,0.82151556,0.5988232,7,999
10,DE,1.0046023,0.82151556,0.5988184,2,2
10,DE,1.0046023,0.82151556,0.61339086,2,20
10,DE,1.0046023,0.82151556,0.71668595,5,40
10,DE,1.0046023,0.82151556,0.903398,3,45
10,DE,1.0046023,0.82151556,0.43540913,6,33
10,DE,1.0046023,0.82151556,0.7770785,5,999
10,DE,1.0046023,0.82151556,0.5862924,5,28
10,DE,1.0046023,0.82151556,1.2885052,6,666
10,DE,1.0046023,0.82151556,0.95489913,5,999
10,DE,1.0046023,0.82151556,0.7173693,6,35
10,DE,1.0046023,0.82151556,0.83724916,4,40
10,DE,1.0046023,0.82151556,0.45923847,7,45
10,DE,1.0046023,0.82151556,0.4214874,5,44
10,DE,1.0046023,0.82151556,0.50612396,7,999
10,DE,1.0046023,0.82151556,0.47232667,2,50
10,DE,1.0046023,0.82151556,0.6644449,5,38
10,DE,1.0046023,0.82151556,0.9652816,7,666
10,DE,1.0046023,0.82151556,0.59238154,4,50
10,DE,1.0046023,0.82151556,0.72262585,4,38
10,DE,1.0046023,0.82151556,0.903398,1,80
10,DE,1.0046023,0.82151556,0.77245545,3,38
10,DE,1.0046023,0.82151556,0.83030975,99,999
10,DE,1.0046023,0.82151556,0.4745927,3,39
10,DE,1.0046023,0.82151556,0.79495275,5,8
10,DE,1.0046023,0.82151556,0.750353,4,10
10,DE,1.0046023,0.82151556,2.0757954,2,999
10,DE,1.0046023,0.82151556,0.903398,5,46
10,DE,1.0046023,0.82151556,0.69222265,4,63
10,DE,1.0046023,0.82151556,0.7641459,7,999
10,DE,1.0046023,0.82151556,0.77245545,4,42
10,DE,1.0046023,0.82151556,0.97588414,6,48
10,DE,1.0046023,0.82151556,0.5588358,5,55
10,DE,1.0046023,0.82151556,0.93492377,5,999
10,DE,1.0046023,0.82151556,0.777911,5,20
10,DE,1.0046023,0.82151556,0.93492377,6,999
10,DE,1.0046023,0.82151556,0.8950595,4,40
10,DE,1.0046023,0.82151556,0.53649414,4,9
10,DE,1.0046023,0.82151556,1.2683845,5,50
10,DE,1.0046023,0.82151556,0.9142216,4,41
10,DE,1.0046023,0.82151556,0.903398,5,46
10,DE,1.0046023,0.82151556,2.238528,2,666
10,DE,1.0046023,0.82151556,0.6644449,4,999
10,DE,1.0046023,0.82151556,0.5572606,6,999
10,DE,1.0046023,0.82151556,0.65610456,4,35
10,DE,1.0046023,0.82151556,0.5988232,5,50
10,DE,1.0046023,0.82151556,0.71668595,2,25
10,DE,1.0046023,0.82151556,0.8406947,6,40
10,DE,1.0046023,0.82151556,0.7481615,5,41
10,DE,1.0046023,0.82151556,0.46192226,6,42
10,DE,1.0130444,0.82151556,1.1936324,4,41
10,DE,1.0046023,0.82151556,0.6578015,2,40
10,DE,1.0046023,0.82151556,0.5004114,6,60
10,DE,1.0046023,0.82151556,0.64497447,4,50
10,DE,1.0046023,0.82151556,1.8725573,4,999
10,DE,1.0046023,0.82151556,0.5938056,4,666
10,DE,1.0046023,0.82151556,0.5862924,4,18
10,DE,1.0046023,0.82151556,0.4847319,5,38
10,DE,1.0046023,0.82151556,1.2885052,6,666
10,DE,1.0046023,0.82151556,0.9134945,7,30
10,DE,1.0046023,0.82151556,0.7460893,7,39
10,DE,1.0046023,0.82151556,0.63804144,4,40
10,DE,1.0046023,0.82151556,0.5483194,4,999
10,DE,1.0046023,0.82151556,0.6962677,6,1
10,DE,1.0046023,0.82151556,0.49000242,4,28
10,DE,1.0046023,0.82151556,0.8936806,4,666
10,DE,0.52648985,0.82151556,0.29605544,3,30
10,DE,1.0046023,0.82151556,0.5572606,4,42
10,DE,1.0046023,0.82151556,1.3514551,4,30
10,DE,1.0046023,0.82151556,0.9966461,5,40
10,DE,1.0046023,0.82151556,0.8430712,2,8
10,DE,1.0046023,0.82151556,0.8406947,6,8
10,DE,1.0046023,0.82151556,0.5150917,4,40
10,DE,1.0046023,0.82151556,0.5310751,4,24
10,DE,1.0046023,0.82151556,0.5206894,2,45
10,DE,1.0046023,0.82151556,1.1803502,4,40
10,DE,1.0046023,0.82151556,0.5117041,6,999
10,DE,1.0046023,0.82151556,0.49497455,3,40
10,DE,1.0046023,0.82151556,0.7460893,5,44
10,DE,1.0046023,0.82151556,0.93492377,7,38
10,DE,1.0046023,0.82151556,0.5150917,4,55
10,DE,1.0046023,0.82151556,0.5988232,7,42
10,DE,1.0046023,0.82151556,1.8659555,4,999
10,DE,1.0046023,0.82151556,1.183685,4,45
10,DE,1.0046023,0.82151556,0.8406947,6,40
10,DE,0.5772695,0.82151556,0.41280386,5,666
10,DE,1.0046023,0.82151556,1.028501,6,18
10,DE,1.0130444,0.82151556,0.4250293,6,999
10,DE,1.0046023,0.82151556,0.50278074,4,25
10,DE,1.0046023,0.82151556,0.7481615,4,22
10,DE,1.0046023,0.82151556,2.0757954,3,24
10,DE,1.0046023,0.82151556,1.2284942,4,50
10,DE,1.0046023,0.82151556,0.5273934,4,38
10,DE,1.0046023,0.82151556,0.9142216,4,38
10,DE,1.0046023,0.82151556,1.8659555,7,666
10,DE,1.0046023,0.82151556,1.2284942,2,39
10,DE,1.0046023,0.82151556,0.979639,6,42
10,DE,1.0046023,0.82151556,0.55434185,99,45
10,DE,1.0046023,0.82151556,0.57999,4,42
10,DE,1.0046023,0.82151556,0.72087276,6,28
10,DE,1.0046023,0.82151556,0.87498605,2,40
10,DE,1.0046023,0.82151556,0.64176625,4,36
10,DE,1.0046023,0.82151556,0.46192226,3,50
10,DE,1.0046023,0.82151556,0.6053294,5,42
10,DE,1.0046023,0.82151556,0.5862924,4,25
10,DE,1.0046023,0.82151556,1.2547408,5,40
10,DE,1.0046023,0.82151556,0.5102619,4,24
10,DE,1.0046023,0.82151556,0.5087317,5,30
10,DE,1.0046023,0.82151556,0.83030975,6,999
10,DE,1.0046023,0.82151556,0.42576477,3,50
10,DE,1.0046023,0.82151556,0.57999,3,9
10,DE,1.0046023,0.82151556,0.72262585,6,7
10,DE,1.0046023,0.82151556,1.8864498,6,45
10,DE,1.0046023,0.82151556,0.77245545,6,40
10,DE,1.0046023,0.82151556,1.183685,4,42
10,DE,1.0046023,0.82151556,0.46062,5,44
10,DE,1.0046023,0.82151556,0.93492377,5,39
10,DE,1.0046023,0.82151556,0.95489913,4,666
10,DE,1.0046023,0.82151556,0.59238154,4,41
10,DE,1.0046023,0.82151556,0.69222265,4,999
10,DE,1.0046023,0.82151556,0.87498605,4,40
10,DE,1.0046023,0.82151556,0.8230453,4,23
10,DE,1.0046023,0.82151556,0.43535438,5,50
10,DE,1.0046023,0.82151556,0.99039847,4,40
10,DE,1.0046023,0.82151556,0.77245545,5,38
10,DE,1.0046023,0.82151556,0.5862924,6,40
10,DE,1.0046023,0.82151556,1.2885052,6,666
10,DE,1.0046023,0.82151556,0.979639,4,50
10,DE,1.0046023,0.82151556,0.87498605,4,20
10,DE,1.0046023,0.82151556,1.5216395,4,40
10,DE,1.0046023,0.82151556,0.903398,7,666
10,DE,1.0046023,0.82151556,0.8136785,4,999
10,DE,1.0046023,0.82151556,0.42576477,4,22
10,DE,1.0046023,0.82151556,0.9266892,4,40
10,DE,1.0046023,0.82151556,0.77245545,3,38
10,DE,1.0046023,0.82151556,0.5392715,6,50
10,DE,1.0046023,0.82151556,0.57999,3,45
10,DE,1.0046023,0.82151556,1.2683845,4,50
10,DE,1.0046023,0.82151556,0.77245545,4,35
10,DE,1.0046023,0.82151556,0.5862924,6,14
10,DE,1.0046023,0.82151556,0.6490528,5,50
10,DE,1.0046023,0.82151556,0.40699133,6,39
10,DE,1.0046023,0.82151556,0.42576477,4,38
10,DE,1.0046023,0.82151556,0.979639,5,9
10,DE,1.0046023,0.82151556,0.5220938,5,5
10,DE,1.0046023,0.82151556,0.979639,5,999
10,DE,1.0046023,0.82151556,0.5117041,4,999
10,DE,1.0046023,0.82151556,0.5483194,4,44
10,DE,1.0046023,0.82151556,0.979639,5,30
10,DE,1.0046023,0.82151556,0.9142216,7,24
10,DE,1.0046023,0.82151556,0.89558655,5,12
10,DE,1.0046023,0.82151556,0.4709951,6,40
10,DE,1.0046023,0.82151556,0.49497455,4,39
10,DE,1.0046023,0.82151556,0.5988232,4,40
10,DE,1.0046023,0.82151556,1.183685,6,40
10,DE,1.0046023,0.82151556,1.3138354,6,45
10,DE,1.0046023,0.82151556,1.2284942,5,45
10,DE,1.0046023,0.82151556,0.9652816,7,2
10,DE,1.0046023,0.82151556,1.8659555,5,34
10,DE,1.0046023,0.82151556,0.47232667,7,40
10,DE,1.0046023,0.82151556,0.903398,3,70
10,DE,1.0046023,0.82151556,1.27181,4,35
10,DE,1.0046023,0.82151556,0.47232667,6,8
10,DE,1.0046023,0.82151556,0.9142216,6,40
10,DE,1.0046023,0.82151556,0.8136785,3,40
10,DE,1.0046023,0.82151556,1.9905784,1,8
10,DE,1.0046023,0.82151556,0.5310751,6,12
10,DE,1.0046023,0.82151556,0.903398,4,38
10,DE,1.0046023,0.82151556,0.40699133,6,666
10,DE,1.0046023,0.82151556,1.8072726,4,40
10,DE,1.0046023,0.82151556,0.9266892,6,40
10,DE,1.0046023,0.82151556,0.72087276,6,40
10,DE,1.0046023,0.82151556,0.6644449,3,6
10,DE,1.0046023,0.82151556,0.7770785,4,41
10,DE,1.0046023,0.82151556,0.72087276,4,40
10,DE,1.0046023,0.82151556,2.3105469,5,666
10,DE,1.0046023,0.82151556,0.49497455,2,40
10,DE,0.52648985,0.82151556,0.37779373,2,999
10,DE,1.0046023,0.82151556,0.9027818,4,60
10,DE,1.0046023,0.82151556,0.47232667,7,50
10,DE,1.0046023,0.82151556,0.9998724,2,38
10,DE,1.0046023,0.82151556,1.0837764,4,40
10,DE,1.0046023,0.82151556,0.5150917,4,999
10,DE,1.0046023,0.82151556,1.1768091,99,999
10,DE,1.0046023,0.82151556,0.49000242,6,12
10,DE,1.0046023,0.82151556,0.5988232,4,45
10,DE,1.0046023,0.82151556,0.84265924,4,43
10,DE,1.0046023,0.82151556,0.8136785,4,29
10,DE,1.0046023,0.82151556,0.78093904,4,38
10,DE,1.0046023,0.82151556,0.84265924,6,38
10,DE,1.0046023,0.82151556,0.7460893,2,10
10,DE,1.0046023,0.82151556,1.2683845,5,48
10,DE,1.0046023,0.82151556,0.7641459,4,40
10,DE,1.0046023,0.82151556,1.3898098,7,999
10,DE,0.57532686,0.82151556,1.1921504,5,999
10,DE,1.0046023,0.82151556,0.6644449,4,38
10,DE,1.0046023,0.82151556,0.5988232,6,40
10,DE,1.0046023,0.82151556,0.6484355,3,40
10,DE,1.0130444,0.82151556,1.2993333,5,999
10,DE,1.0046023,0.82151556,0.8936806,4,7
10,DE,1.0046023,0.82151556,0.5220938,4,30
10,DE,1.0130444,0.82151556,0.72693014,6,35
10,DE,1.0046023,0.82151556,0.93492377,6,3
10,DE,1.0046023,0.82151556,1.7413534,7,0
10,DE,1.0046023,0.82151556,0.57999,4,45
10,DE,1.0046023,0.82151556,0.5273934,2,60
10,DE,1.0046023,0.82151556,0.84265924,5,34
10,DE,1.0046023,0.82151556,0.63804144,5,60
10,DE,1.0046023,0.82151556,0.5616258,6,32
10,DE,1.0046023,0.82151556,1.0837764,6,40
10,DE,1.0046023,0.82151556,0.903398,1,45
10,DE,1.0046023,0.82151556,0.4745927,6,42
10,DE,1.0046023,0.82151556,0.9625641,6,40
10,DE,1.0046023,0.82151556,0.78093904,3,50
10,DE,1.0046023,0.82151556,0.7770785,2,40
10,DE,1.0046023,0.82151556,0.8430712,5,40
10,DE,1.0046023,0.82151556,0.77245545,2,999
10,DE,1.0046023,0.82151556,0.64497447,6,37
10,DE,1.0046023,0.82151556,0.49497455,4,45
10,DE,1.0046023,0.82151556,0.5483194,3,666
10,DE,1.0046023,0.82151556,0.91332,6,999
10,DE,1.0046023,0.82151556,2.4191086,4,20
10,DE,1.0046023,0.82151556,0.43535438,6,42
10,DE,1.0046023,0.82151556,1.2683845,2,45
10,DE,1.0046023,0.82151556,0.4203809,5,50
10,DE,1.0046023,0.82151556,0.5842293,4,25
10,DE,1.0046023,0.82151556,0.979639,6,38
10,DE,1.0046023,0.82151556,0.50067854,6,40
10,DE,1.0046023,0.82151556,1.7413534,2,999
10,DE,1.0046023,0.82151556,0.46192226,4,50
10,DE,1.0046023,0.82151556,0.5988232,6,36
10,DE,1.0046023,0.82151556,0.64176625,6,16
10,DE,1.0046023,0.82151556,1.0837764,5,21
10,DE,1.0046023,0.82151556,0.5424216,4,22
10,DE,1.0046023,0.82151556,0.9266892,4,26
10,DE,1.0130444,0.82151556,0.92190367,6,18
10,DE,1.0046023,0.82151556,1.183685,6,40
10,DE,1.0046023,0.82151556,0.65610456,6,40
10,DE,1.0046023,0.82151556,1.4979596,7,999
10,DE,1.0046023,0.82151556,0.8086729,6,30
10,DE,1.0046023,0.82151556,1.4508483,2,0
10,DE,1.0046023,0.82151556,1.27181,4,666
10,DE,1.0046023,0.82151556,0.47232667,5,39
10,DE,1.0046023,0.82151556,1.877851,2,37
10,DE,1.0046023,0.82151556,0.6644449,6,40
10,DE,1.0046023,0.82151556,0.9266892,4,40
10,DE,1.0046023,0.82151556,0.7641459,6,25
10,DE,1.0046023,0.82151556,0.9652816,6,8
10,DE,1.0046023,0.82151556,0.49497455,4,48
10,DE,1.0046023,0.82151556,0.64497447,6,32
10,DE,1.0046023,0.82151556,0.43535438,7,10
10,DE,1.0046023,0.82151556,0.7770785,6,55
10,DE,1.0130444,0.82151556,0.9878707,4,999
10,DE,1.0046023,0.82151556,0.6962677,6,20
10,DE,1.0046023,0.82151556,0.5988232,4,55
10,DE,1.0046023,0.82151556,0.9116449,4,41
10,DE,1.0046023,0.82151556,0.83724916,6,30
10,DE,1.0046023,0.82151556,0.4847319,4,36
10,DE,1.0046023,0.82151556,0.49497455,3,55
10,DE,1.0046023,0.82151556,0.49497455,2,39
10,DE,1.0046023,0.82151556,0.9142216,6,37
10,DE,1.0046023,0.82151556,0.45462623,4,40
10,DE,1.0046023,0.82151556,0.55434185,5,43
10,DE,1.0046023,0.82151556,0.50278074,6,22
10,DE,1.0046023,0.82151556,0.87498605,6,30
10,DE,1.0046023,0.82151556,0.6962677,5,10
10,DE,1.0046023,0.82151556,0.51271206,4,60
10,DE,1.0046023,0.82151556,1.4508483,6,2
10,DE,1.0046023,0.82151556,0.979639,4,22
10,DE,1.0046023,0.82151556,0.903398,4,40
10,DE,1.0046023,0.82151556,0.903398,6,40
10,DE,1.0046023,0.82151556,0.47940874,4,55
10,DE,1.0046023,0.82151556,0.903398,7,42
10,DE,1.0046023,0.82151556,1.1415293,6,999
10,DE,1.0046023,0.82151556,0.42576477,4,40
10,DE,1.0046023,0.82151556,0.56796795,4,60
10,DE,1.0046023,0.82151556,0.4111214,4,50
10,DE,1.0046023,0.82151556,1.0910307,1,53
10,DE,1.0046023,0.82151556,0.6053294,4,7
10,DE,1.0046023,0.82151556,2.0816622,3,0
10,DE,1.0046023,0.82151556,1.1768091,3,50
10,DE,1.0046023,0.82151556,0.979639,4,40
10,DE,1.0046023,0.82151556,0.8381757,2,45
10,DE,1.0046023,0.82151556,0.5572606,5,4
10,DE,1.0046023,0.82151556,2.0816622,4,999
10,DE,1.0046023,0.82151556,1.8659555,7,666
10,DE,1.0046023,0.82151556,0.7481615,6,55
10,DE,1.0046023,0.82151556,0.5483194,6,28
10,DE,1.0046023,0.82151556,0.9266892,4,35
10,DE,1.0046023,0.82151556,0.48965093,4,40
10,DE,1.0046023,0.82151556,0.5273934,6,48
10,DE,1.0046023,0.82151556,0.8381757,6,20
10,DE,1.0046023,0.82151556,0.49497455,3,48
10,DE,1.0046023,0.82151556,0.47940874,5,45
10,DE,1.0046023,0.82151556,0.5483194,5,999
10,DE,1.0046023,0.82151556,0.87498605,5,45
10,DE,1.0046023,0.82151556,3.2862568,4,666
10,DE,1.0046023,0.82151556,0.9089117,4,35
10,DE,1.0046023,0.82151556,0.64159423,4,40
10,DE,1.0046023,0.82151556,0.7481615,6,40
10,DE,1.0046023,0.82151556,0.7460893,5,50
10,DE,1.0046023,0.82151556,1.2547408,2,40
10,DE,1.0046023,0.82151556,0.4745927,6,9
10,DE,1.0046023,0.82151556,0.87498605,2,40
10,DE,1.0046023,0.82151556,0.71884096,4,40
10,DE,1.0046023,0.82151556,1.4979596,6,999
10,DE,1.0046023,0.82151556,0.64159423,3,999
10,DE,1.0046023,0.82151556,0.5483194,6,40
10,DE,1.0046023,0.82151556,0.77245545,6,666
10,DE,1.0046023,0.82151556,0.71884096,2,60
10,DE,1.0046023,0.82151556,0.9625641,5,40
10,DE,1.0046023,0.82151556,1.2683845,4,40
10,DE,1.0046023,0.82151556,0.46192226,5,40
10,DE,1.0046023,0.82151556,1.2683845,4,38
10,DE,1.0046023,0.82151556,0.90082294,5,666
10,DE,1.0046023,0.82151556,1.877851,5,40
10,DE,1.0046023,0.82151556,1.3138354,6,40
10,DE,1.0046023,0.82151556,0.46192226,7,36
10,DE,1.0046023,0.82151556,0.7641459,2,999
10,DE,1.0046023,0.82151556,1.2284942,2,36
10,DE,1.0046023,0.82151556,0.87498605,7,50
10,DE,1.0046023,0.82151556,0.7481615,5,6
10,DE,1.0046023,0.82151556,0.90082294,5,40
10,DE,1.0046023,0.82151556,0.87498605,5,8
10,DE,1.0046023,0.82151556,0.49020743,4,8
10,DE,1.0046023,0.82151556,0.49497455,5,42
10,DE,1.0046023,0.82151556,0.80175346,6,999
10,DE,1.0046023,0.82151556,0.5862924,3,30
10,DE,1.0046023,0.82151556,0.979639,6,999
10,DE,1.0046023,0.82151556,0.49497455,6,50
10,DE,1.0046023,0.82151556,0.4745927,5,40
10,DE,1.0046023,0.82151556,0.72087276,3,39
10,DE,1.0046023,0.82151556,0.4111214,4,48
10,DE,1.0046023,0.82151556,0.5649073,4,45
10,DE,1.0046023,0.82151556,0.57999,4,50
10,DE,0.52648985,0.82151556,0.24208318,6,50
10,DE,1.0046023,0.82151556,0.5150917,4,0
10,DE,1.0046023,0.82151556,0.9116449,3,27
10,DE,1.0046023,0.82151556,0.49538425,2,40
10,DE,1.0046023,0.82151556,0.5310751,3,39
10,DE,1.0046023,0.82151556,0.5004114,5,50
10,DE,1.0046023,0.82151556,0.43535438,6,7
10,DE,1.0046023,0.82151556,0.6644449,4,999
10,DE,1.0046023,0.82151556,0.9116449,6,42
10,DE,1.0046023,0.82151556,0.5842293,4,40
10,DE,1.0046023,0.82151556,0.5310751,4,45
10,DE,1.0046023,0.82151556,0.531104,5,20
10,DE,1.0046023,0.82151556,1.1803502,6,42
10,DE,1.0046023,0.82151556,0.72087276,4,35
10,DE,1.0046023,0.82151556,0.5938056,3,45
10,DE,1.0046023,0.82151556,0.49497455,5,999
10,DE,1.0046023,0.82151556,0.46192226,2,999
10,DE,1.0046023,0.82151556,1.0683459,3,40
10,DE,1.0046023,0.82151556,0.72262585,4,42
10,DE,1.0046023,0.82151556,0.46192226,3,45
10,DE,1.0046023,0.82151556,2.6759992,5,999
10,DE,1.0046023,0.82151556,1.5960648,3,25
10,DE,1.0046023,0.82151556,0.72262585,3,8
10,DE,1.0046023,0.82151556,0.9116449,6,46
10,DE,1.0046023,0.82151556,0.5150917,5,40
10,DE,1.0046023,0.82151556,1.2683845,6,42
10,DE,1.0046023,0.82151556,0.7460893,4,50
10,DE,1.0046023,0.82151556,0.5988184,6,35
10,DE,1.0046023,0.82151556,0.8823152,5,666
10,DE,1.0046023,0.82151556,0.979639,2,38
10,DE,1.0046023,0.82151556,0.5572606,6,38
10,DE,1.0046023,0.82151556,0.5588358,4,59
10,DE,1.0046023,0.82151556,0.9357701,4,60
10,DE,1.0046023,0.82151556,0.979639,4,35
10,DE,1.0046023,0.82151556,1.0910307,4,40
10,DE,1.0046023,0.82151556,0.4559926,6,50
10,DE,1.0046023,0.82151556,0.5988184,6,40
10,DE,1.0046023,0.82151556,1.9187179,5,18
10,DE,1.0046023,0.82151556,0.72087276,4,10
10,DE,1.0046023,0.82151556,0.77245545,3,666
10,DE,1.0046023,0.82151556,0.45728162,6,40
10,DE,1.0046023,0.82151556,1.2284942,4,42
10,DE,1.0046023,0.82151556,0.6053294,6,30
10,DE,1.0046023,0.82151556,0.49020743,6,45
10,DE,1.0046023,0.82151556,0.69430506,4,42
10,DE,1.0046023,0.82151556,0.979639,2,30
10,DE,1.0046023,0.82151556,0.903398,3,45
10,DE,1.0046023,0.82151556,0.5572606,4,999
10,DE,1.0046023,0.82151556,0.90082294,5,40
10,DE,1.0046023,0.82151556,0.72087276,6,18
10,DE,1.0046023,0.82151556,0.78093904,2,0
10,DE,1.0046023,0.82151556,0.77245545,5,50
10,DE,1.0046023,0.82151556,0.48965093,4,10
10,DE,1.0046023,0.82151556,0.75428396,2,40
10,DE,1.0046023,0.82151556,1.158508,4,35
10,DE,1.0046023,0.82151556,0.7460893,4,39
10,DE,1.0046023,0.82151556,0.89828366,6,999
10,DE,1.0046023,0.82151556,0.90082294,4,40
10,DE,1.0046023,0.82151556,0.9488299,2,40
10,DE,1.0046023,0.82151556,0.46192226,5,42
10,DE,1.0046023,0.82151556,0.50612396,4,43
10,DE,1.0046023,0.82151556,0.6053294,2,48
10,DE,1.0046023,0.82151556,2.4191086,4,25
10,DE,1.0046023,0.82151556,0.57999,7,57
10,DE,1.0046023,0.82151556,0.5273934,4,999
10,DE,1.0046023,0.82151556,0.7641459,5,20
10,DE,1.0046023,0.82151556,0.77245545,4,34
10,DE,1.0046023,0.82151556,1.0683459,4,666
10,DE,1.0046023,0.82151556,0.5273934,2,50
10,DE,1.0046023,0.82151556,0.57999,4,15
10,DE,1.0046023,0.82151556,0.9142216,3,40
10,DE,1.0046023,0.82151556,0.5633152,6,28
10,DE,1.0046023,0.82151556,0.903398,6,38
10,DE,1.0046023,0.82151556,0.7641459,2,8
10,DE,1.0046023,0.82151556,0.6053294,6,32
10,DE,1.0046023,0.82151556,0.87498605,6,46
10,DE,1.0046023,0.82151556,0.903398,4,50
10,DE,1.0046023,0.82151556,0.72087276,5,999
10,DE,1.0046023,0.82151556,0.8406947,4,38
10,DE,1.0046023,0.82151556,0.9116449,6,22
10,DE,1.0046023,0.82151556,0.64497447,4,40
10,DE,1.0130444,0.82151556,0.64715946,5,40
10,DE,1.0046023,0.82151556,1.183685,3,41
10,DE,1.0046023,0.82151556,0.84265924,6,45
10,DE,1.0046023,0.82151556,0.5938056,4,45
10,DE,1.0046023,0.82151556,0.90082294,99,999
10,DE,1.0046023,0.82151556,0.5649073,5,0
10,DE,1.0046023,0.82151556,0.5483194,6,38
10,DE,1.0046023,0.82151556,0.5310751,4,50
10,DE,1.0046023,0.82151556,0.47940874,2,42
10,DE,1.0046023,0.82151556,0.8406947,4,40
10,DE,1.0046023,0.82151556,0.97588414,4,35
10,DE,1.0046023,0.82151556,0.48965093,4,45
10,DE,1.0046023,0.82151556,1.9489388,6,45
10,DE,1.0046023,0.82151556,0.5572606,5,40
10,DE,1.0046023,0.82151556,0.5206894,4,27
10,DE,1.0046023,0.82151556,0.7481615,5,25
10,DE,1.0046023,0.82151556,0.64497447,6,32
10,DE,1.0046023,0.82151556,1.3514551,5,999
10,DE,1.0046023,0.82151556,0.9691014,6,8
10,DE,1.0046023,0.82151556,0.7460893,4,9
10,DE,1.0046023,0.82151556,0.6053294,4,24
10,DE,1.0046023,0.82151556,0.47232667,6,42
10,DE,1.0046023,0.82151556,0.43535438,4,21
10,DE,1.0046023,0.82151556,0.57999,3,50
10,DE,1.0046023,0.82151556,0.6484355,6,40
10,DE,1.0046023,0.82151556,2.8123481,4,40
10,DE,1.0046023,0.82151556,1.39793,6,9
10,DE,1.0046023,0.82151556,0.6962677,6,45
10,DE,1.0046023,0.82151556,0.6962677,7,40
10,DE,0.52648985,0.82151556,0.47210142,4,65
10,DE,1.0046023,0.82151556,0.979639,6,12
10,DE,1.0046023,0.82151556,1.7413534,7,40
10,DE,1.0046023,0.82151556,0.50067854,5,44
10,DE,1.0046023,0.82151556,0.4847319,6,46
10,DE,1.0046023,0.82151556,1.0147438,4,30
10,DE,1.0046023,0.82151556,0.90082294,7,16
10,DE,1.0046023,0.82151556,0.48965093,7,50
10,DE,1.0046023,0.82151556,0.6053294,4,30
10,DE,1.0046023,0.82151556,2.0122206,6,39
10,DE,0.57532686,0.82151556,0.5235665,2,39
10,DE,1.0046023,0.82151556,0.46062,4,45
10,DE,1.0046023,0.82151556,0.50756145,6,55
10,DE,1.0046023,0.82151556,0.50612396,6,80
10,DE,1.0046023,0.82151556,0.903398,6,50
10,DE,1.0046023,0.82151556,3.2862568,7,7
10,DE,1.0046023,0.82151556,0.979639,6,20
10,DE,1.0046023,0.82151556,0.71884096,6,16
10,DE,1.0046023,0.82151556,1.0910307,2,45
10,DE,1.0046023,0.82151556,0.903398,4,38
10,DE,1.0046023,0.82151556,0.59238154,6,27
10,DE,1.0046023,0.82151556,2.0816622,4,60
10,DE,1.0046023,0.82151556,1.8725573,2,8
10,DE,1.0046023,0.82151556,0.49020743,6,45
10,DE,1.0046023,0.82151556,0.57999,6,999
10,DE,1.0046023,0.82151556,0.57999,4,50
10,DE,1.0046023,0.82151556,0.9488299,5,45
10,DE,1.0046023,0.82151556,1.183685,4,39
10,DE,1.0046023,0.82151556,0.8230453,6,999
10,DE,1.0046023,0.82151556,0.90082294,6,20
10,DE,1.0046023,0.82151556,1.877851,5,999
10,DE,1.0046023,0.82151556,0.46192226,5,40
10,DE,1.0046023,0.82151556,0.5102619,6,6
10,DE,1.0046023,0.82151556,0.63804144,5,0
10,DE,1.0046023,0.82151556,0.72262585,6,20
10,DE,1.0046023,0.82151556,0.6962677,6,18
10,DE,1.0046023,0.82151556,0.72087276,4,999
10,DE,1.0046023,0.82151556,0.77245545,3,999
10,DE,1.0046023,0.82151556,0.78093904,7,40
10,DE,1.0046023,0.82151556,0.9357701,4,52
10,DE,1.0046023,0.82151556,0.9142216,6,15
10,DE,1.0046023,0.82151556,0.9998724,2,40
10,DE,1.0046023,0.82151556,0.5588358,5,42
10,DE,1.0046023,0.82151556,0.49497455,7,666
10,DE,1.0046023,0.82151556,1.2683845,5,41
10,DE,1.0046023,0.82151556,0.39304996,4,42
10,DE,1.0046023,0.82151556,0.79495275,3,40
10,DE,1.0046023,0.82151556,0.7481615,2,40
10,DE,1.0046023,0.82151556,0.9625641,4,7
10,DE,1.0046023,0.82151556,0.50612396,4,9
10,DE,1.0046023,0.82151556,0.46192226,4,45
10,DE,1.0046023,0.82151556,0.7481615,4,40
10,DE,1.0046023,0.82151556,0.77245545,4,20
10,DE,1.0046023,0.82151556,0.47164983,4,36
10,DE,1.0046023,0.82151556,0.42576477,6,4
10,DE,1.0046023,0.82151556,0.5649073,3,40
10,DE,0.57532686,0.82151556,0.5235665,3,25
10,DE,1.0046023,0.82151556,0.9116449,4,55
10,DE,1.0046023,0.82151556,0.777911,4,12
10,DE,1.0046023,0.82151556,0.5988232,4,50
10,DE,1.0046023,0.82151556,0.57999,5,35
10,DE,1.0046023,0.82151556,0.5555892,5,35
10,DE,1.0046023,0.82151556,0.8430712,4,50
10,DE,1.0046023,0.82151556,0.97917575,4,40
10,DE,1.0046023,0.82151556,0.5206894,6,16
10,DE,1.0046023,0.82151556,0.77245545,6,30
10,DE,1.0046023,0.82151556,0.903398,4,42
10,DE,1.0046023,0.82151556,0.90082294,6,36
10,DE,1.0046023,0.82151556,1.39793,5,999
10,DE,1.0046023,0.82151556,0.7173693,5,40
10,DE,1.0046023,0.82151556,0.63804144,3,26
10,DE,1.0046023,0.82151556,1.1580179,3,40
10,DE,1.0046023,0.82151556,0.979639,5,19
10,DE,1.0046023,0.82151556,1.2547408,6,43
10,DE,1.0046023,0.82151556,2.2306173,6,42
10,DE,1.0046023,0.82151556,1.4873999,4,666
10,DE,1.0046023,0.82151556,0.47940874,4,45
10,DE,1.0046023,0.82151556,1.0910307,4,40
10,DE,1.0046023,0.82151556,0.45728162,6,50
10,DE,1.0046023,0.82151556,0.72087276,4,666
10,DE,1.0046023,0.82151556,0.8823152,6,10
10,DE,1.0046023,0.82151556,1.1580179,6,40
10,DE,1.0046023,0.82151556,0.71884096,7,12
10,DE,1.0046023,0.82151556,3.2862568,2,666
10,DE,1.0046023,0.82151556,0.49538425,6,999
10,DE,1.0046023,0.82151556,0.4745927,5,34
10,DE,1.0046023,0.82151556,0.7770785,4,40
10,DE,1.0046023,0.82151556,0.72087276,6,10
10,DE,1.0046023,0.82151556,0.9625641,3,40
10,DE,1.0046023,0.82151556,0.5988232,5,999
10,DE,1.0046023,0.82151556,0.8136785,6,40
10,DE,1.0046023,0.82151556,0.9134945,6,55
10,DE,1.0046023,0.82151556,0.4745927,6,25
10,DE,1.0046023,0.82151556,1.27181,6,20
10,DE,1.0046023,0.82151556,0.77245545,4,40
10,DE,1.0046023,0.82151556,0.93492377,6,37
10,DE,1.0046023,0.82151556,0.7641459,3,27
10,DE,1.0046023,0.82151556,1.0618118,5,40
10,DE,1.0046023,0.82151556,0.750353,3,40
10,DE,1.0046023,0.82151556,0.6962677,7,40
10,DE,1.0046023,0.82151556,0.63804144,6,43
10,DE,1.0046023,0.82151556,1.4508483,5,666
10,DE,1.0046023,0.82151556,0.40699133,4,20
10,DE,1.0046023,0.82151556,0.5102619,6,999
10,DE,1.0046023,0.82151556,2.3105469,6,999
10,DE,1.0046023,0.82151556,1.0147438,3,42
10,DE,1.0130444,0.82151556,0.56965446,6,27
10,DE,1.0046023,0.82151556,0.46192226,6,38
10,DE,1.0046023,0.82151556,0.49020743,3,47
10,DE,1.0046023,0.82151556,1.0462518,3,666
10,DE,1.0046023,0.82151556,0.4745927,6,12
10,DE,1.0046023,0.82151556,0.57999,6,44
10,DE,1.0046023,0.82151556,0.71668595,2,999
10,DE,1.0046023,0.82151556,0.903398,4,38
10,DE,1.0046023,0.82151556,0.5483194,4,30
10,DE,1.0046023,0.82151556,0.63804144,4,40
10,DE,1.0046023,0.82151556,1.0910307,3,8
10,DE,1.0046023,0.82151556,2.6171503,4,666
10,DE,1.0046023,0.82151556,2.2066238,4,30
10,DE,1.0046023,0.82151556,0.9652816,6,999
10,DE,1.0046023,0.82151556,1.028501,7,20
10,DE,1.0046023,0.82151556,1.2284942,4,45
10,DE,1.0046023,0.82151556,0.57999,6,45
10,DE,1.0046023,0.82151556,0.91332,3,50
10,DE,1.0046023,0.82151556,0.5862924,6,40
10,DE,1.0046023,0.82151556,0.77245545,7,999
10,DE,1.0046023,0.82151556,0.51271206,6,9
10,DE,1.0046023,0.82151556,3.2862568,3,42
10,DE,1.0046023,0.82151556,2.8123481,4,14
10,DE,1.0046023,0.82151556,0.46958306,6,40
10,DE,1.0046023,0.82151556,0.49000242,5,40
10,DE,1.0046023,0.82151556,0.6644449,4,37
10,DE,1.0046023,0.82151556,0.49737647,4,45
10,DE,1.0046023,0.82151556,1.183685,6,40
10,DE,1.0046023,0.82151556,0.50612396,6,45
10,DE,1.0046023,0.82151556,0.9089117,4,35
10,DE,1.0046023,0.82151556,0.8430712,4,40
10,DE,1.0046023,0.82151556,0.7460893,4,10
10,DE,1.0046023,0.82151556,0.7481615,4,10
10,DE,1.0046023,0.82151556,0.49497455,5,50
10,DE,1.0046023,0.82151556,0.42576477,4,65
10,DE,1.0046023,0.82151556,0.5483194,2,60
10,DE,1.0046023,0.82151556,0.979639,5,15
10,DE,1.0046023,0.82151556,0.49497455,6,45
10,DE,1.0046023,0.82151556,0.5102619,2,40
10,DE,1.0046023,0.82151556,2.2066238,3,20
10,DE,1.0046023,0.82151556,0.50278074,2,40
10,DE,1.0046023,0.82151556,0.8136785,5,23
10,DE,1.0046023,0.82151556,0.7173693,6,40
10,DE,1.0046023,0.82151556,0.5988184,2,999
10,DE,1.0046023,0.82151556,0.5150917,5,42
10,DE,1.0046023,0.82151556,0.49497455,3,39
10,DE,1.0046023,0.82151556,0.83030975,6,39
10,DE,1.0046023,0.82151556,0.64497447,3,40
10,DE,1.0046023,0.82151556,0.77245545,4,11
10,DE,1.0046023,0.82151556,0.97917575,2,60
10,DE,1.0046023,0.82151556,0.48965093,3,40
10,DE,1.0046023,0.82151556,0.5988232,4,50
10,DE,1.0046023,0.82151556,0.5572606,5,40
10,DE,1.0046023,0.82151556,2.0757954,6,35
10,DE,1.0046023,0.82151556,0.5572606,5,41
10,DE,1.0046023,0.82151556,0.57999,4,40
10,DE,1.0046023,0.82151556,0.77245545,3,42
10,DE,1.0046023,0.82151556,0.7460893,6,40
10,DE,1.0046023,0.82151556,0.5649073,6,40
10,DE,1.0046023,0.82151556,0.45923847,4,60
10,DE,1.0046023,0.82151556,1.2547408,6,41
10,DE,1.0046023,0.82151556,0.6644449,4,25
10,DE,1.0046023,0.82151556,0.7460893,4,37
10,DE,1.0046023,0.82151556,0.71884096,4,999
10,DE,1.0046023,0.82151556,0.72262585,6,43
10,DE,1.0046023,0.82151556,0.49497455,5,45
10,DE,1.0046023,0.82151556,0.91332,4,39
10,DE,1.0046023,0.82151556,1.0437982,3,40
10,DE,1.0046023,0.82151556,0.5938056,3,50
10,DE,1.0046023,0.82151556,1.2284942,4,40
10,DE,1.0046023,0.82151556,0.87498605,3,38
10,DE,1.0046023,0.82151556,0.72087276,5,15
10,DE,1.0046023,0.82151556,0.57999,3,15
10,DE,1.0046023,0.82151556,0.90082294,7,50
10,DE,1.0046023,0.82151556,0.79495275,4,62
10,DE,1.0046023,0.82151556,0.6962677,4,38
10,DE,1.0046023,0.82151556,0.45728162,6,38
10,DE,1.0046023,0.82151556,1.0437982,5,999
10,DE,1.0046023,0.82151556,0.49497455,5,45
10,DE,1.0046023,0.82151556,0.9488299,6,22
10,DE,1.0046023,0.82151556,1.4818469,5,53
10,DE,1.0046023,0.82151556,0.5102619,4,40
10,DE,1.0046023,0.82151556,0.4214874,6,45
10,DE,1.0046023,0.82151556,0.8430712,4,44
10,DE,1.0046023,0.82151556,0.903398,4,35
10,DE,1.0046023,0.82151556,0.6962677,5,999
10,DE,1.0046023,0.82151556,0.750353,5,45
10,DE,1.0046023,0.82151556,0.5206894,6,40
10,DE,1.0046023,0.82151556,0.64497447,5,666
10,DE,1.0046023,0.82151556,0.4745927,6,40
10,DE,1.0046023,0.82151556,0.40699133,6,10
10,DE,1.0046023,0.82151556,0.9116449,3,9
10,DE,1.0046023,0.82151556,0.9142216,5,20
10,DE,1.0046023,0.82151556,0.95489913,6,11
10,DE,1.0046023,0.82151556,0.9116449,4,40
10,DE,1.0046023,0.82151556,0.7481615,6,165
10,DE,1.0046023,0.82151556,0.49020743,6,43
10,DE,1.0046023,0.82151556,2.2306173,2,999
10,DE,1.0046023,0.82151556,0.7665104,5,40
10,DE,1.0046023,0.82151556,1.5216395,6,48
10,DE,1.0046023,0.82151556,0.5633152,5,39
10,DE,1.0046023,0.82151556,1.2683845,5,46
10,DE,1.0046023,0.82151556,0.71884096,2,999
10,DE,1.0046023,0.82151556,0.87498605,5,50
10,DE,1.0046023,0.82151556,0.6484355,5,60
10,DE,1.0046023,0.82151556,0.72087276,7,40
10,DE,1.0046023,0.82151556,1.2547408,3,38
10,DE,1.0046023,0.82151556,0.49497455,4,40
10,DE,1.0046023,0.82151556,1.183685,6,46
10,DE,1.0046023,0.82151556,0.77245545,7,48
10,DE,1.0046023,0.82151556,0.5842293,2,20
10,DE,1.0046023,0.82151556,0.7481615,4,13
10,DE,1.0046023,0.82151556,0.64159423,5,999
10,DE,1.0046023,0.82151556,1.0618118,4,40
10,DE,1.0046023,0.82151556,1.2683845,3,40
10,DE,1.0046023,0.82151556,0.99039847,3,999
10,DE,1.0046023,0.82151556,1.3747772,4,26
10,DE,1.0046023,0.82151556,0.84265924,6,34
10,DE,1.0046023,0.82151556,0.5878406,6,45
10,DE,1.0046023,0.82151556,0.47940874,2,55
10,DE,1.0046023,0.82151556,0.903398,3,8
10,DE,1.0046023,0.82151556,0.8136785,3,37
10,DE,1.0046023,0.82151556,0.777911,2,6
10,DE,1.0046023,0.82151556,0.9652816,6,50
10,DE,1.0046023,0.82151556,0.72087276,4,999
10,DE,1.0046023,0.82151556,0.83030975,4,36
10,DE,1.0046023,0.82151556,0.5273934,3,999
10,DE,1.0046023,0.82151556,0.8381757,3,43
10,DE,1.0046023,0.82151556,0.57999,5,50
10,DE,1.0046023,0.82151556,0.8936806,6,48
10,DE,1.0046023,0.82151556,0.9116449,3,40
10,DE,1.0046023,0.82151556,0.42576477,4,55
10,DE,1.0046023,0.82151556,0.71884096,4,39
10,DE,1.0046023,0.82151556,0.5004114,6,50
10,DE,1.0046023,0.82151556,0.903398,6,50
10,DE,1.0130444,0.82151556,0.85015595,4,38
10,DE,1.0046023,0.82151556,0.45728162,6,46
10,DE,1.0046023,0.82151556,1.39793,4,999
10,DE,1.0046023,0.82151556,0.80175346,4,50
10,DE,1.0046023,0.82151556,0.71884096,5,55
10,DE,1.0046023,0.82151556,0.57999,6,36
10,DE,1.0046023,0.82151556,0.8430712,3,37
10,DE,1.0046023,0.82151556,0.5988184,2,35
10,DE,1.0046023,0.82151556,0.64176625,7,20
10,DE,1.0046023,0.82151556,0.71884096,4,16
10,DE,1.0046023,0.82151556,1.4979596,6,15
10,DE,1.0046023,0.82151556,0.49000242,4,12
10,DE,1.0046023,0.82151556,0.8430712,6,50
10,DE,1.0046023,0.82151556,0.84265924,2,40
10,DE,1.0046023,0.82151556,0.59238154,3,8
10,DE,1.0046023,0.82151556,0.8430712,4,42
10,DE,1.0046023,0.82151556,0.78093904,2,999
10,DE,1.0046023,0.82151556,2.7820985,4,999
10,DE,1.0046023,0.82151556,0.979639,2,40
10,DE,1.0046023,0.82151556,0.77282447,6,999
10,DE,1.0046023,0.82151556,0.7460893,3,999
10,DE,1.0046023,0.82151556,0.8136785,5,38
10,DE,1.0046023,0.82151556,0.9116449,4,10
10,DE,1.0046023,0.82151556,0.4745927,4,43
10,DE,1.0046023,0.82151556,0.77245545,5,8
10,DE,1.0130444,0.82151556,0.46580365,4,50
10,DE,1.0046023,0.82151556,1.0437982,2,999
10,DE,1.0046023,0.82151556,0.9691014,6,0
10,DE,1.0046023,0.82151556,0.42576477,2,39
10,DE,1.0046023,0.82151556,0.71884096,6,40
10,DE,1.0046023,0.82151556,0.5220938,4,42
10,DE,1.0046023,0.82151556,0.8430712,2,50
10,DE,1.0046023,0.82151556,2.0816622,2,28
10,DE,1.0046023,0.82151556,0.64159423,5,20
10,DE,1.0046023,0.82151556,0.5862924,5,50
10,DE,1.0046023,0.82151556,0.5004114,2,40
10,DE,1.0046023,0.82151556,0.6196944,2,999
10,DE,1.0046023,0.82151556,0.5004114,6,31
10,DE,1.0046023,0.82151556,1.7312369,6,666
10,DE,1.0046023,0.82151556,0.9625641,5,45
10,DE,1.0046023,0.82151556,1.8458856,5,2
10,DE,1.0046023,0.82151556,0.93492377,5,48
10,DE,1.0046023,0.82151556,0.4847319,7,20
10,DE,1.0046023,0.82151556,0.7481615,2,33
10,DE,1.0046023,0.82151556,0.9142216,2,3
10,DE,1.0046023,0.82151556,0.4559926,5,42
10,DE,1.0046023,0.82151556,0.5424216,2,35
10,DE,1.0046023,0.82151556,0.49497455,4,40
10,DE,1.0046023,0.82151556,1.3747772,4,37
10,DE,1.0046023,0.82151556,0.9142216,4,36
10,DE,0.57532686,0.82151556,0.41283742,6,999
10,DE,1.0046023,0.82151556,0.7641459,4,20
10,DE,1.0046023,0.82151556,0.79495275,5,40
10,DE,1.0046023,0.82151556,0.5988232,7,36
10,DE,1.0046023,0.82151556,0.9116449,4,28
10,DE,1.0046023,0.82151556,0.903398,5,7
10,DE,1.0046023,0.82151556,0.45923847,2,40
10,DE,1.0046023,0.82151556,1.2284942,4,45
10,DE,1.0046023,0.82151556,0.9652816,6,7
10,DE,1.0046023,0.82151556,0.4111214,4,39
10,DE,1.0046023,0.82151556,0.46192226,6,48
10,DE,1.0046023,0.82151556,1.4508483,6,999
10,DE,1.0046023,0.82151556,0.6962677,4,999
10,DE,1.0046023,0.82151556,0.5862924,5,42
10,DE,1.0046023,0.82151556,0.5555892,4,42
10,DE,1.0130444,0.82151556,0.72693014,6,3
10,DE,1.0046023,0.82151556,0.49000242,6,44
10,DE,1.0046023,0.82151556,0.4847319,6,43
10,DE,1.0046023,0.82151556,0.8406947,6,43
10,DE,1.0046023,0.82151556,0.8430712,5,999
10,DE,1.0046023,0.82151556,0.50278074,7,999
10,DE,1.0046023,0.82151556,0.9652816,4,24
10,DE,1.0046023,0.82151556,0.8001355,2,40
10,DE,1.0046023,0.82151556,0.4559926,5,42
10,DE,1.0046023,0.82151556,0.61339086,4,999
10,DE,1.0046023,0.82151556,0.49000242,6,41
10,DE,1.0046023,0.82151556,0.5150917,6,39
10,DE,1.0046023,0.82151556,0.6644449,4,20
10,DE,1.0046023,0.82151556,0.49000242,3,42
10,DE,1.0046023,0.82151556,0.64497447,5,20
10,DE,1.0046023,0.82151556,0.9266892,7,39
10,DE,1.0046023,0.82151556,0.46192226,6,45
10,DE,1.0046023,0.82151556,0.59853566,6,14
10,DE,1.0046023,0.82151556,0.5483194,6,27
10,DE,1.0046023,0.82151556,1.3898098,4,666
10,DE,1.0046023,0.82151556,0.9488299,5,18
10,DE,1.0046023,0.82151556,1.9187179,3,40
10,DE,1.0046023,0.82151556,0.5988232,5,39
10,DE,1.0046023,0.82151556,0.77245545,2,50
10,DE,1.0046023,0.82151556,0.8230453,4,30
10,DE,1.0046023,0.82151556,0.6196944,4,19
10,DE,1.0046023,0.82151556,0.48067966,3,666
10,DE,1.0046023,0.82151556,0.8430712,4,51
10,DE,1.0046023,0.82151556,0.49497455,6,44
10,DE,1.0046023,0.82151556,0.97588414,6,38
10,DE,1.0046023,0.82151556,1.2683845,5,40
10,DE,1.0046023,0.82151556,0.90082294,5,999
10,DE,1.0046023,0.82151556,0.6962677,6,40
10,DE,1.0046023,0.82151556,0.5483194,4,30
10,DE,1.0046023,0.82151556,1.1803502,6,40
10,DE,1.0046023,0.82151556,0.53649414,3,30
10,DE,1.0046023,0.82151556,0.979639,4,999
10,DE,1.0046023,0.82151556,0.45462623,4,40
10,DE,1.0046023,0.82151556,0.5206894,2,27
10,DE,1.0046023,0.82151556,0.6484355,3,25
10,DE,1.0046023,0.82151556,0.8230453,4,40
10,DE,1.0046023,0.82151556,0.90082294,6,41
10,DE,1.0046023,0.82151556,0.84265924,6,17
10,DE,1.0046023,0.82151556,0.6054002,4,55
10,DE,1.0046023,0.82151556,0.5853512,4,50
10,DE,1.0046023,0.82151556,0.5572606,6,60
10,DE,1.0046023,0.82151556,0.777911,6,32
10,DE,1.0046023,0.82151556,1.6050462,7,666
10,DE,1.0046023,0.82151556,0.77245545,5,8
10,DE,1.0046023,0.82151556,0.77245545,3,999
10,DE,1.0046023,0.82151556,0.7481615,4,40
10,DE,1.0046023,0.82151556,0.77245545,6,999
10,DE,1.0046023,0.82151556,0.47940874,4,45
10,DE,1.0046023,0.82151556,1.2547408,4,25
10,DE,1.0046023,0.82151556,0.64497447,6,37
10,DE,1.0046023,0.82151556,0.42576477,4,50
10,DE,1.0046023,0.82151556,0.4745927,6,20
10,DE,1.0046023,0.82151556,0.72087276,4,30
10,DE,1.0046023,0.82151556,0.83030975,4,999
10,DE,1.0046023,0.82151556,0.9089117,3,35
10,DE,1.0046023,0.82151556,0.93492377,5,41
10,DE,1.0046023,0.82151556,0.90082294,7,5
10,DE,1.0046023,0.82151556,1.2284942,4,42
10,DE,1.0046023,0.82151556,1.39793,2,45
10,DE,1.0046023,0.82151556,0.49737647,4,41
10,DE,1.0046023,0.82151556,0.6962677,6,35
10,DE,1.0046023,0.82151556,1.9905784,5,40
10,DE,1.0046023,0.82151556,0.5988232,5,45
10,DE,1.0046023,0.82151556,0.9142216,6,28
10,DE,1.0046023,0.82151556,1.4979596,6,666
10,DE,1.0046023,0.82151556,0.95489913,4,39
10,DE,1.0046023,0.82151556,2.9131258,4,999
10,DE,1.0130444,0.82151556,3.2862568,4,45
10,DE,1.0046023,0.82151556,1.5978634,2,40
10,DE,1.0046023,0.82151556,0.64497447,3,39
10,DE,1.0046023,0.82151556,0.8381757,4,45
10,DE,1.0046023,0.82151556,0.7460893,5,35
10,DE,1.0046023,0.82151556,1.028501,6,40
10,DE,1.0046023,0.82151556,0.8381757,2,42
10,DE,1.0046023,0.82151556,0.6053294,6,38
10,DE,1.0046023,0.82151556,0.72087276,5,999
10,DE,1.0046023,0.82151556,0.4203809,2,666
10,DE,1.0046023,0.82151556,0.77245545,4,666
10,DE,1.0046023,0.82151556,0.51271206,2,50
10,DE,1.0046023,0.82151556,0.47940874,3,11
10,DE,1.0046023,0.82151556,0.7770785,4,40
10,DE,1.0046023,0.82151556,1.0910307,4,45
10,DE,1.0046023,0.82151556,0.5117041,6,999
10,DE,1.0046023,0.82151556,0.8406947,4,5
10,DE,1.0046023,0.82151556,0.5150917,5,50
10,DE,1.0046023,0.82151556,0.5273934,4,60
10,DE,1.0046023,0.82151556,0.5004114,2,11
10,DE,1.0046023,0.82151556,0.5483194,3,50
10,DE,1.0046023,0.82151556,0.8230453,4,40
10,DE,1.0046023,0.82151556,0.84265924,3,30
10,DE,1.0046023,0.82151556,0.47940874,6,9
10,DE,1.0046023,0.82151556,0.5878406,4,40
10,DE,1.0046023,0.82151556,0.49497455,4,45
10,DE,1.0046023,0.82151556,0.71884096,4,30
10,DE,1.0046023,0.82151556,0.7641459,2,35
10,DE,1.0046023,0.82151556,0.46192226,6,70
10,DE,1.0046023,0.82151556,0.43535438,4,42
10,DE,1.0046023,0.82151556,0.51271206,5,40
10,DE,1.0046023,0.82151556,0.43535438,6,10
10,DE,1.0046023,0.82151556,1.0462518,3,41
10,DE,1.0046023,0.82151556,0.7460893,6,6
10,DE,1.0046023,0.82151556,0.46192226,6,45
10,DE,1.0046023,0.82151556,0.5150917,5,60
10,DE,1.0046023,0.82151556,0.77245545,6,32
10,DE,1.0046023,0.82151556,0.39304996,7,45
10,DE,1.0046023,0.82151556,0.47940874,4,999
10,DE,1.0046023,0.82151556,0.93492377,7,39
10,DE,1.0046023,0.82151556,0.93492377,7,666
10,DE,1.0046023,0.82151556,0.50067854,3,60
10,DE,1.0046023,0.82151556,0.48965093,4,60
10,DE,1.0046023,0.82151556,0.93492377,4,666
10,DE,1.0046023,0.82151556,0.5588358,6,0
10,DE,1.0046023,0.82151556,0.97917575,1,40
10,DE,1.0046023,0.82151556,0.55434185,7,45
10,DE,1.0046023,0.82151556,0.9134945,4,50
10,DE,1.0046023,0.82151556,0.43535438,7,35
10,DE,1.0046023,0.82151556,0.87498605,6,50
10,DE,1.0046023,0.82151556,0.7641459,3,30
10,DE,1.0046023,0.82151556,0.50278074,4,39
10,DE,1.0046023,0.82151556,1.2823155,5,50
10,DE,1.0046023,0.82151556,0.49000242,4,40
10,DE,1.0046023,0.82151556,0.9488299,4,18
10,DE,1.0046023,0.82151556,0.64159423,4,39
10,DE,1.0046023,0.82151556,0.4745927,6,40
10,DE,1.0046023,0.82151556,0.5483194,2,999
10,DE,1.0046023,0.82151556,0.42576477,5,43
10,DE,1.0046023,0.82151556,0.46958306,6,45
10,DE,1.0046023,0.82151556,0.63804144,4,32
10,DE,1.0046023,0.82151556,0.47940874,7,12
10,DE,1.0046023,0.82151556,0.72262585,5,999
10,DE,1.0130444,0.82151556,1.1001985,4,999
10,DE,1.0046023,0.82151556,0.9652816,6,8
10,DE,1.0046023,0.82151556,0.7460893,7,666
10,DE,1.0046023,0.82151556,0.69222265,6,23
10,DE,1.0046023,0.82151556,0.48965093,2,50
10,DE,1.0130444,0.82151556,0.8497406,4,40
10,DE,1.0046023,0.82151556,2.466319,2,20
10,DE,1.0046023,0.82151556,0.43535438,6,40
10,DE,1.0046023,0.82151556,0.7481615,2,40
10,DE,1.0046023,0.82151556,2.6759992,6,999
10,DE,1.0046023,0.82151556,0.5310751,4,23
10,DE,1.0046023,0.82151556,0.979639,4,0
10,DE,1.0046023,0.82151556,0.8430712,3,999
10,DE,1.0046023,0.82151556,0.7460893,3,30
10,DE,1.0046023,0.82151556,1.4979596,3,6
10,DE,1.0046023,0.82151556,0.9652816,6,10
10,DE,1.0046023,0.82151556,0.5588358,6,45
10,DE,1.0046023,0.82151556,2.7820985,2,7
10,DE,1.0046023,0.82151556,0.7481615,4,20
10,DE,1.0046023,0.82151556,0.93492377,7,40
10,DE,1.0046023,0.82151556,0.5424216,6,45
10,DE,1.0046023,0.82151556,0.71668595,2,40
10,DE,1.0046023,0.82151556,0.8001355,4,40
10,DE,1.0046023,0.82151556,0.53649414,4,50
10,DE,1.0046023,0.82151556,0.46062,5,40
10,DE,1.0046023,0.82151556,0.5555892,6,50
10,DE,1.0046023,0.82151556,1.183685,3,36
10,DE,1.0046023,0.82151556,0.5220938,6,39
10,DE,1.0046023,0.82151556,2.4177234,4,36
10,DE,1.0046023,0.82151556,0.9691014,5,999
10,DE,1.0046023,0.82151556,1.158508,4,60
10,DE,1.0046023,0.82151556,0.5206894,5,36
10,DE,1.0046023,0.82151556,0.72087276,4,999
10,DE,1.0046023,0.82151556,0.8406947,4,40
10,DE,1.0046023,0.82151556,0.6644449,4,70
10,DE,1.0046023,0.82151556,0.49497455,5,40
10,DE,1.0046023,0.82151556,0.7641459,5,9
10,DE,1.0046023,0.82151556,1.0462518,4,30
10,DE,1.0046023,0.82151556,0.45923847,6,45
10,DE,1.0046023,0.82151556,1.2284942,4,39
10,DE,1.0046023,0.82151556,0.6644449,6,999
10,DE,1.0046023,0.82151556,2.238528,6,999
10,DE,1.0046023,0.82151556,0.979639,4,39
10,DE,1.0046023,0.82151556,0.53649414,5,55
10,DE,1.0046023,0.82151556,0.5392715,6,43
10,DE,1.0046023,0.82151556,0.7770785,5,43
10,DE,1.0046023,0.82151556,0.49020743,5,8
10,DE,1.0046023,0.82151556,0.6962677,7,999
10,DE,1.0046023,0.82151556,0.6962677,5,22
10,DE,1.0046023,0.82151556,0.8136785,6,38
10,DE,1.0046023,0.82151556,0.95489913,3,39
10,DE,1.0046023,0.82151556,2.376706,4,999
10,DE,1.0046023,0.82151556,0.71884096,3,25
10,DE,1.0046023,0.82151556,0.5150917,5,666
10,DE,1.0046023,0.82151556,0.50612396,6,40
10,DE,0.52648985,0.82151556,0.2928732,4,45
10,DE,1.0046023,0.82151556,0.6196944,4,666
10,DE,1.0046023,0.82151556,0.49497455,6,9
10,DE,1.0046023,0.82151556,0.59431446,4,30
10,DE,1.0046023,0.82151556,0.6962677,4,30
10,DE,1.0046023,0.82151556,0.72262585,5,999
10,DE,1.0130444,0.82151556,0.4390131,6,0
10,DE,1.0046023,0.82151556,0.777911,4,50
10,DE,1.0046023,0.82151556,1.612928,4,10
10,DE,1.0046023,0.82151556,0.72262585,4,666
10,DE,1.0046023,0.82151556,0.7770785,99,45
10,DE,1.0046023,0.82151556,0.7481615,4,37
10,DE,1.0046023,0.82151556,0.72087276,4,37
10,DE,1.0046023,0.82151556,1.2284942,6,41
10,DE,1.0046023,0.82151556,0.903398,4,25
10,DE,1.0046023,0.82151556,0.48965093,4,50
10,DE,1.0046023,0.82151556,0.46192226,5,5
10,DE,1.0046023,0.82151556,0.72087276,4,40
10,DE,1.0046023,0.82151556,0.48965093,6,40
10,DE,1.0046023,0.82151556,0.5117041,6,999
10,DE,1.0046023,0.82151556,0.46958306,6,12
10,DE,1.0046023,0.82151556,0.50612396,5,17
10,DE,1.0046023,0.82151556,0.8430712,99,45
10,DE,1.0046023,0.82151556,0.8936806,3,50
10,DE,1.0046023,0.82151556,1.9187179,4,999
10,DE,1.0046023,0.82151556,1.2885052,6,666
10,DE,1.0046023,0.82151556,0.46192226,2,999
10,DE,1.0046023,0.82151556,0.47232667,4,41
10,DE,1.0046023,0.82151556,0.903398,5,35
10,DE,1.0046023,0.82151556,0.50612396,4,40
10,DE,1.0046023,0.82151556,0.72087276,2,999
10,DE,1.0130444,0.82151556,0.4941204,4,666
10,DE,1.0046023,0.82151556,0.7641459,4,50
10,DE,1.0046023,0.82151556,0.6644449,4,999
10,DE,1.0046023,0.82151556,0.77245545,2,999
10,DE,1.0046023,0.82151556,0.45728162,7,40
10,DE,1.0046023,0.82151556,0.5310751,6,16
10,DE,1.0046023,0.82151556,0.5310751,6,40
10,DE,1.0130444,0.82151556,0.90839267,2,999
10,DE,1.0046023,0.82151556,0.5555892,6,16
10,DE,1.0046023,0.82151556,0.91332,6,40
10,DE,1.0046023,0.82151556,0.77245545,5,20
10,DE,1.0046023,0.82151556,0.57999,2,42
10,DE,1.0046023,0.82151556,1.6050462,4,40
10,DE,1.0046023,0.82151556,0.6644449,2,40
10,DE,1.0046023,0.82151556,0.5862924,4,35
10,DE,1.0046023,0.82151556,0.7481615,6,44
10,DE,1.0046023,0.82151556,0.42576477,2,50
10,DE,1.0046023,0.82151556,0.7481615,4,40
10,DE,1.0046023,0.82151556,0.71668595,2,40
10,DE,1.0046023,0.82151556,1.1768091,2,60
10,DE,1.0046023,0.82151556,0.8001355,4,666
10,DE,1.0046023,0.82151556,0.49497455,2,48
10,DE,1.0046023,0.82151556,0.7481615,3,33
10,DE,1.0046023,0.82151556,0.7770785,5,45
10,DE,1.0046023,0.82151556,0.7770785,2,162
10,DE,1.0046023,0.82151556,0.9142216,2,27
10,DE,1.0046023,0.82151556,1.2441908,1,42
10,DE,1.0046023,0.82151556,2.1604648,1,36
10,DE,1.0046023,0.82151556,0.8430712,3,40
10,DE,1.0046023,0.82151556,0.7183895,3,60
10,DE,1.0046023,0.82151556,3.2862568,4,46
10,DE,1.0046023,0.82151556,0.5633152,4,80
10,DE,1.0046023,0.82151556,0.47940874,6,43
10,DE,1.0130444,0.82151556,2.2493625,4,999
10,DE,1.0046023,0.82151556,0.5938056,4,42
10,DE,1.0046023,0.82151556,0.48965093,2,30
10,DE,1.0046023,0.82151556,1.27181,5,25
10,DE,1.0046023,0.82151556,0.6053294,5,40
10,DE,1.0046023,0.82151556,0.979639,6,40
10,DE,1.0046023,0.82151556,0.903398,5,40
10,DE,1.0046023,0.82151556,0.9652816,4,30
10,DE,1.0046023,0.82151556,2.0757954,6,666
10,DE,1.0046023,0.82151556,0.7665104,6,25
10,DE,1.0046023,0.82151556,0.72262585,5,30
10,DE,1.0130444,0.82151556,0.64715946,2,40
10,DE,1.0046023,0.82151556,0.49497455,6,40
10,DE,1.0046023,0.82151556,0.4847319,6,15
10,DE,1.0046023,0.82151556,0.5483194,2,50
10,DE,1.0046023,0.82151556,0.77245545,2,40
10,DE,1.0046023,0.82151556,0.6644449,5,999
10,DE,0.57532686,0.82151556,0.41283742,6,30
10,DE,1.0046023,0.82151556,0.64176625,6,25
10,DE,1.0046023,0.82151556,0.45923847,3,28
10,DE,1.0046023,0.82151556,0.83724916,5,0
10,DE,1.0046023,0.82151556,0.47940874,6,50
10,DE,1.0046023,0.82151556,0.5649073,4,25
10,DE,1.0046023,0.82151556,0.40190277,6,9
10,DE,1.0046023,0.82151556,0.6644449,4,25
10,DE,1.0046023,0.82151556,0.5988232,5,39
10,DE,1.0046023,0.82151556,0.50612396,4,40
10,DE,1.0046023,0.82151556,1.3138354,4,43
10,DE,1.0046023,0.82151556,0.72262585,2,2
10,DE,1.0046023,0.82151556,0.93492377,6,42
10,DE,1.0046023,0.82151556,0.52426046,5,38
10,DE,1.0046023,0.82151556,0.95489913,5,999
10,DE,1.0046023,0.82151556,0.9142216,3,45
10,DE,1.0046023,0.82151556,0.9998724,6,31
10,DE,1.0046023,0.82151556,2.1604648,3,15
10,DE,1.0046023,0.82151556,0.5310751,4,38
10,DE,1.0046023,0.82151556,1.7712854,6,40
10,DE,1.0046023,0.82151556,0.47940874,5,50
10,DE,1.0046023,0.82151556,0.5004114,4,55
10,DE,1.0046023,0.82151556,0.5938056,4,40
10,DE,1.0046023,0.82151556,1.183685,4,5
10,DE,1.0046023,0.82151556,0.57999,5,46
10,DE,1.0046023,0.82151556,0.5483194,6,30
10,DE,1.0046023,0.82151556,0.77245545,3,40
10,DE,1.0046023,0.82151556,0.8430712,2,5
10,DE,1.0046023,0.82151556,0.9625641,1,45
10,DE,1.0046023,0.82151556,0.5842293,6,35
10,DE,1.0046023,0.82151556,0.5220938,6,47
10,DE,1.0046023,0.82151556,0.47164983,6,666
10,DE,1.0046023,0.82151556,1.0618118,4,28
10,DE,1.0046023,0.82151556,0.42576477,6,40
10,DE,1.0046023,0.82151556,0.59238154,4,42
10,DE,1.0046023,0.82151556,0.9652816,5,20
10,DE,1.0046023,0.82151556,0.5220938,6,20
10,DE,1.0046023,0.82151556,0.69222265,6,999
10,DE,1.0046023,0.82151556,0.83724916,4,33
10,DE,1.0046023,0.82151556,0.49497455,6,45
10,DE,1.0046023,0.82151556,0.57999,5,40
10,DE,1.0046023,0.82151556,0.65610456,7,50
10,DE,1.0046023,0.82151556,0.61339086,1,20
10,DE,1.0046023,0.82151556,0.42576477,3,40
10,DE,1.0046023,0.82151556,0.77245545,3,7
10,DE,1.0046023,0.82151556,0.9625641,3,40
10,DE,1.0046023,0.82151556,0.5220938,4,999
10,DE,1.0046023,0.82151556,1.8458856,6,999
10,DE,1.0046023,0.82151556,1.4508483,4,40
10,DE,1.0046023,0.82151556,0.903398,4,999
10,DE,0.52648985,0.82151556,0.44183508,4,100
10,DE,1.0046023,0.82151556,0.77245545,5,4
10,DE,1.0046023,0.82151556,0.71884096,5,999
10,DE,1.0046023,0.82151556,0.7481615,5,35
10,DE,1.0046023,0.82151556,0.71884096,4,12
10,DE,1.0046023,0.82151556,0.5853512,2,50
10,DE,1.0046023,0.82151556,1.0437982,6,999
10,DE,1.0046023,0.82151556,0.49000242,6,39
10,DE,1.0046023,0.82151556,0.979639,3,25
10,DE,1.0046023,0.82151556,0.5392715,99,999
10,DE,1.0046023,0.82151556,0.7460893,4,999
10,DE,1.0046023,0.82151556,1.183685,4,40
10,DE,1.0046023,0.82151556,3.2862568,5,0
10,DE,1.0046023,0.82151556,1.0910307,7,999
10,DE,1.0046023,0.82151556,0.49020743,5,16
10,DE,1.0046023,0.82151556,0.93492377,6,999
10,DE,1.0046023,0.82151556,0.6053294,5,55
10,DE,1.0046023,0.82151556,0.46192226,4,50
10,DE,1.0046023,0.82151556,0.903398,5,50
10,DE,1.0046023,0.82151556,0.89828366,4,10
10,DE,1.0046023,0.82151556,0.72087276,4,999
10,DE,1.0046023,0.82151556,0.57999,3,35
10,DE,1.0046023,0.82151556,1.2683845,6,40
10,DE,1.0046023,0.82151556,0.5938056,5,40
10,DE,1.0046023,0.82151556,0.47940874,4,35
10,DE,1.0046023,0.82151556,1.6050462,5,999
10,DE,1.0046023,0.82151556,0.83030975,5,48
10,DE,1.0046023,0.82151556,0.46062,3,40
10,DE,1.0046023,0.82151556,2.609303,4,40
10,DE,1.0046023,0.82151556,1.39793,5,666
10,DE,1.0046023,0.82151556,1.1580179,7,43
10,DE,1.0046023,0.82151556,0.5649073,4,999
10,DE,1.0046023,0.82151556,0.57999,6,35
10,DE,1.0046023,0.82151556,0.71884096,4,40
10,DE,1.0046023,0.82151556,0.56796795,4,42
10,DE,1.0046023,0.82151556,0.9625641,3,37
10,DE,0.52648985,0.82151556,0.6203431,4,50
10,DE,1.0046023,0.82151556,0.48965093,7,55
10,DE,1.0046023,0.82151556,0.72087276,7,20
10,DE,1.0046023,0.82151556,0.7481615,4,45
10,DE,1.0046023,0.82151556,0.49000242,4,55
10,DE,1.0046023,0.82151556,0.9652816,6,10
10,DE,1.0046023,0.82151556,0.59431446,5,55
10,DE,1.0046023,0.82151556,0.5310751,4,42
10,DE,1.0046023,0.82151556,0.7481615,4,666
10,DE,1.0046023,0.82151556,0.90082294,6,39
10,DE,1.0046023,0.82151556,0.71668595,4,20
10,DE,1.0046023,0.82151556,2.1604648,4,666
10,DE,1.0046023,0.82151556,0.79495275,6,999
10,DE,1.0046023,0.82151556,0.6196944,4,40
10,DE,1.0046023,0.82151556,0.59238154,5,37
10,DE,1.0046023,0.82151556,0.5087317,5,40
10,DE,1.0046023,0.82151556,0.45728162,6,40
10,DE,1.0046023,0.82151556,0.71884096,5,40
10,DE,1.0046023,0.82151556,1.2683845,3,40
10,DE,1.0046023,0.82151556,0.46192226,5,38
10,DE,1.0046023,0.82151556,0.64176625,2,20
10,DE,1.0046023,0.82151556,0.7641459,4,44
10,DE,1.0046023,0.82151556,0.5483194,4,45
10,DE,1.0046023,0.82151556,1.8659555,4,39
10,DE,1.0046023,0.82151556,0.8936806,4,999
10,DE,1.0046023,0.82151556,0.8406947,4,40
10,DE,1.0046023,0.82151556,0.45542914,4,40
10,DE,1.0046023,0.82151556,0.7481615,6,28
10,DE,1.0046023,0.82151556,0.5273934,4,35
10,DE,1.0046023,0.82151556,0.72087276,6,30
10,DE,1.0046023,0.82151556,0.903398,3,40
10,DE,1.0046023,0.82151556,0.5273934,99,40
10,DE,1.0046023,0.82151556,1.0437982,4,35
10,DE,1.0046023,0.82151556,0.7460893,5,40
10,DE,1.0046023,0.82151556,0.77245545,4,38
10,DE,1.0046023,0.82151556,0.9116449,6,40
10,DE,1.0046023,0.82151556,0.5273934,4,40
10,DE,1.0046023,0.82151556,0.5117041,6,40
10,DE,1.0046023,0.82151556,0.5633152,2,41
10,DE,1.0046023,0.82151556,0.46062,4,999
10,DE,1.0046023,0.82151556,0.64176625,4,39
10,DE,1.0046023,0.82151556,0.95489913,5,1
10,DE,1.0046023,0.82151556,0.979639,2,35
10,DE,1.0046023,0.82151556,0.87498605,7,999
10,DE,1.0046023,0.82151556,0.4755132,6,60
10,DE,1.0046023,0.82151556,0.51168334,5,999
10,DE,1.0046023,0.82151556,0.49497455,4,40
10,DE,1.0046023,0.82151556,1.3747772,6,13
10,DE,1.0046023,0.82151556,1.1768091,5,40
10,DE,1.0130444,0.82151556,0.46580365,6,12
10,DE,1.0046023,0.82151556,0.8086729,4,38
10,DE,1.0046023,0.82151556,0.5483194,6,999
10,DE,1.0046023,0.82151556,0.49497455,4,60
10,DE,1.0046023,0.82151556,0.5150917,4,40
10,DE,1.0046023,0.82151556,0.9142216,6,9
10,DE,1.0046023,0.82151556,0.57999,4,40
10,DE,1.0046023,0.82151556,0.4745927,5,40
10,DE,1.0046023,0.82151556,0.50612396,6,999
10,DE,1.0046023,0.82151556,0.9142216,6,32
10,DE,1.0046023,0.82151556,0.83030975,5,40
10,DE,1.0046023,0.82151556,0.49000242,2,40
10,DE,1.0046023,0.82151556,0.47940874,5,40
10,DE,1.0046023,0.82151556,2.4191086,7,42
10,DE,1.0046023,0.82151556,1.2547408,3,38
10,DE,1.0046023,0.82151556,0.72087276,6,40
10,DE,1.0046023,0.82151556,0.45923847,1,666
10,DE,1.0046023,0.82151556,0.71668595,4,42
10,DE,1.0046023,0.82151556,0.63804144,4,55
10,DE,1.0046023,0.82151556,0.6644449,6,45
10,DE,1.0046023,0.82151556,0.7641459,6,48
10,DE,1.0046023,0.82151556,0.9142216,4,42
10,DE,1.0046023,0.82151556,0.89558655,2,7
10,DE,1.0046023,0.82151556,0.9134945,5,34
10,DE,1.0046023,0.82151556,0.5150917,4,41
10,DE,1.0046023,0.82151556,0.8230453,4,40
10,DE,1.0046023,0.82151556,0.60718024,7,999
10,DE,1.0046023,0.82151556,0.6644449,4,34
10,DE,1.0046023,0.82151556,0.50278074,6,30
10,DE,1.0046023,0.82151556,0.7481615,4,19
10,DE,1.0046023,0.82151556,1.1768091,6,40
10,DE,1.0046023,0.82151556,0.5988184,6,40
10,DE,1.0046023,0.82151556,0.6644449,5,30
10,DE,1.0046023,0.82151556,1.5516373,5,666
10,DE,1.0046023,0.82151556,0.5988232,4,38
10,DE,1.0046023,0.82151556,1.183685,2,999
10,DE,1.0046023,0.82151556,0.4214874,5,45
10,DE,1.0046023,0.82151556,0.9488299,5,27
10,DE,1.0046023,0.82151556,0.49000242,4,39
10,DE,1.0046023,0.82151556,2.4191086,3,12
10,DE,1.0046023,0.82151556,0.5649073,5,35
10,DE,1.0046023,0.82151556,0.72087276,4,1
10,DE,1.0046023,0.82151556,0.5392715,6,20
10,DE,1.0046023,0.82151556,0.64497447,5,40
10,DE,1.0046023,0.82151556,0.49737647,4,40
10,DE,1.0046023,0.82151556,0.90082294,6,999
10,DE,1.0046023,0.82151556,0.55434185,4,44
10,DE,1.0046023,0.82151556,1.4818469,6,666
10,DE,1.0046023,0.82151556,1.6050462,6,40
10,DE,1.0046023,0.82151556,0.5310751,6,22
10,DE,1.0046023,0.82151556,1.9187179,99,666
10,DE,1.0046023,0.82151556,0.75428396,4,40
10,DE,1.0046023,0.82151556,0.8381757,99,999
10,DE,1.0046023,0.82151556,0.45728162,6,35
10,DE,1.0046023,0.82151556,0.50756145,4,30
10,DE,1.0046023,0.82151556,0.5483194,5,40
10,DE,1.0046023,0.82151556,0.4847319,6,40
10,DE,1.0046023,0.82151556,0.47940874,5,50
10,DE,1.0130444,0.82151556,0.7021189,5,42
10,DE,1.0046023,0.82151556,0.72262585,2,25
10,DE,1.0046023,0.82151556,1.0837764,3,40
10,DE,1.0046023,0.82151556,0.7770785,4,666
10,DE,1.0046023,0.82151556,1.183685,2,26
10,DE,1.0046023,0.82151556,0.7481615,4,15
10,DE,1.0046023,0.82151556,0.4559926,6,6
10,DE,1.0130444,0.82151556,0.5250639,4,35
10,DE,1.0046023,0.82151556,0.8430712,6,3
10,DE,1.0046023,0.82151556,1.183685,2,40
10,DE,1.0046023,0.82151556,0.5102619,4,999
10,DE,1.0046023,0.82151556,0.5988184,6,40
10,DE,1.0046023,0.82151556,0.63804144,6,50
10,DE,1.0046023,0.82151556,0.49020743,5,30
10,DE,1.0046023,0.82151556,0.5206894,5,37
10,DE,1.0046023,0.82151556,0.5988184,3,48
10,DE,1.0046023,0.82151556,0.8406947,5,35
10,DE,1.0046023,0.82151556,0.5273934,5,37
10,DE,1.0046023,0.82151556,0.9488299,4,10
10,DE,1.0046023,0.82151556,0.49020743,4,39
10,DE,1.0046023,0.82151556,0.56796795,2,62
10,DE,1.0046023,0.82151556,0.7481615,2,999
10,DE,1.0046023,0.82151556,0.71884096,99,999
10,DE,1.0046023,0.82151556,0.5004114,2,999
10,DE,1.0046023,0.82151556,0.5310751,4,25
10,DE,1.0130444,0.82151556,0.72693014,3,666
10,DE,1.0046023,0.82151556,0.87498605,4,43
10,DE,1.0046023,0.82151556,0.49000242,7,43
10,DE,1.0046023,0.82151556,0.531104,6,39
10,DE,1.0046023,0.82151556,1.2284942,6,50
10,DE,1.0046023,0.82151556,0.6644449,6,25
10,DE,1.0046023,0.82151556,0.90082294,6,40
10,DE,1.0046023,0.82151556,0.49497455,7,40
10,DE,1.0046023,0.82151556,0.979639,5,20
10,DE,1.0046023,0.82151556,0.91332,2,999
10,DE,1.0046023,0.82151556,0.8936806,6,40
10,DE,1.0046023,0.82151556,0.77245545,4,39
10,DE,1.0046023,0.82151556,0.5588358,4,45
10,DE,1.0046023,0.82151556,0.49000242,6,44
10,DE,1.0046023,0.82151556,0.5588358,4,42
10,DE,1.0046023,0.82151556,0.7641459,6,8
10,DE,1.0046023,0.82151556,0.89558655,5,30
10,DE,1.0046023,0.82151556,2.1604648,5,999
10,DE,1.0046023,0.82151556,0.8381757,2,45
10,DE,1.0046023,0.82151556,0.7481615,4,20
10,DE,1.0046023,0.82151556,0.6644449,2,999
10,DE,1.0130444,0.82151556,0.7789463,4,999
10,DE,1.0046023,0.82151556,0.5424216,4,14
10,DE,1.0046023,0.82151556,0.5572606,4,40
10,DE,1.0046023,0.82151556,0.8381757,2,999
10,DE,1.0046023,0.82151556,0.47164983,3,28
10,DE,1.0046023,0.82151556,0.6962677,4,42
10,DE,1.0046023,0.82151556,0.8136785,2,22
10,DE,1.0046023,0.82151556,0.979639,6,35
10,DE,1.0046023,0.82151556,0.77245545,4,5
10,DE,1.0046023,0.82151556,0.9652816,3,2
10,DE,1.0046023,0.82151556,0.5649073,5,40
10,DE,1.0046023,0.82151556,0.90082294,5,41
10,DE,1.0046023,0.82151556,0.71668595,6,666
10,DE,1.0046023,0.82151556,0.93492377,6,999
10,DE,1.0046023,0.82151556,0.6644449,3,40
10,DE,1.0046023,0.82151556,0.72087276,6,5
10,DE,1.0046023,0.82151556,0.57999,5,50
10,DE,1.0046023,0.82151556,0.4214874,2,40
10,DE,1.0046023,0.82151556,0.7770785,4,39
10,DE,1.0046023,0.82151556,2.2306173,5,38
10,DE,1.0046023,0.82151556,0.979639,4,999
10,DE,1.0046023,0.82151556,0.979639,5,45
10,DE,1.0046023,0.82151556,0.5310751,5,30
10,DE,1.0046023,0.82151556,0.59238154,2,999
10,DE,1.0046023,0.82151556,1.730858,3,50
10,DE,1.0046023,0.82151556,0.5588358,4,45
10,DE,1.0046023,0.82151556,0.46192226,3,52
10,DE,1.0046023,0.82151556,0.5102619,5,35
10,DE,1.0046023,0.82151556,0.9116449,3,30
10,DE,1.0046023,0.82151556,0.45728162,4,38
10,DE,1.0046023,0.82151556,0.73806393,5,45
10,DE,1.0046023,0.82151556,0.4214874,6,38
10,DE,1.0046023,0.82151556,0.4559926,6,21
10,DE,1.0046023,0.82151556,1.0910307,6,42
10,DE,1.0046023,0.82151556,0.7641459,4,9
10,DE,1.0046023,0.82151556,0.903398,5,999
10,DE,1.0046023,0.82151556,0.7481615,4,26
10,DE,1.0046023,0.82151556,0.9142216,6,40
10,DE,1.0046023,0.82151556,0.903398,2,35
10,DE,1.0046023,0.82151556,0.48965093,2,50
10,DE,1.0046023,0.82151556,0.4709951,6,34
10,DE,1.0046023,0.82151556,1.730858,2,666
10,DE,1.0046023,0.82151556,1.1752414,4,45
10,DE,1.0046023,0.82151556,0.9116449,6,27
10,DE,1.0046023,0.82151556,0.7481615,3,40
10,DE,1.0046023,0.82151556,0.6053294,4,30
10,DE,1.0046023,0.82151556,0.72087276,4,40
10,DE,1.0046023,0.82151556,1.1803502,3,40
10,DE,1.0046023,0.82151556,0.5616258,5,40
10,DE,1.0046023,0.82151556,0.49000242,6,44
10,DE,1.0046023,0.82151556,0.47940874,5,44
10,DE,1.0046023,0.82151556,0.78093904,4,35
10,DE,1.0046023,0.82151556,1.2683845,4,45
10,DE,1.0046023,0.82151556,0.5220938,4,999
10,DE,1.0046023,0.82151556,0.5206894,6,37
10,DE,1.0046023,0.82151556,0.5588358,4,50
10,DE,1.0046023,0.82151556,0.5862924,4,25
10,DE,1.0046023,0.82151556,0.53649414,6,50
10,DE,1.0046023,0.82151556,0.77245545,7,999
10,DE,1.0046023,0.82151556,0.46062,6,40
10,DE,1.0046023,0.82151556,0.40190277,6,21
10,DE,1.0046023,0.82151556,0.979639,6,26
10,DE,1.0046023,0.82151556,1.8659555,6,1
10,DE,1.0046023,0.82151556,0.5273934,6,40
10,DE,1.0046023,0.82151556,0.49000242,6,43
10,DE,1.0046023,0.82151556,0.49000242,6,60
10,DE,1.0046023,0.82151556,0.7770785,5,38
10,DE,1.0046023,0.82151556,0.79495275,4,0
10,DE,1.0046023,0.82151556,0.87498605,4,40
10,DE,1.0046023,0.82151556,0.46192226,3,41
10,DE,1.0046023,0.82151556,0.5588358,3,41
10,DE,1.0046023,0.82151556,0.7481615,5,999
10,DE,1.0046023,0.82151556,0.979639,6,999
10,DE,1.0046023,0.82151556,0.83030975,6,20
10,DE,1.0046023,0.82151556,0.7481615,5,15
10,DE,1.0046023,0.82151556,1.0535071,4,52
10,DE,1.0046023,0.82151556,0.5988184,1,40
10,DE,1.0046023,0.82151556,0.8430712,5,35
10,DE,1.0046023,0.82151556,0.45462623,7,45
10,DE,1.0046023,0.82151556,0.72087276,5,25
10,DE,1.0046023,0.82151556,0.8406947,4,999
10,DE,1.0046023,0.82151556,0.47164983,5,999
10,DE,1.0046023,0.82151556,0.6962677,5,41
10,DE,1.0046023,0.82151556,0.77245545,7,25
10,DE,1.0046023,0.82151556,0.5310751,2,32
10,DE,1.0046023,0.82151556,1.0910307,6,50
10,DE,1.0046023,0.82151556,0.4745927,6,45
10,DE,1.0046023,0.82151556,0.979639,6,20
10,DE,1.0130444,0.82151556,0.51942015,5,50
10,DE,1.0046023,0.82151556,0.7460893,3,25
10,DE,1.0046023,0.82151556,0.73806393,5,20
10,DE,1.0046023,0.82151556,1.2683845,4,6
10,DE,1.0046023,0.82151556,0.7481615,4,50
10,DE,1.0046023,0.82151556,0.9488299,4,23
10,DE,1.0046023,0.82151556,0.5483194,4,20
10,DE,1.0046023,0.82151556,0.48965093,4,999
10,DE,1.0046023,0.82151556,0.7481615,5,999
10,DE,1.0046023,0.82151556,0.5273934,4,40
10,DE,1.0046023,0.82151556,0.49497455,4,60
10,DE,1.0046023,0.82151556,0.7481615,6,20
10,DE,1.0046023,0.82151556,1.2683845,2,8
10,DE,1.0046023,0.82151556,0.49497455,6,30
10,DE,1.0046023,0.82151556,0.84265924,6,35
10,DE,1.0046023,0.82151556,0.6644449,4,51
10,DE,1.0046023,0.82151556,0.47232667,6,60
10,DE,1.0046023,0.82151556,0.89828366,4,35
10,DE,1.0046023,0.82151556,0.51271206,2,40
10,DE,1.0046023,0.82151556,0.8430712,4,50
10,DE,1.0046023,0.82151556,1.0683459,4,50
10,DE,1.0046023,0.82151556,0.9142216,1,999
10,DE,1.0046023,0.82151556,0.83030975,5,1
10,DE,1.0046023,0.82151556,2.0757954,6,999
10,DE,1.0046023,0.82151556,0.9691014,4,43
10,DE,1.0046023,0.82151556,0.59238154,6,39
10,DE,1.0046023,0.82151556,3.0482485,7,999
10,DE,1.0046023,0.82151556,0.8001355,4,999
10,DE,1.0046023,0.82151556,0.5310751,4,40
10,DE,1.0046023,0.82151556,1.8659555,2,666
10,DE,1.0046023,0.82151556,0.9966461,2,999
10,DE,1.0046023,0.82151556,0.77245545,4,999
10,DE,1.0046023,0.82151556,0.49497455,5,55
10,DE,1.0046023,0.82151556,2.0757954,4,15
10,DE,1.0046023,0.82151556,0.78093904,3,45
10,DE,1.0046023,0.82151556,0.5555892,5,38
10,DE,1.0046023,0.82151556,0.72087276,2,666
10,DE,1.0046023,0.82151556,0.46192226,5,42
10,DE,1.0046023,0.82151556,0.5878406,6,39
10,DE,1.0046023,0.82151556,0.45542914,4,40
10,DE,1.0046023,0.82151556,0.77245545,6,10
10,DE,1.0046023,0.82151556,0.78093904,4,40
10,DE,1.0046023,0.82151556,0.4111214,7,42
10,DE,1.0046023,0.82151556,0.64159423,5,999
10,DE,1.0046023,0.82151556,0.59238154,4,40
10,DE,1.0046023,0.82151556,0.7641459,4,42
10,DE,1.0046023,0.82151556,0.59245354,5,40
10,DE,1.0046023,0.82151556,0.93492377,7,666
10,DE,1.0046023,0.82151556,0.5588358,4,999
10,DE,1.0046023,0.82151556,1.7312369,7,666
10,DE,1.0046023,0.82151556,0.9625641,4,40
10,DE,1.0046023,0.82151556,2.2306173,6,8
10,DE,1.0046023,0.82151556,0.72087276,5,8
10,DE,1.0130444,0.82151556,0.7789463,4,666
10,DE,1.0046023,0.82151556,0.5150917,5,25
10,DE,1.0046023,0.82151556,0.64159423,3,25
10,DE,1.0046023,0.82151556,2.6245463,99,40
10,DE,1.0046023,0.82151556,1.2683845,4,999
10,DE,1.0046023,0.82151556,2.0816622,5,38
10,DE,1.0046023,0.82151556,0.47940874,4,55
10,DE,1.0046023,0.82151556,1.2885052,4,30
10,DE,1.0046023,0.82151556,0.72087276,5,40
10,DE,1.0046023,0.82151556,0.71668595,7,999
10,DE,1.0046023,0.82151556,0.9652816,6,999
10,DE,1.0046023,0.82151556,0.47232667,4,40
10,DE,1.0046023,0.82151556,2.0816622,4,25
10,DE,1.0046023,0.82151556,0.5483194,2,60
10,DE,1.0130444,0.82151556,0.9878707,4,40
10,DE,1.0046023,0.82151556,0.903398,3,40
10,DE,1.0046023,0.82151556,3.2862568,3,9
10,DE,1.0046023,0.82151556,0.8950595,7,10
10,DE,1.0046023,0.82151556,0.6644449,4,25
10,DE,1.0046023,0.82151556,0.750353,4,42
10,DE,1.0046023,0.82151556,1.9187179,4,20
10,DE,1.0046023,0.82151556,0.6644449,2,48
10,DE,1.0046023,0.82151556,0.87498605,6,45
10,DE,1.0046023,0.82151556,0.49020743,6,35
10,DE,1.0046023,0.82151556,1.2823155,6,35
10,DE,1.0046023,0.82151556,0.5862924,4,40
10,DE,1.0130444,0.82151556,0.6038552,6,50
10,DE,1.0046023,0.82151556,0.5649073,6,24
10,DE,1.0046023,0.82151556,0.72087276,6,999
10,DE,1.0046023,0.82151556,0.9134945,5,32
10,DE,1.0046023,0.82151556,0.5862924,3,20
10,DE,1.0046023,0.82151556,1.1752414,2,43
10,DE,1.0046023,0.82151556,0.903398,5,50
10,DE,1.0046023,0.82151556,0.40190277,5,60
10,DE,1.0046023,0.82151556,0.48965093,4,999
10,DE,1.0046023,0.82151556,0.6644449,5,30
10,DE,1.0046023,0.82151556,0.7481615,5,20
10,DE,1.0046023,0.82151556,0.5087317,4,25
10,DE,1.0046023,0.82151556,0.8381757,5,45
10,DE,1.0046023,0.82151556,1.39793,2,666
10,DE,1.0046023,0.82151556,1.0535071,6,37
10,DE,1.0046023,0.82151556,0.8936806,6,30
10,DE,1.0046023,0.82151556,0.72087276,6,24
10,DE,1.0046023,0.82151556,0.5649073,2,30
10,DE,1.0046023,0.82151556,0.49000242,6,45
10,DE,1.0046023,0.82151556,0.49020743,4,40
10,DE,1.0046023,0.82151556,0.979639,3,34
10,DE,1.0046023,0.82151556,0.6644449,2,35
10,DE,1.0046023,0.82151556,0.979639,5,41
10,DE,1.0046023,0.82151556,0.77245545,6,45
10,DE,1.0046023,0.82151556,1.8659555,7,666
10,DE,1.0046023,0.82151556,0.71668595,4,25
10,DE,1.0130444,0.82151556,0.47561333,5,32
10,DE,1.0046023,0.82151556,1.2823155,1,40
10,DE,1.0046023,0.82151556,0.9691014,7,5
10,DE,1.0046023,0.82151556,2.0343237,4,45
10,DE,1.0046023,0.82151556,0.9691014,4,10
10,DE,1.0046023,0.82151556,0.72262585,6,25
10,DE,1.0046023,0.82151556,0.64176625,2,38
10,DE,1.0046023,0.82151556,0.9488299,6,20
10,DE,1.0046023,0.82151556,0.7770785,6,50
10,DE,1.0046023,0.82151556,0.5424216,3,40
10,DE,1.0046023,0.82151556,0.5853512,3,45
10,DE,1.0046023,0.82151556,0.8430712,3,50
10,DE,1.0046023,0.82151556,1.5216395,7,37
10,DE,1.0046023,0.82151556,0.42576477,6,50
10,DE,0.57532686,0.82151556,0.51589334,4,10
10,DE,1.0046023,0.82151556,0.72087276,4,45
10,DE,1.0046023,0.82151556,0.8381757,3,40
10,DE,1.0046023,0.82151556,0.903398,4,40
10,DE,1.0046023,0.82151556,0.48965093,6,55
10,DE,1.0046023,0.82151556,0.5588358,4,168
10,DE,1.0046023,0.82151556,1.5960648,1,8
10,DE,1.0046023,0.82151556,0.73806393,6,32
10,DE,1.0046023,0.82151556,0.46062,4,42
10,DE,1.0046023,0.82151556,2.4191086,4,20
10,DE,1.0046023,0.82151556,0.7460893,99,999
10,DE,1.0046023,0.82151556,0.9142216,6,43
10,DE,1.0046023,0.82151556,0.8430712,5,40
10,DE,1.0046023,0.82151556,0.90082294,6,40
10,DE,1.0046023,0.82151556,1.8659555,4,35
10,DE,1.0046023,0.82151556,0.64176625,5,40
10,DE,1.0046023,0.82151556,0.8430712,4,38
10,DE,1.0046023,0.82151556,0.6644449,2,42
10,DE,1.0046023,0.82151556,1.3514551,4,39
10,DE,1.0046023,0.82151556,1.183685,5,39
10,DE,1.0046023,0.82151556,0.8149527,4,666
10,DE,1.0046023,0.82151556,0.7173693,4,40
10,DE,1.0046023,0.82151556,0.5004114,7,55
10,DE,1.0046023,0.82151556,0.46192226,5,70
10,DE,1.0046023,0.82151556,0.9142216,4,55
10,DE,1.0046023,0.82151556,0.93492377,7,35
10,DE,1.0046023,0.82151556,0.9966461,6,20
10,DE,1.0046023,0.82151556,0.903398,4,40
10,DE,1.0046023,0.82151556,0.57999,2,999
10,DE,1.0046023,0.82151556,0.8406947,4,52
10,DE,1.0046023,0.82151556,0.7481615,4,40
10,DE,1.0046023,0.82151556,1.3939899,5,3
10,DE,1.0046023,0.82151556,0.9488299,5,0
10,DE,1.0046023,0.82151556,0.8430712,6,40
10,DE,1.0046023,0.82151556,0.72087276,4,999
10,DE,1.0046023,0.82151556,3.2862568,5,50
10,DE,1.0046023,0.82151556,0.57999,6,55
10,DE,1.0046023,0.82151556,1.7413534,2,666
10,DE,1.0046023,0.82151556,0.42576477,6,40
10,DE,1.0046023,0.82151556,0.9652816,3,8
10,DE,1.0046023,0.82151556,1.730858,6,38
10,DE,1.0046023,0.82151556,0.5310751,4,35
10,DE,1.0046023,0.82151556,0.90082294,5,999
10,DE,1.0046023,0.82151556,0.4214874,6,37
10,DE,1.0046023,0.82151556,0.8936806,4,60
10,DE,1.0046023,0.82151556,0.5649073,7,50
10,DE,1.0046023,0.82151556,0.5588358,6,40
10,DE,1.0046023,0.82151556,0.5087317,4,45
10,DE,1.0046023,0.82151556,0.9625641,4,999
10,DE,1.0046023,0.82151556,0.57999,4,42
10,DE,1.0046023,0.82151556,0.72087276,4,999
10,DE,1.0046023,0.82151556,0.49020743,6,48
10,DE,1.0046023,0.82151556,0.93492377,6,999
10,DE,1.0046023,0.82151556,0.979639,4,30
10,DE,1.0046023,0.82151556,0.50612396,4,41
10,DE,1.0046023,0.82151556,0.75428396,3,45
10,DE,1.0046023,0.82151556,0.5117041,6,8
10,DE,1.0046023,0.82151556,1.2547408,5,40
10,DE,1.0046023,0.82151556,0.7641459,2,40
10,DE,1.0046023,0.82151556,0.9116449,5,22
10,DE,1.0046023,0.82151556,0.903398,4,40
10,DE,1.0046023,0.82151556,0.979639,3,35
10,DE,1.0046023,0.82151556,0.4214874,3,40
10,DE,1.0046023,0.82151556,0.54857755,4,40
10,DE,1.0046023,0.82151556,0.8430712,4,40
10,DE,1.0046023,0.82151556,0.9488299,4,42
10,DE,1.0046023,0.82151556,0.47940874,6,42
10,DE,1.0046023,0.82151556,1.3514551,6,39
10,DE,1.0046023,0.82151556,0.7173693,4,999
10,DE,1.0046023,0.82151556,0.46192226,5,41
10,DE,1.0046023,0.82151556,2.2066238,4,10
10,DE,1.0046023,0.82151556,0.9089117,4,45
10,DE,1.0046023,0.82151556,0.5588358,4,45
10,DE,1.0046023,0.82151556,0.5424216,5,11
10,DE,1.0046023,0.82151556,0.7481615,5,45
10,DE,1.0046023,0.82151556,0.77282447,4,45
10,DE,1.0046023,0.82151556,0.5150917,5,41
10,DE,1.0046023,0.82151556,0.71884096,6,999
10,DE,1.0046023,0.82151556,1.1752414,6,38
10,DE,1.0046023,0.82151556,0.69430506,6,39
10,DE,1.0046023,0.82151556,1.0837764,6,999
10,DE,1.0046023,0.82151556,0.5483194,3,999
10,DE,1.0046023,0.82151556,0.49497455,6,40
10,DE,1.0046023,0.82151556,0.73806393,6,11
10,DE,1.0046023,0.82151556,1.1803502,5,40
10,DE,1.0046023,0.82151556,0.979639,3,22
10,DE,1.0046023,0.82151556,0.49497455,5,999
10,DE,1.0046023,0.82151556,0.8001355,6,25
10,DE,1.0046023,0.82151556,0.5483194,3,46
10,DE,1.0046023,0.82151556,0.72087276,4,32
10,DE,1.0046023,0.82151556,0.59431446,5,40
10,DE,1.0046023,0.82151556,0.57999,4,55
10,DE,1.0046023,0.82151556,0.7641459,3,45
10,DE,1.0046023,0.82151556,1.1803502,1,35
10,DE,1.0046023,0.82151556,1.0910307,6,999
10,DE,1.0046023,0.82151556,0.72262585,6,42
10,DE,1.0046023,0.82151556,0.5310751,4,20
10,DE,1.0046023,0.82151556,0.64176625,99,999
10,DE,1.0046023,0.82151556,0.6202814,4,40
10,DE,1.0046023,0.82151556,0.87498605,3,46
10,DE,1.0046023,0.82151556,0.7770785,2,35
10,DE,1.0046023,0.82151556,0.45923847,6,40
10,DE,1.0046023,0.82151556,0.47940874,2,60
10,DE,1.0046023,0.82151556,0.903398,4,56
10,DE,1.0046023,0.82151556,0.9142216,4,29
10,DE,1.0046023,0.82151556,0.43535438,4,5
10,DE,1.0046023,0.82151556,0.73806393,5,20
10,DE,1.0046023,0.82151556,0.5588358,6,40
10,DE,1.0046023,0.82151556,1.0071982,5,38
10,DE,1.0046023,0.82151556,0.77245545,5,38
10,DE,1.0046023,0.82151556,0.5988232,6,42
10,DE,1.0046023,0.82151556,1.8864498,6,36
10,DE,1.0046023,0.82151556,0.9652816,6,45
10,DE,1.0046023,0.82151556,0.5483194,5,20
10,DE,1.0046023,0.82151556,0.750353,5,60
10,DE,1.0046023,0.82151556,0.5572606,99,999
10,DE,1.0046023,0.82151556,0.9652816,3,60
10,DE,1.0046023,0.82151556,0.49497455,6,40
10,DE,1.0046023,0.82151556,0.64159423,5,40
10,DE,1.0046023,0.82151556,0.49000242,4,43
10,DE,1.0046023,0.82151556,0.42576477,5,45
10,DE,1.0046023,0.82151556,0.9652816,4,35
10,DE,1.0046023,0.82151556,0.5004114,7,70
10,DE,1.0046023,0.82151556,0.47164983,6,30
10,DE,1.0046023,0.82151556,2.4191086,3,10
10,DE,1.0046023,0.82151556,0.57999,4,40
10,DE,1.0046023,0.82151556,0.64176625,6,999
10,DE,1.0046023,0.82151556,1.0910307,4,40
10,DE,1.0046023,0.82151556,0.50612396,6,12
10,DE,1.0046023,0.82151556,0.9652816,3,16
10,DE,1.0046023,0.82151556,0.49497455,2,45
10,DE,1.0046023,0.82151556,1.0910307,6,38
10,DE,1.0046023,0.82151556,0.7770785,6,50
10,DE,1.0046023,0.82151556,0.64176625,6,8
10,DE,1.0046023,0.82151556,0.6490528,99,999
10,DE,1.0046023,0.82151556,0.39304996,4,20
10,DE,1.0046023,0.82151556,0.42576477,6,38
10,DE,1.0046023,0.82151556,0.979639,2,999
10,DE,1.0046023,0.82151556,0.5988184,6,999
10,DE,1.0046023,0.82151556,0.5862924,5,40
10,DE,1.0046023,0.82151556,0.72262585,6,45
10,DE,1.0046023,0.82151556,1.2823155,5,60
10,DE,1.0046023,0.82151556,0.5988232,6,46
10,DE,1.0046023,0.82151556,0.4214874,6,39
10,DE,1.0046023,0.82151556,0.7158557,5,37
10,DE,1.0046023,0.82151556,0.903398,2,999
10,DE,1.0046023,0.82151556,2.0816622,4,44
10,DE,1.0046023,0.82151556,0.7665104,7,999
10,DE,1.0046023,0.82151556,0.77245545,4,6
10,DE,1.0046023,0.82151556,0.6578015,5,6
10,DE,1.0046023,0.82151556,0.979639,7,20
10,DE,1.0046023,0.82151556,0.903398,4,60
10,DE,1.0046023,0.82151556,0.47232667,6,39
10,DE,1.0046023,0.82151556,0.9116449,5,666
10,DE,1.0046023,0.82151556,0.46062,4,39
10,DE,1.0046023,0.82151556,0.903398,2,40
10,DE,1.0046023,0.82151556,0.7460893,4,41
10,DE,1.0046023,0.82151556,2.4139984,6,999
10,DE,1.0046023,0.82151556,0.903398,4,37
10,DE,1.0046023,0.82151556,0.43535438,6,0
10,DE,1.0046023,0.82151556,1.0837764,2,40
10,DE,1.0046023,0.82151556,0.5424216,3,41
10,DE,1.0046023,0.82151556,2.0695705,2,666
10,DE,1.0046023,0.82151556,0.83030975,6,3
10,DE,1.0046023,0.82151556,1.4508483,6,666
10,DE,1.0046023,0.82151556,0.8430712,6,8
10,DE,1.0046023,0.82151556,0.57999,5,45
10,DE,1.0046023,0.82151556,0.87498605,4,48
10,DE,1.0046023,0.82151556,0.65610456,6,20
10,DE,1.0046023,0.82151556,0.9652816,3,45
10,DE,1.0046023,0.82151556,0.5988232,4,999
10,DE,1.0046023,0.82151556,0.9089117,3,30
10,DE,1.0046023,0.82151556,1.9187179,6,45
10,DE,1.0046023,0.82151556,1.9905784,6,35
10,DE,1.0046023,0.82151556,0.979639,2,35
10,DE,1.0046023,0.82151556,0.750353,3,38
10,DE,1.0046023,0.82151556,0.71884096,6,20
10,DE,1.0046023,0.82151556,0.6202814,7,50
10,DE,1.0046023,0.82151556,0.5483194,4,45
10,DE,1.0046023,0.82151556,0.7641459,7,40
10,DE,1.0046023,0.82151556,0.40699133,6,55
10,DE,1.0046023,0.82151556,0.8381757,4,999
10,DE,1.0046023,0.82151556,0.87498605,2,8
10,DE,1.0046023,0.82151556,0.9625641,7,167
10,DE,1.0046023,0.82151556,0.9652816,6,41
10,DE,1.0046023,0.82151556,0.7261941,5,40
10,DE,1.0046023,0.82151556,1.5960648,99,999
10,DE,1.0046023,0.82151556,0.90082294,4,9
10,DE,1.0046023,0.82151556,0.9266892,4,50
10,DE,1.0046023,0.82151556,1.2683845,3,37
10,DE,1.0046023,0.82151556,1.7413534,6,39
10,DE,1.0046023,0.82151556,0.46062,2,55
10,DE,1.0046023,0.82151556,0.5988232,99,999
10,DE,1.0046023,0.82151556,1.183685,4,42
10,DE,1.0046023,0.82151556,0.72262585,4,40
10,DE,1.0046023,0.82151556,0.65610456,6,40
10,DE,1.0046023,0.82151556,0.60718024,6,55
10,DE,1.0046023,0.82151556,0.611978,5,10
10,DE,1.0046023,0.82151556,0.5988184,6,30
10,DE,1.0046023,0.82151556,1.2547408,4,38
10,DE,1.0046023,0.82151556,0.53649414,4,60
10,DE,1.0046023,0.82151556,0.5206894,3,55
10,DE,1.0046023,0.82151556,0.72087276,6,40
10,DE,1.0046023,0.82151556,0.6644449,4,20
10,DE,1.0046023,0.82151556,0.50612396,6,2
10,DE,1.0046023,0.82151556,0.72262585,5,42
10,DE,1.0046023,0.82151556,0.71884096,4,35
10,DE,1.0046023,0.82151556,0.5862924,6,45
10,DE,1.0046023,0.82151556,0.5616258,6,8
10,DE,1.0046023,0.82151556,1.0837764,6,45
10,DE,1.0046023,0.82151556,0.57999,5,50
10,DE,1.0046023,0.82151556,0.46958306,5,43
10,DE,1.0046023,0.82151556,0.4745927,4,25
10,DE,1.0046023,0.82151556,0.8086729,4,38
10,DE,1.0046023,0.82151556,0.49000242,5,11
10,DE,1.0046023,0.82151556,0.4847319,4,45
10,DE,1.0046023,0.82151556,2.2066548,6,40
10,DE,1.0046023,0.82151556,0.50612396,5,40
10,DE,1.0046023,0.82151556,0.9142216,4,999
10,DE,1.0046023,0.82151556,0.5588358,4,30
10,DE,1.0046023,0.82151556,0.64176625,6,45
10,DE,1.0046023,0.82151556,1.0147438,5,45
10,DE,1.0046023,0.82151556,0.50067854,4,65
10,DE,1.0046023,0.82151556,0.45728162,6,45
10,DE,1.0046023,0.82151556,0.9357701,3,40
10,DE,1.0046023,0.82151556,0.7641459,6,23
10,DE,1.0046023,0.82151556,0.87498605,2,15
10,DE,1.0046023,0.82151556,0.48965093,4,60
10,DE,1.0046023,0.82151556,0.50612396,6,40
10,DE,1.0046023,0.82151556,0.89828366,7,666
10,DE,1.0046023,0.82151556,1.4979596,1,56
10,DE,1.0046023,0.82151556,0.45728162,7,40
10,DE,1.0130444,0.82151556,0.4941204,6,55
10,DE,1.0046023,0.82151556,0.8430712,7,48
10,DE,1.0046023,0.82151556,0.59238154,4,40
10,DE,1.0046023,0.82151556,0.4745927,3,41
10,DE,1.0046023,0.82151556,1.7413534,6,999
10,DE,1.0046023,0.82151556,0.9357701,2,48
10,DE,1.0046023,0.82151556,0.8430712,6,999
10,DE,1.0046023,0.82151556,0.8086729,6,13
10,DE,1.0046023,0.82151556,0.8230453,5,38
10,DE,1.0046023,0.82151556,0.9357701,4,40
10,DE,1.0046023,0.82151556,1.7413534,5,2
10,DE,1.0046023,0.82151556,0.71884096,6,666
10,DE,1.0046023,0.82151556,1.0910307,4,32
10,DE,1.0046023,0.82151556,1.4979596,4,666
10,DE,1.0046023,0.82151556,0.91332,4,38
10,DE,1.0046023,0.82151556,0.49000242,4,25
10,DE,1.0046023,0.82151556,0.78093904,4,20
10,DE,1.0046023,0.82151556,0.5616258,4,40
10,DE,1.0046023,0.82151556,0.57999,6,45
10,DE,1.0046023,0.82151556,0.71668595,4,999
10,DE,1.0046023,0.82151556,0.47940874,5,999
10,DE,1.0046023,0.82151556,0.50612396,6,8
10,DE,1.0046023,0.82151556,0.4847319,6,40
10,DE,1.0046023,0.82151556,0.8001355,3,40
10,DE,1.0046023,0.82151556,0.5988232,5,38
10,DE,1.0046023,0.82151556,0.979639,5,30
10,DE,1.0046023,0.82151556,1.4818469,4,38
10,DE,1.0046023,0.82151556,0.90082294,6,40
10,DE,1.0046023,0.82151556,1.3138354,4,43
10,DE,1.0046023,0.82151556,2.2066238,4,666
10,DE,1.0046023,0.82151556,1.2823155,6,40
10,DE,1.0046023,0.82151556,1.4818469,4,666
10,DE,1.0046023,0.82151556,0.47164983,4,999
10,DE,1.0046023,0.82151556,0.5310751,6,999
10,DE,1.0046023,0.82151556,0.5862924,3,33
10,DE,1.0046023,0.82151556,0.7481615,3,999
10,DE,1.0046023,0.82151556,0.87498605,3,50
10,DE,1.0046023,0.82151556,0.903398,2,666
10,DE,1.0046023,0.82151556,1.183685,6,45
10,DE,1.0046023,0.82151556,0.6578015,5,40
10,DE,1.0046023,0.82151556,0.49497455,5,42
10,DE,1.0046023,0.82151556,2.2066238,99,666
10,DE,1.0046023,0.82151556,0.9652816,4,55
10,DE,1.0046023,0.82151556,0.91332,4,39
10,DE,1.0046023,0.82151556,0.46192226,2,70
10,DE,1.0046023,0.82151556,0.7460893,3,999
10,DE,1.0046023,0.82151556,0.56796795,4,40
10,DE,1.0046023,0.82151556,0.8823152,4,4
10,DE,1.0046023,0.82151556,0.45923847,4,40
10,DE,1.0046023,0.82151556,0.45923847,4,11
10,DE,1.0046023,0.82151556,0.49497455,5,60
10,DE,1.0046023,0.82151556,0.9142216,4,30
10,DE,1.0046023,0.82151556,0.49020743,6,45
10,DE,1.0046023,0.82151556,0.71884096,4,999
10,DE,1.0046023,0.82151556,0.72087276,6,40
10,DE,1.0046023,0.82151556,0.47940874,6,20
10,DE,1.0046023,0.82151556,0.9488299,6,18
10,DE,1.0046023,0.82151556,1.877851,4,42
10,DE,1.0046023,0.82151556,0.9357701,4,35
10,DE,1.0046023,0.82151556,0.7770785,7,40
10,DE,1.0046023,0.82151556,1.8659555,2,40
10,DE,1.0046023,0.82151556,0.9652816,5,41
10,DE,1.0046023,0.82151556,0.4709951,5,41
10,DE,1.0046023,0.82151556,0.9142216,5,43
10,DE,1.0046023,0.82151556,1.8458856,2,4
10,DE,1.0046023,0.82151556,0.83030975,3,40
10,DE,1.0046023,0.82151556,0.979639,4,999
10,DE,1.0046023,0.82151556,0.40699133,99,999
10,DE,1.0046023,0.82151556,1.4979596,6,40
10,DE,1.0046023,0.82151556,0.7460893,6,12
10,DE,1.0046023,0.82151556,0.5273934,4,7
10,DE,1.0046023,0.82151556,0.42576477,5,38
10,DE,1.0046023,0.82151556,0.51271206,2,999
10,DE,1.0046023,0.82151556,0.7770785,5,40
10,DE,1.0046023,0.82151556,1.0910307,6,40
10,DE,1.0046023,0.82151556,0.979639,3,22
10,DE,1.0046023,0.82151556,0.51271206,4,40
10,DE,1.0046023,0.82151556,1.158508,6,999
10,DE,1.0046023,0.82151556,0.72087276,6,42
10,DE,1.0046023,0.82151556,0.5206894,4,30
10,DE,1.0046023,0.82151556,0.72262585,4,999
10,DE,1.0046023,0.82151556,0.903398,4,999
10,DE,1.0046023,0.82151556,0.49497455,6,39
10,DE,1.0046023,0.82151556,0.5616258,4,40
10,DE,0.52648985,0.82151556,0.37779373,6,40
10,DE,1.0046023,0.82151556,0.9966461,6,20
10,DE,1.0046023,0.82151556,0.83030975,5,35
10,DE,1.0046023,0.82151556,0.5220938,6,38
10,DE,1.0046023,0.82151556,0.71884096,6,35
10,DE,1.0046023,0.82151556,0.42576477,4,999
10,DE,1.0046023,0.82151556,0.78093904,5,40
10,DE,1.0046023,0.82151556,1.0910307,3,45
10,DE,1.0046023,0.82151556,0.9652816,3,40
10,DE,1.0046023,0.82151556,0.49000242,4,44
10,DE,1.0046023,0.82151556,0.8950595,6,999
10,DE,1.0046023,0.82151556,0.72262585,4,45
10,DE,1.0046023,0.82151556,0.5273934,6,50
10,DE,1.0046023,0.82151556,0.6644449,4,999
10,DE,1.0046023,0.82151556,0.5310751,2,2
10,DE,1.0046023,0.82151556,0.51271206,6,40
10,DE,1.0046023,0.82151556,0.8001355,5,40
10,DE,1.0046023,0.82151556,0.5862924,3,40
10,DE,1.0046023,0.82151556,0.8406947,4,45
10,DE,1.0046023,0.82151556,0.46062,6,50
10,DE,1.0046023,0.82151556,0.8001355,4,32
10,DE,1.0046023,0.82151556,0.90082294,4,999
10,DE,1.0046023,0.82151556,0.8001355,5,30
10,DE,1.0046023,0.82151556,0.5310751,6,43
10,DE,1.0046023,0.82151556,0.42576477,3,36
10,DE,1.0046023,0.82151556,0.5206894,4,21
10,DE,1.0046023,0.82151556,0.8430712,6,50
10,DE,1.0046023,0.82151556,1.7413534,5,40
10,DE,1.0046023,0.82151556,0.5633152,6,45
10,DE,1.0046023,0.82151556,0.57999,4,50
10,DE,1.0046023,0.82151556,0.5862924,6,45
10,DE,1.0046023,0.82151556,1.183685,6,35
10,DE,1.0046023,0.82151556,0.8430712,4,0
10,DE,1.0046023,0.82151556,1.0910307,6,40
10,DE,1.0046023,0.82151556,0.52426046,4,40
10,DE,1.0046023,0.82151556,0.5938056,3,48
10,DE,1.0046023,0.82151556,0.5273934,5,50
10,DE,1.0046023,0.82151556,0.5588358,2,15
10,DE,1.0046023,0.82151556,2.8123481,3,43
10,DE,1.0046023,0.82151556,0.77245545,5,8
10,DE,0.57532686,0.82151556,0.3235172,4,22
10,DE,1.0046023,0.82151556,0.4559926,2,30
10,DE,1.0046023,0.82151556,0.72262585,5,9
10,DE,1.0046023,0.82151556,0.72087276,4,999
10,DE,1.0046023,0.82151556,1.1415293,7,40
10,DE,1.0046023,0.82151556,0.5862924,5,40
10,DE,1.0046023,0.82151556,0.46192226,4,48
10,DE,1.0046023,0.82151556,0.903398,6,50
10,DE,1.0046023,0.82151556,0.5273934,2,40
10,DE,1.0046023,0.82151556,0.49737647,6,41
10,DE,1.0046023,0.82151556,0.5555892,5,43
10,DE,1.0046023,0.82151556,0.49497455,1,40
10,DE,1.0046023,0.82151556,0.46192226,6,999
10,DE,1.0046023,0.82151556,0.5087317,4,30
10,DE,1.0046023,0.82151556,0.9357701,1,999
10,DE,1.0046023,0.82151556,0.5483194,6,20
10,DE,1.0046023,0.82151556,0.77245545,6,37
10,DE,1.0046023,0.82151556,0.3891013,5,50
10,DE,1.0046023,0.82151556,0.69430506,6,40
10,DE,1.0046023,0.82151556,0.4709951,3,45
10,DE,1.0046023,0.82151556,0.51271206,6,40
10,DE,1.0046023,0.82151556,0.8430712,5,999
10,DE,1.0046023,0.82151556,0.5424216,5,5
10,DE,1.0046023,0.82151556,0.5273934,4,666
10,DE,1.0046023,0.82151556,1.183685,4,40
10,DE,1.0046023,0.82151556,0.6962677,3,42
10,DE,1.0046023,0.82151556,1.4979596,7,999
10,DE,1.0046023,0.82151556,0.5842293,7,40
10,DE,1.0046023,0.82151556,0.7481615,6,41
10,DE,1.0046023,0.82151556,0.903398,4,40
10,DE,1.0046023,0.82151556,2.2066238,1,666
10,DE,1.0046023,0.82151556,0.62702096,7,40
10,DE,1.0046023,0.82151556,0.49497455,5,40
10,DE,1.0046023,0.82151556,0.90082294,4,39
10,DE,1.0046023,0.82151556,0.46192226,1,42
10,DE,1.0046023,0.82151556,0.59431446,3,42
10,DE,1.0046023,0.82151556,0.49020743,5,30
10,DE,1.0046023,0.82151556,0.9625641,6,40
10,DE,1.0046023,0.82151556,0.8430712,4,43
10,DE,1.0046023,0.82151556,1.3138354,5,999
10,DE,1.0046023,0.82151556,0.5988184,6,39
10,DE,1.0046023,0.82151556,0.5004114,4,45
10,DE,1.0046023,0.82151556,0.5988232,5,48
10,DE,1.0046023,0.82151556,0.59238154,2,43
10,DE,1.0046023,0.82151556,0.9266892,3,0
10,DE,1.0046023,0.82151556,1.39793,7,999
10,DE,1.0046023,0.82151556,0.57999,3,50
10,DE,1.0046023,0.82151556,0.7460893,6,11
10,DE,1.0046023,0.82151556,0.83030975,7,50
10,DE,1.0046023,0.82151556,0.49020743,7,41
10,DE,1.0130444,0.82151556,0.85015595,3,40
10,DE,1.0046023,0.82151556,1.1752414,4,38
10,DE,1.0046023,0.82151556,0.84265924,7,40
10,DE,1.0046023,0.82151556,0.903398,6,666
10,DE,1.0046023,0.82151556,0.903398,2,40
10,DE,1.0046023,0.82151556,0.90082294,4,43
10,DE,1.0046023,0.82151556,0.9652816,3,48
10,DE,1.0046023,0.82151556,0.93492377,1,999
10,DE,1.0046023,0.82151556,0.6202814,6,999
10,DE,1.0046023,0.82151556,0.49020743,6,42
10,DE,1.0046023,0.82151556,0.50612396,6,50
10,DE,1.0046023,0.82151556,0.5087317,4,30
10,DE,1.0046023,0.82151556,0.750353,4,50
10,DE,1.0046023,0.82151556,0.47940874,2,45
10,DE,1.0046023,0.82151556,0.71668595,3,48
10,DE,1.0046023,0.82151556,0.5588358,6,42
10,DE,1.0046023,0.82151556,0.9488299,3,8
10,DE,1.0046023,0.82151556,0.4214874,6,3
10,DE,1.0046023,0.82151556,0.750353,6,70
10,DE,1.0130444,0.82151556,0.85015595,5,42
10,DE,1.0046023,0.82151556,0.77282447,4,38
10,DE,1.0046023,0.82151556,0.7641459,4,999
10,DE,1.0046023,0.82151556,0.77245545,6,30
10,DE,1.0046023,0.82151556,0.72262585,6,30
10,DE,1.0046023,0.82151556,0.47940874,4,40
10,DE,1.0046023,0.82151556,1.2683845,4,50
10,DE,1.0046023,0.82151556,0.9652816,5,44
10,DE,1.0046023,0.82151556,0.6053294,4,40
10,DE,1.0046023,0.82151556,0.5117041,6,34
10,DE,1.0046023,0.82151556,0.5862924,3,15
10,DE,1.0046023,0.82151556,0.45923847,4,45
10,DE,1.0046023,0.82151556,0.95489913,4,45
10,DE,1.0046023,0.82151556,0.73806393,4,40
10,DE,1.0046023,0.82151556,0.5988232,4,43
10,DE,1.0046023,0.82151556,1.183685,6,34
10,DE,1.0046023,0.82151556,0.7460893,7,999
10,DE,1.0046023,0.82151556,0.7481615,5,5
10,DE,1.0046023,0.82151556,0.71668595,4,38
10,DE,1.0046023,0.82151556,0.9691014,3,30
10,DE,1.0046023,0.82151556,0.78093904,6,30
10,DE,1.0046023,0.82151556,0.9488299,6,50
10,DE,1.0046023,0.82151556,0.77245545,5,37
10,DE,1.0046023,0.82151556,0.7770785,4,55
10,DE,1.0046023,0.82151556,0.84265924,2,42
10,DE,1.0046023,0.82151556,0.45542914,5,15
10,DE,1.0046023,0.82151556,0.5988232,3,50
10,DE,1.0046023,0.82151556,1.028501,4,40
10,DE,1.0046023,0.82151556,0.57999,5,45
10,DE,1.0046023,0.82151556,2.2306173,1,40
10,DE,1.0046023,0.82151556,0.80676556,4,41
10,DE,1.0046023,0.82151556,0.57999,5,45
10,DE,1.0046023,0.82151556,0.5633152,4,21
10,DE,1.0046023,0.82151556,0.7641459,4,22
10,DE,1.0046023,0.82151556,0.7460893,4,18
10,DE,1.0046023,0.82151556,0.84265924,3,20
10,DE,1.0046023,0.82151556,0.9488299,6,15
10,DE,1.0046023,0.82151556,0.77245545,4,38
10,DE,1.0046023,0.82151556,0.71668595,4,30
10,DE,1.0046023,0.82151556,0.6196944,6,999
10,DE,1.0046023,0.82151556,2.3105469,7,40
10,DE,1.0046023,0.82151556,1.877851,5,8
10,DE,1.0046023,0.82151556,0.7460893,6,45
10,DE,1.0046023,0.82151556,0.7460893,6,40
10,DE,1.0046023,0.82151556,0.5117041,99,10
10,DE,1.0046023,0.82151556,0.84265924,2,46
10,DE,1.0046023,0.82151556,0.72262585,4,41
10,DE,1.0046023,0.82151556,0.57999,6,45
10,DE,1.0046023,0.82151556,0.53649414,3,45
10,DE,1.0046023,0.82151556,1.5216395,4,45
10,DE,1.0046023,0.82151556,0.47940874,7,50
10,DE,1.0046023,0.82151556,0.9652816,5,40
10,DE,1.0046023,0.82151556,0.5310751,3,50
10,DE,1.0046023,0.82151556,0.46192226,6,50
10,DE,1.0046023,0.82151556,0.49737647,5,44
10,DE,1.0046023,0.82151556,0.49000242,2,38
10,DE,1.0046023,0.82151556,0.6644449,4,45
10,DE,1.0046023,0.82151556,0.49497455,5,40
10,DE,0.57532686,0.82151556,0.27049726,6,40
10,DE,1.0046023,0.82151556,0.57999,5,40
10,DE,1.0046023,0.82151556,0.9142216,3,26
10,DE,1.0046023,0.82151556,1.0618118,4,38
10,DE,1.0046023,0.82151556,0.87498605,5,38
10,DE,1.0046023,0.82151556,0.9142216,4,43
10,DE,1.0046023,0.82151556,0.750353,2,42
10,DE,1.0046023,0.82151556,0.49497455,5,60
10,DE,1.0046023,0.82151556,2.2306173,4,999
10,DE,1.0046023,0.82151556,0.7481615,4,42
10,DE,1.0046023,0.82151556,1.1803502,1,48
10,DE,1.0046023,0.82151556,0.8936806,4,8
10,DE,1.0046023,0.82151556,0.79495275,3,666
10,DE,1.0046023,0.82151556,0.9652816,5,20
10,DE,1.0046023,0.82151556,0.9142216,3,70
10,DE,1.0046023,0.82151556,0.48965093,5,43
10,DE,1.0046023,0.82151556,0.7481615,2,999
10,DE,1.0046023,0.82151556,0.57999,4,42
10,DE,1.0046023,0.82151556,0.77245545,4,999
10,DE,1.0046023,0.82151556,0.9488299,6,22
10,DE,1.0046023,0.82151556,0.5117041,6,22
10,DE,1.0046023,0.82151556,0.6962677,6,40
10,DE,1.0046023,0.82151556,0.69222265,4,35
10,DE,1.0046023,0.82151556,1.0910307,3,10
10,DE,1.0046023,0.82151556,0.9142216,6,30
10,DE,1.0046023,0.82151556,0.90082294,6,40
10,DE,1.0046023,0.82151556,0.89558655,5,42
10,DE,1.0046023,0.82151556,1.2683845,3,42
10,DE,1.0046023,0.82151556,0.83724916,6,5
10,DE,1.0046023,0.82151556,0.7460893,5,999
10,DE,1.0046023,0.82151556,0.45728162,6,48
10,DE,1.0046023,0.82151556,1.183685,3,41
10,DE,1.0046023,0.82151556,1.2683845,7,40
10,DE,1.0046023,0.82151556,0.51168334,6,666
10,DE,1.0046023,0.82151556,0.48965093,4,45
10,DE,1.0046023,0.82151556,0.903398,6,65
10,DE,1.0046023,0.82151556,0.5649073,6,20
10,DE,1.0046023,0.82151556,0.5988232,6,40
10,DE,1.0046023,0.82151556,0.979639,4,40
10,DE,1.0046023,0.82151556,0.9652816,5,48
10,DE,1.0046023,0.82151556,0.83030975,6,999
10,DE,1.0046023,0.82151556,0.8001355,4,35
10,DE,1.0046023,0.82151556,0.5938056,4,40
10,DE,1.0130444,0.82151556,0.46112445,5,42
10,DE,1.0046023,0.82151556,0.5150917,6,45
10,DE,1.0046023,0.82151556,0.4745927,6,50
10,DE,1.0046023,0.82151556,0.5649073,7,9
10,DE,1.0046023,0.82151556,1.3514551,6,0
10,DE,1.0046023,0.82151556,0.7641459,5,999
10,DE,1.0046023,0.82151556,0.47940874,6,50
10,DE,1.0046023,0.82151556,0.9357701,6,41
10,DE,1.0046023,0.82151556,0.45923847,6,36
10,DE,1.0046023,0.82151556,1.8527278,3,40
10,DE,1.0046023,0.82151556,0.9089117,3,999
10,DE,1.0046023,0.82151556,0.47940874,5,50
10,DE,1.0046023,0.82151556,0.6962677,4,40
10,DE,1.0130444,0.82151556,0.46580365,6,24
10,DE,1.0046023,0.82151556,0.47940874,5,38
10,DE,1.0046023,0.82151556,0.42576477,4,40
10,DE,1.0046023,0.82151556,0.7158557,5,25
10,DE,1.0046023,0.82151556,0.6644449,4,50
10,DE,1.0046023,0.82151556,0.979639,4,26
10,DE,1.0046023,0.82151556,0.7641459,4,40
10,DE,1.0046023,0.82151556,0.46192226,5,41
10,DE,1.0046023,0.82151556,0.9089117,6,37
10,DE,1.0046023,0.82151556,0.4111214,4,38
10,DE,1.0046023,0.82151556,0.8430712,99,45
10,DE,1.0046023,0.82151556,0.69222265,4,30
10,DE,1.0046023,0.82151556,0.77245545,6,38
10,DE,1.0046023,0.82151556,0.47940874,4,46
10,DE,1.0046023,0.82151556,0.9142216,3,999
10,DE,1.0046023,0.82151556,1.4979596,6,8
10,DE,1.0046023,0.82151556,1.2683845,6,42
10,DE,1.0046023,0.82151556,1.7312369,4,39
10,DE,1.0046023,0.82151556,0.42576477,4,60
10,DE,1.0046023,0.82151556,0.6962677,5,47
10,DE,1.0046023,0.82151556,0.77245545,5,999
10,DE,1.0046023,0.82151556,2.996538,6,40
10,DE,1.0046023,0.82151556,0.87498605,6,84
10,DE,1.0046023,0.82151556,0.7481615,4,7
10,DE,1.0046023,0.82151556,0.50612396,3,37
10,DE,1.0046023,0.82151556,1.183685,4,47
10,DE,1.0046023,0.82151556,0.4745927,6,33
10,DE,1.0046023,0.82151556,0.77245545,3,30
10,DE,1.0046023,0.82151556,1.0618118,6,30
10,DE,1.0046023,0.82151556,1.028501,5,999
10,DE,1.0046023,0.82151556,1.6050462,1,20
10,DE,1.0046023,0.82151556,0.72087276,3,999
10,DE,1.0046023,0.82151556,0.49497455,3,39
10,DE,1.0046023,0.82151556,0.6962677,4,6
10,DE,1.0046023,0.82151556,0.71668595,5,38
10,DE,1.0046023,0.82151556,0.63804144,5,38
10,DE,1.0046023,0.82151556,0.47940874,5,999
10,DE,1.0046023,0.82151556,0.9142216,6,37
10,DE,1.0046023,0.82151556,0.4745927,6,46
10,DE,1.0046023,0.82151556,2.3359077,6,43
10,DE,1.0046023,0.82151556,0.83030975,5,999
10,DE,1.0046023,0.82151556,0.5649073,6,42
10,DE,1.0046023,0.82151556,0.6490528,6,40
10,DE,1.0046023,0.82151556,0.5150917,5,45
10,DE,1.0046023,0.82151556,1.2284942,3,40
10,DE,1.0046023,0.82151556,0.77245545,4,15
10,DE,1.0046023,0.82151556,0.5572606,6,40
10,DE,1.0046023,0.82151556,0.5862924,3,42
10,DE,1.0046023,0.82151556,0.7460893,4,33
10,DE,1.0046023,0.82151556,0.77245545,4,20
10,DE,1.0046023,0.82151556,0.49497455,3,55
10,DE,1.0046023,0.82151556,0.77245545,5,999
10,DE,1.0046023,0.82151556,1.4979596,6,999
10,DE,1.0046023,0.82151556,0.5206894,6,23
10,DE,1.0046023,0.82151556,0.6053294,5,45
10,DE,1.0046023,0.82151556,0.9116449,6,18
10,DE,1.0046023,0.82151556,0.45462623,5,50
10,DE,1.0046023,0.82151556,0.4111214,3,48
10,DE,1.0046023,0.82151556,0.979639,4,33
10,DE,1.0046023,0.82151556,0.4214874,6,35
10,DE,1.0046023,0.82151556,0.5150917,4,50
10,DE,1.0046023,0.82151556,1.1803502,4,45
10,DE,1.0046023,0.82151556,1.1768091,1,8
10,DE,1.0046023,0.82151556,0.84265924,4,20
10,DE,1.0046023,0.82151556,0.5087317,4,44
10,DE,1.0046023,0.82151556,0.5988232,5,45
10,DE,1.0046023,0.82151556,0.5988232,4,40
10,DE,1.0046023,0.82151556,1.0462518,3,40
10,DE,1.0046023,0.82151556,0.57999,4,40
10,DE,1.0046023,0.82151556,0.89828366,5,999
10,DE,1.0046023,0.82151556,0.979639,2,999
10,DE,1.0046023,0.82151556,0.7770785,6,38
10,DE,1.0046023,0.82151556,0.48067966,4,25
10,DE,1.0046023,0.82151556,0.5938056,3,45
10,DE,1.0046023,0.82151556,0.72262585,5,8
10,DE,1.0046023,0.82151556,0.91332,6,60
10,DE,1.0046023,0.82151556,2.2066548,6,999
10,DE,1.0046023,0.82151556,0.7641459,4,25
10,DE,1.0046023,0.82151556,0.71884096,7,10
10,DE,1.0046023,0.82151556,0.7460893,4,666
10,DE,1.0046023,0.82151556,0.6644449,3,666
10,DE,1.0046023,0.82151556,0.87498605,5,40
10,DE,1.0130444,0.82151556,0.9109891,4,666
10,DE,1.0046023,0.82151556,0.5588358,5,40
10,DE,1.0046023,0.82151556,0.5862924,4,20
10,DE,1.0046023,0.82151556,0.91332,6,60
10,DE,1.0046023,0.82151556,0.7641459,4,37
10,DE,1.0046023,0.82151556,0.77245545,6,999
10,DE,1.0046023,0.82151556,0.5310751,4,999
10,DE,1.0046023,0.82151556,0.9488299,3,26
10,DE,1.0046023,0.82151556,0.95489913,6,40
10,DE,1.0046023,0.82151556,0.7770785,3,60
10,DE,1.0046023,0.82151556,1.183685,4,48
10,DE,1.0046023,0.82151556,1.2823155,6,45
10,DE,1.0046023,0.82151556,0.5988232,4,34
10,DE,1.0046023,0.82151556,0.63804144,4,55
10,DE,1.0046023,0.82151556,0.59238154,4,50
10,DE,1.0046023,0.82151556,1.5216395,5,43
10,DE,1.0046023,0.82151556,0.64176625,4,25
10,DE,1.0046023,0.82151556,0.45923847,3,43
10,DE,1.0046023,0.82151556,0.9488299,4,40
10,DE,1.0046023,0.82151556,0.72087276,99,38
10,DE,1.0046023,0.82151556,0.903398,2,50
10,DE,1.0046023,0.82151556,0.5424216,5,16
10,DE,1.0046023,0.82151556,0.64159423,6,27
10,DE,1.0046023,0.82151556,0.9142216,3,40
10,DE,1.0046023,0.82151556,0.43535438,6,42
10,DE,1.0046023,0.82151556,0.83030975,5,38
10,DE,1.0046023,0.82151556,0.46062,5,25
10,DE,1.0046023,0.82151556,0.57999,5,46
10,DE,1.0046023,0.82151556,0.9488299,4,63
10,DE,1.0046023,0.82151556,0.56796795,6,45
10,DE,1.0046023,0.82151556,0.9488299,4,25
10,DE,1.0046023,0.82151556,0.64176625,5,0
10,DE,1.0046023,0.82151556,0.5988232,6,39
10,DE,1.0046023,0.82151556,0.50278074,5,30
10,DE,1.0046023,0.82151556,0.8430712,3,999
10,DE,1.0046023,0.82151556,0.979639,4,40
10,DE,1.0046023,0.82151556,0.93492377,7,38
10,DE,1.0046023,0.82151556,0.69222265,5,37
10,DE,1.0046023,0.82151556,1.2441908,2,3
10,DE,0.52648985,0.82151556,0.24208318,6,45
10,DE,1.0046023,0.82151556,0.90082294,4,35
10,DE,1.0046023,0.82151556,0.77245545,5,40
10,DE,1.0130444,0.82151556,1.1001985,4,40
10,DE,1.0046023,0.82151556,0.5483194,5,15
10,DE,1.0046023,0.82151556,0.49000242,4,47
10,DE,1.0046023,0.82151556,0.57999,5,10
10,DE,1.0046023,0.82151556,1.1894996,2,50
10,DE,1.0046023,0.82151556,0.7641459,6,30
10,DE,1.0046023,0.82151556,1.8458856,2,999
10,DE,1.0046023,0.82151556,0.4111214,4,42
10,DE,1.0046023,0.82151556,0.5150917,6,58
10,DE,1.0046023,0.82151556,0.5633152,4,41
10,DE,1.0046023,0.82151556,0.979639,5,28
10,DE,1.0046023,0.82151556,0.47232667,4,40
10,DE,1.0046023,0.82151556,0.50278074,6,30
10,DE,1.0046023,0.82151556,0.4214874,5,42
10,DE,1.0046023,0.82151556,0.5862924,1,999
10,DE,1.0046023,0.82151556,0.5310751,6,21
10,DE,1.0046023,0.82151556,0.77245545,5,8
10,DE,1.0046023,0.82151556,3.2862568,4,42
10,DE,1.0046023,0.82151556,0.49020743,3,40
10,DE,1.0046023,0.82151556,0.9652816,6,25
10,DE,1.0046023,0.82151556,0.57999,7,50
10,DE,1.0046023,0.82151556,0.49497455,6,666
10,DE,1.0046023,0.82151556,0.9652816,99,999
10,DE,1.0046023,0.82151556,0.69222265,6,10
10,DE,1.0046023,0.82151556,0.64497447,5,32
10,DE,1.0046023,0.82151556,1.4979596,4,999
10,DE,1.0046023,0.82151556,0.5117041,3,20
10,DE,1.0046023,0.82151556,0.6053294,3,24
10,DE,1.0046023,0.82151556,1.39793,4,20
10,DE,1.0046023,0.82151556,0.7460893,5,40
10,DE,1.0046023,0.82151556,0.8936806,4,666
10,DE,1.0046023,0.82151556,0.71884096,4,999
10,DE,1.0046023,0.82151556,1.2683845,3,35
10,DE,1.0046023,0.82151556,2.0816622,4,999
10,DE,1.0046023,0.82151556,0.4745927,4,40
10,DE,1.0046023,0.82151556,0.5988232,7,60
10,DE,1.0046023,0.82151556,0.72087276,7,45
10,DE,1.0046023,0.82151556,0.45728162,6,40
10,DE,1.0046023,0.82151556,0.903398,6,999
10,DE,1.0046023,0.82151556,0.5273934,2,10
10,DE,1.0046023,0.82151556,1.183685,2,40
10,DE,1.0046023,0.82151556,0.49497455,6,45
10,DE,1.0046023,0.82151556,0.72087276,7,25
10,DE,1.0046023,0.82151556,0.8086729,7,666
10,DE,1.0046023,0.82151556,0.49000242,3,999
10,DE,1.0046023,0.82151556,2.2306173,4,999
10,DE,1.0130444,0.82151556,0.72693014,4,36
10,DE,1.0046023,0.82151556,0.50067854,6,11
10,DE,1.0046023,0.82151556,1.1768091,7,45
10,DE,1.0046023,0.82151556,0.47940874,2,50
10,DE,1.0046023,0.82151556,0.7770785,2,40
10,DE,1.0046023,0.82151556,0.5087317,2,999
10,DE,1.0046023,0.82151556,0.7481615,99,24
10,DE,1.0046023,0.82151556,0.4214874,2,40
10,DE,1.0046023,0.82151556,0.4559926,4,12
10,DE,1.0046023,0.82151556,0.45923847,3,48
10,DE,1.0046023,0.82151556,0.42576477,5,40
10,DE,1.0046023,0.82151556,0.8001355,5,40
10,DE,1.0046023,0.82151556,0.8936806,4,40
10,DE,1.0046023,0.82151556,0.7641459,6,43
10,DE,1.0046023,0.82151556,0.5150917,5,999
10,DE,1.0046023,0.82151556,0.5150917,5,40
10,DE,1.0046023,0.82151556,0.7460893,5,37
10,DE,1.0046023,0.82151556,0.39304996,4,999
10,DE,1.0046023,0.82151556,0.71668595,2,40
10,DE,1.0046023,0.82151556,0.54857755,6,52
10,DE,1.0046023,0.82151556,0.87498605,4,40
10,DE,1.0046023,0.82151556,0.979639,5,30
10,DE,1.0046023,0.82151556,1.8725573,2,35
10,DE,1.0046023,0.82151556,0.69222265,4,35
10,DE,1.0046023,0.82151556,0.7460893,5,12
10,DE,1.0046023,0.82151556,0.9357701,2,55
10,DE,1.0046023,0.82151556,0.5988184,5,24
10,DE,1.0046023,0.82151556,0.95489913,5,999
10,DE,1.0046023,0.82151556,0.8381757,3,44
10,DE,1.0046023,0.82151556,0.89828366,5,45
10,DE,1.0046023,0.82151556,0.45923847,7,999
10,DE,1.0046023,0.82151556,1.9187179,3,999
10,DE,1.0046023,0.82151556,0.49497455,4,50
10,DE,1.0046023,0.82151556,0.5988232,6,44
10,DE,1.0046023,0.82151556,0.55434185,6,666
10,DE,1.0046023,0.82151556,0.47232667,6,40
10,DE,1.0046023,0.82151556,0.6053294,6,40
10,DE,1.0046023,0.82151556,0.9142216,4,35
10,DE,1.0046023,0.82151556,0.8406947,4,40
10,DE,1.0046023,0.82151556,1.2683845,5,55
10,DE,1.0046023,0.82151556,0.8406947,4,35
10,DE,1.0046023,0.82151556,3.2862568,2,20
10,DE,1.0046023,0.82151556,1.9489388,2,999
10,DE,1.0046023,0.82151556,0.9691014,3,12
10,DE,1.0046023,0.82151556,0.50612396,6,39
10,DE,1.0046023,0.82151556,0.9652816,6,10
10,DE,1.0046023,0.82151556,0.9134945,2,26
10,DE,1.0046023,0.82151556,0.71884096,6,16
10,DE,1.0046023,0.82151556,1.2683845,4,40
10,DE,1.0046023,0.82151556,0.7481615,6,30
10,DE,1.0046023,0.82151556,1.3939899,6,999
10,DE,1.0046023,0.82151556,0.6962677,5,58
10,DE,1.0046023,0.82151556,0.49020743,6,80
10,DE,1.0046023,0.82151556,0.5273934,4,45
10,DE,1.0046023,0.82151556,1.8659555,5,666
10,DE,1.0046023,0.82151556,0.49497455,4,37
10,DE,1.0046023,0.82151556,0.50612396,4,40
10,DE,1.0046023,0.82151556,0.979639,4,45
10,DE,1.0046023,0.82151556,0.5273934,4,65
10,DE,1.0046023,0.82151556,0.95489913,6,10
10,DE,1.0046023,0.82151556,0.71884096,3,999
10,DE,1.0046023,0.82151556,0.5483194,5,55
10,DE,1.0046023,0.82151556,0.45728162,5,39
10,DE,1.0046023,0.82151556,0.46192226,4,55
10,DE,1.0046023,0.82151556,0.77245545,6,40
10,DE,1.0046023,0.82151556,0.5588358,6,50
10,DE,1.0046023,0.82151556,0.42576477,6,50
10,DE,1.0046023,0.82151556,0.4214874,4,60
10,DE,1.0130444,0.82151556,0.4250293,5,45
10,DE,1.0046023,0.82151556,1.183685,4,40
10,DE,1.0046023,0.82151556,1.1803502,4,50
10,DE,1.0046023,0.82151556,0.83724916,6,20
10,DE,1.0130444,0.82151556,0.67002887,2,40
10,DE,1.0046023,0.82151556,0.49000242,5,45
10,DE,1.0046023,0.82151556,0.45462623,6,44
10,DE,1.0046023,0.82151556,0.45728162,6,55
10,DE,1.0046023,0.82151556,0.90082294,5,2
10,DE,1.0046023,0.82151556,0.4203809,6,40
10,DE,1.0046023,0.82151556,1.1580179,6,666
10,DE,1.0046023,0.82151556,0.72087276,4,45
10,DE,1.0046023,0.82151556,0.6053294,7,24
10,DE,1.0046023,0.82151556,0.6962677,3,36
10,DE,1.0046023,0.82151556,0.48965093,5,42
10,DE,1.0046023,0.82151556,0.5988184,4,40
10,DE,1.0046023,0.82151556,0.9488299,6,35
10,DE,1.0046023,0.82151556,1.2284942,6,40
10,DE,1.0046023,0.82151556,0.71884096,4,25
10,DE,1.0046023,0.82151556,0.5842293,6,46
10,DE,1.0046023,0.82151556,0.979639,4,20
10,DE,0.57532686,0.82151556,0.26453874,3,45
10,DE,1.0046023,0.82151556,0.45923847,3,45
10,DE,1.0046023,0.82151556,0.5616258,4,40
10,DE,1.0046023,0.82151556,0.5555892,4,999
10,DE,1.0046023,0.82151556,0.43535438,4,60
10,DE,1.0130444,0.82151556,0.67002887,4,10
10,DE,1.0046023,0.82151556,1.4979596,6,40
10,DE,1.0046023,0.82151556,0.71668595,3,40
10,DE,1.0046023,0.82151556,0.5842293,6,6
10,DE,1.0046023,0.82151556,0.49497455,5,38
10,DE,1.0046023,0.82151556,1.2683845,5,40
10,DE,0.5772695,0.82151556,1.3871437,6,999
10,DE,1.0046023,0.82151556,0.7183895,5,40
10,DE,0.52648985,0.82151556,0.37779373,6,45
10,DE,1.0046023,0.82151556,0.7173693,2,999
10,DE,1.0046023,0.82151556,0.45728162,6,32
10,DE,1.0046023,0.82151556,0.87498605,4,40
10,DE,1.0046023,0.82151556,2.2306173,7,999
10,DE,1.0046023,0.82151556,1.8669425,2,37
10,DE,1.0046023,0.82151556,2.2066238,4,25
10,DE,1.0046023,0.82151556,0.45923847,3,40
10,DE,1.0046023,0.82151556,0.45462623,6,2
10,DE,1.0046023,0.82151556,0.5649073,4,21
10,DE,1.0046023,0.82151556,0.7460893,5,40
10,DE,1.0046023,0.82151556,1.3514551,5,40
10,DE,1.0046023,0.82151556,1.8669425,4,50
10,DE,1.0046023,0.82151556,0.47940874,5,666
10,DE,1.0046023,0.82151556,0.8086729,6,999
10,DE,1.0046023,0.82151556,0.6053294,6,20
10,DE,1.0046023,0.82151556,0.50612396,4,39
10,DE,1.0046023,0.82151556,0.64497447,6,999
10,DE,1.0046023,0.82151556,2.1604648,2,666
10,DE,1.0046023,0.82151556,3.2862568,7,2
10,DE,1.0046023,0.82151556,0.49020743,6,43
10,DE,1.0046023,0.82151556,0.57999,5,42
10,DE,1.0046023,0.82151556,0.84265924,4,999
10,DE,1.0046023,0.82151556,0.90082294,5,43
10,DE,1.0046023,0.82151556,0.4745927,6,43
10,DE,1.0046023,0.82151556,0.6053294,6,40
10,DE,1.0046023,0.82151556,0.5220938,6,44
10,DE,1.0046023,0.82151556,0.7158557,3,60
10,DE,1.0046023,0.82151556,0.77245545,3,15
10,DE,1.0046023,0.82151556,0.78093904,6,60
10,DE,1.0046023,0.82151556,0.9488299,5,45
10,DE,1.0046023,0.82151556,0.60718024,5,10
10,DE,1.0046023,0.82151556,0.8936806,3,21
10,DE,1.0046023,0.82151556,0.89558655,7,30
10,DE,1.0046023,0.82151556,0.9652816,7,999
10,DE,1.0046023,0.82151556,1.0837764,5,48
10,DE,1.0046023,0.82151556,1.0910307,6,40
10,DE,1.0046023,0.82151556,0.7641459,2,20
10,DE,1.0046023,0.82151556,0.50612396,6,45
10,DE,1.0046023,0.82151556,0.5004114,4,48
10,DE,1.0046023,0.82151556,0.4847319,5,50
10,DE,1.0046023,0.82151556,0.7641459,99,666
10,DE,1.0046023,0.82151556,0.69222265,2,999
10,DE,1.0046023,0.82151556,0.47164983,6,46
10,DE,1.0046023,0.82151556,0.50067854,3,55
10,DE,1.0046023,0.82151556,2.2306173,5,999
10,DE,1.0046023,0.82151556,0.57999,3,38
10,DE,1.0046023,0.82151556,0.73806393,4,5
10,DE,1.0046023,0.82151556,0.90082294,7,999
10,DE,1.0046023,0.82151556,0.7481615,3,38
10,DE,1.0046023,0.82151556,0.5633152,3,32
10,DE,1.0046023,0.82151556,0.6196944,4,12
10,DE,1.0046023,0.82151556,0.77245545,6,36
10,DE,1.0046023,0.82151556,0.8430712,6,38
10,DE,1.0046023,0.82151556,0.5853512,4,11
10,DE,1.0046023,0.82151556,0.9625641,3,45
10,DE,1.0046023,0.82151556,0.9142216,6,20
10,DE,1.0046023,0.82151556,0.7481615,4,39
10,DE,1.0046023,0.82151556,0.4111214,3,55
10,DE,1.0046023,0.82151556,1.8659555,3,666
10,DE,1.0046023,0.82151556,0.47232667,4,50
10,DE,1.0046023,0.82151556,0.90082294,6,42
10,DE,1.0046023,0.82151556,0.4847319,4,42
10,DE,1.0046023,0.82151556,0.69222265,6,42
10,DE,1.0046023,0.82151556,0.49497455,2,666
10,DE,1.0046023,0.82151556,0.5588358,4,40
10,DE,1.0046023,0.82151556,0.5392715,4,45
10,DE,1.0046023,0.82151556,0.91332,4,60
10,DE,1.0046023,0.82151556,0.8406947,6,50
10,DE,1.0046023,0.82151556,0.84265924,5,36
10,DE,1.0046023,0.82151556,0.77245545,5,40
10,DE,1.0046023,0.82151556,0.46062,4,38
10,DE,1.0046023,0.82151556,1.2284942,5,35
10,DE,1.0046023,0.82151556,0.47940874,4,9
10,DE,1.0046023,0.82151556,0.8136785,7,19
10,DE,1.0046023,0.82151556,0.5572606,6,999
10,DE,1.0046023,0.82151556,0.8430712,3,42
10,DE,1.0046023,0.82151556,0.77245545,5,45
10,DE,1.0046023,0.82151556,0.50612396,6,37
10,DE,1.0046023,0.82151556,0.49497455,4,60
10,DE,1.0046023,0.82151556,0.42576477,6,45
10,DE,1.0046023,0.82151556,0.75428396,7,8
10,DE,1.0046023,0.82151556,0.4755132,4,41
10,DE,1.0046023,0.82151556,0.4745927,6,40
10,DE,1.0046023,0.82151556,0.9488299,3,39
10,DE,1.0046023,0.82151556,1.183685,3,999
10,DE,1.0046023,0.82151556,0.7641459,4,32
10,DE,1.0046023,0.82151556,1.2284942,2,999
10,DE,1.0046023,0.82151556,0.83724916,4,20
10,DE,1.0046023,0.82151556,0.47940874,5,50
10,DE,1.0046023,0.82151556,0.7481615,4,999
10,DE,1.0046023,0.82151556,0.9652816,4,999
10,DE,1.0046023,0.82151556,0.71668595,3,666
10,DE,1.0046023,0.82151556,0.49497455,6,40
10,DE,0.57532686,0.82151556,0.3235172,4,6
10,DE,1.0046023,0.82151556,0.90082294,6,38
10,DE,1.0046023,0.82151556,0.46958306,2,58
10,DE,1.0130444,0.82151556,0.9878707,4,38
10,DE,1.0046023,0.82151556,0.8936806,5,50
10,DE,1.0046023,0.82151556,0.6962677,5,666
10,DE,1.0046023,0.82151556,0.9089117,2,130
10,DE,1.0046023,0.82151556,0.87498605,4,50
10,DE,1.0046023,0.82151556,0.64176625,4,999
10,DE,1.0046023,0.82151556,0.47232667,5,42
10,DE,1.0046023,0.82151556,0.8230453,3,25
10,DE,1.0046023,0.82151556,0.8430712,4,35
10,DE,1.0046023,0.82151556,0.47940874,6,41
10,DE,1.0046023,0.82151556,0.91332,6,666
10,DE,1.0046023,0.82151556,0.4745927,6,40
10,DE,1.0046023,0.82151556,0.5588358,6,41
10,DE,1.0046023,0.82151556,0.97588414,2,666
10,DE,1.0046023,0.82151556,0.5150917,2,50
10,DE,1.0046023,0.82151556,0.42576477,5,50
10,DE,1.0046023,0.82151556,0.49020743,2,35
10,DE,1.0046023,0.82151556,0.4755132,4,39
10,DE,1.0046023,0.82151556,0.64497447,6,50
10,DE,1.0046023,0.82151556,0.5310751,4,40
10,DE,1.0046023,0.82151556,0.57999,6,60
10,DE,1.0046023,0.82151556,0.72087276,5,40
10,DE,1.0046023,0.82151556,0.9652816,2,999
10,DE,1.0046023,0.82151556,0.9089117,5,65
10,DE,1.0046023,0.82151556,1.2823155,99,40
10,DE,1.0046023,0.82151556,0.5649073,5,22
10,DE,1.0046023,0.82151556,0.77245545,4,20
10,DE,1.0046023,0.82151556,0.5310751,5,30
10,DE,1.0046023,0.82151556,1.183685,4,38
10,DE,1.0046023,0.82151556,0.6644449,7,95
10,DE,1.0046023,0.82151556,0.8149527,5,999
10,DE,1.0046023,0.82151556,0.5424216,4,40
10,DE,1.0046023,0.82151556,0.49497455,6,45
10,DE,1.0046023,0.82151556,0.49000242,4,7
10,DE,1.0046023,0.82151556,0.6053294,4,6
10,DE,1.0046023,0.82151556,0.9966461,2,50
10,DE,1.0046023,0.82151556,1.7413534,6,666
10,DE,1.0046023,0.82151556,0.8001355,99,999
10,DE,1.0046023,0.82151556,0.47164983,6,40
10,DE,1.0046023,0.82151556,0.90082294,6,42
10,DE,1.0046023,0.82151556,2.0843258,2,999
10,DE,1.0130444,0.82151556,0.47629592,5,41
10,DE,1.0046023,0.82151556,1.4508483,4,40
10,DE,1.0046023,0.82151556,0.8136785,5,45
10,DE,1.0046023,0.82151556,0.979639,4,22
10,DE,1.0046023,0.82151556,0.56796795,4,999
10,DE,1.0046023,0.82151556,0.5150917,2,52
10,DE,1.0046023,0.82151556,0.87498605,5,45
10,DE,1.0046023,0.82151556,0.8430712,2,55
10,DE,1.0046023,0.82151556,0.46192226,6,60
10,DE,1.0046023,0.82151556,1.39793,6,8
10,DE,1.0046023,0.82151556,1.8072726,7,666
10,DE,1.0046023,0.82151556,0.6053294,6,30
10,DE,1.0046023,0.82151556,2.2066548,4,48
10,DE,1.0046023,0.82151556,0.6962677,6,6
10,DE,1.0046023,0.82151556,1.8669425,3,60
10,DE,1.0046023,0.82151556,0.5273934,4,40
10,DE,1.0046023,0.82151556,0.77282447,4,40
10,DE,1.0046023,0.82151556,0.87498605,4,40
10,DE,1.0046023,0.82151556,0.903398,4,999
10,DE,1.0046023,0.82151556,0.5102619,5,999
10,DE,1.0046023,0.82151556,0.45728162,4,30
10,DE,1.0046023,0.82151556,0.9652816,4,45
10,DE,1.0046023,0.82151556,0.9652816,5,35
10,DE,1.0046023,0.82151556,0.50067854,6,45
10,DE,1.0046023,0.82151556,0.8430712,99,999
10,DE,1.0046023,0.82151556,0.47164983,2,41
10,DE,1.0046023,0.82151556,0.5588358,6,44
10,DE,1.0046023,0.82151556,0.8430712,4,999
10,DE,1.0046023,0.82151556,0.72087276,3,20
10,DE,1.0046023,0.82151556,0.90082294,7,40
10,DE,1.0046023,0.82151556,0.5483194,3,37
10,DE,1.0046023,0.82151556,0.5483194,6,23
10,DE,1.0046023,0.82151556,0.6644449,2,12
10,DE,1.0046023,0.82151556,0.9142216,4,35
10,DE,1.0046023,0.82151556,0.7770785,2,999
10,DE,1.0046023,0.82151556,0.46958306,6,45
10,DE,1.0046023,0.82151556,1.0147438,2,33
10,DE,1.0046023,0.82151556,0.77245545,5,25
10,DE,1.0046023,0.82151556,0.49497455,6,50
10,DE,1.0046023,0.82151556,0.4111214,4,35
10,DE,1.0046023,0.82151556,0.64176625,3,40
10,DE,1.0046023,0.82151556,0.87498605,1,40
10,DE,1.0046023,0.82151556,0.9966461,6,42
10,DE,1.0046023,0.82151556,0.7770785,3,8
10,DE,1.0046023,0.82151556,0.9089117,6,43
10,DE,1.0046023,0.82151556,0.77245545,5,12
10,DE,1.0046023,0.82151556,1.1803502,6,40
10,DE,1.0046023,0.82151556,0.77245545,3,40
10,DE,1.0046023,0.82151556,0.7481615,6,20
10,DE,1.0046023,0.82151556,0.90082294,6,42
10,DE,1.0046023,0.82151556,0.43535438,7,5
10,DE,1.0046023,0.82151556,0.6578015,6,60
10,DE,1.0130444,0.82151556,0.9109891,6,42
10,DE,1.0046023,0.82151556,0.46062,6,43
10,DE,1.0046023,0.82151556,0.50612396,6,0
10,DE,1.0046023,0.82151556,0.46062,4,50
10,DE,1.0046023,0.82151556,0.5310751,5,40
10,DE,1.0046023,0.82151556,0.7460893,6,10
10,DE,1.0046023,0.82151556,0.47940874,4,50
10,DE,1.0046023,0.82151556,1.1768091,5,40
10,DE,1.0046023,0.82151556,0.5572606,6,40
10,DE,1.0046023,0.82151556,0.5087317,4,42
10,DE,1.0046023,0.82151556,0.48067966,4,55
10,DE,1.0046023,0.82151556,0.5483194,6,2
10,DE,1.0046023,0.82151556,0.9488299,4,60
10,DE,1.0046023,0.82151556,1.2284942,6,32
10,DE,1.0046023,0.82151556,0.8001355,5,12
10,DE,1.0046023,0.82151556,0.8430712,4,45
10,DE,1.0046023,0.82151556,0.72087276,99,999
10,DE,1.0046023,0.82151556,0.903398,4,45
10,DE,1.0046023,0.82151556,0.8381757,4,45
10,DE,1.0046023,0.82151556,0.47940874,4,38
10,DE,1.0046023,0.82151556,0.903398,6,999
10,DE,1.0046023,0.82151556,0.47940874,5,47
10,DE,1.0046023,0.82151556,0.9089117,3,20
10,DE,1.0046023,0.82151556,0.61339086,4,15
10,DE,1.0046023,0.82151556,0.97917575,5,45
10,DE,1.0046023,0.82151556,0.4745927,6,45
10,DE,1.0046023,0.82151556,0.5424216,6,41
10,DE,1.0046023,0.82151556,0.49497455,6,55
10,DE,1.0046023,0.82151556,0.7460893,99,999
10,DE,1.0046023,0.82151556,0.87498605,6,39
10,DE,1.0046023,0.82151556,0.50067854,5,50
10,DE,1.0046023,0.82151556,0.8430712,5,38
10,DE,1.0046023,0.82151556,0.90082294,5,666
10,DE,1.0046023,0.82151556,0.45728162,6,45
10,DE,1.0046023,0.82151556,0.8381757,6,43
10,DE,1.0046023,0.82151556,0.46192226,5,45
10,DE,1.0046023,0.82151556,0.9652816,4,42
10,DE,1.0046023,0.82151556,2.0816622,4,999
10,DE,1.0046023,0.82151556,0.979639,7,40
10,DE,1.0046023,0.82151556,0.64176625,6,666
10,DE,1.0046023,0.82151556,0.5588358,5,60
10,DE,1.0046023,0.82151556,0.97588414,3,666
10,DE,1.0046023,0.82151556,0.8230453,99,999
10,DE,1.0046023,0.82151556,0.8406947,4,46
10,DE,1.0046023,0.82151556,0.93492377,6,999
10,DE,1.0046023,0.82151556,0.4709951,6,43
10,DE,1.0046023,0.82151556,0.69430506,7,40
10,DE,1.0046023,0.82151556,3.2862568,6,30
10,DE,1.0046023,0.82151556,0.6644449,2,40
10,DE,1.0046023,0.82151556,0.63804144,4,40
10,DE,1.0046023,0.82151556,0.5588358,4,40
10,DE,1.0046023,0.82151556,0.6962677,5,40
10,DE,1.0046023,0.82151556,0.6578015,6,60
10,DE,1.0046023,0.82151556,1.2441908,4,999
10,DE,1.0046023,0.82151556,0.47232667,4,45
10,DE,1.0046023,0.82151556,0.903398,4,46
10,DE,1.0046023,0.82151556,0.6644449,4,40
10,DE,1.0130444,0.82151556,0.72693014,6,16
10,DE,1.0046023,0.82151556,1.2284942,5,44
10,DE,1.0046023,0.82151556,0.90082294,5,999
10,DE,1.0046023,0.82151556,0.83030975,6,999
10,DE,1.0046023,0.82151556,0.89828366,4,41
10,DE,1.0046023,0.82151556,0.5616258,6,40
10,DE,1.0046023,0.82151556,0.5150917,2,50
10,DE,1.0046023,0.82151556,0.57999,5,45
10,DE,1.0046023,0.82151556,0.9142216,3,999
10,DE,1.0046023,0.82151556,0.5649073,6,38
10,DE,1.0046023,0.82151556,0.4214874,4,8
10,DE,1.0046023,0.82151556,0.9652816,6,40
10,DE,1.0046023,0.82151556,1.8659555,7,7
10,DE,1.0046023,0.82151556,0.48965093,2,36
10,DE,1.0046023,0.82151556,0.69430506,7,50
10,DE,1.0046023,0.82151556,1.0837764,3,40
10,DE,1.0046023,0.82151556,0.5649073,5,35
10,DE,1.0046023,0.82151556,0.5555892,5,40
10,DE,1.0046023,0.82151556,0.71668595,3,9
10,DE,1.0046023,0.82151556,0.46192226,6,55
10,DE,1.0046023,0.82151556,0.43535438,6,10
10,DE,1.0046023,0.82151556,0.5483194,4,20
10,DE,1.0046023,0.82151556,0.47940874,6,45
10,DE,1.0046023,0.82151556,0.72262585,6,30
10,DE,1.0046023,0.82151556,0.6644449,3,42
10,DE,1.0046023,0.82151556,0.63804144,4,41
10,DE,1.0046023,0.82151556,1.2441908,6,999
10,DE,1.0046023,0.82151556,0.42576477,5,50
10,DE,1.0046023,0.82151556,0.47164983,6,45
10,DE,1.0046023,0.82151556,0.53649414,4,43
10,DE,1.0046023,0.82151556,0.903398,4,999
10,DE,1.0046023,0.82151556,0.78093904,4,35
10,DE,1.0046023,0.82151556,1.730858,5,45
10,DE,1.0046023,0.82151556,0.5004114,1,50
10,DE,1.0046023,0.82151556,0.5616258,5,40
10,DE,1.0046023,0.82151556,0.5988232,5,50
10,DE,1.0046023,0.82151556,0.78093904,3,35
10,DE,1.0046023,0.82151556,0.79495275,7,1
10,DE,0.5772695,0.82151556,0.6227652,3,10
10,DE,1.0046023,0.82151556,0.95489913,4,42
10,DE,1.0046023,0.82151556,0.7460893,7,40
10,DE,1.0046023,0.82151556,1.5892901,5,2
10,DE,1.0046023,0.82151556,0.979639,4,42
10,DE,1.0046023,0.82151556,1.6713306,4,666
10,DE,1.0046023,0.82151556,0.49737647,4,39
10,DE,1.0046023,0.82151556,1.9489388,1,40
10,DE,1.0046023,0.82151556,0.5150917,6,46
10,DE,1.0046023,0.82151556,0.90082294,6,30
10,DE,1.0046023,0.82151556,0.47232667,5,55
10,DE,0.57532686,0.82151556,0.41283742,6,16
10,DE,1.0046023,0.82151556,0.93492377,6,666
10,DE,1.0046023,0.82151556,0.7460893,6,45
10,DE,1.0046023,0.82151556,0.5842293,2,45
10,DE,1.0046023,0.82151556,0.5988232,3,45
10,DE,1.0046023,0.82151556,0.72087276,2,999
10,DE,1.0046023,0.82151556,0.8001355,4,35
10,DE,1.0046023,0.82151556,0.56796795,4,43
10,DE,1.0046023,0.82151556,0.43535438,6,40
10,DE,1.0046023,0.82151556,0.8230453,4,47
10,DE,1.0046023,0.82151556,0.9652816,1,666
10,DE,1.0046023,0.82151556,0.49497455,7,8
10,DE,1.0046023,0.82151556,1.8072726,7,666
10,DE,1.0046023,0.82151556,0.8136785,4,38
10,DE,1.0046023,0.82151556,0.69430506,6,39
10,DE,1.0046023,0.82151556,0.7770785,4,8
10,DE,1.0046023,0.82151556,0.7481615,6,40
10,DE,1.0046023,0.82151556,0.45923847,4,40
10,DE,1.0046023,0.82151556,0.9357701,5,42
10,DE,1.0046023,0.82151556,1.4818469,3,5
10,DE,1.0046023,0.82151556,0.5588358,2,40
10,DE,1.0046023,0.82151556,0.45728162,4,43
10,DE,1.0046023,0.82151556,0.49497455,4,35
10,DE,1.0046023,0.82151556,0.5938056,6,48
10,DE,1.0046023,0.82151556,0.50612396,6,45
10,DE,1.0046023,0.82151556,0.5988232,3,42
10,DE,1.0046023,0.82151556,0.49497455,6,45
10,DE,1.0046023,0.82151556,0.47940874,6,40
10,DE,1.0046023,0.82151556,0.9027818,99,999
10,DE,1.0046023,0.82151556,0.83030975,6,38
10,DE,1.0046023,0.82151556,0.64159423,2,39
10,DE,1.0046023,0.82151556,0.979639,4,40
10,DE,1.0046023,0.82151556,0.49000242,5,8
10,DE,1.0046023,0.82151556,0.71884096,4,39
10,DE,1.0046023,0.82151556,0.69222265,2,45
10,DE,1.0046023,0.82151556,0.8430712,6,50
10,DE,1.0046023,0.82151556,0.5220938,6,15
10,DE,1.0046023,0.82151556,1.5960648,4,666
10,DE,1.0046023,0.82151556,0.6644449,5,2
10,DE,1.0046023,0.82151556,0.6196944,6,20
10,DE,1.0046023,0.82151556,1.183685,6,8
10,DE,1.0046023,0.82151556,0.53649414,2,999
10,DE,1.0046023,0.82151556,0.69222265,5,30
10,DE,1.0046023,0.82151556,0.77245545,6,999
10,DE,1.0046023,0.82151556,0.8149527,4,50
10,DE,1.0046023,0.82151556,0.7770785,3,38
10,DE,1.0046023,0.82151556,0.51271206,2,40
10,DE,1.0046023,0.82151556,0.5273934,4,50
10,DE,1.0046023,0.82151556,0.49000242,5,60
10,DE,1.0046023,0.82151556,0.49000242,3,40
10,DE,1.0046023,0.82151556,0.84265924,3,40
10,DE,1.0046023,0.82151556,0.4203809,5,43
10,DE,1.0046023,0.82151556,0.77245545,4,60
10,DE,1.0046023,0.82151556,0.72262585,4,666
10,DE,1.0046023,0.82151556,0.4709951,5,45
10,DE,1.0130444,0.82151556,0.51600444,7,50
10,DE,1.0046023,0.82151556,1.1768091,2,12
10,DE,1.0046023,0.82151556,0.49020743,4,41
10,DE,1.0046023,0.82151556,1.6050462,7,999
10,DE,1.0046023,0.82151556,0.9089117,3,40
10,DE,1.0046023,0.82151556,0.5988232,6,42
10,DE,1.0046023,0.82151556,1.730858,4,45
10,DE,1.0046023,0.82151556,0.45462623,6,33
10,DE,1.0046023,0.82151556,0.90082294,2,50
10,DE,1.0046023,0.82151556,0.6644449,3,666
10,DE,1.0046023,0.82151556,0.49000242,6,5
10,DE,1.0046023,0.82151556,0.903398,4,40
10,DE,1.0046023,0.82151556,0.59238154,5,40
10,DE,1.0046023,0.82151556,0.49000242,6,16
10,DE,1.0046023,0.82151556,0.49497455,4,43
10,DE,1.0046023,0.82151556,0.87498605,3,39
10,DE,1.0046023,0.82151556,1.549845,6,38
10,DE,1.0046023,0.82151556,0.750353,4,50
10,DE,1.0046023,0.82151556,0.57999,4,60
10,DE,1.0046023,0.82151556,1.1415293,7,5
10,DE,1.0046023,0.82151556,0.5273934,5,55
10,DE,1.0046023,0.82151556,0.903398,3,999
10,DE,1.0046023,0.82151556,0.99039847,4,999
10,DE,1.0046023,0.82151556,0.49497455,4,65
10,DE,1.0046023,0.82151556,0.979639,6,42
10,DE,1.0046023,0.82151556,0.6644449,4,30
10,DE,1.0046023,0.82151556,0.4745927,7,26
10,DE,1.0046023,0.82151556,0.8430712,6,45
10,DE,1.0046023,0.82151556,0.6202814,6,40
10,DE,1.0046023,0.82151556,1.028501,6,8
10,DE,1.0046023,0.82151556,0.5853512,6,70
10,DE,1.0046023,0.82151556,0.5649073,4,50
10,DE,1.0046023,0.82151556,1.9905784,7,40
10,DE,1.0046023,0.82151556,0.8936806,4,38
10,DE,1.0046023,0.82151556,0.49000242,4,999
10,DE,1.0046023,0.82151556,0.42576477,4,39
10,DE,1.0046023,0.82151556,0.87498605,3,10
10,DE,1.0046023,0.82151556,0.6644449,3,40
10,DE,1.0046023,0.82151556,2.238528,4,0
10,DE,1.0046023,0.82151556,0.8230453,2,40
10,DE,1.0046023,0.82151556,0.50278074,6,33
10,DE,1.0046023,0.82151556,0.64159423,6,16
10,DE,1.0046023,0.82151556,0.48965093,6,8
10,DE,1.0046023,0.82151556,0.9116449,4,35
10,DE,1.0046023,0.82151556,1.8072726,6,999
10,DE,1.0046023,0.82151556,0.6054002,4,42
10,DE,1.0046023,0.82151556,0.7460893,4,39
10,DE,1.0046023,0.82151556,0.903398,3,50
10,DE,1.0046023,0.82151556,0.87498605,2,45
10,DE,1.0046023,0.82151556,0.5588358,4,999
10,DE,1.0046023,0.82151556,0.47232667,3,38
10,DE,1.0046023,0.82151556,0.5588358,4,40
10,DE,1.0046023,0.82151556,0.979639,2,33
10,DE,1.0046023,0.82151556,0.903398,6,48
10,DE,1.0046023,0.82151556,0.78093904,4,45
10,DE,1.0046023,0.82151556,0.6578015,7,40
10,DE,1.0046023,0.82151556,0.5273934,4,45
10,DE,1.0046023,0.82151556,0.42576477,4,55
10,DE,1.0046023,0.82151556,0.4111214,3,27
10,DE,1.0046023,0.82151556,0.5988232,4,55
10,DE,1.0046023,0.82151556,0.8230453,4,30
10,DE,1.0046023,0.82151556,0.6644449,4,30
10,DE,1.0046023,0.82151556,0.5588358,4,40
10,DE,1.0046023,0.82151556,0.47232667,6,35
10,DE,1.0046023,0.82151556,0.73806393,5,7
10,DE,1.0046023,0.82151556,1.183685,3,48
10,DE,1.0046023,0.82151556,1.3939899,4,666
10,DE,1.0130444,0.82151556,0.7523592,4,30
10,DE,1.0046023,0.82151556,1.1752414,3,33
10,DE,1.0046023,0.82151556,0.87498605,5,41
10,DE,1.0046023,0.82151556,0.8430712,5,40
10,DE,1.0046023,0.82151556,0.9652816,7,24
10,DE,1.0046023,0.82151556,0.5988232,4,43
10,DE,1.0046023,0.82151556,0.903398,4,55
10,DE,1.0046023,0.82151556,1.8072726,7,666
10,DE,1.0046023,0.82151556,0.46192226,6,70
10,DE,1.0046023,0.82151556,0.46062,4,42
10,DE,1.0046023,0.82151556,0.5483194,5,45
10,DE,1.0046023,0.82151556,0.84265924,4,35
10,DE,1.0046023,0.82151556,0.9488299,4,40
10,DE,1.0046023,0.82151556,0.4745927,6,17
10,DE,1.0046023,0.82151556,0.7770785,3,999
10,DE,1.0046023,0.82151556,0.5616258,7,42
10,DE,1.0046023,0.82151556,0.72087276,5,999
10,DE,1.0046023,0.82151556,1.0618118,3,23
10,DE,1.0046023,0.82151556,0.59238154,4,45
10,DE,1.0046023,0.82151556,0.72262585,4,40
10,DE,1.0046023,0.82151556,0.64159423,6,30
10,DE,1.0046023,0.82151556,1.4979596,1,666
10,DE,1.0046023,0.82151556,0.71884096,1,50
10,DE,1.0130444,0.82151556,1.6185342,5,666
10,DE,1.0046023,0.82151556,0.8936806,4,30
10,DE,1.0046023,0.82151556,0.750353,4,40
10,DE,1.0130444,0.82151556,0.7836087,4,40
10,DE,1.0046023,0.82151556,0.903398,3,39
10,DE,1.0046023,0.82151556,1.3939899,6,666
10,DE,1.0046023,0.82151556,0.9488299,3,50
10,DE,1.0046023,0.82151556,0.64497447,4,6
10,DE,1.0046023,0.82151556,0.7481615,6,6
10,DE,1.0046023,0.82151556,0.8230453,2,999
10,DE,1.0046023,0.82151556,0.47232667,6,20
10,DE,1.0046023,0.82151556,1.183685,2,40
10,DE,1.0046023,0.82151556,0.83724916,6,40
10,DE,1.0046023,0.82151556,0.6644449,6,999
10,DE,1.0046023,0.82151556,0.72262585,3,39
10,DE,1.0046023,0.82151556,0.47164983,4,40
10,DE,1.0046023,0.82151556,0.903398,6,40
10,DE,1.0046023,0.82151556,0.5988232,4,20
10,DE,1.0046023,0.82151556,0.5862924,4,49
10,DE,1.0046023,0.82151556,0.77245545,3,42
10,DE,1.0046023,0.82151556,0.49497455,4,50
10,DE,1.0046023,0.82151556,0.46192226,4,40
10,DE,1.0046023,0.82151556,0.72262585,6,666
10,DE,1.0046023,0.82151556,0.59245354,6,42
10,DE,1.0046023,0.82151556,1.1768091,5,35
10,DE,1.0046023,0.82151556,0.72262585,99,666
10,DE,1.0046023,0.82151556,0.903398,4,40
10,DE,1.0046023,0.82151556,0.87498605,4,999
10,DE,1.0046023,0.82151556,0.57999,4,50
10,DE,1.0046023,0.82151556,0.49000242,5,41
10,DE,1.0046023,0.82151556,0.8430712,4,60
10,DE,1.0046023,0.82151556,0.8430712,6,45
10,DE,1.0130444,0.82151556,0.49913538,4,45
10,DE,1.0046023,0.82151556,1.2284942,5,37
10,DE,1.0046023,0.82151556,0.5862924,4,28
10,DE,1.0046023,0.82151556,0.7481615,3,999
10,DE,1.0046023,0.82151556,0.47940874,6,42
10,DE,1.0046023,0.82151556,0.45728162,2,40
10,DE,1.0046023,0.82151556,0.8430712,1,60
10,DE,1.0046023,0.82151556,0.5862924,5,20
10,DE,1.0046023,0.82151556,0.72087276,2,22
10,DE,1.0046023,0.82151556,0.7641459,5,999
10,DE,1.0046023,0.82151556,1.5216395,4,39
10,DE,1.0046023,0.82151556,0.5988232,6,70
10,DE,1.0046023,0.82151556,0.72087276,2,666
10,DE,1.0046023,0.82151556,0.78093904,5,40
10,DE,1.0130444,0.82151556,0.61041605,6,38
10,DE,1.0046023,0.82151556,0.47232667,4,50
10,DE,1.0046023,0.82151556,0.5087317,4,38
10,DE,1.0046023,0.82151556,0.71668595,6,999
10,DE,1.0046023,0.82151556,0.90082294,5,39
10,DE,1.0046023,0.82151556,0.93492377,5,45
10,DE,1.0046023,0.82151556,0.6578015,6,22
10,DE,1.0046023,0.82151556,0.9142216,4,42
10,DE,1.0046023,0.82151556,1.2547408,7,53
10,DE,1.0046023,0.82151556,0.9652816,4,45
10,DE,1.0046023,0.82151556,0.8230453,4,39
10,DE,1.0046023,0.82151556,0.7770785,5,40
10,DE,1.0046023,0.82151556,0.7481615,6,40
10,DE,1.0046023,0.82151556,0.4111214,2,999
10,DE,1.0046023,0.82151556,0.50278074,3,19
10,DE,1.0046023,0.82151556,0.64176625,4,40
10,DE,0.5772695,0.82151556,0.34121558,5,44
10,DE,1.0046023,0.82151556,0.8430712,4,45
10,DE,1.0046023,0.82151556,0.6644449,6,10
10,DE,1.0046023,0.82151556,0.7481615,3,45
10,DE,1.0046023,0.82151556,0.54857755,5,25
10,DE,1.0046023,0.82151556,0.93492377,4,45
10,DE,1.0046023,0.82151556,0.55434185,2,45
10,DE,1.0046023,0.82151556,1.0683459,5,45
10,DE,1.0046023,0.82151556,0.979639,4,35
10,DE,1.0046023,0.82151556,0.9266892,2,30
10,DE,1.0046023,0.82151556,0.72262585,3,35
10,DE,1.0046023,0.82151556,0.87498605,5,44
10,DE,1.0046023,0.82151556,0.89828366,7,40
10,DE,1.0046023,0.82151556,0.72087276,4,20
10,DE,1.0046023,0.82151556,0.5853512,2,42
10,DE,1.0046023,0.82151556,0.6053294,6,35
10,DE,1.0046023,0.82151556,0.64176625,6,999
10,DE,1.0046023,0.82151556,0.46192226,5,29
10,DE,1.0046023,0.82151556,0.8381757,6,40
10,DE,1.0046023,0.82151556,0.8136785,4,32
10,DE,1.0046023,0.82151556,0.7081602,5,30
10,DE,1.0046023,0.82151556,0.55434185,4,70
10,DE,1.0046023,0.82151556,0.9116449,6,999
10,DE,1.0046023,0.82151556,0.49538425,6,30
10,DE,1.0046023,0.82151556,0.7481615,4,40
10,DE,1.0046023,0.82151556,0.53649414,5,45
10,DE,1.0046023,0.82151556,0.49497455,5,12
10,DE,1.0046023,0.82151556,2.2306173,6,666
10,DE,1.0046023,0.82151556,0.5988232,5,60
10,DE,1.0046023,0.82151556,0.6053294,4,22
10,DE,1.0046023,0.82151556,0.47940874,2,55
10,DE,1.0046023,0.82151556,2.1604648,6,40
10,DE,1.0046023,0.82151556,0.5649073,6,15
10,DE,1.0046023,0.82151556,2.0816622,4,666
10,DE,1.0046023,0.82151556,0.4203809,6,65
10,DE,1.0046023,0.82151556,0.6196944,4,37
10,DE,1.0046023,0.82151556,0.8381757,4,38
10,DE,1.0046023,0.82151556,1.2683845,6,43
10,DE,1.0046023,0.82151556,0.48965093,6,8
10,DE,1.0046023,0.82151556,1.183685,5,46
10,DE,1.0046023,0.82151556,0.77245545,6,34
10,DE,1.0046023,0.82151556,0.8230453,7,999
10,DE,1.0046023,0.82151556,0.7770785,4,35
10,DE,0.52648985,0.82151556,0.29605544,4,35
10,DE,1.0046023,0.82151556,3.2862568,6,39
10,DE,1.0130444,0.82151556,0.6038552,3,60
10,DE,1.0046023,0.82151556,0.7158557,3,999
10,DE,1.0046023,0.82151556,0.49000242,6,0
10,DE,1.0046023,0.82151556,0.4847319,4,20
10,DE,1.0046023,0.82151556,0.6053294,4,42
10,DE,1.0046023,0.82151556,0.45542914,5,40
10,DE,1.0046023,0.82151556,0.49020743,4,50
10,DE,1.0046023,0.82151556,0.5588358,6,40
10,DE,1.0046023,0.82151556,0.49000242,4,40
10,DE,1.0046023,0.82151556,1.7312369,4,40
10,DE,1.0046023,0.82151556,0.72087276,6,45
10,DE,1.0046023,0.82151556,0.71884096,4,999
10,DE,1.0046023,0.82151556,0.40699133,5,32
10,DE,1.0046023,0.82151556,1.1768091,4,8
10,DE,1.0046023,0.82151556,0.9691014,4,40
10,DE,1.0046023,0.82151556,0.6644449,4,42
10,DE,1.0046023,0.82151556,0.71668595,4,6
10,DE,1.0046023,0.82151556,1.7413534,6,40
10,DE,1.0046023,0.82151556,0.979639,4,39
10,DE,1.0046023,0.82151556,0.50612396,6,47
10,DE,1.0046023,0.82151556,0.64176625,4,45
10,DE,1.0046023,0.82151556,0.78093904,6,40
10,DE,0.52648985,0.82151556,0.37779373,7,18
10,DE,1.0046023,0.82151556,1.4979596,1,666
10,DE,1.0046023,0.82151556,0.5988232,5,45
10,DE,1.0046023,0.82151556,1.183685,5,44
10,DE,1.0046023,0.82151556,2.2306173,5,42
10,DE,1.0046023,0.82151556,0.46192226,6,40
10,DE,1.0046023,0.82151556,0.5633152,5,42
10,DE,1.0046023,0.82151556,0.8936806,6,60
10,DE,1.0046023,0.82151556,0.5842293,4,40
10,DE,1.0046023,0.82151556,0.5988232,3,40
10,DE,1.0046023,0.82151556,0.64176625,5,48
10,DE,1.0046023,0.82151556,0.5150917,4,43
10,DE,1.0046023,0.82151556,0.71884096,3,15
10,DE,1.0046023,0.82151556,0.49000242,4,43
10,DE,1.0046023,0.82151556,0.42576477,3,38
10,DE,1.0046023,0.82151556,1.0910307,3,40
10,DE,1.0046023,0.82151556,0.90082294,2,41
10,DE,1.0046023,0.82151556,0.79495275,4,666
10,DE,1.0046023,0.82151556,0.63804144,3,40
10,DE,1.0046023,0.82151556,2.4139984,5,8
10,DE,1.0046023,0.82151556,1.2683845,2,40
10,DE,1.0046023,0.82151556,0.7460893,6,40
10,DE,1.0046023,0.82151556,0.9625641,4,30
10,DE,1.0046023,0.82151556,0.7481615,6,40
10,DE,1.0046023,0.82151556,0.979639,4,39
10,DE,1.0046023,0.82151556,1.9881635,2,30
10,DE,1.0046023,0.82151556,0.80175346,6,41
10,DE,1.0046023,0.82151556,0.77245545,2,50
10,DE,1.0046023,0.82151556,0.5588358,6,15
10,DE,1.0046023,0.82151556,0.46192226,4,40
10,DE,1.0046023,0.82151556,1.2683845,2,40
10,DE,1.0046023,0.82151556,0.7665104,4,50
10,DE,1.0046023,0.82151556,0.46192226,5,999
10,DE,1.0046023,0.82151556,0.8001355,2,4
10,DE,1.0046023,0.82151556,0.49020743,3,41
10,DE,1.0046023,0.82151556,0.49497455,5,50
10,DE,0.57532686,0.82151556,0.26453874,6,45
10,DE,1.0046023,0.82151556,0.7460893,6,999
10,DE,1.0046023,0.82151556,0.89828366,3,42
10,DE,1.0046023,0.82151556,0.55434185,6,38
10,DE,1.0046023,0.82151556,0.5117041,2,39
10,DE,1.0046023,0.82151556,0.979639,3,14
10,DE,1.0046023,0.82151556,0.87498605,4,45
10,DE,1.0130444,0.82151556,0.92190367,5,8
10,DE,1.0046023,0.82151556,0.6962677,6,10
10,DE,1.0046023,0.82151556,0.45542914,3,30
10,DE,1.0046023,0.82151556,0.45728162,6,1
10,DE,1.0046023,0.82151556,0.78093904,4,40
10,DE,1.0046023,0.82151556,0.5102619,99,50
10,DE,1.0046023,0.82151556,0.8001355,6,45
10,DE,1.0046023,0.82151556,0.8430712,4,999
10,DE,1.0046023,0.82151556,0.87498605,3,999
10,DE,1.0046023,0.82151556,1.2683845,6,48
10,DE,1.0046023,0.82151556,0.5588358,5,42
10,DE,1.0046023,0.82151556,0.9652816,5,35
10,DE,1.0046023,0.82151556,1.2284942,4,38
10,DE,1.0046023,0.82151556,1.549845,5,999
10,DE,1.0046023,0.82151556,0.46062,4,50
10,DE,1.0046023,0.82151556,0.979639,5,35
10,DE,1.0046023,0.82151556,0.49497455,4,50
10,DE,1.0046023,0.82151556,0.9142216,6,15
10,DE,1.0046023,0.82151556,0.5988232,5,40
10,DE,1.0046023,0.82151556,0.903398,4,40
10,DE,1.0046023,0.82151556,0.7460893,6,999
10,DE,1.0046023,0.82151556,0.71668595,5,32
10,DE,1.0046023,0.82151556,0.5649073,6,42
10,DE,1.0046023,0.82151556,0.49497455,2,40
10,DE,1.0046023,0.82151556,0.9488299,2,30
10,DE,1.0046023,0.82151556,0.7481615,4,42
10,DE,1.0046023,0.82151556,0.8430712,1,666
10,DE,1.0046023,0.82151556,0.8823152,6,50
10,DE,1.0046023,0.82151556,0.64159423,99,999
10,DE,1.0046023,0.82151556,0.5555892,4,999
10,DE,1.0046023,0.82151556,0.8136785,6,999
10,DE,1.0046023,0.82151556,0.6962677,6,40
10,DE,1.0046023,0.82151556,0.77245545,2,40
10,DE,1.0046023,0.82151556,1.028501,4,40
10,DE,1.0046023,0.82151556,0.6578015,5,30
10,DE,1.0046023,0.82151556,0.72087276,3,999
10,DE,1.0046023,0.82151556,0.5853512,6,30
10,DE,1.0046023,0.82151556,0.71884096,4,20
10,DE,1.0046023,0.82151556,0.5649073,7,20
10,DE,1.0046023,0.82151556,1.2547408,7,40
10,DE,1.0130444,0.82151556,0.8497406,5,27
10,DE,1.0046023,0.82151556,0.49737647,4,38
10,DE,1.0046023,0.82151556,0.71884096,5,999
10,DE,1.0046023,0.82151556,0.90082294,5,37
10,DE,1.0046023,0.82151556,0.49020743,4,20
10,DE,1.0046023,0.82151556,0.77245545,4,999
10,DE,1.0046023,0.82151556,0.49497455,3,10
10,DE,1.0046023,0.82151556,1.8458856,7,11
10,DE,1.0046023,0.82151556,0.5862924,5,37
10,DE,1.0046023,0.82151556,1.9905784,5,40
10,DE,1.0046023,0.82151556,0.9142216,5,48
10,DE,1.0046023,0.82151556,0.903398,6,999
10,DE,1.0046023,0.82151556,0.47232667,6,50
10,DE,1.0046023,0.82151556,0.5649073,7,666
10,DE,1.0046023,0.82151556,0.4214874,6,42
10,DE,1.0046023,0.82151556,0.45728162,6,40
10,DE,1.0046023,0.82151556,1.9905784,4,37
10,DE,1.0046023,0.82151556,1.5516373,2,40
10,DE,1.0046023,0.82151556,0.5150917,4,40
10,DE,1.0046023,0.82151556,0.48067966,2,39
10,DE,1.0046023,0.82151556,0.5842293,5,50
10,DE,1.0046023,0.82151556,2.0757954,7,999
10,DE,1.0046023,0.82151556,0.91332,4,40
10,DE,1.0046023,0.82151556,1.0910307,6,999
10,DE,1.0046023,0.82151556,0.49000242,4,10
10,DE,1.0046023,0.82151556,0.9089117,6,40
10,DE,1.0046023,0.82151556,0.42576477,4,44
10,DE,1.0130444,0.82151556,1.1936324,3,39
10,DE,1.0046023,0.82151556,0.6962677,6,31
10,DE,1.0046023,0.82151556,0.47940874,5,40
10,DE,1.0046023,0.82151556,1.4979596,3,39
10,DE,1.0046023,0.82151556,0.69430506,6,45
10,DE,1.0046023,0.82151556,0.7081602,99,999
10,DE,1.0046023,0.82151556,0.5117041,4,999
10,DE,1.0046023,0.82151556,0.4847319,5,41
10,DE,1.0046023,0.82151556,0.9488299,3,87
10,DE,1.0046023,0.82151556,0.903398,4,40
10,DE,1.0046023,0.82151556,0.89558655,6,8
10,DE,0.5772695,0.82151556,0.5143233,4,38
10,DE,1.0046023,0.82151556,1.2284942,4,40
10,DE,1.0046023,0.82151556,0.5424216,2,8
10,DE,1.0046023,0.82151556,2.8123481,4,999
10,DE,1.0046023,0.82151556,0.9266892,5,36
10,DE,1.0046023,0.82151556,0.55434185,4,50
10,DE,1.0046023,0.82151556,0.72087276,4,999
10,DE,1.0046023,0.82151556,0.47940874,4,37
10,DE,1.0046023,0.82151556,0.77245545,6,666
10,DE,1.0046023,0.82151556,0.73806393,4,999
10,DE,1.0046023,0.82151556,0.77245545,6,40
10,DE,1.0046023,0.82151556,0.4847319,3,999
10,DE,1.0046023,0.82151556,0.79495275,6,35
10,DE,1.0046023,0.82151556,0.5150917,6,8
10,DE,1.0046023,0.82151556,1.0910307,6,50
10,DE,1.0046023,0.82151556,0.8936806,5,60
10,DE,1.0046023,0.82151556,0.5117041,2,999
10,DE,1.0046023,0.82151556,0.46062,4,50
10,DE,1.0046023,0.82151556,1.0437982,4,30
10,DE,1.0046023,0.82151556,0.72262585,6,39
10,DE,1.0046023,0.82151556,0.49497455,3,37
10,DE,1.0046023,0.82151556,0.5310751,6,45
10,DE,1.0046023,0.82151556,0.59431446,5,25
10,DE,1.0046023,0.82151556,0.77245545,4,999
10,DE,1.0046023,0.82151556,0.47232667,6,47
10,DE,1.0046023,0.82151556,1.3514551,7,40
10,DE,1.0046023,0.82151556,0.51271206,5,43
10,DE,1.0046023,0.82151556,1.0910307,4,38
10,DE,1.0046023,0.82151556,0.87498605,2,50
10,DE,1.0046023,0.82151556,0.72087276,6,50
10,DE,1.0046023,0.82151556,1.9187179,7,5
10,DE,1.0046023,0.82151556,0.6196944,5,10
10,DE,1.0046023,0.82151556,0.5483194,6,40
10,DE,1.0046023,0.82151556,0.55434185,4,25
10,DE,1.0046023,0.82151556,1.028501,2,666
10,DE,1.0046023,0.82151556,0.5087317,4,40
10,DE,1.0046023,0.82151556,0.7173693,2,45
10,DE,1.0046023,0.82151556,1.2683845,4,40
10,DE,1.0046023,0.82151556,0.6484355,4,38
10,DE,1.0046023,0.82151556,0.84265924,5,30
10,DE,1.0046023,0.82151556,0.78093904,4,40
10,DE,1.0046023,0.82151556,0.7481615,2,39
10,DE,1.0046023,0.82151556,0.47940874,4,45
10,DE,1.0046023,0.82151556,0.49000242,6,60
10,DE,1.0046023,0.82151556,0.9691014,4,40
10,DE,0.57532686,0.82151556,0.5235665,5,40
10,DE,1.0046023,0.82151556,0.83030975,5,47
10,DE,1.0046023,0.82151556,1.8458856,6,666
10,DE,1.0046023,0.82151556,1.2284942,4,40
10,DE,1.0046023,0.82151556,0.63804144,6,40
10,DE,1.0046023,0.82151556,1.8458856,5,666
10,DE,1.0046023,0.82151556,0.6053294,4,60
10,DE,1.0046023,0.82151556,0.64176625,6,25
10,DE,1.0046023,0.82151556,0.46192226,7,55
10,DE,1.0046023,0.82151556,0.72262585,5,666
10,DE,1.0046023,0.82151556,0.43535438,6,15
10,DE,1.0046023,0.82151556,0.6053294,2,999
10,DE,1.0046023,0.82151556,0.42576477,6,40
10,DE,1.0046023,0.82151556,0.5310751,99,999
10,DE,1.0046023,0.82151556,1.2683845,4,50
10,DE,1.0046023,0.82151556,0.8430712,4,50
10,DE,1.0046023,0.82151556,0.78093904,4,999
10,DE,1.0046023,0.82151556,0.46062,6,40
10,DE,1.0046023,0.82151556,0.51168334,2,40
10,DE,1.0046023,0.82151556,0.7481615,5,39
10,DE,1.0046023,0.82151556,0.87498605,6,40
10,DE,1.0046023,0.82151556,0.50067854,5,45
10,DE,1.0046023,0.82151556,0.5988184,5,25
10,DE,1.0046023,0.82151556,0.9652816,5,45
10,DE,1.0046023,0.82151556,0.4745927,6,40
10,DE,1.0046023,0.82151556,0.6644449,6,666
10,DE,1.0046023,0.82151556,0.45923847,4,40
10,DE,1.0046023,0.82151556,0.7641459,4,28
10,DE,1.0046023,0.82151556,0.9142216,4,10
10,DE,1.0046023,0.82151556,0.64176625,7,40
10,DE,1.0046023,0.82151556,1.183685,4,45
10,DE,1.0046023,0.82151556,0.8136785,4,8
10,DE,1.0046023,0.82151556,0.97917575,4,8
10,DE,1.0046023,0.82151556,0.45542914,2,50
10,DE,1.0046023,0.82151556,0.49020743,4,999
10,DE,1.0046023,0.82151556,0.7481615,3,41
10,DE,1.0046023,0.82151556,0.903398,5,40
10,DE,1.0046023,0.82151556,0.46192226,5,40
10,DE,1.0046023,0.82151556,0.6644449,5,30
10,DE,1.0046023,0.82151556,0.75428396,4,40
10,DE,1.0046023,0.82151556,0.7481615,5,24
10,DE,1.0046023,0.82151556,0.5988232,4,45
10,DE,1.0046023,0.82151556,1.0910307,4,44
10,DE,1.0046023,0.82151556,0.47940874,5,38
10,DE,1.0046023,0.82151556,0.9142216,5,15
10,DE,1.0046023,0.82151556,0.8430712,5,42
10,DE,1.0046023,0.82151556,0.45728162,5,20
10,DE,1.0046023,0.82151556,0.5633152,6,20
10,DE,1.0046023,0.82151556,0.5150917,6,30
10,DE,1.0046023,0.82151556,0.90082294,3,999
10,DE,1.0046023,0.82151556,1.1752414,4,20
10,DE,1.0046023,0.82151556,1.2683845,4,60
10,DE,1.0046023,0.82151556,0.7081602,4,40
10,DE,1.0046023,0.82151556,1.4979596,6,42
10,DE,1.0046023,0.82151556,1.0837764,3,43
10,DE,1.0046023,0.82151556,0.5988232,5,42
10,DE,1.0046023,0.82151556,0.42576477,4,50
10,DE,1.0046023,0.82151556,1.0535071,6,45
10,DE,1.0046023,0.82151556,0.47232667,5,30
10,DE,1.0046023,0.82151556,0.65610456,3,35
10,DE,1.0046023,0.82151556,0.49497455,3,43
10,DE,1.0046023,0.82151556,1.0910307,5,42
10,DE,1.0046023,0.82151556,0.5117041,4,30
10,DE,1.0046023,0.82151556,0.50278074,5,27
10,DE,1.0046023,0.82151556,0.46192226,4,48
10,DE,1.0046023,0.82151556,1.2547408,5,45
10,DE,1.0046023,0.82151556,0.9142216,99,999
10,DE,1.0046023,0.82151556,0.59245354,4,666
10,DE,1.0046023,0.82151556,0.5588358,4,999
10,DE,1.0046023,0.82151556,0.64176625,2,42
10,DE,1.0046023,0.82151556,0.5988184,4,30
10,DE,1.0046023,0.82151556,0.5150917,5,40
10,DE,1.0046023,0.82151556,0.5588358,4,50
10,DE,1.0046023,0.82151556,0.7158557,4,46
10,DE,1.0046023,0.82151556,0.69430506,4,40
10,DE,1.0046023,0.82151556,0.7641459,4,999
10,DE,1.0046023,0.82151556,0.49000242,6,45
10,DE,1.0046023,0.82151556,1.0683459,2,40
10,DE,1.0046023,0.82151556,1.0147438,3,30
10,DE,1.0046023,0.82151556,0.4111214,4,999
10,DE,1.0046023,0.82151556,0.7460893,4,666
10,DE,1.0046023,0.82151556,0.7481615,5,39
10,DE,1.0046023,0.82151556,1.2683845,6,8
10,DE,1.0046023,0.82151556,0.6053294,4,35
10,DE,1.0046023,0.82151556,0.4111214,5,999
10,DE,1.0046023,0.82151556,0.48965093,5,60
10,DE,1.0046023,0.82151556,0.4847319,6,42
10,DE,1.0046023,0.82151556,0.73806393,4,999
10,DE,1.0046023,0.82151556,0.48965093,2,50
10,DE,1.0046023,0.82151556,1.39793,6,38
10,DE,1.0046023,0.82151556,0.46192226,4,42
10,DE,1.0046023,0.82151556,0.77245545,2,30
10,DE,1.0046023,0.82151556,0.5988232,5,40
10,DE,1.0046023,0.82151556,0.59853566,4,45
10,DE,1.0046023,0.82151556,0.9266892,7,999
10,DE,1.0046023,0.82151556,1.3898098,4,36
10,DE,1.0046023,0.82151556,0.6490528,3,40
10,DE,1.0046023,0.82151556,0.5862924,6,29
10,DE,1.0046023,0.82151556,1.7413534,7,666
10,DE,1.0046023,0.82151556,0.6962677,5,40
10,DE,1.0046023,0.82151556,0.9142216,6,30
10,DE,1.0046023,0.82151556,0.69430506,5,38
10,DE,1.0046023,0.82151556,0.77245545,2,30
10,DE,1.0046023,0.82151556,0.4755132,6,48
10,DE,1.0046023,0.82151556,0.71668595,3,160
10,DE,1.0046023,0.82151556,0.50278074,3,15
10,DE,1.0046023,0.82151556,0.69430506,4,40
10,DE,1.0046023,0.82151556,0.9652816,5,999
10,DE,1.0130444,0.82151556,0.5250639,5,50
10,DE,1.0046023,0.82151556,0.46192226,6,39
10,DE,1.0046023,0.82151556,2.2066238,6,999
10,DE,1.0046023,0.82151556,0.7460893,6,20
10,DE,1.0046023,0.82151556,0.8823152,5,42
10,DE,1.0046023,0.82151556,0.4755132,6,35
10,DE,1.0046023,0.82151556,0.45542914,4,18
10,DE,1.0046023,0.82151556,0.50612396,6,50
10,DE,1.0046023,0.82151556,0.7481615,6,20
10,DE,1.0046023,0.82151556,0.5087317,5,30
10,DE,1.0046023,0.82151556,0.7481615,4,43
10,DE,1.0046023,0.82151556,0.6962677,4,40
10,DE,1.0046023,0.82151556,0.9691014,6,38
10,DE,1.0046023,0.82151556,0.49020743,5,40
10,DE,1.0046023,0.82151556,0.9625641,4,45
10,DE,1.0046023,0.82151556,0.7460893,6,6
10,DE,1.0046023,0.82151556,0.47940874,6,40
10,DE,1.0046023,0.82151556,0.72262585,2,40
10,DE,1.0046023,0.82151556,0.9625641,4,45
10,DE,1.0046023,0.82151556,0.5794707,3,50
10,DE,1.0046023,0.82151556,0.57999,5,50
10,DE,1.0046023,0.82151556,0.4745927,6,50
10,DE,1.0046023,0.82151556,0.90082294,6,50
10,DE,1.0046023,0.82151556,0.9089117,3,40
10,DE,1.0046023,0.82151556,0.5616258,4,40
10,DE,1.0046023,0.82151556,0.63804144,5,999
10,DE,1.0046023,0.82151556,0.64497447,6,30
10,DE,1.0046023,0.82151556,0.72087276,6,999
10,DE,1.0046023,0.82151556,0.46192226,4,45
10,DE,1.0046023,0.82151556,0.979639,6,999
10,DE,1.0046023,0.82151556,0.48965093,5,50
10,DE,1.0046023,0.82151556,0.83030975,6,43
10,DE,1.0046023,0.82151556,0.71884096,5,999
10,DE,1.0046023,0.82151556,0.8430712,4,45
10,DE,1.0046023,0.82151556,1.183685,4,50
10,DE,1.0046023,0.82151556,1.4873999,2,60
10,DE,1.0046023,0.82151556,0.77245545,2,666
10,DE,0.52648985,0.82151556,0.6203431,2,55
10,DE,1.0046023,0.82151556,0.5117041,4,32
10,DE,1.0046023,0.82151556,0.8230453,4,38
10,DE,1.0046023,0.82151556,0.903398,4,43
10,DE,1.0046023,0.82151556,0.77245545,3,28
10,DE,1.0046023,0.82151556,0.5483194,5,16
10,DE,1.0046023,0.82151556,0.6053294,5,26
10,DE,1.0046023,0.82151556,0.77245545,4,40
10,DE,1.0046023,0.82151556,0.64159423,6,18
10,DE,1.0046023,0.82151556,0.6202814,5,50
10,DE,1.0046023,0.82151556,0.83030975,6,38
10,DE,1.0046023,0.82151556,0.9488299,2,666
10,DE,1.0046023,0.82151556,0.8950595,5,999
10,DE,1.0046023,0.82151556,0.5150917,4,40
10,DE,1.0046023,0.82151556,0.5206894,6,30
10,DE,1.0046023,0.82151556,0.5649073,4,32
10,DE,1.0046023,0.82151556,0.83724916,4,8
10,DE,1.0046023,0.82151556,0.56796795,5,42
10,DE,1.0046023,0.82151556,0.4709951,6,35
10,DE,1.0046023,0.82151556,1.6050462,3,38
10,DE,1.0046023,0.82151556,0.9625641,2,42
10,DE,1.0046023,0.82151556,0.7481615,5,25
10,DE,1.0046023,0.82151556,0.7460893,6,999
10,DE,0.5772695,0.82151556,0.6227652,4,43
10,DE,1.0046023,0.82151556,0.5206894,3,39
10,DE,1.0046023,0.82151556,0.42576477,7,35
10,DE,1.0046023,0.82151556,0.5988184,6,43
10,DE,1.0046023,0.82151556,0.5310751,5,20
10,DE,1.0046023,0.82151556,0.87498605,99,999
10,DE,1.0046023,0.82151556,0.7641459,6,35
10,DE,1.0046023,0.82151556,0.903398,6,40
10,DE,1.0046023,0.82151556,1.2683845,4,40
10,DE,1.0130444,0.82151556,0.47561333,4,45
10,DE,1.0046023,0.82151556,0.57999,4,45
10,DE,1.0046023,0.82151556,2.2066238,4,10
10,DE,1.0130444,0.82151556,0.83728725,3,19
10,DE,1.0046023,0.82151556,0.979639,4,25
10,DE,1.0046023,0.82151556,0.90082294,5,45
10,DE,1.0046023,0.82151556,1.028501,4,56
10,DE,1.0046023,0.82151556,1.183685,2,42
10,DE,1.0046023,0.82151556,0.49000242,5,20
10,DE,1.0046023,0.82151556,0.90082294,4,40
10,DE,1.0046023,0.82151556,0.903398,6,40
10,DE,1.0046023,0.82151556,0.9266892,4,48
10,DE,1.0046023,0.82151556,0.77245545,6,45
10,DE,1.0046023,0.82151556,0.77245545,6,50
10,DE,1.0046023,0.82151556,0.87498605,4,38
10,DE,1.0046023,0.82151556,0.5988184,5,42
10,DE,1.0046023,0.82151556,0.777911,4,999
10,DE,1.0046023,0.82151556,0.5988232,5,40
10,DE,1.0046023,0.82151556,0.5150917,6,40
10,DE,1.0046023,0.82151556,0.72262585,7,10
10,DE,1.0046023,0.82151556,1.0462518,6,9
10,DE,1.0046023,0.82151556,1.5216395,6,40
10,DE,1.0046023,0.82151556,0.5483194,4,29
10,DE,1.0046023,0.82151556,0.47164983,6,999
10,DE,1.0046023,0.82151556,0.49020743,6,44
10,DE,1.0046023,0.82151556,0.64176625,5,7
10,DE,1.0046023,0.82151556,0.46192226,4,45
10,DE,1.0046023,0.82151556,0.7770785,5,40
10,DE,1.0046023,0.82151556,0.69430506,5,41
10,DE,1.0046023,0.82151556,0.65610456,4,42
10,DE,1.0046023,0.82151556,0.47940874,4,40
10,DE,1.0046023,0.82151556,0.9652816,4,666
10,DE,1.0046023,0.82151556,0.45728162,6,45
10,DE,1.0046023,0.82151556,2.0224733,6,999
10,DE,1.0046023,0.82151556,0.48965093,2,0
10,DE,1.0046023,0.82151556,0.64497447,4,25
10,DE,1.0046023,0.82151556,0.7481615,4,32
10,DE,1.0046023,0.82151556,0.8936806,5,32
10,DE,1.0046023,0.82151556,1.0462518,6,999
10,DE,1.0046023,0.82151556,0.47232667,99,40
10,DE,1.0046023,0.82151556,0.979639,6,20
10,DE,1.0046023,0.82151556,0.6962677,6,8
10,DE,1.0046023,0.82151556,0.50612396,6,5
10,DE,1.0046023,0.82151556,0.77245545,4,999
10,DE,1.0046023,0.82151556,0.9652816,3,40
10,DE,1.0046023,0.82151556,0.95489913,4,35
10,DE,1.0046023,0.82151556,0.9488299,3,35
10,DE,1.0046023,0.82151556,0.69430506,6,40
10,DE,1.0046023,0.82151556,0.9652816,7,6
10,DE,1.0046023,0.82151556,0.7460893,5,666
10,DE,1.0046023,0.82151556,0.5988232,4,999
10,DE,1.0046023,0.82151556,0.5087317,3,40
10,DE,1.0046023,0.82151556,2.0122206,6,999
10,DE,1.0046023,0.82151556,0.7641459,6,45
10,DE,1.0046023,0.82151556,1.4979596,3,0
10,DE,1.0046023,0.82151556,0.5310751,6,22
10,DE,1.0046023,0.82151556,0.5853512,6,38
10,DE,1.0046023,0.82151556,0.47164983,5,35
10,DE,1.0046023,0.82151556,0.8001355,6,40
10,DE,1.0046023,0.82151556,0.9652816,6,48
10,DE,1.0046023,0.82151556,0.6054002,3,999
10,DE,1.0046023,0.82151556,0.8430712,3,45
10,DE,1.0046023,0.82151556,0.5842293,5,40
10,DE,1.0046023,0.82151556,0.5588358,7,60
10,DE,1.0046023,0.82151556,0.5633152,6,45
10,DE,1.0046023,0.82151556,2.6759992,3,25
10,DE,1.0046023,0.82151556,0.531104,3,42
10,DE,1.0046023,0.82151556,0.49737647,4,50
10,DE,1.0046023,0.82151556,0.979639,2,24
10,DE,1.0046023,0.82151556,0.72087276,4,40
10,DE,1.0046023,0.82151556,0.750353,3,60
10,DE,1.0046023,0.82151556,0.49000242,6,20
10,DE,1.0046023,0.82151556,0.979639,3,40
10,DE,1.0046023,0.82151556,0.8001355,6,40
10,DE,1.0046023,0.82151556,0.72262585,6,8
10,DE,1.0046023,0.82151556,1.2683845,3,40
10,DE,1.0046023,0.82151556,0.9116449,4,45
10,DE,1.0046023,0.82151556,0.72087276,4,35
10,DE,1.0046023,0.82151556,0.903398,4,45
10,DE,1.0046023,0.82151556,1.9905784,4,39
10,DE,1.0046023,0.82151556,0.6053294,3,41
10,DE,1.0130444,0.82151556,0.92190367,2,41
10,DE,1.0046023,0.82151556,0.71884096,2,666
10,DE,1.0046023,0.82151556,0.93492377,6,30
10,DE,1.0046023,0.82151556,0.9998724,6,33
10,DE,1.0046023,0.82151556,0.903398,2,666
10,DE,1.0046023,0.82151556,0.49497455,4,45
10,DE,1.0046023,0.82151556,0.8381757,4,155
10,DE,1.0046023,0.82151556,1.9187179,2,30
10,DE,1.0046023,0.82151556,1.183685,6,55
10,DE,1.0046023,0.82151556,0.47940874,4,55
10,DE,1.0046023,0.82151556,0.47940874,3,41
10,DE,1.0046023,0.82151556,0.979639,4,40
10,DE,1.0046023,0.82151556,0.47164983,6,30
10,DE,1.0046023,0.82151556,0.4755132,4,40
10,DE,1.0046023,0.82151556,0.97588414,5,40
10,DE,1.0046023,0.82151556,0.9116449,7,26
10,DE,1.0046023,0.82151556,0.49497455,4,45
10,DE,1.0046023,0.82151556,1.183685,6,43
10,DE,1.0046023,0.82151556,0.49020743,6,5
10,DE,1.0046023,0.82151556,0.49497455,6,60
10,DE,1.0046023,0.82151556,0.7665104,4,40
10,DE,1.0046023,0.82151556,0.69222265,5,37
10,DE,1.0046023,0.82151556,0.49497455,4,45
10,DE,1.0046023,0.82151556,1.2885052,3,999
10,DE,1.0046023,0.82151556,0.64497447,7,45
10,DE,1.0046023,0.82151556,0.64159423,4,36
10,DE,1.0046023,0.82151556,0.61339086,4,10
10,DE,1.0046023,0.82151556,0.9266892,6,30
10,DE,1.0046023,0.82151556,1.8458856,6,666
10,DE,1.0046023,0.82151556,1.7312369,7,666
10,DE,1.0046023,0.82151556,0.5117041,6,50
10,DE,1.0046023,0.82151556,0.87498605,4,40
10,DE,1.0046023,0.82151556,0.8430712,2,999
10,DE,1.0046023,0.82151556,0.8406947,4,50
10,DE,1.0046023,0.82151556,0.5273934,4,50
10,DE,1.0046023,0.82151556,1.2284942,4,40
10,DE,1.0046023,0.82151556,0.5572606,4,40
10,DE,1.0046023,0.82151556,0.72087276,2,999
10,DE,1.0046023,0.82151556,1.183685,4,60
10,DE,1.0046023,0.82151556,0.42576477,5,666
10,DE,1.0046023,0.82151556,1.183685,6,48
10,DE,1.0046023,0.82151556,0.79495275,4,10
10,DE,1.0046023,0.82151556,0.6962677,6,999
10,DE,1.0046023,0.82151556,0.5117041,4,34
10,DE,1.0046023,0.82151556,0.7770785,4,40
10,DE,1.0046023,0.82151556,0.979639,4,999
10,DE,1.0046023,0.82151556,0.49000242,6,7
10,DE,1.0130444,0.82151556,0.7021189,7,12
10,DE,1.0046023,0.82151556,0.72262585,5,40
10,DE,1.0046023,0.82151556,0.750353,4,39
10,DE,1.0046023,0.82151556,0.9116449,6,12
10,DE,1.0046023,0.82151556,0.5555892,7,40
10,DE,1.0046023,0.82151556,0.6196944,4,41
10,DE,1.0046023,0.82151556,0.49020743,6,2
10,DE,1.0046023,0.82151556,0.64159423,6,40
10,DE,1.0046023,0.82151556,0.72087276,4,38
10,DE,1.0046023,0.82151556,1.7712854,7,20
10,DE,1.0046023,0.82151556,0.51271206,4,42
10,DE,1.0046023,0.82151556,0.50612396,6,55
10,DE,1.0046023,0.82151556,0.6644449,2,50
10,DE,1.0130444,0.82151556,0.83728725,6,50
10,DE,1.0046023,0.82151556,0.5087317,6,40
10,DE,1.0046023,0.82151556,0.77245545,6,30
10,DE,1.0046023,0.82151556,0.46192226,6,30
10,DE,1.0046023,0.82151556,0.49000242,4,0
10,DE,1.0046023,0.82151556,0.5392715,4,50
10,DE,1.0046023,0.82151556,0.777911,4,30
10,DE,1.0046023,0.82151556,1.4508483,2,999
10,DE,1.0046023,0.82151556,1.2683845,4,39
10,DE,1.0046023,0.82151556,0.5150917,5,50
10,DE,1.0046023,0.82151556,0.77245545,3,25
10,DE,1.0046023,0.82151556,0.72087276,4,45
10,DE,1.0046023,0.82151556,0.7481615,4,50
10,DE,1.0046023,0.82151556,0.49497455,4,42
10,DE,1.0046023,0.82151556,1.4979596,3,666
10,DE,1.0046023,0.82151556,0.77245545,6,20
10,DE,1.0046023,0.82151556,0.9691014,4,20
10,DE,1.0046023,0.82151556,0.45728162,6,44
10,DE,1.0046023,0.82151556,1.5978634,2,7
10,DE,1.0046023,0.82151556,0.8406947,3,40
10,DE,1.0046023,0.82151556,1.7413534,5,40
10,DE,1.0046023,0.82151556,1.028501,2,42
10,DE,1.0046023,0.82151556,0.71884096,4,50
10,DE,1.0046023,0.82151556,0.4847319,7,40
10,DE,1.0046023,0.82151556,0.8936806,5,40
10,DE,1.0046023,0.82151556,1.5960648,6,8
10,DE,1.0046023,0.82151556,0.87498605,4,40
10,DE,1.0046023,0.82151556,0.84265924,6,19
10,DE,1.0046023,0.82151556,0.72262585,6,40
10,DE,1.0046023,0.82151556,0.77245545,5,999
10,DE,1.0046023,0.82151556,0.7183895,3,40
10,DE,1.0046023,0.82151556,0.5102619,5,48
10,DE,1.0046023,0.82151556,0.9089117,3,32
10,DE,1.0046023,0.82151556,0.8381757,4,45
10,DE,1.0046023,0.82151556,2.0122206,3,40
10,DE,1.0046023,0.82151556,0.8430712,7,999
10,DE,1.0046023,0.82151556,0.6644449,6,3
10,DE,1.0046023,0.82151556,0.9488299,6,20
10,DE,1.0046023,0.82151556,1.1768091,4,40
10,DE,1.0046023,0.82151556,0.7173693,4,35
10,DE,1.0046023,0.82151556,1.8527278,4,999
10,DE,1.0046023,0.82151556,0.6962677,6,12
10,DE,1.0046023,0.82151556,0.7481615,5,35
10,DE,1.0046023,0.82151556,0.4745927,6,25
10,DE,1.0046023,0.82151556,0.6962677,3,39
10,DE,1.0046023,0.82151556,0.5572606,6,42
10,DE,1.0046023,0.82151556,0.46192226,4,50
10,DE,1.0046023,0.82151556,0.49497455,6,50
10,DE,1.0046023,0.82151556,0.87498605,5,999
10,DE,1.0046023,0.82151556,0.5988232,5,40
10,DE,1.0046023,0.82151556,0.84265924,7,10
10,DE,1.0046023,0.82151556,0.7481615,2,999
10,DE,1.0046023,0.82151556,0.6962677,6,666
10,DE,1.0046023,0.82151556,0.4214874,6,40
10,DE,1.0046023,0.82151556,2.7820985,1,25
10,DE,1.0046023,0.82151556,0.6644449,6,24
10,DE,1.0046023,0.82151556,0.8936806,7,38
10,DE,1.0046023,0.82151556,0.42576477,5,50
10,DE,1.0046023,0.82151556,0.7641459,2,4
10,DE,1.0046023,0.82151556,1.8072726,6,40
10,DE,1.0046023,0.82151556,0.9116449,6,4
10,DE,1.0046023,0.82151556,0.903398,2,999
10,DE,1.0046023,0.82151556,0.49497455,6,42
10,DE,1.0046023,0.82151556,0.78093904,4,40
10,DE,1.0046023,0.82151556,0.48965093,4,33
10,DE,1.0046023,0.82151556,0.6644449,99,999
10,DE,1.0046023,0.82151556,0.8230453,2,40
10,DE,1.0046023,0.82151556,0.8230453,5,12
10,DE,1.0046023,0.82151556,0.5087317,4,28
10,DE,1.0046023,0.82151556,1.1752414,4,0
10,DE,1.0046023,0.82151556,0.77245545,5,20
10,DE,1.0046023,0.82151556,2.2306173,5,25
10,DE,1.0046023,0.82151556,0.5853512,6,39
10,DE,1.0046023,0.82151556,0.5087317,6,42
10,DE,1.0046023,0.82151556,0.49020743,6,999
10,DE,1.0046023,0.82151556,0.5310751,5,35
10,DE,1.0046023,0.82151556,0.40699133,3,37
10,DE,1.0046023,0.82151556,0.903398,4,43
10,DE,1.0046023,0.82151556,0.47232667,6,40
10,DE,1.0046023,0.82151556,0.84265924,4,20
10,DE,1.0046023,0.82151556,0.48965093,5,41
10,DE,1.0046023,0.82151556,0.5649073,2,35
10,DE,1.0046023,0.82151556,0.50278074,6,30
10,DE,1.0046023,0.82151556,0.9652816,6,999
10,DE,1.0046023,0.82151556,0.5988232,4,60
10,DE,1.0046023,0.82151556,0.50278074,5,26
10,DE,1.0046023,0.82151556,0.72262585,5,999
10,DE,1.0046023,0.82151556,1.183685,2,32
10,DE,1.0046023,0.82151556,0.903398,4,40
10,DE,1.0046023,0.82151556,0.49497455,4,999
10,DE,1.0046023,0.82151556,0.42576477,5,666
10,DE,1.0046023,0.82151556,0.45728162,6,41
10,DE,1.0046023,0.82151556,0.5392715,3,70
10,DE,1.0046023,0.82151556,0.52426046,6,44
10,DE,1.0046023,0.82151556,0.6962677,4,20
10,DE,1.0046023,0.82151556,0.5483194,6,11
10,DE,1.0046023,0.82151556,2.2066238,6,999
10,DE,1.0046023,0.82151556,0.5087317,99,999
10,DE,1.0046023,0.82151556,0.5483194,4,10
10,DE,1.0046023,0.82151556,0.5649073,5,24
10,DE,1.0046023,0.82151556,1.9905784,6,40
10,DE,1.0046023,0.82151556,0.89828366,2,999
10,DE,1.0046023,0.82151556,0.72262585,4,12
10,DE,1.0046023,0.82151556,0.5483194,5,35
10,DE,1.0046023,0.82151556,0.4847319,5,40
10,DE,1.0046023,0.82151556,0.4847319,3,20
10,DE,1.0046023,0.82151556,0.8381757,3,46
10,DE,1.0046023,0.82151556,0.5988232,99,999
10,DE,1.0046023,0.82151556,0.87498605,4,666
10,DE,1.0046023,0.82151556,0.5588358,5,50
10,DE,1.0046023,0.82151556,0.47232667,5,13
10,DE,1.0046023,0.82151556,0.8001355,6,30
10,DE,1.0046023,0.82151556,0.49497455,6,40
10,DE,1.0046023,0.82151556,0.7641459,4,24
10,DE,1.0046023,0.82151556,0.4111214,5,55
10,DE,1.0046023,0.82151556,0.46192226,3,70
10,DE,1.0046023,0.82151556,0.9652816,2,40
10,DE,1.0046023,0.82151556,0.9134945,6,999
10,DE,1.0046023,0.82151556,0.9266892,3,40
10,DE,1.0046023,0.82151556,0.46192226,6,50
10,DE,1.0046023,0.82151556,0.47940874,6,45
10,DE,1.0046023,0.82151556,0.5310751,3,40
10,DE,1.0046023,0.82151556,1.1803502,3,41
10,DE,1.0046023,0.82151556,0.5117041,4,35
10,DE,1.0046023,0.82151556,0.45728162,5,40
10,DE,1.0046023,0.82151556,0.63804144,6,45
10,DE,1.0046023,0.82151556,0.7460893,6,666
10,DE,1.0046023,0.82151556,0.7460893,3,999
10,DE,1.0046023,0.82151556,0.49020743,3,50
10,DE,1.0046023,0.82151556,1.1752414,5,20
10,DE,1.0046023,0.82151556,0.83030975,5,43
10,DE,1.0046023,0.82151556,0.77245545,6,10
10,DE,1.0046023,0.82151556,1.7413534,6,3
10,DE,1.0046023,0.82151556,0.5988232,3,42
10,DE,1.0046023,0.82151556,0.5310751,6,40
10,DE,1.0046023,0.82151556,0.40190277,5,39
10,DE,1.0046023,0.82151556,0.49000242,5,45
10,DE,1.0046023,0.82151556,0.64497447,6,15
10,DE,1.0046023,0.82151556,0.6962677,5,42
10,DE,1.0046023,0.82151556,0.64159423,4,23
10,DE,1.0046023,0.82151556,0.9142216,4,20
10,DE,1.0046023,0.82151556,0.50067854,5,41
10,DE,1.0046023,0.82151556,1.932818,6,8
10,DE,1.0046023,0.82151556,0.9488299,6,21
10,DE,1.0046023,0.82151556,0.72262585,3,40
10,DE,0.52648985,0.82151556,0.44183508,6,40
10,DE,1.0046023,0.82151556,0.49020743,6,666
10,DE,1.0046023,0.82151556,0.7481615,3,44
10,DE,1.0046023,0.82151556,0.73806393,6,38
10,DE,1.0046023,0.82151556,0.47232667,6,38
10,DE,1.0046023,0.82151556,0.72087276,4,43
10,DE,1.0046023,0.82151556,1.3138354,5,40
10,DE,1.0046023,0.82151556,0.4847319,6,8
10,DE,1.0046023,0.82151556,0.979639,4,40
10,DE,1.0046023,0.82151556,0.93492377,4,40
10,DE,1.0046023,0.82151556,1.9187179,4,24
10,DE,1.0046023,0.82151556,1.4979596,3,666
10,DE,1.0046023,0.82151556,1.6050462,6,9
10,DE,1.0046023,0.82151556,0.979639,3,35
10,DE,1.0046023,0.82151556,0.5206894,4,38
10,DE,1.0046023,0.82151556,0.51271206,2,40
10,DE,1.0046023,0.82151556,0.46192226,7,55
10,DE,1.0046023,0.82151556,0.72087276,5,42
10,DE,1.0046023,0.82151556,0.45923847,3,40
10,DE,1.0046023,0.82151556,1.2683845,5,45
10,DE,1.0046023,0.82151556,0.6644449,3,48
10,DE,1.0046023,0.82151556,0.5988232,4,999
10,DE,1.0046023,0.82151556,0.47232667,6,50
10,DE,1.0046023,0.82151556,0.6644449,3,19
10,DE,1.0046023,0.82151556,0.7641459,2,999
10,DE,1.0046023,0.82151556,1.4508483,6,666
10,DE,1.0046023,0.82151556,0.49497455,4,40
10,DE,1.0046023,0.82151556,0.7481615,4,15
10,DE,1.0046023,0.82151556,0.8430712,4,46
10,DE,1.0046023,0.82151556,0.46958306,6,40
10,DE,1.0046023,0.82151556,0.49497455,4,25
10,DE,1.0046023,0.82151556,0.9625641,2,40
10,DE,1.0046023,0.82151556,0.979639,6,20
10,DE,1.0046023,0.82151556,0.5150917,6,43
10,DE,1.0046023,0.82151556,0.6962677,3,666
10,DE,1.0046023,0.82151556,1.4979596,6,6
10,DE,1.0046023,0.82151556,0.55434185,6,37
10,DE,1.0046023,0.82151556,0.8136785,6,45
10,DE,1.0046023,0.82151556,1.2683845,2,43
10,DE,1.0046023,0.82151556,0.69430506,6,40
10,DE,1.0046023,0.82151556,0.8406947,4,40
10,DE,1.0046023,0.82151556,0.5117041,5,45
10,DE,1.0046023,0.82151556,0.903398,1,60
10,DE,1.0046023,0.82151556,0.57999,4,5
10,DE,1.0046023,0.82151556,0.49020743,6,40
10,DE,1.0046023,0.82151556,0.95489913,6,40
10,DE,1.0046023,0.82151556,0.45923847,4,50
10,DE,1.0046023,0.82151556,1.4979596,5,666
10,DE,1.0046023,0.82151556,0.49497455,4,44
10,DE,1.0046023,0.82151556,0.4111214,6,41
10,DE,1.0046023,0.82151556,1.8864498,4,39
10,DE,1.0046023,0.82151556,1.183685,4,40
10,DE,1.0046023,0.82151556,0.5988232,4,28
10,DE,1.0046023,0.82151556,0.979639,4,40
10,DE,1.0046023,0.82151556,0.5483194,4,666
10,DE,1.0046023,0.82151556,0.79495275,6,10
10,DE,1.0046023,0.82151556,0.5588358,4,50
10,DE,1.0046023,0.82151556,0.71668595,5,60
10,DE,1.0046023,0.82151556,0.5004114,6,55
10,DE,1.0046023,0.82151556,0.71884096,2,8
10,DE,1.0046023,0.82151556,0.7481615,5,25
10,DE,1.0046023,0.82151556,1.1580179,4,45
10,DE,1.0046023,0.82151556,0.45462623,2,50
10,DE,1.0046023,0.82151556,0.8381757,4,999
10,DE,1.0046023,0.82151556,0.80175346,7,41
10,DE,1.0046023,0.82151556,0.39304996,3,50
10,DE,1.0046023,0.82151556,0.91332,4,40
10,DE,1.0046023,0.82151556,0.46192226,6,39
10,DE,1.0046023,0.82151556,0.87498605,4,60
10,DE,1.0046023,0.82151556,0.5842293,2,20
10,DE,1.0130444,0.82151556,0.8497406,6,999
10,DE,1.0046023,0.82151556,0.6053294,6,20
10,DE,1.0046023,0.82151556,0.57999,5,42
10,DE,1.0046023,0.82151556,0.9142216,4,40
10,DE,1.0046023,0.82151556,1.0910307,5,41
10,DE,1.0046023,0.82151556,0.8230453,6,40
10,DE,1.0046023,0.82151556,0.57999,6,45
10,DE,1.0046023,0.82151556,0.40699133,6,23
10,DE,1.0046023,0.82151556,0.73806393,7,41
10,DE,1.0046023,0.82151556,1.1580179,6,15
10,DE,1.0046023,0.82151556,0.6962677,3,13
10,DE,1.0046023,0.82151556,0.5588358,3,40
10,DE,1.0046023,0.82151556,0.9652816,6,999
10,DE,1.0046023,0.82151556,0.49497455,6,2
10,DE,1.0046023,0.82151556,0.7641459,2,24
10,DE,1.0046023,0.82151556,0.47940874,2,60
10,DE,1.0046023,0.82151556,0.6644449,4,20
10,DE,1.0046023,0.82151556,1.5960648,7,1
10,DE,1.0046023,0.82151556,0.7770785,3,40
10,DE,1.0046023,0.82151556,0.87498605,5,50
10,DE,1.0046023,0.82151556,0.5649073,4,666
10,DE,1.0046023,0.82151556,0.71668595,4,50
10,DE,1.0046023,0.82151556,2.7239027,5,999
10,DE,1.0046023,0.82151556,0.97917575,2,39
10,DE,1.0046023,0.82151556,0.979639,4,37
10,DE,1.0046023,0.82151556,0.59245354,99,999
10,DE,1.0046023,0.82151556,0.63804144,4,17
10,DE,1.0046023,0.82151556,0.9488299,3,20
10,DE,1.0046023,0.82151556,0.5649073,4,45
10,DE,1.0046023,0.82151556,0.5862924,5,42
10,DE,1.0046023,0.82151556,0.8430712,6,35
10,DE,1.0046023,0.82151556,0.5310751,4,35
10,DE,1.0046023,0.82151556,0.8230453,6,70
10,DE,1.0046023,0.82151556,1.2823155,3,40
10,DE,1.0046023,0.82151556,1.9187179,1,40
10,DE,1.0046023,0.82151556,0.8001355,5,40
10,DE,1.0046023,0.82151556,0.72087276,6,666
10,DE,1.0046023,0.82151556,0.903398,4,40
10,DE,1.0046023,0.82151556,0.9652816,4,40
10,DE,1.0046023,0.82151556,0.6053294,6,15
10,DE,1.0046023,0.82151556,0.7460893,4,6
10,DE,1.0046023,0.82151556,0.5988232,5,41
10,DE,1.0046023,0.82151556,1.158508,3,39
10,DE,1.0046023,0.82151556,0.49497455,5,35
10,DE,1.0046023,0.82151556,1.2284942,7,8
10,DE,1.0046023,0.82151556,0.49000242,5,8
10,DE,1.0046023,0.82151556,0.77245545,4,39
10,DE,1.0046023,0.82151556,0.69430506,3,999
10,DE,1.0046023,0.82151556,0.77245545,5,24
10,DE,1.0046023,0.82151556,0.4709951,6,55
10,DE,1.0046023,0.82151556,1.2683845,4,40
10,DE,1.0046023,0.82151556,0.7770785,5,48
10,DE,1.0046023,0.82151556,0.6644449,3,40
10,DE,1.0046023,0.82151556,0.979639,3,30
10,DE,1.0046023,0.82151556,0.59245354,3,38
10,DE,1.0046023,0.82151556,0.99039847,6,40
10,DE,1.0046023,0.82151556,0.72087276,6,40
10,DE,1.0046023,0.82151556,0.50612396,5,40
10,DE,1.0046023,0.82151556,0.84265924,4,30
10,DE,0.52648985,0.82151556,0.23965122,5,45
10,DE,1.0046023,0.82151556,0.6053294,4,50
10,DE,1.0046023,0.82151556,0.5588358,6,30
10,DE,1.0046023,0.82151556,0.4214874,6,40
10,DE,1.0046023,0.82151556,0.95489913,5,40
10,DE,1.0046023,0.82151556,0.5117041,6,60
10,DE,1.0046023,0.82151556,0.77245545,6,42
10,DE,1.0046023,0.82151556,0.49020743,5,8
10,DE,1.0046023,0.82151556,0.7641459,4,30
10,DE,1.0046023,0.82151556,0.49000242,5,20
10,DE,1.0046023,0.82151556,0.47940874,2,41
10,DE,1.0046023,0.82151556,0.95489913,4,41
10,DE,1.0046023,0.82151556,1.183685,6,38
10,DE,1.0046023,0.82151556,1.2683845,2,37
10,DE,1.0046023,0.82151556,1.6050462,6,2
10,DE,1.0046023,0.82151556,0.8430712,5,39
10,DE,1.0046023,0.82151556,0.9691014,4,40
10,DE,1.0046023,0.82151556,0.77245545,4,999
10,DE,1.0046023,0.82151556,0.8430712,4,999
10,DE,1.0046023,0.82151556,0.51271206,4,50
10,DE,1.0046023,0.82151556,0.9652816,7,40
10,DE,1.0046023,0.82151556,0.72262585,99,999
10,DE,1.0046023,0.82151556,0.87498605,2,25
10,DE,1.0046023,0.82151556,0.61339086,6,999
10,DE,1.0046023,0.82151556,0.83030975,6,999
10,DE,1.0046023,0.82151556,1.39793,3,39
10,DE,1.0046023,0.82151556,0.7460893,4,16
10,DE,1.0046023,0.82151556,2.1604648,4,999
10,DE,1.0046023,0.82151556,0.9488299,5,38
10,DE,1.0046023,0.82151556,0.5087317,4,40
10,DE,0.57532686,0.82151556,0.26453874,2,60
10,DE,1.0046023,0.82151556,0.99039847,6,42
10,DE,1.0046023,0.82151556,0.90082294,4,45
10,DE,1.0046023,0.82151556,0.47232667,4,50
10,DE,1.0046023,0.82151556,0.49497455,3,35
10,DE,1.0046023,0.82151556,0.72087276,3,25
10,DE,1.0046023,0.82151556,0.750353,4,40
10,DE,1.0046023,0.82151556,1.2683845,4,37
10,DE,1.0046023,0.82151556,0.5862924,5,21
10,DE,1.0046023,0.82151556,0.71884096,5,25
10,DE,1.0046023,0.82151556,0.47940874,4,999
10,DE,1.0046023,0.82151556,0.93492377,4,45
10,DE,1.0046023,0.82151556,0.72262585,6,666
10,DE,1.0046023,0.82151556,0.4559926,7,24
10,DE,1.0046023,0.82151556,0.83724916,1,40
10,DE,1.0046023,0.82151556,1.158508,4,40
10,DE,1.0046023,0.82151556,0.7481615,4,35
10,DE,1.0046023,0.82151556,0.57999,5,40
10,DE,1.0046023,0.82151556,0.83030975,4,52
10,DE,1.0046023,0.82151556,0.6644449,6,34
10,DE,1.0046023,0.82151556,1.4818469,2,9
10,DE,1.0046023,0.82151556,0.9652816,6,999
10,DE,1.0046023,0.82151556,0.7460893,4,40
10,DE,1.0046023,0.82151556,0.979639,5,40
10,DE,1.0046023,0.82151556,0.5483194,6,42
10,DE,1.0046023,0.82151556,0.7665104,5,45
10,DE,1.0046023,0.82151556,0.46192226,6,42
10,DE,1.0046023,0.82151556,0.5310751,3,39
10,DE,1.0046023,0.82151556,0.59238154,5,45
10,DE,1.0046023,0.82151556,0.4709951,4,52
10,DE,1.0046023,0.82151556,0.9142216,6,30
10,DE,1.0046023,0.82151556,0.5117041,6,42
10,DE,1.0046023,0.82151556,0.47164983,3,20
10,DE,1.0046023,0.82151556,0.45923847,4,50
10,DE,1.0046023,0.82151556,0.6054002,3,999
10,DE,1.0046023,0.82151556,0.5988232,5,39
10,DE,1.0046023,0.82151556,0.93492377,4,45
10,DE,1.0046023,0.82151556,0.6196944,2,24
10,DE,1.0046023,0.82151556,1.183685,6,40
10,DE,1.0046023,0.82151556,0.6644449,5,15
10,DE,1.0046023,0.82151556,0.9625641,3,999
10,DE,1.0046023,0.82151556,2.0816622,3,999
10,DE,1.0046023,0.82151556,0.8823152,6,30
10,DE,1.0046023,0.82151556,0.47940874,4,42
10,DE,1.0046023,0.82151556,0.63804144,5,24
10,DE,1.0046023,0.82151556,0.7770785,4,40
10,DE,1.0046023,0.82151556,0.903398,4,56
10,DE,1.0046023,0.82151556,2.1604648,1,9
10,DE,1.0046023,0.82151556,0.9142216,4,25
10,DE,1.0046023,0.82151556,0.49497455,6,45
10,DE,1.0046023,0.82151556,1.2284942,2,50
10,DE,1.0046023,0.82151556,0.59238154,4,50
10,DE,1.0046023,0.82151556,0.87498605,4,40
10,DE,1.0046023,0.82151556,0.47232667,6,42
10,DE,1.0046023,0.82151556,0.5117041,6,999
10,DE,1.0046023,0.82151556,0.7481615,4,30
10,DE,1.0046023,0.82151556,0.9142216,7,999
10,DE,1.0046023,0.82151556,1.183685,6,45
10,DE,1.0046023,0.82151556,0.87498605,2,40
10,DE,1.0046023,0.82151556,0.77245545,5,5
10,DE,1.0046023,0.82151556,0.87498605,6,40
10,DE,1.0046023,0.82151556,1.1752414,6,38
10,DE,1.0046023,0.82151556,0.49020743,5,48
10,DE,1.0046023,0.82151556,1.2547408,4,38
10,DE,1.0046023,0.82151556,0.46062,4,35
10,DE,1.0046023,0.82151556,0.5310751,6,40
10,DE,1.0130444,0.82151556,0.5250639,5,30
10,DE,1.0046023,0.82151556,0.72087276,6,28
10,DE,1.0046023,0.82151556,1.183685,6,50
10,DE,1.0046023,0.82151556,0.5572606,6,60
10,DE,1.0046023,0.82151556,0.7460893,6,40
10,DE,1.0046023,0.82151556,0.5988232,6,40
10,DE,1.0046023,0.82151556,2.1604648,3,999
10,DE,1.0046023,0.82151556,0.5483194,4,43
10,DE,1.0046023,0.82151556,0.9652816,4,41
10,DE,1.0046023,0.82151556,0.5102619,4,50
10,DE,1.0046023,0.82151556,0.5842293,5,30
10,DE,1.0046023,0.82151556,0.78093904,6,32
10,DE,1.0046023,0.82151556,0.7460893,6,28
10,DE,1.0046023,0.82151556,0.72087276,4,35
10,DE,1.0046023,0.82151556,0.40699133,5,24
10,DE,1.0046023,0.82151556,2.8123481,7,0
10,DE,1.0046023,0.82151556,0.9488299,4,40
10,DE,0.52648985,0.82151556,0.44183508,4,39
10,DE,1.0046023,0.82151556,0.72087276,3,30
10,DE,1.0046023,0.82151556,0.45728162,6,666
10,DE,1.0046023,0.82151556,1.5516373,4,40
10,DE,1.0046023,0.82151556,0.50612396,3,44
10,DE,1.0046023,0.82151556,1.27181,3,40
10,DE,1.0046023,0.82151556,2.0122206,2,36
10,DE,1.0046023,0.82151556,0.7641459,6,40
10,DE,1.0046023,0.82151556,0.979639,4,23
10,DE,1.0046023,0.82151556,0.89558655,5,38
10,DE,1.0046023,0.82151556,0.93492377,7,56
10,DE,1.0046023,0.82151556,0.50278074,5,38
10,DE,1.0046023,0.82151556,0.40699133,5,999
10,DE,1.0046023,0.82151556,0.72087276,4,40
10,DE,1.0046023,0.82151556,0.46192226,6,38
10,DE,1.0046023,0.82151556,0.52426046,3,50
10,DE,1.0046023,0.82151556,0.77245545,6,50
10,DE,1.0046023,0.82151556,0.4745927,6,45
10,DE,1.0046023,0.82151556,0.64497447,1,25
10,DE,1.0046023,0.82151556,0.5988184,7,68
10,DE,1.0046023,0.82151556,0.50612396,4,30
10,DE,1.0046023,0.82151556,0.9142216,6,19
10,DE,1.0046023,0.82151556,1.4818469,4,3
10,DE,1.0046023,0.82151556,0.7481615,6,40
10,DE,1.0046023,0.82151556,0.49737647,4,40
10,DE,1.0046023,0.82151556,0.50278074,6,25
10,DE,1.0046023,0.82151556,0.8230453,4,30
10,DE,1.0046023,0.82151556,0.49000242,7,38
10,DE,1.0046023,0.82151556,0.8230453,6,38
10,DE,1.0046023,0.82151556,0.78093904,3,32
10,DE,1.0046023,0.82151556,0.8136785,4,0
10,DE,1.0046023,0.82151556,0.72087276,4,666
10,DE,1.0046023,0.82151556,0.77245545,4,38
10,DE,1.0046023,0.82151556,1.4873999,3,45
10,DE,1.0046023,0.82151556,0.5853512,6,60
10,DE,1.0046023,0.82151556,0.8230453,4,38
10,DE,1.0046023,0.82151556,0.9652816,5,38
10,DE,1.0046023,0.82151556,0.5988184,4,4
10,DE,1.0046023,0.82151556,0.8430712,6,40
10,DE,0.52648985,0.82151556,0.44183508,1,42
10,DE,1.0046023,0.82151556,0.5649073,6,45
10,DE,1.0046023,0.82151556,0.5572606,6,46
10,DE,1.0046023,0.82151556,2.0816622,4,999
10,DE,1.0046023,0.82151556,0.9142216,6,20
10,DE,1.0046023,0.82151556,1.8725573,99,999
10,DE,1.0046023,0.82151556,0.8430712,5,40
10,DE,1.0046023,0.82151556,0.83330923,6,42
10,DE,1.0046023,0.82151556,0.5483194,3,34
10,DE,1.0046023,0.82151556,1.9489388,4,999
10,DE,1.0046023,0.82151556,0.46192226,4,40
10,DE,1.0046023,0.82151556,0.54857755,3,45
10,DE,1.0046023,0.82151556,0.43535438,3,45
10,DE,1.0046023,0.82151556,2.2066238,7,4
10,DE,1.0046023,0.82151556,1.4508483,4,999
10,DE,1.0046023,0.82151556,0.7481615,4,25
10,DE,1.0046023,0.82151556,0.5588358,4,9
10,DE,1.0046023,0.82151556,0.5102619,3,25
10,DE,1.0046023,0.82151556,0.77245545,4,20
10,DE,1.0046023,0.82151556,0.9142216,2,29
10,DE,1.0046023,0.82151556,0.903398,3,50
10,DE,1.0046023,0.82151556,1.1752414,4,40
10,DE,1.0046023,0.82151556,1.2683845,6,50
10,DE,1.0046023,0.82151556,0.7460893,4,25
10,DE,1.0046023,0.82151556,2.0224733,6,666
10,DE,1.0046023,0.82151556,0.45728162,7,34
10,DE,1.0046023,0.82151556,0.49020743,6,50
10,DE,1.0046023,0.82151556,0.77245545,2,48
10,DE,1.0046023,0.82151556,0.8430712,2,666
10,DE,1.0046023,0.82151556,0.5555892,3,39
10,DE,1.0046023,0.82151556,0.7665104,4,47
10,DE,1.0046023,0.82151556,0.77245545,3,999
10,DE,1.0046023,0.82151556,1.4508483,5,666
10,DE,1.0046023,0.82151556,0.611978,5,40
10,DE,1.0046023,0.82151556,0.9116449,4,35
10,DE,1.0046023,0.82151556,0.57999,4,40
10,DE,1.0046023,0.82151556,0.6962677,5,999
10,DE,1.0046023,0.82151556,0.50612396,6,38
10,DE,1.0046023,0.82151556,0.7481615,4,41
10,DE,1.0046023,0.82151556,0.42576477,4,41
10,DE,1.0046023,0.82151556,0.83030975,5,44
10,DE,1.0046023,0.82151556,1.2284942,6,40
10,DE,1.0046023,0.82151556,0.9142216,5,3
10,DE,1.0046023,0.82151556,0.77245545,7,24
10,DE,1.0046023,0.82151556,0.49020743,5,30
10,DE,1.0046023,0.82151556,0.5206894,5,34
10,DE,1.0046023,0.82151556,0.4709951,5,8
10,DE,1.0046023,0.82151556,1.2284942,5,999
10,DE,1.0046023,0.82151556,0.47940874,4,41
10,DE,1.0046023,0.82151556,0.5633152,4,32
10,DE,1.0046023,0.82151556,0.57999,4,45
10,DE,1.0046023,0.82151556,0.9116449,6,16
10,DE,1.0046023,0.82151556,0.72087276,4,30
10,DE,1.0046023,0.82151556,0.71668595,3,999
10,DE,1.0046023,0.82151556,0.5938056,5,50
10,DE,1.0046023,0.82151556,0.42576477,4,10
10,DE,1.0046023,0.82151556,0.8936806,6,40
10,DE,1.0046023,0.82151556,1.183685,4,45
10,DE,1.0046023,0.82151556,0.9652816,6,43
10,DE,1.0046023,0.82151556,0.7481615,6,666
10,DE,1.0046023,0.82151556,0.8406947,6,8
10,DE,1.0046023,0.82151556,0.45542914,4,39
10,DE,1.0046023,0.82151556,0.48965093,3,50
10,DE,1.0046023,0.82151556,1.6713306,4,39
10,DE,1.0046023,0.82151556,0.5117041,3,8
10,DE,1.0046023,0.82151556,0.7081602,2,50
10,DE,1.0046023,0.82151556,1.730858,5,54
10,DE,1.0046023,0.82151556,0.42576477,3,38
10,DE,1.0046023,0.82151556,0.53649414,2,666
10,DE,1.0046023,0.82151556,0.4111214,4,50
10,DE,1.0046023,0.82151556,0.5988232,3,999
10,DE,1.0046023,0.82151556,0.5988232,4,40
10,DE,1.0046023,0.82151556,0.9357701,4,45
10,DE,1.0046023,0.82151556,0.7641459,6,30
10,DE,1.0046023,0.82151556,0.5206894,6,25
10,DE,1.0046023,0.82151556,0.71884096,6,18
10,DE,1.0046023,0.82151556,0.47940874,5,45
10,DE,1.0046023,0.82151556,1.2284942,2,8
10,DE,1.0046023,0.82151556,0.6644449,4,10
10,DE,1.0046023,0.82151556,0.8430712,5,8
10,DE,1.0046023,0.82151556,0.5220938,5,30
10,DE,1.0046023,0.82151556,0.42576477,6,45
10,DE,1.0046023,0.82151556,0.5273934,5,60
10,DE,1.0046023,0.82151556,0.46958306,3,40
10,DE,1.0046023,0.82151556,1.2683845,3,40
10,DE,1.0046023,0.82151556,0.47164983,5,20
10,DE,1.0046023,0.82151556,0.71884096,5,666
10,DE,1.0046023,0.82151556,0.77245545,4,25
10,DE,1.0046023,0.82151556,0.49000242,5,23
10,DE,1.0046023,0.82151556,0.50278074,5,35
10,DE,1.0046023,0.82151556,0.49497455,6,40
10,DE,1.0046023,0.82151556,1.2683845,3,40
10,DE,1.0046023,0.82151556,0.5555892,4,40
10,DE,1.0046023,0.82151556,0.6962677,6,40
10,DE,1.0046023,0.82151556,2.0816622,4,40
10,DE,1.0046023,0.82151556,0.98593336,5,40
10,DE,1.0046023,0.82151556,0.6962677,4,40
10,DE,1.0130444,0.82151556,0.49913538,6,40
10,DE,1.0046023,0.82151556,2.8123481,4,11
10,DE,1.0046023,0.82151556,2.376706,7,999
10,DE,1.0046023,0.82151556,0.47940874,4,45
10,DE,1.0046023,0.82151556,0.4111214,4,40
10,DE,1.0046023,0.82151556,1.4508483,4,50
10,DE,1.0046023,0.82151556,0.77245545,5,40
10,DE,1.0046023,0.82151556,0.5150917,4,40
10,DE,1.0046023,0.82151556,0.5588358,6,53
10,DE,1.0046023,0.82151556,0.72262585,6,999
10,DE,1.0046023,0.82151556,0.5117041,4,999
10,DE,1.0046023,0.82151556,1.0910307,6,45
10,DE,1.0046023,0.82151556,0.49000242,7,35
10,DE,1.0046023,0.82151556,0.5862924,4,42
10,DE,1.0046023,0.82151556,0.8001355,5,999
10,DE,1.0046023,0.82151556,0.903398,4,50
10,DE,1.0046023,0.82151556,0.72087276,2,50
10,DE,1.0046023,0.82151556,0.6962677,3,8
10,DE,1.0046023,0.82151556,0.50612396,7,60
10,DE,0.52648985,0.82151556,0.44183508,2,45
10,DE,1.0130444,0.82151556,0.6038552,4,40
10,DE,1.0046023,0.82151556,0.7481615,2,999
10,DE,1.0046023,0.82151556,0.72262585,5,39
10,DE,1.0046023,0.82151556,0.5988232,3,45
10,DE,1.0046023,0.82151556,0.65610456,4,12
10,DE,1.0046023,0.82151556,0.83030975,6,39
10,DE,1.0046023,0.82151556,0.95489913,2,42
10,DE,1.0046023,0.82151556,0.5087317,6,42
10,DE,1.0046023,0.82151556,1.0910307,5,38
10,DE,1.0046023,0.82151556,0.9691014,6,10
10,DE,1.0046023,0.82151556,0.49000242,7,45
10,DE,1.0046023,0.82151556,0.8406947,5,999
10,DE,1.0046023,0.82151556,1.1580179,3,25
10,DE,1.0046023,0.82151556,1.183685,3,45
10,DE,1.0046023,0.82151556,0.51271206,4,45
10,DE,1.0046023,0.82151556,0.59245354,5,6
10,DE,1.0046023,0.82151556,0.64497447,5,39
10,DE,1.0046023,0.82151556,0.9652816,6,20
10,DE,1.0046023,0.82151556,0.6202814,6,50
10,DE,1.0046023,0.82151556,0.57999,6,50
10,DE,1.0046023,0.82151556,0.4847319,6,15
10,DE,1.0046023,0.82151556,0.5273934,4,40
10,DE,1.0046023,0.82151556,0.45923847,4,42
10,DE,1.0046023,0.82151556,0.87498605,7,999
10,DE,1.0046023,0.82151556,0.5649073,6,41
10,DE,1.0046023,0.82151556,0.47232667,6,41
10,DE,1.0046023,0.82151556,0.8230453,4,41
10,DE,1.0046023,0.82151556,0.47940874,7,40
10,DE,1.0046023,0.82151556,0.95489913,6,39
10,DE,1.0046023,0.82151556,0.7460893,5,999
10,DE,1.0046023,0.82151556,0.64497447,3,42
10,DE,1.0046023,0.82151556,1.3514551,3,45
10,DE,1.0046023,0.82151556,0.5310751,4,22
10,DE,1.0046023,0.82151556,0.49497455,6,999
10,DE,1.0046023,0.82151556,0.8430712,6,999
10,DE,1.0046023,0.82151556,0.47940874,4,45
10,DE,1.0046023,0.82151556,0.72262585,3,999
10,DE,1.0046023,0.82151556,0.45728162,5,41
10,DE,1.0046023,0.82151556,0.5004114,5,42
10,DE,1.0046023,0.82151556,0.9488299,4,39
10,DE,1.0046023,0.82151556,0.5588358,6,45
10,DE,1.0046023,0.82151556,0.72087276,3,35
10,DE,1.0046023,0.82151556,0.45728162,6,45
10,DE,1.0046023,0.82151556,0.4745927,5,999
10,DE,1.0046023,0.82151556,0.50278074,4,30
10,DE,1.0046023,0.82151556,0.56796795,4,48
10,DE,1.0046023,0.82151556,0.5988232,3,37
10,DE,1.0046023,0.82151556,1.028501,4,45
10,DE,1.0046023,0.82151556,1.2284942,7,40
10,DE,1.0046023,0.82151556,0.6053294,2,30
10,DE,1.0046023,0.82151556,1.1415293,7,40
10,DE,1.0046023,0.82151556,0.6644449,3,666
10,DE,1.0046023,0.82151556,0.7481615,2,999
10,DE,1.0046023,0.82151556,0.5794707,6,37
10,DE,1.0046023,0.82151556,0.7481615,4,10
10,DE,1.0046023,0.82151556,0.42576477,5,45
10,DE,1.0046023,0.82151556,0.5649073,5,36
10,DE,1.0046023,0.82151556,0.8430712,3,40
10,DE,1.0046023,0.82151556,0.750353,99,999
10,DE,1.0046023,0.82151556,0.49000242,4,16
10,DE,1.0046023,0.82151556,0.5842293,2,60
10,DE,1.0046023,0.82151556,0.48965093,2,50
10,DE,1.0046023,0.82151556,0.46192226,6,35
10,DE,1.0046023,0.82151556,0.77245545,2,999
10,DE,1.0046023,0.82151556,0.91332,5,30
10,DE,1.0046023,0.82151556,1.39793,7,999
10,DE,1.0046023,0.82151556,0.777911,6,44
10,DE,1.0046023,0.82151556,0.49497455,5,37
10,DE,1.0046023,0.82151556,0.5878406,4,42
10,DE,1.0046023,0.82151556,1.8072726,6,666
10,DE,1.0046023,0.82151556,0.8406947,4,50
10,DE,1.0046023,0.82151556,0.903398,4,40
10,DE,1.0046023,0.82151556,0.89558655,7,50
10,DE,1.0046023,0.82151556,0.77245545,3,40
10,DE,1.0046023,0.82151556,0.95489913,5,40
10,DE,1.0046023,0.82151556,0.903398,6,8
10,DE,1.0046023,0.82151556,0.87498605,6,15
10,DE,1.0046023,0.82151556,0.5117041,4,50
10,DE,1.0046023,0.82151556,0.5862924,5,41
10,DE,1.0046023,0.82151556,0.5273934,2,60
10,DE,1.0046023,0.82151556,0.5424216,4,43
10,DE,1.0046023,0.82151556,0.46062,5,50
10,DE,1.0046023,0.82151556,0.6962677,6,55
10,DE,1.0046023,0.82151556,0.9488299,6,10
10,DE,1.0046023,0.82151556,1.1768091,3,40
10,DE,1.0046023,0.82151556,0.42576477,4,50
10,DE,1.0046023,0.82151556,0.979639,6,1
10,DE,1.0046023,0.82151556,0.5862924,7,25
10,DE,1.0046023,0.82151556,0.4745927,6,999
10,DE,1.0046023,0.82151556,0.48965093,7,40
10,DE,1.0046023,0.82151556,0.72087276,3,25
10,DE,1.0046023,0.82151556,1.4818469,5,999
10,DE,1.0046023,0.82151556,0.72262585,6,50
10,DE,1.0046023,0.82151556,0.5988232,6,50
10,DE,1.0046023,0.82151556,0.7481615,6,44
10,DE,1.0046023,0.82151556,1.0683459,3,42
10,DE,1.0046023,0.82151556,0.99039847,3,37
10,DE,1.0046023,0.82151556,0.57999,4,32
10,DE,1.0046023,0.82151556,2.0757954,4,666
10,DE,1.0046023,0.82151556,0.47940874,5,40
10,DE,1.0046023,0.82151556,0.5988184,5,33
10,DE,1.0046023,0.82151556,0.46192226,4,45
10,DE,1.0046023,0.82151556,0.42576477,2,47
10,DE,1.0046023,0.82151556,0.5616258,6,45
10,DE,1.0046023,0.82151556,0.8936806,2,999
10,DE,1.0046023,0.82151556,0.47232667,6,46
10,DE,1.0046023,0.82151556,0.47940874,6,36
10,DE,1.0046023,0.82151556,2.2066238,2,8
10,DE,1.0046023,0.82151556,1.4508483,7,999
10,DE,1.0046023,0.82151556,1.2284942,6,60
10,DE,1.0046023,0.82151556,0.9142216,4,25
10,DE,1.0046023,0.82151556,0.750353,2,999
10,DE,1.0046023,0.82151556,0.5483194,7,30
10,DE,1.0046023,0.82151556,0.6962677,6,40
10,DE,1.0046023,0.82151556,0.6054002,5,45
10,DE,1.0046023,0.82151556,0.71668595,3,30
10,DE,1.0046023,0.82151556,0.6962677,6,40
10,DE,1.0046023,0.82151556,0.5310751,4,48
10,DE,1.0046023,0.82151556,0.9266892,5,40
10,DE,1.0046023,0.82151556,0.8936806,4,10
10,DE,1.0046023,0.82151556,0.9142216,6,9
10,DE,1.0046023,0.82151556,0.99039847,2,46
10,DE,1.0046023,0.82151556,0.80175346,99,999
10,DE,1.0046023,0.82151556,0.6053294,5,39
10,DE,1.0046023,0.82151556,1.8072726,5,666
10,DE,1.0046023,0.82151556,0.7481615,3,28
10,DE,1.0046023,0.82151556,2.0122206,4,666
10,DE,1.0046023,0.82151556,0.6053294,7,40
10,DE,1.0046023,0.82151556,0.8430712,2,37
10,DE,1.0046023,0.82151556,0.979639,5,24
10,DE,1.0046023,0.82151556,0.50756145,5,25
10,DE,1.0046023,0.82151556,0.5102619,4,39
10,DE,1.0046023,0.82151556,0.80175346,6,40
10,DE,1.0046023,0.82151556,0.51168334,6,30
10,DE,1.0046023,0.82151556,0.5004114,7,999
10,DE,1.0046023,0.82151556,0.9691014,6,30
10,DE,1.0046023,0.82151556,0.64176625,5,49
10,DE,1.0046023,0.82151556,0.4745927,6,45
10,DE,1.0046023,0.82151556,0.64159423,4,50
10,DE,1.0046023,0.82151556,0.903398,6,60
10,DE,1.0046023,0.82151556,1.5960648,5,666
10,DE,1.0046023,0.82151556,0.49737647,3,50
10,DE,1.0046023,0.82151556,0.95489913,5,15
10,DE,1.0046023,0.82151556,0.87498605,2,45
10,DE,1.0046023,0.82151556,0.65610456,7,999
10,DE,1.0046023,0.82151556,0.47940874,3,35
10,DE,1.0046023,0.82151556,0.54857755,5,45
10,DE,1.0046023,0.82151556,0.979639,6,18
10,DE,1.0046023,0.82151556,0.8936806,4,42
10,DE,1.0046023,0.82151556,0.43535438,5,41
10,DE,1.0046023,0.82151556,0.45923847,3,666
10,DE,1.0046023,0.82151556,0.93492377,7,9
10,DE,1.0046023,0.82151556,1.0618118,4,40
10,DE,1.0046023,0.82151556,0.49000242,4,39
10,DE,1.0046023,0.82151556,0.57999,5,40
10,DE,1.0046023,0.82151556,0.5310751,3,42
10,DE,1.0046023,0.82151556,0.979639,4,20
10,DE,1.0046023,0.82151556,0.5392715,4,35
10,DE,1.0046023,0.82151556,0.72087276,1,27
10,DE,1.0046023,0.82151556,1.1803502,6,25
10,DE,1.0046023,0.82151556,0.7460893,3,45
10,DE,1.0046023,0.82151556,0.4214874,5,40
10,DE,1.0046023,0.82151556,0.4847319,4,42
10,DE,1.0130444,0.82151556,0.4941204,4,5
10,DE,1.0046023,0.82151556,0.57999,4,43
10,DE,1.0046023,0.82151556,0.5310751,5,38
10,DE,1.0046023,0.82151556,0.49000242,6,50
10,DE,1.0046023,0.82151556,0.90082294,6,40
10,DE,1.0046023,0.82151556,0.7158557,4,50
10,DE,1.0046023,0.82151556,0.64176625,6,666
10,DE,1.0046023,0.82151556,0.91332,4,40
10,DE,1.0046023,0.82151556,0.90082294,7,40
10,DE,1.0046023,0.82151556,0.9998724,6,50
10,DE,1.0046023,0.82151556,0.45728162,6,19
10,DE,1.0046023,0.82151556,2.2306173,7,38
10,DE,1.0046023,0.82151556,0.4709951,5,35
10,DE,1.0046023,0.82151556,0.7481615,6,30
10,DE,1.0046023,0.82151556,0.49497455,6,27
10,DE,1.0046023,0.82151556,0.72087276,4,42
10,DE,1.0046023,0.82151556,0.4214874,4,35
10,DE,1.0046023,0.82151556,0.903398,2,8
10,DE,1.0046023,0.82151556,0.5150917,5,50
10,DE,1.0046023,0.82151556,0.47940874,5,50
10,DE,1.0046023,0.82151556,0.64497447,5,8
10,DE,1.0046023,0.82151556,0.77245545,7,999
10,DE,1.0046023,0.82151556,0.5483194,5,50
10,DE,1.0046023,0.82151556,1.2683845,3,8
10,DE,1.0046023,0.82151556,0.9142216,6,27
10,DE,1.0046023,0.82151556,0.80676556,6,36
10,DE,1.0046023,0.82151556,0.5862924,6,8
10,DE,1.0046023,0.82151556,0.9652816,99,999
10,DE,1.0046023,0.82151556,0.90082294,6,40
10,DE,1.0046023,0.82151556,0.72262585,4,12
10,DE,1.0046023,0.82151556,1.2284942,4,60
10,DE,1.0046023,0.82151556,0.93492377,6,45
10,DE,1.0046023,0.82151556,0.49020743,7,50
10,DE,1.0046023,0.82151556,0.5273934,4,42
10,DE,1.0046023,0.82151556,0.9652816,6,17
10,DE,1.0046023,0.82151556,0.77245545,5,45
10,DE,1.0046023,0.82151556,0.6578015,6,999
10,DE,1.0046023,0.82151556,0.903398,4,40
10,DE,1.0046023,0.82151556,0.5572606,6,47
10,DE,1.0046023,0.82151556,0.9116449,4,43
10,DE,1.0046023,0.82151556,0.5424216,5,999
10,DE,1.0046023,0.82151556,0.750353,6,50
10,DE,1.0046023,0.82151556,0.65610456,4,30
10,DE,1.0046023,0.82151556,0.5878406,6,32
10,DE,1.0046023,0.82151556,0.99039847,4,40
10,DE,1.0046023,0.82151556,0.48965093,6,44
10,DE,1.0046023,0.82151556,0.46062,3,48
10,DE,1.0046023,0.82151556,1.3514551,6,42
10,DE,1.0046023,0.82151556,0.93492377,5,40
10,DE,1.0046023,0.82151556,0.93492377,2,999
10,DE,1.0046023,0.82151556,0.6962677,4,25
10,DE,1.0046023,0.82151556,0.5988184,4,30
10,DE,1.0046023,0.82151556,0.6644449,4,30
10,DE,1.0046023,0.82151556,0.72087276,7,0
10,DE,1.0046023,0.82151556,0.64176625,6,40
10,DE,1.0046023,0.82151556,0.903398,4,35
10,DE,1.0046023,0.82151556,0.6053294,6,25
10,DE,1.0046023,0.82151556,0.59238154,1,40
10,DE,1.0046023,0.82151556,0.5483194,6,8
10,DE,1.0046023,0.82151556,0.9652816,99,999
10,DE,1.0046023,0.82151556,0.40190277,6,35
10,DE,1.0046023,0.82151556,0.53649414,4,12
10,DE,1.0046023,0.82151556,1.4979596,6,39
10,DE,1.0046023,0.82151556,0.979639,2,999
10,DE,1.0046023,0.82151556,0.9998724,6,42
10,DE,1.0046023,0.82151556,0.48965093,6,45
10,DE,1.0046023,0.82151556,0.903398,5,999
10,DE,1.0046023,0.82151556,0.64176625,5,35
10,DE,1.0046023,0.82151556,0.97588414,6,8
10,DE,1.0046023,0.82151556,1.7312369,7,7
10,DE,1.0046023,0.82151556,0.73806393,6,40
10,DE,1.0046023,0.82151556,1.4508483,6,666
10,DE,1.0046023,0.82151556,0.49497455,5,666
10,DE,1.0046023,0.82151556,0.42576477,4,42
10,DE,1.0046023,0.82151556,0.7183895,6,50
10,DE,1.0046023,0.82151556,0.45728162,6,44
10,DE,1.0046023,0.82151556,0.6578015,2,999
10,DE,1.0046023,0.82151556,0.63804144,5,60
10,DE,1.0046023,0.82151556,1.0147438,3,37
10,DE,1.0046023,0.82151556,0.9625641,2,7
10,DE,1.0046023,0.82151556,0.46062,3,44
10,DE,1.0046023,0.82151556,0.49737647,99,40
10,DE,1.0046023,0.82151556,0.49497455,4,40
10,DE,1.0046023,0.82151556,0.5616258,5,39
10,DE,1.0046023,0.82151556,0.64176625,4,40
10,DE,1.0046023,0.82151556,0.47940874,4,9
10,DE,1.0046023,0.82151556,0.8430712,1,40
10,DE,1.0046023,0.82151556,0.47940874,6,8
10,DE,1.0046023,0.82151556,0.49737647,5,55
10,DE,1.0046023,0.82151556,0.47940874,6,63
10,DE,1.0046023,0.82151556,2.0816622,6,40
10,DE,1.0046023,0.82151556,0.47164983,2,40
10,DE,1.0046023,0.82151556,1.4979596,5,20
10,DE,1.0046023,0.82151556,0.46192226,6,50
10,DE,1.0046023,0.82151556,0.45923847,3,48
10,DE,1.0046023,0.82151556,1.4979596,4,1
10,DE,1.0046023,0.82151556,1.5144126,4,666
10,DE,1.0046023,0.82151556,0.7460893,6,35
10,DE,1.0046023,0.82151556,0.5220938,6,50
10,DE,1.0046023,0.82151556,0.5938056,3,666
10,DE,1.0046023,0.82151556,0.5862924,4,50
10,DE,1.0046023,0.82151556,2.2306173,6,8
10,DE,1.0046023,0.82151556,0.42576477,3,38
10,DE,1.0046023,0.82151556,0.5087317,6,45
10,DE,1.0046023,0.82151556,0.903398,5,35
10,DE,1.0046023,0.82151556,0.49000242,6,40
10,DE,1.0046023,0.82151556,0.50756145,4,40
10,DE,1.0046023,0.82151556,0.79495275,6,11
10,DE,1.0046023,0.82151556,0.7460893,4,41
10,DE,1.0046023,0.82151556,0.5588358,5,45
10,DE,1.0046023,0.82151556,0.84265924,4,37
10,DE,1.0046023,0.82151556,0.57999,4,40
10,DE,1.0046023,0.82151556,0.73806393,5,39
10,DE,1.0046023,0.82151556,0.42576477,2,12
10,ES,1.0785383,1.7800868,1.8893908,7,666
10,ES,0.97262067,1.7800868,1.3356905,6,44
10,ES,0.9705085,1.7800868,2.1392782,2,40
10,ES,1.0785383,1.7800868,1.5901458,4,42
10,ES,2.0242372,1.7800868,2.6481555,7,35
10,ES,1.026673,1.7800868,2.2155406,4,999
10,ES,0.9639975,1.7800868,2.1249256,1,999
10,ES,0.92603606,1.7800868,1.5181577,7,60
10,ES,0.98729986,1.7800868,2.0811536,6,20
10,ES,0.97262067,1.7800868,1.1450342,4,40
10,ES,1.1076299,1.7800868,2.004572,7,42
10,ES,0.97262067,1.7800868,1.1450342,4,43
10,ES,0.8522979,1.7800868,1.3765745,7,40
10,ES,1.0123433,1.7800868,1.9430717,7,40
10,ES,1.004664,1.7800868,2.1782625,3,38
10,ES,0.97272545,1.7800868,2.0066006,3,60
10,ES,1.0021169,1.7800868,1.4151803,7,32
10,ES,0.97272545,1.7800868,1.2764746,4,50
10,ES,0.9399285,1.7800868,1.5683826,6,45
10,ES,0.98619825,1.7800868,1.3786163,6,999
10,ES,1.1361407,1.7800868,2.4633245,5,40
10,ES,0.9568306,1.7800868,1.6401298,3,40
10,ES,0.93817866,1.7800868,1.8912684,5,40
10,ES,0.92603606,1.7800868,2.0077856,5,999
10,ES,0.9399285,1.7800868,1.3857858,5,10
10,ES,0.97272545,1.7800868,1.5189736,4,45
10,ES,0.9639975,1.7800868,1.3219024,5,40
10,ES,0.97262067,1.7800868,1.2703503,4,35
10,ES,0.97262067,1.7800868,2.0988965,7,999
10,ES,0.97272545,1.7800868,2.0066006,3,40
10,ES,0.9705085,1.7800868,1.4848975,6,666
10,ES,1.0123433,1.7800868,1.8321234,5,999
10,ES,0.9981302,1.7800868,1.2650763,6,38
10,ES,0.96998346,1.7800868,2.5538647,4,40
10,ES,0.9639975,1.7800868,2.1249256,6,40
10,ES,0.98619825,1.7800868,2.173862,6,40
10,ES,0.91649073,1.7800868,1.9576577,6,666
10,ES,1.1361407,1.7800868,1.4580029,5,40
10,ES,1.0085056,1.7800868,2.0495954,4,10
10,ES,1.1634079,1.7800868,2.0658855,3,60
10,ES,0.9475041,1.7800868,0.9832279,7,40
10,ES,0.9948633,1.7800868,1.6657258,2,50
10,ES,0.97272545,1.7800868,1.3928047,6,44
10,ES,0.7514287,1.7800868,1.2856188,7,666
10,ES,0.9639975,1.7800868,1.792243,6,999
10,ES,0.97262067,1.7800868,2.1117315,7,30
10,ES,0.9705085,1.7800868,1.2266291,6,40
10,ES,0.92603606,1.7800868,1.4460655,6,50
10,ES,1.0262767,1.7800868,1.5950806,2,30
10,ES,1.0123433,1.7800868,1.5452833,3,45
10,ES,1.3257346,1.7800868,1.5215809,5,37
10,ES,0.94274276,1.7800868,1.5455475,4,40
10,ES,0.98231155,1.7800868,1.3070971,4,66
10,ES,0.9981302,1.7800868,1.0631106,4,999
10,ES,1.0785383,1.7800868,2.5213757,7,70
10,ES,0.98729986,1.7800868,2.1406147,6,35
10,ES,1.0883198,1.7800868,1.7891033,4,666
10,ES,0.98619825,1.7800868,2.284814,3,24
10,ES,0.97262067,1.7800868,2.0988965,4,666
10,ES,0.96998346,1.7800868,1.8033723,5,60
10,ES,0.96998346,1.7800868,1.3301108,6,35
10,ES,0.9948633,1.7800868,1.0362371,4,2
10,ES,0.9981302,1.7800868,1.03964,4,30
10,ES,0.97272545,1.7800868,1.9701523,7,666
10,ES,0.94274276,1.7800868,1.2371292,4,40
10,ES,1.0785383,1.7800868,1.5901458,5,39
10,ES,0.85240275,1.7800868,1.5763627,2,666
10,ES,1.0123433,1.7800868,1.9374081,4,40
10,ES,0.9705085,1.7800868,2.268827,7,8
10,ES,0.97262067,1.7800868,1.5870503,2,20
10,ES,0.97262067,1.7800868,1.9607,7,999
10,ES,0.9705085,1.7800868,2.2622137,6,45
10,ES,1.0105621,1.7800868,2.1781461,5,90
10,ES,0.97272545,1.7800868,2.1090147,6,25
10,ES,0.8522979,1.7800868,1.7006704,4,666
10,ES,0.9568306,1.7800868,2.0438251,7,30
10,ES,0.93817866,1.7800868,2.2796562,6,666
10,ES,0.94274276,1.7800868,1.9872305,5,40
10,ES,0.98729986,1.7800868,2.1406147,99,666
10,ES,0.97272545,1.7800868,1.5947019,2,56
10,ES,2.0242372,1.7800868,4.2669387,6,30
10,ES,0.97272545,1.7800868,1.2725425,2,30
10,ES,1.1667339,1.7800868,2.509419,5,37
10,ES,0.9639975,1.7800868,2.2536051,6,70
10,ES,0.97262067,1.7800868,1.5870503,5,43
10,ES,0.94274276,1.7800868,1.2371292,5,45
10,ES,0.97262067,1.7800868,1.5116863,6,37
10,ES,1.0262767,1.7800868,1.409376,2,40
10,ES,0.97272545,1.7800868,1.6924438,5,38
10,ES,1.0105621,1.7800868,1.5546846,5,40
10,ES,0.98619825,1.7800868,1.2464596,6,40
10,ES,0.97262067,1.7800868,1.2664372,4,40
10,ES,0.8906607,1.7800868,2.0760915,6,30
10,ES,1.0785383,1.7800868,2.4293373,6,666
10,ES,0.92603606,1.7800868,2.0077856,1,10
10,ES,1.004664,1.7800868,1.7480137,4,49
10,ES,0.9639975,1.7800868,1.6085443,4,35
10,ES,0.9705085,1.7800868,2.4208527,99,38
10,ES,1.0216141,1.7800868,1.9608665,7,40
10,ES,1.004664,1.7800868,1.3861974,2,40
10,ES,0.92603606,1.7800868,1.9102868,5,45
10,ES,0.98729986,1.7800868,2.1600003,6,40
10,ES,0.94274276,1.7800868,1.3007606,2,35
10,ES,0.96998346,1.7800868,2.267599,4,60
10,ES,1.004664,1.7800868,2.4527116,6,666
10,ES,0.9475041,1.7800868,2.0293784,7,666
10,ES,0.82449466,1.7800868,0.949218,5,60
10,ES,1.2419925,1.7800868,1.6526372,4,45
10,ES,0.9197751,1.7800868,1.4150146,6,32
10,ES,0.9568306,1.7800868,1.944576,2,53
10,ES,0.97272545,1.7800868,1.2764746,6,666
10,ES,0.97262067,1.7800868,1.9969732,2,40
10,ES,0.9639975,1.7800868,1.3219024,7,45
10,ES,0.96998346,1.7800868,1.2259654,6,999
10,ES,0.97262067,1.7800868,1.9969732,4,40
10,ES,1.0021169,1.7800868,1.1222563,6,40
10,ES,1.0683371,1.7800868,2.1365552,6,55
10,ES,1.0683371,1.7800868,1.7562534,7,666
10,ES,1.0405396,1.7800868,1.1082809,6,37
10,ES,0.9639975,1.7800868,1.2183996,5,40
10,ES,0.97932553,1.7800868,1.1583607,4,39
10,ES,0.92603606,1.7800868,2.260755,6,666
10,ES,0.9568306,1.7800868,2.2005243,2,39
10,ES,0.97262067,1.7800868,1.2664372,4,8
10,ES,0.91649073,1.7800868,1.4099618,7,37
10,ES,0.97272545,1.7800868,1.3928047,4,12
10,ES,1.0105621,1.7800868,1.5546846,5,40
10,ES,0.9787166,1.7800868,3.2163491,1,9
10,ES,1.0262767,1.7800868,1.6746022,5,41
10,ES,0.9981302,1.7800868,1.7564917,4,666
10,ES,0.9705085,1.7800868,2.248464,6,666
10,ES,0.97272545,1.7800868,1.3421296,4,38
10,ES,0.9767978,1.7800868,1.2535192,2,50
10,ES,0.97932553,1.7800868,1.1583607,6,50
10,ES,1.0903983,1.7800868,1.2553455,2,40
10,ES,0.9639975,1.7800868,1.3517454,4,666
10,ES,0.98729986,1.7800868,2.1406147,3,40
10,ES,0.93817866,1.7800868,1.198312,3,40
10,ES,0.9639975,1.7800868,2.2470365,6,8
10,ES,0.97262067,1.7800868,2.0988965,2,666
10,ES,1.3257346,1.7800868,2.8658233,2,27
10,ES,1.0883198,1.7800868,1.8222024,7,40
10,ES,0.98231155,1.7800868,1.7443092,6,60
10,ES,0.9981302,1.7800868,1.3281456,4,8
10,ES,0.97262067,1.7800868,1.242304,4,666
10,ES,0.9981302,1.7800868,1.2650763,6,12
10,ES,0.9705085,1.7800868,2.4208527,4,42
10,ES,1.0105621,1.7800868,2.1781461,3,60
10,ES,1.0683371,1.7800868,1.8800398,5,666
10,ES,0.9705085,1.7800868,2.555247,1,8
10,ES,0.9010959,1.7800868,1.1613743,7,666
10,ES,1.0123433,1.7800868,1.45604,6,40
10,ES,0.98619825,1.7800868,1.5089033,6,666
10,ES,1.004664,1.7800868,2.0348403,4,4
10,ES,0.9475041,1.7800868,1.940481,4,999
10,ES,1.1667339,1.7800868,3.5496275,6,60
10,ES,1.0262767,1.7800868,1.6746022,6,45
10,ES,0.98729986,1.7800868,1.2916092,6,48
10,ES,0.9639975,1.7800868,2.1249256,5,999
10,ES,1.7085118,1.7800868,1.7795647,2,40
10,ES,0.9639975,1.7800868,2.1249256,4,40
10,ES,0.97262067,1.7800868,2.117905,5,42
10,ES,0.9705085,1.7800868,1.2266291,4,50
10,ES,0.97262067,1.7800868,2.0988965,4,8
10,ES,0.9705085,1.7800868,2.5317578,7,666
10,ES,0.9399285,1.7800868,1.1879787,7,20
10,ES,0.91649073,1.7800868,1.9696287,5,45
10,ES,1.7085118,1.7800868,2.1654463,6,34
10,ES,1.0105621,1.7800868,1.1776034,6,999
10,ES,0.73738045,1.7800868,0.8489258,4,56
10,ES,1.0216141,1.7800868,1.9432678,4,0
10,ES,1.1361407,1.7800868,2.4856327,1,8
10,ES,0.97272545,1.7800868,1.5189736,4,40
10,ES,1.0105621,1.7800868,1.5546846,2,50
10,ES,0.9399285,1.7800868,1.3857858,6,46
10,ES,0.98729986,1.7800868,2.036666,4,40
10,ES,0.97262067,1.7800868,1.1450342,6,40
10,ES,1.1667339,1.7800868,4.2785726,5,999
10,ES,0.97272545,1.7800868,1.1505542,4,38
10,ES,1.0785383,1.7800868,2.0051954,3,999
10,ES,1.0405396,1.7800868,1.8311226,4,999
10,ES,0.9705085,1.7800868,2.1392782,4,48
10,ES,0.97272545,1.7800868,2.1090147,4,60
10,ES,0.97932553,1.7800868,2.1233256,5,666
10,ES,1.004664,1.7800868,2.0724852,5,40
10,ES,1.1076299,1.7800868,1.2751838,5,999
10,ES,1.0105621,1.7800868,2.1781461,4,56
10,ES,0.98729986,1.7800868,1.4136729,6,666
10,ES,0.91649073,1.7800868,2.2247627,6,666
10,ES,1.0262767,1.7800868,1.5950806,4,40
10,ES,0.97262067,1.7800868,1.3356905,4,60
10,ES,1.3257346,1.7800868,2.8658233,7,0
10,ES,0.8146227,1.7800868,1.4465413,2,999
10,ES,0.97262067,1.7800868,2.2598183,3,2
10,ES,0.8108232,1.7800868,1.1369599,2,40
10,ES,1.0517424,1.7800868,1.3759145,5,30
10,ES,1.2130063,1.7800868,3.7586775,7,60
10,ES,0.97262067,1.7800868,1.5116863,6,999
10,ES,0.85240275,1.7800868,1.070782,5,666
10,ES,1.0262767,1.7800868,2.1071393,4,40
10,ES,0.97262067,1.7800868,2.3633459,7,20
10,ES,0.97272545,1.7800868,1.2764746,2,48
10,ES,0.9948633,1.7800868,1.2609357,5,35
10,ES,0.93817866,1.7800868,1.9262576,5,38
10,ES,0.96998346,1.7800868,2.2609897,6,27
10,ES,1.004664,1.7800868,2.1782625,4,20
10,ES,1.0785383,1.7800868,2.5140266,7,30
10,ES,0.97272545,1.7800868,1.5189736,4,47
10,ES,0.97272545,1.7800868,2.0066006,6,50
10,ES,1.0216141,1.7800868,1.4693741,6,40
10,ES,0.9568306,1.7800868,1.2370182,5,999
10,ES,0.9010959,1.7800868,1.1613743,6,45
10,ES,0.8522979,1.7800868,1.9601197,3,10
10,ES,0.9639975,1.7800868,2.5147724,5,666
10,ES,1.1667339,1.7800868,3.834229,7,40
10,ES,0.9705085,1.7800868,2.1392782,2,999
10,ES,0.93817866,1.7800868,1.4581553,3,40
10,ES,0.9475041,1.7800868,0.9832279,6,30
10,ES,0.98729986,1.7800868,2.036666,4,666
10,ES,0.97262067,1.7800868,1.6843238,1,40
10,ES,0.98619825,1.7800868,2.284814,7,40
10,ES,0.85240275,1.7800868,1.6214015,6,666
10,ES,1.0262767,1.7800868,2.1071393,4,44
10,ES,0.8522979,1.7800868,1.7699693,7,666
10,ES,0.93817866,1.7800868,2.024571,7,999
10,ES,1.0683371,1.7800868,1.8800398,6,999
10,ES,0.96998346,1.7800868,2.267599,6,40
10,ES,0.9705085,1.7800868,1.4848975,3,42
10,ES,0.9639975,1.7800868,2.2470365,4,9
10,ES,1.0053914,1.7800868,1.6238408,3,20
10,ES,1.0021169,1.7800868,1.0640692,7,44
10,ES,0.9475041,1.7800868,1.0874755,6,40
10,ES,0.98619825,1.7800868,1.3828759,3,60
10,ES,1.1076299,1.7800868,1.1493909,4,666
10,ES,0.96998346,1.7800868,2.4195426,4,40
10,ES,1.0785383,1.7800868,1.5076995,5,40
10,ES,0.98619825,1.7800868,1.8335186,3,40
10,ES,0.91664773,1.7800868,1.7436055,4,999
10,ES,1.0105621,1.7800868,2.053775,2,40
10,ES,1.0085056,1.7800868,1.299809,2,7
10,ES,0.9948633,1.7800868,1.059631,5,38
10,ES,1.0216141,1.7800868,2.0922573,6,10
10,ES,0.97262067,1.7800868,1.242304,6,8
10,ES,0.94274276,1.7800868,1.5455475,4,40
10,ES,0.8146227,1.7800868,1.5434691,7,999
10,ES,0.98729986,1.7800868,2.4103203,5,999
10,ES,0.91649073,1.7800868,1.0679824,3,6
10,ES,1.5642526,1.7800868,3.015328,7,45
10,ES,0.94274276,1.7800868,2.322895,7,40
10,ES,1.0262767,1.7800868,2.1071393,2,999
10,ES,0.94274276,1.7800868,1.5455475,5,45
10,ES,0.8146227,1.7800868,1.3937378,6,666
10,ES,0.97272545,1.7800868,1.5947019,2,25
10,ES,1.026673,1.7800868,1.3113438,6,40
10,ES,0.99429214,1.7800868,1.1760637,6,40
10,ES,0.98619825,1.7800868,1.2464596,7,666
10,ES,0.9705085,1.7800868,2.186007,6,666
10,ES,0.9705085,1.7800868,1.4848975,7,666
10,ES,1.0883198,1.7800868,1.1335803,7,37
10,ES,0.9475041,1.7800868,1.8186209,5,44
10,ES,1.0085056,1.7800868,1.6288708,7,35
10,ES,1.2217127,1.7800868,2.0941718,6,35
10,ES,1.0517424,1.7800868,2.567645,6,666
10,ES,0.8146227,1.7800868,0.7820647,7,40
10,ES,0.97262067,1.7800868,1.2664372,3,999
10,ES,0.96998346,1.7800868,1.6185327,6,30
10,ES,0.88748467,1.7800868,2.041042,6,35
10,ES,1.0683371,1.7800868,1.2415886,5,50
10,ES,1.0216141,1.7800868,1.9432678,5,666
10,ES,0.97262067,1.7800868,2.117905,4,40
10,ES,0.8108232,1.7800868,1.1954395,6,5
10,ES,1.0053914,1.7800868,1.2711025,5,30
10,ES,0.9010959,1.7800868,1.4553896,6,45
10,ES,1.0785383,1.7800868,2.5140266,6,9
10,ES,1.0785383,1.7800868,1.3631685,5,42
10,ES,1.0123433,1.7800868,1.7988447,6,16
10,ES,0.97262067,1.7800868,1.5870503,6,48
10,ES,1.1667339,1.7800868,2.0729556,5,27
10,ES,0.97262067,1.7800868,1.3356905,6,40
10,ES,0.9475041,1.7800868,1.4463099,5,40
10,ES,0.9399285,1.7800868,1.1879787,7,55
10,ES,0.8146227,1.7800868,0.91228396,6,65
10,ES,1.3257346,1.7800868,1.9067858,6,40
10,ES,0.7514287,1.7800868,0.78267866,6,45
10,ES,1.0105621,1.7800868,1.4255495,4,37
10,ES,0.9197751,1.7800868,1.1854491,4,40
10,ES,0.96998346,1.7800868,1.4840941,6,24
10,ES,0.97262067,1.7800868,1.242304,2,666
10,ES,0.9705085,1.7800868,1.7001438,5,65
10,ES,1.0216141,1.7800868,1.2833441,6,40
10,ES,0.97272545,1.7800868,2.1281147,6,48
10,ES,0.98729986,1.7800868,2.1406147,6,999
10,ES,0.98231155,1.7800868,1.2450268,5,50
10,ES,0.9705085,1.7800868,2.1392782,6,666
10,ES,1.0517424,1.7800868,2.2803364,1,666
10,ES,0.93817866,1.7800868,2.024571,4,40
10,ES,0.9948633,1.7800868,1.6657258,6,40
10,ES,0.97262067,1.7800868,1.3861225,5,40
10,ES,0.9767978,1.7800868,2.3846815,6,666
10,ES,0.97262067,1.7800868,1.242304,6,22
10,ES,0.98231155,1.7800868,1.0430394,3,999
10,ES,1.0216141,1.7800868,2.2084088,6,999
10,ES,1.2419925,1.7800868,1.6526372,6,50
10,ES,0.98231155,1.7800868,1.0430394,2,40
10,ES,1.0053914,1.7800868,1.7233692,6,999
10,ES,0.9705085,1.7800868,1.2266291,6,35
10,ES,1.0053914,1.7800868,2.1475525,5,55
10,ES,0.97272545,1.7800868,1.3421296,6,16
10,ES,0.73738045,1.7800868,1.4153138,5,40
10,ES,1.0883198,1.7800868,1.4481552,6,10
10,ES,1.0262767,1.7800868,2.2146854,5,40
10,ES,1.3257346,1.7800868,2.3992946,5,40
10,ES,0.97262067,1.7800868,1.9607,6,0
10,ES,1.0105621,1.7800868,2.1585975,5,30
10,ES,2.0242372,1.7800868,2.3942983,5,40
10,ES,1.0216141,1.7800868,1.9551507,2,6
10,ES,0.97932553,1.7800868,1.5292804,6,40
10,ES,0.9948633,1.7800868,1.8849719,3,40
10,ES,0.9475041,1.7800868,1.7147789,6,999
10,ES,0.97262067,1.7800868,1.6843238,3,10
10,ES,0.85240275,1.7800868,1.5146443,6,25
10,ES,0.97272545,1.7800868,2.1090147,6,999
10,ES,0.9705085,1.7800868,1.430872,3,35
10,ES,0.9705085,1.7800868,2.1392782,4,40
10,ES,0.93817866,1.7800868,1.9683336,6,40
10,ES,0.9568306,1.7800868,1.944576,7,45
10,ES,0.9639975,1.7800868,2.2333796,6,666
10,ES,1.5431608,1.7800868,3.335829,6,666
10,ES,0.9639975,1.7800868,2.4046118,4,40
10,ES,0.91664773,1.7800868,1.0320127,6,40
10,ES,1.0785383,1.7800868,1.7996693,5,9
10,ES,0.9948633,1.7800868,0.95510185,5,24
10,ES,1.0123433,1.7800868,1.9256331,5,666
10,ES,1.0262767,1.7800868,1.5950806,6,70
10,ES,0.98231155,1.7800868,1.8611892,4,50
10,ES,0.97262067,1.7800868,1.5116863,6,2
10,ES,0.92603606,1.7800868,1.4460655,6,40
10,ES,1.0216141,1.7800868,1.4693741,4,35
10,ES,0.9948633,1.7800868,1.7507427,4,40
10,ES,0.88748467,1.7800868,1.7708819,6,55
10,ES,0.97262067,1.7800868,2.0988965,4,48
10,ES,0.97272545,1.7800868,2.1090147,7,999
10,ES,0.97932553,1.7800868,2.1233256,2,40
10,ES,0.9475041,1.7800868,1.940481,6,48
10,ES,0.98729986,1.7800868,2.4326828,7,666
10,ES,0.9010959,1.7800868,1.3862779,2,50
10,ES,1.0021169,1.7800868,1.4151803,7,60
10,ES,0.97932553,1.7800868,1.3512363,6,48
10,ES,0.9639975,1.7800868,1.2183996,4,30
10,ES,1.026673,1.7800868,1.6752489,7,0
10,ES,0.9948633,1.7800868,1.7507427,4,40
10,ES,0.7514287,1.7800868,0.9523954,6,45
10,ES,0.82449466,1.7800868,1.1858596,6,42
10,ES,0.97272545,1.7800868,1.5947019,4,40
10,ES,0.9399285,1.7800868,2.1973372,4,0
10,ES,0.9981302,1.7800868,1.1177917,7,40
10,ES,0.98231155,1.7800868,1.1000763,5,999
10,ES,1.0517424,1.7800868,2.4551685,4,50
10,ES,0.97262067,1.7800868,2.3633459,6,666
10,ES,1.0683371,1.7800868,1.3540597,5,42
10,ES,0.9639975,1.7800868,1.3475817,4,38
10,ES,1.0105621,1.7800868,2.053775,4,47
10,ES,0.8146227,1.7800868,1.4335583,6,35
10,ES,1.0517424,1.7800868,2.1301928,6,999
10,ES,0.94274276,1.7800868,1.1150903,3,8
10,ES,1.2217127,1.7800868,1.9732286,6,37
10,ES,0.98729986,1.7800868,2.1600003,6,40
10,ES,0.8146227,1.7800868,1.3937378,6,666
10,ES,1.0123433,1.7800868,1.3868967,3,35
10,ES,0.91664773,1.7800868,1.7436055,7,8
10,ES,1.0903983,1.7800868,2.2331269,2,25
10,ES,0.9568306,1.7800868,1.472022,4,38
10,ES,0.9010959,1.7800868,1.9365437,2,10
10,ES,0.91664773,1.7800868,1.1514863,6,20
10,ES,0.7549077,1.7800868,0.86642754,6,999
10,ES,0.9948633,1.7800868,1.1561996,7,666
10,ES,0.97272545,1.7800868,2.1219118,3,5
10,ES,0.9705085,1.7800868,1.6194091,7,40
10,ES,0.7514287,1.7800868,1.2581367,6,60
10,ES,1.0262767,1.7800868,2.1071393,7,66
10,ES,0.92603606,1.7800868,1.611209,5,48
10,ES,0.97262067,1.7800868,1.9969732,3,48
10,ES,0.97262067,1.7800868,2.0988965,6,666
10,ES,0.97932553,1.7800868,1.6055217,6,45
10,ES,1.3257346,1.7800868,2.3992946,5,40
10,ES,1.004664,1.7800868,2.1915827,2,40
10,ES,1.0262767,1.7800868,2.2146854,2,666
10,ES,1.0216141,1.7800868,1.9551507,2,666
10,ES,0.97932553,1.7800868,1.1583607,4,37
10,ES,1.0216141,1.7800868,1.9432678,6,35
10,ES,0.97932553,1.7800868,1.5292804,4,36
10,ES,0.98619825,1.7800868,1.3786163,4,20
10,ES,1.1361407,1.7800868,1.7741578,2,45
10,ES,0.97262067,1.7800868,1.5116863,2,0
10,ES,0.97262067,1.7800868,1.242304,6,666
10,ES,0.97262067,1.7800868,2.1117315,5,0
10,ES,0.7549077,1.7800868,1.6168728,6,999
10,ES,1.0123433,1.7800868,1.8321234,5,50
10,ES,0.97932553,1.7800868,1.2811768,6,0
10,ES,0.97262067,1.7800868,1.2703503,6,45
10,ES,1.004664,1.7800868,2.1177557,6,666
10,ES,0.98619825,1.7800868,1.2464596,7,35
10,ES,1.0517424,1.7800868,1.6423639,7,80
10,ES,1.0216141,1.7800868,1.8489014,99,666
10,ES,0.97262067,1.7800868,2.117905,3,43
10,ES,1.004664,1.7800868,2.1979895,4,40
10,ES,1.1667339,1.7800868,3.5496275,6,25
10,ES,0.98619825,1.7800868,1.7276291,2,40
10,ES,0.9705085,1.7800868,1.8043483,3,40
10,ES,1.0785383,1.7800868,2.4987466,4,72
10,ES,0.9197751,1.7800868,1.8692681,5,999
10,ES,1.0405396,1.7800868,1.8311226,5,666
10,ES,1.0683371,1.7800868,1.8970666,4,40
10,ES,1.0123433,1.7800868,1.9256331,7,666
10,ES,1.0105621,1.7800868,2.1585975,4,666
10,ES,1.0105621,1.7800868,1.1776034,6,40
10,ES,0.9639975,1.7800868,2.2536051,2,8
10,ES,1.2217127,1.7800868,2.6332562,4,50
10,ES,1.0785383,1.7800868,2.5140266,6,36
10,ES,1.0517424,1.7800868,2.4551685,5,40
10,ES,1.0903983,1.7800868,2.016492,3,12
10,ES,0.9705085,1.7800868,1.2266291,4,39
10,ES,0.99429214,1.7800868,2.1557753,3,999
10,ES,1.0262767,1.7800868,1.5950806,6,40
10,ES,1.0517424,1.7800868,2.2803364,3,45
10,ES,0.98729986,1.7800868,1.5417329,3,40
10,ES,1.0517424,1.7800868,1.4511547,5,7
10,ES,0.97272545,1.7800868,2.396772,4,666
10,ES,1.0405396,1.7800868,1.3845772,4,60
10,ES,1.0105621,1.7800868,2.053775,6,666
10,ES,0.9639975,1.7800868,2.2470365,4,27
10,ES,2.0242372,1.7800868,4.4285975,4,40
10,ES,0.98231155,1.7800868,1.0462623,6,40
10,ES,0.97262067,1.7800868,1.5870503,4,40
10,ES,0.98729986,1.7800868,1.4136729,7,666
10,ES,1.0517424,1.7800868,2.2803364,7,15
10,ES,1.0517424,1.7800868,1.7242432,5,45
10,ES,0.98729986,1.7800868,1.4136729,7,26
10,ES,0.9010959,1.7800868,1.1649628,7,35
10,ES,0.91664773,1.7800868,1.1514863,6,39
10,ES,1.3257346,1.7800868,2.3992946,4,48
10,ES,0.94274276,1.7800868,2.2007222,4,0
10,ES,0.97932553,1.7800868,2.390852,6,666
10,ES,0.97272545,1.7800868,1.6924438,6,999
10,ES,1.004664,1.7800868,2.0724852,2,8
10,ES,0.9981302,1.7800868,1.7723991,6,40
10,ES,1.0785383,1.7800868,2.6903238,7,40
10,ES,0.9639975,1.7800868,2.538104,7,40
10,ES,0.94274276,1.7800868,2.322895,5,666
10,ES,0.92603606,1.7800868,1.611209,4,40
10,ES,1.1076299,1.7800868,1.2470309,6,35
10,ES,0.97272545,1.7800868,2.3747396,7,666
10,ES,0.97262067,1.7800868,2.0988965,6,6
10,ES,0.98729986,1.7800868,2.036666,4,40
10,ES,0.91664773,1.7800868,1.2557951,2,38
10,ES,1.004664,1.7800868,1.4385365,6,40
10,ES,0.8906607,1.7800868,2.3450162,7,666
10,ES,0.9568306,1.7800868,2.0438251,2,0
10,ES,0.9639975,1.7800868,2.2333796,5,666
10,ES,0.97932553,1.7800868,2.0202157,5,60
10,ES,1.026673,1.7800868,1.6752489,6,40
10,ES,0.9705085,1.7800868,1.8043483,3,40
10,ES,0.98619825,1.7800868,2.4599895,5,35
10,ES,0.9639975,1.7800868,1.4749355,6,40
10,ES,1.0123433,1.7800868,1.9374081,4,40
10,ES,0.97272545,1.7800868,1.5189736,4,37
10,ES,0.97272545,1.7800868,1.5947019,6,40
10,ES,0.97262067,1.7800868,1.242304,4,50
10,ES,0.97932553,1.7800868,1.1583607,6,25
10,ES,1.0021169,1.7800868,1.270129,6,50
10,ES,1.0216141,1.7800868,1.8892885,6,30
10,ES,0.9568306,1.7800868,1.3497529,6,48
10,ES,0.97272545,1.7800868,2.270713,3,40
10,ES,0.94274276,1.7800868,1.9447509,6,45
10,ES,0.93817866,1.7800868,1.1044866,6,5
10,ES,0.99429214,1.7800868,1.4236856,2,20
10,ES,1.004664,1.7800868,1.4385365,6,40
10,ES,0.98729986,1.7800868,1.5417329,7,40
10,ES,1.004664,1.7800868,1.568848,5,48
10,ES,0.97262067,1.7800868,1.5870503,5,40
10,ES,0.92603606,1.7800868,2.0077856,4,999
10,ES,0.98619825,1.7800868,2.3055055,2,50
10,ES,0.92603606,1.7800868,1.9102868,7,666
10,ES,1.1634079,1.7800868,1.474557,4,37
10,ES,0.98619825,1.7800868,2.173862,6,999
10,ES,0.9639975,1.7800868,2.0863268,4,666
10,ES,0.98619825,1.7800868,2.3055055,2,60
10,ES,1.0517424,1.7800868,2.2169938,6,10
10,ES,0.9639975,1.7800868,1.4212724,5,35
10,ES,0.97262067,1.7800868,1.6843238,6,60
10,ES,0.9639975,1.7800868,1.2183996,5,666
10,ES,0.9639975,1.7800868,1.3219024,4,8
10,ES,0.96998346,1.7800868,2.530388,6,20
10,ES,0.94274276,1.7800868,1.9447509,6,40
10,ES,0.9639975,1.7800868,2.2470365,5,8
10,ES,0.9197751,1.7800868,1.8692681,4,70
10,ES,0.9981302,1.7800868,1.7564917,2,45
10,ES,1.0517424,1.7800868,2.591468,7,40
10,ES,0.98231155,1.7800868,1.6148353,4,999
10,ES,0.82449466,1.7800868,1.1295466,3,25
10,ES,0.9705085,1.7800868,2.268827,6,40
10,ES,0.93817866,1.7800868,2.3008063,6,666
10,ES,0.9767978,1.7800868,1.2818184,7,666
10,ES,0.9475041,1.7800868,1.2980679,5,40
10,ES,0.97272545,1.7800868,1.1505542,5,44
10,ES,0.9197751,1.7800868,1.9646732,1,666
10,ES,0.73738045,1.7800868,0.89259034,4,77
10,ES,1.0683371,1.7800868,1.3540597,4,35
10,ES,0.97932553,1.7800868,2.0202157,5,42
10,ES,0.9197751,1.7800868,1.9100993,6,0
10,ES,0.97262067,1.7800868,1.5116863,6,35
10,ES,0.93817866,1.7800868,1.4581553,5,60
10,ES,0.97272545,1.7800868,1.2482934,5,40
10,ES,0.97272545,1.7800868,1.2482934,4,50
10,ES,0.9705085,1.7800868,1.4848975,6,42
10,ES,1.004664,1.7800868,2.1782625,6,666
10,ES,0.97272545,1.7800868,1.2725425,2,50
10,ES,0.97262067,1.7800868,2.2598183,2,25
10,ES,0.97262067,1.7800868,2.0988965,6,80
10,ES,1.0903983,1.7800868,2.3354316,6,45
10,ES,0.9399285,1.7800868,1.317995,6,40
10,ES,0.98231155,1.7800868,1.2450268,2,37
10,ES,0.98619825,1.7800868,2.2987852,3,35
10,ES,1.004664,1.7800868,1.3861974,4,45
10,ES,0.97262067,1.7800868,2.0988965,5,999
10,ES,1.0053914,1.7800868,1.5467293,4,999
10,ES,0.9705085,1.7800868,2.1004195,6,25
10,ES,0.97262067,1.7800868,1.5116863,2,40
10,ES,0.9705085,1.7800868,1.6194091,4,999
10,ES,0.94274276,1.7800868,2.0440083,7,0
10,ES,0.98619825,1.7800868,2.2987852,7,999
10,ES,0.9787166,1.7800868,3.589087,6,666
10,ES,0.97272545,1.7800868,1.2482934,6,0
10,ES,0.8146227,1.7800868,1.4335583,5,49
10,ES,1.1076299,1.7800868,2.2684171,5,38
10,ES,1.0053914,1.7800868,1.2711025,1,60
10,ES,1.004664,1.7800868,1.1883315,3,40
10,ES,1.004664,1.7800868,1.1883315,5,42
10,ES,0.9399285,1.7800868,2.1909325,2,666
10,ES,0.98231155,1.7800868,1.1000763,7,50
10,ES,1.026673,1.7800868,2.2155406,4,999
10,ES,0.98729986,1.7800868,1.362239,6,50
10,ES,0.96998346,1.7800868,1.6185327,6,37
10,ES,0.9197751,1.7800868,1.8353138,7,666
10,ES,0.97932553,1.7800868,2.1425548,5,999
10,ES,0.97262067,1.7800868,1.6843238,4,40
10,ES,0.97262067,1.7800868,1.2664372,4,38
10,ES,1.1076299,1.7800868,2.1259634,7,40
10,ES,0.9948633,1.7800868,1.6657258,6,40
10,ES,1.004664,1.7800868,2.1979895,5,45
10,ES,1.0262767,1.7800868,1.6746022,6,37
10,ES,0.98619825,1.7800868,1.6455891,6,29
10,ES,0.91649073,1.7800868,1.158707,4,30
10,ES,0.92603606,1.7800868,1.9102868,6,45
10,ES,0.9705085,1.7800868,2.1392782,4,40
10,ES,0.9399285,1.7800868,1.7474947,5,55
10,ES,0.97932553,1.7800868,1.6055217,4,60
10,ES,0.9705085,1.7800868,2.2622137,5,666
10,ES,0.9639975,1.7800868,2.2333796,6,666
10,ES,0.9010959,1.7800868,1.9365437,7,666
10,ES,0.97272545,1.7800868,1.5189736,7,37
10,ES,0.9639975,1.7800868,2.1249256,6,43
10,ES,0.97272545,1.7800868,2.270713,4,40
10,ES,0.9197751,1.7800868,1.9766874,5,35
10,ES,0.97262067,1.7800868,1.242304,3,35
10,ES,0.97262067,1.7800868,2.0988965,7,666
10,ES,1.1667339,1.7800868,2.736738,4,43
10,ES,0.9639975,1.7800868,2.0863268,7,666
10,ES,0.8146227,1.7800868,1.363944,7,40
10,ES,0.93817866,1.7800868,1.1044866,7,40
10,ES,1.0517424,1.7800868,1.3759145,5,37
10,ES,1.0517424,1.7800868,1.6423639,6,28
10,ES,0.9705085,1.7800868,2.2622137,4,45
10,ES,0.97272545,1.7800868,1.2482934,2,40
10,ES,1.1076299,1.7800868,2.004572,6,40
10,ES,0.97262067,1.7800868,2.117905,2,37
10,ES,0.94274276,1.7800868,1.9447509,6,999
10,ES,1.0785383,1.7800868,2.4293373,2,47
10,ES,1.0785383,1.7800868,1.8893908,6,5
10,ES,0.9705085,1.7800868,2.268827,4,44
10,ES,0.82449466,1.7800868,1.2585433,5,18
10,ES,0.9787166,1.7800868,3.1874819,5,666
10,ES,1.0216141,1.7800868,1.1761562,2,45
10,ES,0.98231155,1.7800868,1.7286541,5,50
10,ES,0.88748467,1.7800868,1.1220348,6,30
10,ES,1.026673,1.7800868,1.4099197,5,50
10,ES,1.1361407,1.7800868,2.6521862,4,50
10,ES,0.9705085,1.7800868,2.2622137,6,999
10,ES,0.9705085,1.7800868,1.4848975,4,50
10,ES,1.0085056,1.7800868,2.4481266,7,666
10,ES,0.9399285,1.7800868,1.6465734,6,50
10,ES,0.97272545,1.7800868,2.1090147,6,38
10,ES,0.92603606,1.7800868,1.0953296,7,20
10,ES,0.9705085,1.7800868,2.248464,7,60
10,ES,1.2130063,1.7800868,2.1551688,2,45
10,ES,0.97262067,1.7800868,1.2664372,4,40
10,ES,0.97932553,1.7800868,1.9835199,6,5
10,ES,0.9705085,1.7800868,2.248464,4,666
10,ES,1.0683371,1.7800868,2.116915,7,999
10,ES,1.0903983,1.7800868,2.2331269,4,32
10,ES,1.0123433,1.7800868,1.9256331,1,999
10,ES,0.97932553,1.7800868,1.5292804,5,37
10,ES,0.7514287,1.7800868,1.330437,5,12
10,ES,0.93817866,1.7800868,1.8912684,2,40
10,ES,0.9639975,1.7800868,1.3517454,6,45
10,ES,1.0517424,1.7800868,2.2803364,4,6
10,ES,0.98729986,1.7800868,1.5417329,4,22
10,ES,1.004664,1.7800868,2.4527116,5,999
10,ES,1.1076299,1.7800868,2.1259634,6,50
10,ES,0.9568306,1.7800868,1.944576,3,48
10,ES,0.97272545,1.7800868,1.3421296,5,666
10,ES,0.97272545,1.7800868,1.9701523,5,6
10,ES,0.98729986,1.7800868,2.036666,6,50
10,ES,0.97262067,1.7800868,1.5116863,2,35
10,ES,0.96998346,1.7800868,1.8033723,6,40
10,ES,0.9399285,1.7800868,2.1171272,4,40
10,ES,0.9197751,1.7800868,1.4150146,5,40
10,ES,0.9399285,1.7800868,1.2888972,6,35
10,ES,0.7514287,1.7800868,1.3223506,7,666
10,ES,1.0123433,1.7800868,1.3868967,7,40
10,ES,0.9639975,1.7800868,2.2333796,6,40
10,ES,1.1634079,1.7800868,2.0658855,5,999
10,ES,0.9568306,1.7800868,1.2370182,4,999
10,ES,0.97272545,1.7800868,1.5189736,4,50
10,ES,0.96998346,1.7800868,1.4840941,6,40
10,ES,1.0085056,1.7800868,1.6288708,4,40
10,ES,0.97272545,1.7800868,1.2482934,5,999
10,ES,0.97272545,1.7800868,1.5189736,4,40
10,ES,0.91664773,1.7800868,1.1095912,4,999
10,ES,0.9639975,1.7800868,2.2333796,6,666
10,ES,1.0021169,1.7800868,1.6473933,7,666
10,ES,0.97272545,1.7800868,2.3747396,4,666
10,ES,0.73738045,1.7800868,1.3636503,6,666
10,ES,0.97272545,1.7800868,1.3421296,5,44
10,ES,0.91664773,1.7800868,1.658935,6,100
10,ES,0.97262067,1.7800868,1.2703503,4,35
10,ES,1.0262767,1.7800868,1.5950806,3,40
10,ES,0.82449466,1.7800868,0.9462943,6,666
10,ES,0.94274276,1.7800868,1.6402767,5,40
10,ES,0.98231155,1.7800868,1.7286541,4,999
10,ES,1.004664,1.7800868,1.7480137,4,40
10,ES,0.9639975,1.7800868,2.2333796,4,666
10,ES,0.97262067,1.7800868,2.3852725,6,666
10,ES,0.7549077,1.7800868,0.8499168,5,666
10,ES,0.82449466,1.7800868,0.99804085,6,40
10,ES,0.7793427,1.7800868,1.8055727,4,50
10,ES,1.0683371,1.7800868,1.5086963,7,40
10,ES,0.9705085,1.7800868,1.8043483,4,999
10,ES,0.98729986,1.7800868,1.2916092,5,11
10,ES,0.9705085,1.7800868,2.555247,7,666
10,ES,0.97262067,1.7800868,2.0988965,6,47
10,ES,1.0405396,1.7800868,1.7802582,6,999
10,ES,0.9948633,1.7800868,1.2609357,7,33
10,ES,1.0105621,1.7800868,1.3024596,7,666
10,ES,0.98619825,1.7800868,1.4540037,7,12
10,ES,1.0021169,1.7800868,1.7742913,7,999
10,ES,0.98729986,1.7800868,1.4136729,6,40
10,ES,1.1361407,1.7800868,1.8626065,3,43
10,ES,1.0105621,1.7800868,2.171798,6,40
10,ES,1.0785383,1.7800868,2.4293373,6,999
10,ES,0.97272545,1.7800868,2.1281147,5,1
10,ES,0.97272545,1.7800868,1.3928047,6,5
10,ES,0.97262067,1.7800868,1.5870503,6,35
10,ES,1.0105621,1.7800868,2.1781461,7,40
10,ES,1.0216141,1.7800868,1.5594347,4,45
10,ES,0.9568306,1.7800868,1.944576,4,40
10,ES,0.9639975,1.7800868,2.1249256,4,40
10,ES,1.0785383,1.7800868,2.5140266,6,8
10,ES,0.9639975,1.7800868,1.3475817,6,40
10,ES,0.9475041,1.7800868,1.683631,6,666
10,ES,0.97262067,1.7800868,1.3356905,4,0
10,ES,1.5431608,1.7800868,2.1141095,7,40
10,ES,0.97272545,1.7800868,2.1090147,4,666
10,ES,0.97262067,1.7800868,1.5116863,4,45
10,ES,0.9948633,1.7800868,1.702111,4,0
10,ES,0.92603606,1.7800868,1.0953296,6,32
10,ES,0.8030725,1.7800868,1.2354752,6,38
10,ES,0.9705085,1.7800868,2.268827,7,999
10,ES,0.97932553,1.7800868,1.6055217,5,40
10,ES,0.88748467,1.7800868,1.8956997,2,666
10,ES,0.97272545,1.7800868,1.9701523,5,666
10,ES,0.88748467,1.7800868,1.8036438,5,37
10,ES,1.2419925,1.7800868,2.2054293,2,40
10,ES,0.91649073,1.7800868,1.245809,4,50
10,ES,1.2217127,1.7800868,2.6096227,7,45
10,ES,0.9981302,1.7800868,1.8911614,5,28
10,ES,0.97262067,1.7800868,1.3356905,6,44
10,ES,0.91649073,1.7800868,1.158707,3,999
10,ES,1.0123433,1.7800868,1.3868967,6,38
10,ES,1.0216141,1.7800868,1.1725333,2,40
10,ES,0.98619825,1.7800868,2.284814,6,999
10,ES,0.97272545,1.7800868,2.1090147,4,15
10,ES,1.1076299,1.7800868,2.1259634,5,40
10,ES,1.1667339,1.7800868,2.0729556,6,666
10,ES,0.97272545,1.7800868,1.5189736,4,45
10,ES,0.97262067,1.7800868,1.3861225,6,666
10,ES,1.0785383,1.7800868,1.8893908,2,65
10,ES,0.97262067,1.7800868,1.5116863,6,40
10,ES,1.0262767,1.7800868,1.5950806,6,45
10,ES,0.9399285,1.7800868,2.1171272,4,50
10,ES,0.97272545,1.7800868,1.2764746,2,40
10,ES,0.97262067,1.7800868,1.1450342,4,40
10,ES,0.9475041,1.7800868,1.8022989,6,23
10,ES,0.9705085,1.7800868,1.7001438,6,40
10,ES,1.004664,1.7800868,1.568848,5,45
10,ES,0.98619825,1.7800868,1.7276291,5,15
10,ES,0.98729986,1.7800868,2.304735,7,18
10,ES,2.0242372,1.7800868,4.388851,7,40
10,ES,1.026673,1.7800868,1.5956966,4,45
10,ES,1.0517424,1.7800868,1.3496953,5,48
10,ES,0.97262067,1.7800868,1.9969732,3,55
10,ES,0.97932553,1.7800868,1.6055217,6,38
10,ES,0.97932553,1.7800868,1.5292804,6,40
10,ES,2.0242372,1.7800868,3.5219676,7,40
10,ES,0.9639975,1.7800868,2.2536051,5,999
10,ES,1.2217127,1.7800868,2.6096227,7,25
10,ES,0.97272545,1.7800868,1.1505542,5,25
10,ES,0.97262067,1.7800868,1.2664372,3,40
10,ES,0.9981302,1.7800868,1.7672328,6,43
10,ES,0.97932553,1.7800868,1.2811768,4,999
10,ES,0.98619825,1.7800868,1.7276291,3,40
10,ES,0.97262067,1.7800868,1.5870503,5,45
10,ES,1.1076299,1.7800868,2.119767,6,56
10,ES,0.9705085,1.7800868,2.186007,5,666
10,ES,0.9639975,1.7800868,2.2333796,6,666
10,ES,0.98729986,1.7800868,1.2956002,2,42
10,ES,1.0262767,1.7800868,1.6746022,5,42
10,ES,1.5431608,1.7800868,2.9532797,4,666
10,ES,1.004664,1.7800868,2.1915827,6,37
10,ES,1.0123433,1.7800868,1.45604,4,9
10,ES,1.1634079,1.7800868,2.0473442,4,999
10,ES,1.004664,1.7800868,1.1883315,6,47
10,ES,1.0517424,1.7800868,2.2803364,7,666
10,ES,0.97262067,1.7800868,1.5870503,6,41
10,ES,0.97272545,1.7800868,1.1505542,4,25
10,ES,0.98729986,1.7800868,1.167793,5,40
10,ES,0.9948633,1.7800868,1.7507427,6,24
10,ES,1.004664,1.7800868,1.2892797,99,666
10,ES,0.98729986,1.7800868,2.036666,6,666
10,ES,0.88748467,1.7800868,1.3653378,6,39
10,ES,0.97262067,1.7800868,2.0988965,6,999
10,ES,1.0021169,1.7800868,1.7635076,4,37
10,ES,0.97262067,1.7800868,1.1450342,4,40
10,ES,0.98231155,1.7800868,1.0430394,6,40
10,ES,0.9399285,1.7800868,1.2888972,7,37
10,ES,0.97262067,1.7800868,2.3633459,6,7
10,ES,1.1076299,1.7800868,2.004572,5,40
10,ES,0.98729986,1.7800868,2.1600003,4,50
10,ES,1.0123433,1.7800868,1.5452833,4,44
10,ES,0.9399285,1.7800868,2.1776166,6,45
10,ES,0.98231155,1.7800868,1.9464554,6,1
10,ES,0.97262067,1.7800868,1.3356905,3,40
10,ES,0.82449466,1.7800868,1.1858596,5,44
10,ES,0.9705085,1.7800868,2.268827,4,40
10,ES,0.9787166,1.7800868,2.4101686,7,45
10,ES,0.9705085,1.7800868,1.7001438,5,40
10,ES,1.0517424,1.7800868,2.1696022,5,40
10,ES,0.9399285,1.7800868,1.5683826,6,45
10,ES,0.9010959,1.7800868,1.050043,7,999
10,ES,0.92603606,1.7800868,2.0077856,1,45
10,ES,0.97932553,1.7800868,2.1425548,4,40
10,ES,1.1667339,1.7800868,3.834229,4,666
10,ES,1.1667339,1.7800868,2.736738,5,60
10,ES,0.9197751,1.7800868,1.4150146,6,30
10,ES,1.004664,1.7800868,1.568848,4,27
10,ES,0.9981302,1.7800868,1.0598361,3,72
10,ES,0.9475041,1.7800868,1.1902478,6,30
10,ES,0.97262067,1.7800868,1.5870503,5,6
10,ES,1.0105621,1.7800868,2.1585975,4,666
10,ES,1.004664,1.7800868,1.2892797,6,40
10,ES,0.97272545,1.7800868,1.5189736,6,40
10,ES,0.98619825,1.7800868,2.4599895,6,30
10,ES,0.97262067,1.7800868,2.1117315,6,40
10,ES,0.98729986,1.7800868,1.5417329,5,30
10,ES,0.9475041,1.7800868,1.2980679,2,26
10,ES,0.9399285,1.7800868,2.1776166,6,999
10,ES,1.004664,1.7800868,1.6470616,6,40
10,ES,0.9639975,1.7800868,2.2536051,6,17
10,ES,0.97272545,1.7800868,2.1090147,2,666
10,ES,0.9981302,1.7800868,1.8911614,4,35
10,ES,1.0785383,1.7800868,2.5140266,6,40
10,ES,1.0262767,1.7800868,1.4625897,3,8
10,ES,0.9948633,1.7800868,1.3237985,6,37
10,ES,0.97262067,1.7800868,2.0988965,7,40
10,ES,0.97262067,1.7800868,1.9607,6,666
10,ES,1.0785383,1.7800868,2.377406,7,50
10,ES,0.94274276,1.7800868,2.0565076,1,17
10,ES,0.9639975,1.7800868,1.2183996,6,45
10,ES,0.9639975,1.7800868,1.3517454,4,37
10,ES,1.0517424,1.7800868,1.5059458,6,9
10,ES,0.98729986,1.7800868,2.1600003,3,40
10,ES,0.97932553,1.7800868,1.256763,5,38
10,ES,0.94274276,1.7800868,1.5455475,4,40
10,ES,1.2419925,1.7800868,1.6526372,4,40
10,ES,0.97262067,1.7800868,2.0988965,4,666
10,ES,1.0883198,1.7800868,1.3793867,5,25
10,ES,0.9639975,1.7800868,1.4749355,6,22
10,ES,0.9197751,1.7800868,1.1628593,7,999
10,ES,1.1667339,1.7800868,2.736738,6,45
10,ES,0.8906607,1.7800868,2.0061553,7,666
10,ES,0.82449466,1.7800868,1.1295466,3,40
10,ES,0.97262067,1.7800868,1.9969732,4,40
10,ES,0.91649073,1.7800868,1.4099618,3,38
10,ES,0.9475041,1.7800868,1.7147789,6,30
10,ES,0.97272545,1.7800868,1.6924438,6,9
10,ES,0.98231155,1.7800868,1.3070971,4,48
10,ES,1.1667339,1.7800868,2.8731768,5,50
10,ES,1.0517424,1.7800868,2.3009872,5,40
10,ES,1.0105621,1.7800868,1.5546846,5,8
10,ES,1.004664,1.7800868,1.2892797,6,40
10,ES,1.0105621,1.7800868,1.5546846,4,999
10,ES,1.0123433,1.7800868,1.139752,5,45
10,ES,0.9639975,1.7800868,1.6085443,2,21
10,ES,0.91649073,1.7800868,1.4099618,5,46
10,ES,1.0123433,1.7800868,1.2254295,5,45
10,ES,0.9639975,1.7800868,1.4212724,6,42
10,ES,1.0517424,1.7800868,2.591468,7,666
10,ES,0.98729986,1.7800868,1.9996711,5,666
10,ES,1.0405396,1.7800868,1.8477061,4,40
10,ES,0.97272545,1.7800868,2.050432,5,4
10,ES,0.9705085,1.7800868,2.248464,4,999
10,ES,0.85240275,1.7800868,1.6360853,6,40
10,ES,1.004664,1.7800868,2.1915827,3,54
10,ES,1.0785383,1.7800868,1.5901458,4,50
10,ES,0.73738045,1.7800868,1.5101494,3,30
10,ES,0.97272545,1.7800868,1.3928047,6,38
10,ES,0.98619825,1.7800868,2.2987852,3,40
10,ES,0.98729986,1.7800868,1.6185949,4,33
10,ES,1.2217127,1.7800868,2.809701,2,35
10,ES,0.97262067,1.7800868,1.2664372,5,30
10,ES,0.94274276,1.7800868,1.472154,6,999
10,ES,1.0683371,1.7800868,1.8970666,3,999
10,ES,0.9639975,1.7800868,2.2470365,5,135
10,ES,0.97932553,1.7800868,1.256763,6,999
10,ES,0.9399285,1.7800868,1.1879787,6,30
10,ES,1.0053914,1.7800868,2.0432663,7,666
10,ES,0.9197751,1.7800868,1.5766122,6,40
10,ES,0.9639975,1.7800868,1.4212724,4,55
10,ES,0.94274276,1.7800868,1.3007606,6,50
10,ES,0.98619825,1.7800868,1.4540037,2,50
10,ES,0.98619825,1.7800868,1.7276291,5,40
10,ES,1.0883198,1.7800868,1.7891033,4,666
10,ES,1.0123433,1.7800868,1.139752,2,37
10,ES,0.9639975,1.7800868,2.2333796,6,666
10,ES,0.97262067,1.7800868,1.6843238,5,40
10,ES,1.0123433,1.7800868,1.9256331,6,666
10,ES,1.0517424,1.7800868,2.3009872,6,7
10,ES,1.0785383,1.7800868,2.377406,5,28
10,ES,1.1076299,1.7800868,2.3723385,5,666
10,ES,1.026673,1.7800868,2.235605,4,40
10,ES,0.9568306,1.7800868,2.0438251,5,4
10,ES,0.9705085,1.7800868,1.3308307,7,50
10,ES,1.0517424,1.7800868,2.2803364,5,999
10,ES,1.0785383,1.7800868,2.377406,4,999
10,ES,0.99429214,1.7800868,1.5526516,5,21
10,ES,0.8522979,1.7800868,1.1018753,5,40
10,ES,0.98729986,1.7800868,1.2916092,3,50
10,ES,1.0517424,1.7800868,2.1301928,6,666
10,ES,1.0517424,1.7800868,1.8299252,6,45
10,ES,0.9705085,1.7800868,2.1004195,6,666
10,ES,1.1076299,1.7800868,2.1259634,4,40
10,ES,1.0123433,1.7800868,2.073271,1,35
10,ES,1.0517424,1.7800868,1.3496953,5,39
10,ES,0.99429214,1.7800868,1.4236856,3,39
10,ES,0.9705085,1.7800868,2.186007,4,30
10,ES,1.0105621,1.7800868,2.1585975,7,999
10,ES,1.0405396,1.7800868,1.8311226,6,40
10,ES,0.97262067,1.7800868,2.0988965,5,6
10,ES,1.5431608,1.7800868,2.7927892,7,36
10,ES,0.8522979,1.7800868,1.7321336,4,40
10,ES,0.73738045,1.7800868,0.7651819,7,45
10,ES,1.0517424,1.7800868,1.3496953,4,25
10,ES,0.94274276,1.7800868,1.5455475,5,40
10,ES,0.9705085,1.7800868,2.248464,7,46
10,ES,0.97272545,1.7800868,2.1219118,4,40
10,ES,0.9639975,1.7800868,1.6085443,7,50
10,ES,0.9568306,1.7800868,1.944576,4,40
10,ES,0.97272545,1.7800868,1.2482934,4,30
10,ES,1.0105621,1.7800868,1.7322327,4,42
10,ES,1.0085056,1.7800868,1.6288708,6,90
10,ES,0.96998346,1.7800868,2.247248,5,40
10,ES,0.93817866,1.7800868,1.2215908,5,50
10,ES,0.97932553,1.7800868,1.2851355,4,45
10,ES,1.0021169,1.7800868,1.7635076,6,20
10,ES,0.92603606,1.7800868,1.0953296,7,666
10,ES,1.0216141,1.7800868,1.8489014,5,10
10,ES,0.98619825,1.7800868,1.3828759,3,36
10,ES,0.9399285,1.7800868,2.0718703,7,40
10,ES,0.97272545,1.7800868,2.0066006,2,666
10,ES,1.0903983,1.7800868,2.0741062,7,666
10,ES,0.93817866,1.7800868,1.4581553,5,25
10,ES,1.004664,1.7800868,2.4754674,1,666
10,ES,0.97272545,1.7800868,1.9701523,7,38
10,ES,1.026673,1.7800868,2.2155406,5,20
10,ES,0.9981302,1.7800868,1.3281456,4,44
10,ES,1.004664,1.7800868,2.1979895,6,40
10,ES,0.97262067,1.7800868,2.0988965,5,40
10,ES,0.8146227,1.7800868,0.84850085,6,25
10,ES,0.98231155,1.7800868,1.1000763,6,35
10,ES,1.004664,1.7800868,1.6470616,2,44
10,ES,0.9639975,1.7800868,1.6085443,6,43
10,ES,0.8146227,1.7800868,0.84850085,6,40
10,ES,0.8108232,1.7800868,1.0248024,6,42
10,ES,1.0517424,1.7800868,2.3009872,5,45
10,ES,1.1361407,1.7800868,2.343704,6,48
10,ES,0.9981302,1.7800868,1.1177917,5,40
10,ES,1.0262767,1.7800868,1.409376,99,40
10,ES,0.97272545,1.7800868,1.3928047,5,26
10,ES,0.97262067,1.7800868,1.1450342,6,50
10,ES,0.96998346,1.7800868,2.5538647,7,40
10,ES,0.9705085,1.7800868,1.4848975,6,6
10,ES,0.91664773,1.7800868,1.1514863,7,999
10,ES,1.004664,1.7800868,1.3861974,4,40
10,ES,0.97262067,1.7800868,1.5116863,6,40
10,ES,0.9475041,1.7800868,1.1902478,6,666
10,ES,0.9639975,1.7800868,2.5147724,7,30
10,ES,0.98619825,1.7800868,2.2987852,4,35
10,ES,0.9010959,1.7800868,1.9247735,7,42
10,ES,0.91649073,1.7800868,1.4099618,7,36
10,ES,0.92603606,1.7800868,1.611209,6,999
10,ES,0.9568306,1.7800868,1.5454087,3,60
10,ES,0.98729986,1.7800868,2.036666,7,666
10,ES,0.97272545,1.7800868,1.9701523,6,42
10,ES,1.3257346,1.7800868,2.8394783,7,666
10,ES,0.9475041,1.7800868,1.0874755,5,45
10,ES,0.97932553,1.7800868,2.1425548,4,42
10,ES,0.98619825,1.7800868,1.5089033,6,40
10,ES,0.97932553,1.7800868,1.5292804,6,55
10,ES,0.97272545,1.7800868,2.1219118,5,666
10,ES,2.0242372,1.7800868,4.4156895,99,999
10,ES,0.91649073,1.7800868,1.158707,5,37
10,ES,0.9705085,1.7800868,1.6194091,4,999
10,ES,0.9639975,1.7800868,1.3219024,4,35
10,ES,1.0262767,1.7800868,1.3108375,4,4
10,ES,1.0262767,1.7800868,2.1071393,7,40
10,ES,0.9197751,1.7800868,2.2327352,6,666
10,ES,1.004664,1.7800868,1.568848,6,2
10,ES,1.0216141,1.7800868,2.1881084,7,666
10,ES,1.1634079,1.7800868,1.352077,6,40
10,ES,0.94274276,1.7800868,2.322895,7,40
10,ES,0.91649073,1.7800868,1.181216,3,666
10,ES,0.97932553,1.7800868,1.2851355,6,40
10,ES,0.9197751,1.7800868,1.0718098,6,40
10,ES,0.9787166,1.7800868,3.0326965,4,12
10,ES,0.82449466,1.7800868,1.4650537,6,3
10,ES,0.97262067,1.7800868,1.242304,2,40
10,ES,0.97272545,1.7800868,2.050432,2,40
10,ES,0.9399285,1.7800868,1.1879787,6,0
10,ES,1.0021169,1.7800868,1.6473933,5,24
10,ES,0.98619825,1.7800868,2.173862,4,666
10,ES,0.97272545,1.7800868,1.2482934,3,55
10,ES,0.7549077,1.7800868,0.78337,5,40
10,ES,1.0216141,1.7800868,1.9432678,4,666
10,ES,0.9787166,1.7800868,2.0284421,4,37
10,ES,0.93817866,1.7800868,2.179795,6,40
10,ES,1.1076299,1.7800868,2.004572,7,35
10,ES,0.9787166,1.7800868,2.5578928,3,45
10,ES,1.0123433,1.7800868,1.2716984,6,41
10,ES,0.9639975,1.7800868,2.5147724,2,666
10,ES,0.9010959,1.7800868,1.1392434,6,20
10,ES,0.73738045,1.7800868,1.4026114,6,50
10,ES,1.0123433,1.7800868,1.9430717,4,666
10,ES,0.97262067,1.7800868,1.242304,4,999
10,ES,0.92603606,1.7800868,1.188377,6,50
10,ES,0.9475041,1.7800868,1.8133203,3,6
10,ES,0.97272545,1.7800868,1.3928047,4,24
10,ES,0.98619825,1.7800868,2.173862,7,40
10,ES,0.9639975,1.7800868,1.4212724,2,45
10,ES,0.9639975,1.7800868,1.792243,6,50
10,ES,1.0517424,1.7800868,1.4511547,5,25
10,ES,1.0123433,1.7800868,1.139752,6,999
10,ES,0.97272545,1.7800868,1.3928047,4,40
10,ES,0.96998346,1.7800868,1.6992235,3,45
10,ES,0.9568306,1.7800868,1.2332081,7,40
10,ES,1.004664,1.7800868,2.0724852,6,0
10,ES,0.97932553,1.7800868,1.6055217,6,22
10,ES,0.9475041,1.7800868,1.0667524,2,666
10,ES,0.9705085,1.7800868,2.555247,5,70
10,ES,1.5431608,1.7800868,2.7927892,99,60
10,ES,0.98619825,1.7800868,2.173862,5,35
10,ES,0.9639975,1.7800868,1.4212724,2,999
10,ES,1.0123433,1.7800868,2.073271,6,30
10,ES,1.0105621,1.7800868,1.6321921,5,45
10,ES,0.92603606,1.7800868,1.9102868,4,60
10,ES,0.9568306,1.7800868,2.0623345,6,0
10,ES,0.9981302,1.7800868,1.0631106,2,40
10,ES,1.004664,1.7800868,1.4385365,6,60
10,ES,0.82449466,1.7800868,1.5683157,6,10
10,ES,0.9639975,1.7800868,1.792243,5,35
10,ES,0.9705085,1.7800868,1.2266291,6,40
10,ES,0.97932553,1.7800868,1.6055217,2,40
10,ES,1.0517424,1.7800868,2.2803364,3,20
10,ES,0.9399285,1.7800868,1.5683826,3,19
10,ES,1.0785383,1.7800868,1.3631685,3,40
10,ES,0.97272545,1.7800868,1.9701523,7,40
10,ES,0.94274276,1.7800868,2.2007222,7,999
10,ES,0.98231155,1.7800868,1.3070971,6,50
10,ES,0.9787166,1.7800868,3.0989416,3,30
10,ES,0.97262067,1.7800868,1.9607,4,40
10,ES,0.97272545,1.7800868,1.2482934,2,38
10,ES,0.92603606,1.7800868,1.2114625,5,40
10,ES,1.0517424,1.7800868,2.1696022,6,16
10,ES,0.97262067,1.7800868,2.117905,6,56
10,ES,0.98729986,1.7800868,2.1406147,99,24
10,ES,0.9639975,1.7800868,1.4212724,6,40
10,ES,1.0105621,1.7800868,2.053775,5,40
10,ES,0.9787166,1.7800868,2.2957177,4,40
10,ES,0.8906607,1.7800868,2.3450162,7,666
10,ES,1.0785383,1.7800868,2.5140266,6,666
10,ES,1.0903983,1.7800868,1.2514788,6,45
10,ES,1.004664,1.7800868,2.1782625,5,666
10,ES,1.0123433,1.7800868,1.9256331,2,666
10,ES,0.97262067,1.7800868,1.1450342,6,22
10,ES,1.0123433,1.7800868,1.9374081,6,45
10,ES,1.0123433,1.7800868,1.8721437,4,666
10,ES,0.9705085,1.7800868,2.268827,6,40
10,ES,0.97932553,1.7800868,1.5292804,6,40
10,ES,0.97932553,1.7800868,2.1233256,6,40
10,ES,0.98729986,1.7800868,2.036666,6,40
10,ES,0.97932553,1.7800868,2.1425548,4,70
10,ES,0.97272545,1.7800868,2.1281147,7,666
10,ES,0.8146227,1.7800868,1.4335583,6,22
10,ES,0.97262067,1.7800868,1.3861225,6,40
10,ES,0.93817866,1.7800868,1.2883916,6,50
10,ES,0.98619825,1.7800868,1.7276291,4,35
10,ES,1.0517424,1.7800868,2.29428,5,43
10,ES,0.8146227,1.7800868,0.86765647,4,44
10,ES,0.93817866,1.7800868,1.198312,2,55
10,ES,0.97272545,1.7800868,1.3421296,6,0
10,ES,0.9568306,1.7800868,1.2332081,6,999
10,ES,1.5642526,1.7800868,3.2419965,6,40
10,ES,0.97262067,1.7800868,1.2664372,5,40
10,ES,0.88748467,1.7800868,2.1543508,4,9
10,ES,0.97272545,1.7800868,1.2482934,6,45
10,ES,0.98729986,1.7800868,2.1406147,7,999
10,ES,0.9399285,1.7800868,1.317995,4,60
10,ES,1.0021169,1.7800868,0.96206546,7,14
10,ES,0.9705085,1.7800868,2.1392782,6,9
10,ES,0.97262067,1.7800868,1.3356905,7,40
10,ES,0.9399285,1.7800868,1.317995,2,0
10,ES,0.98729986,1.7800868,2.1600003,2,50
10,ES,0.9705085,1.7800868,2.4208527,2,40
10,ES,0.98729986,1.7800868,1.5417329,4,20
10,ES,1.004664,1.7800868,2.1782625,4,666
10,ES,0.9705085,1.7800868,2.248464,6,666
10,ES,0.97272545,1.7800868,2.0066006,4,40
10,ES,1.0883198,1.7800868,1.915205,2,999
10,ES,1.0517424,1.7800868,1.3759145,5,40
10,ES,0.9705085,1.7800868,2.248464,7,40
10,ES,1.0105621,1.7800868,1.5546846,2,30
10,ES,0.9705085,1.7800868,1.3608754,6,10
10,ES,0.9787166,1.7800868,3.0326965,5,40
10,ES,0.73738045,1.7800868,0.7651819,4,666
10,ES,0.73738045,1.7800868,0.926292,4,40
10,ES,0.97262067,1.7800868,1.9607,4,999
10,ES,0.9568306,1.7800868,2.3226867,7,666
10,ES,0.9948633,1.7800868,1.9713258,3,10
10,ES,1.1076299,1.7800868,2.3943486,6,20
10,ES,0.97932553,1.7800868,2.1233256,5,54
10,ES,0.97262067,1.7800868,1.9969732,2,35
10,ES,1.0517424,1.7800868,2.4551685,7,999
10,ES,0.98729986,1.7800868,1.6185949,5,45
10,ES,0.97262067,1.7800868,1.3356905,4,40
10,ES,1.004664,1.7800868,1.2892797,3,42
10,ES,0.98619825,1.7800868,1.7276291,5,40
10,ES,0.9399285,1.7800868,1.5683826,6,40
10,ES,0.97262067,1.7800868,2.1117315,4,42
10,ES,1.0021169,1.7800868,1.7794784,2,666
10,ES,1.0262767,1.7800868,1.2082015,6,50
10,ES,1.0517424,1.7800868,1.5059458,4,40
10,ES,1.0517424,1.7800868,1.6423639,5,45
10,ES,1.004664,1.7800868,2.1782625,99,999
10,ES,1.0123433,1.7800868,1.3868967,7,0
10,ES,0.9475041,1.7800868,1.2980679,5,35
10,ES,0.9767978,1.7800868,2.0150015,4,48
10,ES,1.5431608,1.7800868,2.1141095,6,35
10,ES,0.97932553,1.7800868,2.1425548,7,47
10,ES,0.9948633,1.7800868,1.6657258,5,40
10,ES,0.97262067,1.7800868,2.0405939,3,666
10,ES,0.97272545,1.7800868,1.9701523,4,40
10,ES,0.9639975,1.7800868,2.2333796,1,999
10,ES,1.1361407,1.7800868,1.3438442,6,12
10,ES,1.0123433,1.7800868,1.3868967,6,40
10,ES,1.0785383,1.7800868,2.377406,6,60
10,ES,0.9639975,1.7800868,1.3475817,2,40
10,ES,0.97262067,1.7800868,2.0405939,7,666
10,ES,0.92603606,1.7800868,1.4460655,6,45
10,ES,0.9705085,1.7800868,2.1392782,4,60
10,ES,0.9639975,1.7800868,2.2333796,2,47
10,ES,1.0785383,1.7800868,2.5213757,4,999
10,ES,0.9568306,1.7800868,1.944576,6,12
10,ES,1.0785383,1.7800868,1.5076995,7,666
10,ES,0.93817866,1.7800868,1.9683336,6,40
10,ES,0.97262067,1.7800868,2.1117315,4,60
10,ES,1.1076299,1.7800868,1.2751838,5,40
10,ES,1.0785383,1.7800868,2.4987466,5,999
10,ES,0.98619825,1.7800868,1.8335186,6,40
10,ES,0.9705085,1.7800868,1.430872,2,35
10,ES,1.1634079,1.7800868,2.0473442,5,15
10,ES,0.98619825,1.7800868,1.7276291,2,666
10,ES,0.9948633,1.7800868,1.2609357,4,20
10,ES,0.73738045,1.7800868,1.1255685,7,37
10,ES,1.004664,1.7800868,1.3183862,6,38
10,ES,0.97272545,1.7800868,1.5947019,6,50
10,ES,1.0216141,1.7800868,1.9432678,6,55
10,ES,0.9948633,1.7800868,1.7507427,4,40
10,ES,1.0021169,1.7800868,1.1222563,6,60
10,ES,1.0683371,1.7800868,1.8800398,4,666
10,ES,1.1667339,1.7800868,2.249052,5,55
10,ES,0.97262067,1.7800868,1.1450342,6,25
10,ES,0.9705085,1.7800868,2.555247,6,666
10,ES,0.98729986,1.7800868,1.167793,6,30
10,ES,0.98619825,1.7800868,1.3828759,7,10
10,ES,0.97262067,1.7800868,1.3356905,4,45
10,ES,0.97262067,1.7800868,2.3852725,6,666
10,ES,1.5642526,1.7800868,2.7792335,6,666
10,ES,0.93817866,1.7800868,2.024571,7,666
10,ES,0.9639975,1.7800868,1.2183996,6,50
10,ES,0.97262067,1.7800868,1.5116863,4,39
10,ES,0.91649073,1.7800868,1.8287599,6,666
10,ES,0.82449466,1.7800868,1.4921583,4,8
10,ES,0.93817866,1.7800868,2.0429065,6,40
10,ES,0.88748467,1.7800868,1.5212623,6,41
10,ES,0.97932553,1.7800868,1.1583607,7,45
10,ES,1.0683371,1.7800868,2.0241823,6,38
10,ES,0.9705085,1.7800868,2.186007,4,0
10,ES,1.0105621,1.7800868,2.053775,4,999
10,ES,1.004664,1.7800868,2.1782625,4,48
10,ES,0.92603606,1.7800868,2.0259686,4,60
10,ES,1.0053914,1.7800868,1.3666539,6,40
10,ES,1.0785383,1.7800868,1.7996693,4,50
10,ES,0.9568306,1.7800868,1.6401298,2,40
10,ES,0.97272545,1.7800868,2.3747396,7,999
10,ES,1.004664,1.7800868,1.7480137,2,160
10,ES,0.97932553,1.7800868,2.4130342,6,80
10,ES,1.1634079,1.7800868,1.474557,4,65
10,ES,0.9475041,1.7800868,2.048207,6,666
10,ES,0.9948633,1.7800868,1.059631,5,37
10,ES,1.0903983,1.7800868,1.2514788,4,40
10,ES,0.98729986,1.7800868,1.5417329,5,50
10,ES,1.0683371,1.7800868,1.1343833,4,40
10,ES,0.8146227,1.7800868,1.4465413,6,40
10,ES,0.98231155,1.7800868,1.1000763,4,666
10,ES,0.9705085,1.7800868,2.248464,4,44
10,ES,1.0123433,1.7800868,1.8321234,6,666
10,ES,0.7549077,1.7800868,0.8499168,5,36
10,ES,0.97272545,1.7800868,1.5947019,4,48
10,ES,1.0216141,1.7800868,1.5594347,5,50
10,ES,1.5642526,1.7800868,3.852098,4,60
10,ES,1.004664,1.7800868,2.4754674,4,40
10,ES,0.98231155,1.7800868,1.1000763,6,999
10,ES,0.91664773,1.7800868,1.9815047,6,999
10,ES,1.0883198,1.7800868,1.915205,6,666
10,ES,2.0242372,1.7800868,2.792966,5,50
10,ES,1.0785383,1.7800868,2.0051954,4,999
10,ES,0.9475041,1.7800868,1.1469426,5,40
10,ES,1.1076299,1.7800868,1.5930895,7,44
10,ES,0.97262067,1.7800868,1.1450342,6,45
10,ES,0.97272545,1.7800868,1.5189736,4,60
10,ES,0.97272545,1.7800868,1.3421296,6,40
10,ES,0.9568306,1.7800868,1.944576,6,40
10,ES,0.98619825,1.7800868,2.173862,4,40
10,ES,0.97272545,1.7800868,2.1090147,4,999
10,ES,1.0216141,1.7800868,1.3995973,4,40
10,ES,1.0517424,1.7800868,2.2803364,6,42
10,ES,0.97272545,1.7800868,1.2482934,5,45
10,ES,1.0105621,1.7800868,2.1585975,4,666
10,ES,0.97932553,1.7800868,2.0202157,7,40
10,ES,0.9197751,1.7800868,1.1854491,7,35
10,ES,0.97262067,1.7800868,1.2664372,6,9
10,ES,0.97262067,1.7800868,1.6843238,5,40
10,ES,0.94274276,1.7800868,1.9447509,6,50
10,ES,2.0242372,1.7800868,4.941822,4,666
10,ES,0.9639975,1.7800868,1.2183996,6,666
10,ES,1.2130063,1.7800868,3.7586775,6,40
10,ES,0.98729986,1.7800868,2.1406147,3,50
10,ES,1.0517424,1.7800868,2.2803364,6,999
10,ES,0.97262067,1.7800868,1.1450342,6,10
10,ES,0.97272545,1.7800868,1.1505542,7,45
10,ES,1.0053914,1.7800868,1.5467293,4,40
10,ES,0.97272545,1.7800868,1.6924438,4,999
10,ES,0.97262067,1.7800868,2.0988965,2,666
10,ES,0.98619825,1.7800868,1.3828759,4,666
10,ES,0.97262067,1.7800868,1.2664372,5,40
10,ES,0.97272545,1.7800868,1.3421296,6,50
10,ES,1.0021169,1.7800868,1.6778708,6,40
10,ES,0.97262067,1.7800868,1.6843238,5,35
10,ES,0.97262067,1.7800868,1.9607,6,45
10,ES,1.004664,1.7800868,2.0724852,6,80
10,ES,0.9197751,1.7800868,1.4150146,5,40
10,ES,0.97262067,1.7800868,1.6843238,7,44
10,ES,1.1667339,1.7800868,2.8731768,5,40
10,ES,0.91649073,1.7800868,1.4099618,4,45
10,ES,1.0053914,1.7800868,2.1475525,5,40
10,ES,1.0785383,1.7800868,2.0051954,5,40
10,ES,0.9705085,1.7800868,2.1392782,6,60
10,ES,0.97932553,1.7800868,1.5292804,6,40
10,ES,1.004664,1.7800868,1.6470616,6,45
10,ES,0.97272545,1.7800868,1.5947019,6,999
10,ES,0.9639975,1.7800868,2.1249256,6,40
10,ES,0.97262067,1.7800868,2.1117315,5,15
10,ES,0.9705085,1.7800868,2.186007,5,666
10,ES,0.9568306,1.7800868,2.2005243,6,44
10,ES,1.0517424,1.7800868,2.2169938,7,666
10,ES,0.73738045,1.7800868,1.4153138,6,80
10,ES,0.98231155,1.7800868,1.1000763,6,40
10,ES,1.0216141,1.7800868,1.3995973,5,50
10,ES,1.0262767,1.7800868,1.5950806,4,60
10,ES,1.1667339,1.7800868,3.6942675,4,12
10,ES,0.93817866,1.7800868,1.8912684,6,999
10,ES,0.9399285,1.7800868,1.7474947,6,50
10,ES,1.0123433,1.7800868,1.2716984,5,48
10,ES,0.97262067,1.7800868,2.1117315,4,30
10,ES,0.9948633,1.7800868,1.7507427,6,35
10,ES,1.0021169,1.7800868,1.7742913,5,10
10,ES,1.0262767,1.7800868,1.5950806,3,25
10,ES,0.93817866,1.7800868,1.3370378,7,999
10,ES,0.92603606,1.7800868,2.0077856,6,666
10,ES,0.98619825,1.7800868,2.173862,7,9
10,ES,0.7549077,1.7800868,1.0857736,4,37
10,ES,0.9197751,1.7800868,1.5766122,4,55
10,ES,0.91664773,1.7800868,1.1514863,6,666
10,ES,0.9639975,1.7800868,2.1249256,4,42
10,ES,0.92603606,1.7800868,1.5181577,7,25
10,ES,0.97262067,1.7800868,1.3356905,4,40
10,ES,1.004664,1.7800868,1.6470616,4,42
10,ES,0.9981302,1.7800868,1.4095504,2,45
10,ES,1.004664,1.7800868,2.1177557,4,20
10,ES,1.0262767,1.7800868,1.3108375,5,40
10,ES,1.004664,1.7800868,1.1883315,7,55
10,ES,1.0262767,1.7800868,1.2082015,6,999
10,ES,0.97262067,1.7800868,1.5870503,6,40
10,ES,0.98729986,1.7800868,2.304735,4,40
10,ES,0.97262067,1.7800868,1.6843238,7,45
10,ES,0.9705085,1.7800868,1.3566837,5,35
10,ES,1.0405396,1.7800868,1.1652853,6,22
10,ES,1.5642526,1.7800868,3.6691737,4,999
10,ES,0.7514287,1.7800868,1.2581367,6,50
10,ES,1.0262767,1.7800868,1.409376,6,40
10,ES,0.9639975,1.7800868,2.538104,6,60
10,ES,0.9705085,1.7800868,1.7001438,5,60
10,ES,0.9981302,1.7800868,1.1177917,3,40
10,ES,1.004664,1.7800868,2.1979895,7,40
10,ES,1.0785383,1.7800868,1.4789687,2,36
10,ES,0.97262067,1.7800868,2.2598183,2,9
10,ES,1.0517424,1.7800868,2.2803364,3,666
10,ES,0.9948633,1.7800868,1.1561996,5,43
10,ES,0.97262067,1.7800868,1.3356905,6,50
10,ES,0.9197751,1.7800868,2.1153038,2,40
10,ES,0.9787166,1.7800868,3.6223867,4,666
10,ES,1.1361407,1.7800868,2.3011324,6,999
10,ES,0.9639975,1.7800868,1.3517454,6,40
10,ES,0.9639975,1.7800868,1.6887375,5,45
10,ES,0.88748467,1.7800868,1.3653378,7,12
10,ES,1.0517424,1.7800868,1.2440168,5,666
10,ES,0.92603606,1.7800868,1.611209,4,45
10,ES,1.0517424,1.7800868,2.2169938,7,666
10,ES,0.9399285,1.7800868,2.4747326,7,50
10,ES,0.97262067,1.7800868,1.5870503,2,50
10,ES,1.0517424,1.7800868,1.2440168,6,35
10,ES,0.97262067,1.7800868,1.5116863,5,40
10,ES,1.026673,1.7800868,1.6752489,6,50
10,ES,0.7514287,1.7800868,1.5027738,5,666
10,ES,1.0216141,1.7800868,1.9608665,4,40
10,ES,0.97272545,1.7800868,1.5189736,6,46
10,ES,1.0517424,1.7800868,2.4551685,7,999
10,ES,1.004664,1.7800868,2.4527116,4,50
10,ES,0.97262067,1.7800868,1.5116863,4,16
10,ES,0.98619825,1.7800868,2.4599895,3,10
10,ES,1.026673,1.7800868,1.3368182,4,999
10,ES,0.98619825,1.7800868,2.2213473,6,666
10,ES,0.93817866,1.7800868,1.198312,5,35
10,ES,1.0517424,1.7800868,2.591468,6,50
10,ES,1.026673,1.7800868,2.235605,5,46
10,ES,0.9639975,1.7800868,1.2183996,4,40
10,ES,1.0517424,1.7800868,2.29428,6,666
10,ES,1.0123433,1.7800868,1.139752,1,20
10,ES,0.82449466,1.7800868,0.8555806,7,23
10,ES,1.0105621,1.7800868,2.430569,4,666
10,ES,0.92603606,1.7800868,1.9102868,7,999
10,ES,0.92603606,1.7800868,1.3259522,3,0
10,ES,0.98231155,1.7800868,1.6148353,7,666
10,ES,0.97262067,1.7800868,2.3633459,6,666
10,ES,1.0123433,1.7800868,2.1883686,6,40
10,ES,0.9787166,1.7800868,1.8866209,6,999
10,ES,0.97262067,1.7800868,2.3852725,2,40
10,ES,1.1667339,1.7800868,2.0729556,5,20
10,ES,0.9705085,1.7800868,1.4848975,6,5
10,ES,1.0405396,1.7800868,1.3188277,4,40
10,ES,0.98619825,1.7800868,2.5965562,7,999
10,ES,0.97932553,1.7800868,1.1583607,6,666
10,ES,0.82449466,1.7800868,1.7659149,5,666
10,ES,0.98729986,1.7800868,1.167793,6,35
10,ES,0.97272545,1.7800868,1.6924438,2,40
10,ES,0.85240275,1.7800868,0.9596822,3,40
10,ES,1.004664,1.7800868,2.1979895,7,666
10,ES,0.8108232,1.7800868,1.352955,5,35
10,ES,0.97272545,1.7800868,1.2764746,5,40
10,ES,0.97272545,1.7800868,1.1505542,4,8
10,ES,0.97262067,1.7800868,2.1117315,5,70
10,ES,0.9948633,1.7800868,1.1561996,5,40
10,ES,0.97272545,1.7800868,2.0066006,6,50
10,ES,0.9767978,1.7800868,2.1178446,6,43
10,ES,0.9639975,1.7800868,1.3517454,6,100
10,ES,0.98231155,1.7800868,1.2450268,6,40
10,ES,0.98729986,1.7800868,1.2669964,6,35
10,ES,0.97272545,1.7800868,2.1090147,5,45
10,ES,1.0785383,1.7800868,2.4987466,6,666
10,ES,0.97272545,1.7800868,2.1090147,6,25
10,ES,0.91649073,1.7800868,1.158707,6,44
10,ES,0.98619825,1.7800868,1.2464596,5,40
10,ES,0.9639975,1.7800868,1.4212724,4,25
10,ES,0.91649073,1.7800868,1.4802545,5,40
10,ES,0.8108232,1.7800868,1.889994,5,26
10,ES,0.97272545,1.7800868,2.1090147,4,40
10,ES,0.94274276,1.7800868,1.2371292,7,35
10,ES,0.9705085,1.7800868,1.8043483,6,37
10,ES,0.92603606,1.7800868,2.0200634,5,56
10,ES,0.97272545,1.7800868,1.2725425,7,37
10,ES,0.94274276,1.7800868,2.0440083,4,666
10,ES,0.9948633,1.7800868,1.1141328,6,60
10,ES,0.9705085,1.7800868,1.6194091,3,32
10,ES,0.97932553,1.7800868,1.5292804,4,30
10,ES,0.8108232,1.7800868,1.8263264,6,40
10,ES,1.0883198,1.7800868,2.1765187,7,666
10,ES,1.0021169,1.7800868,2.0041223,7,40
10,ES,0.92603606,1.7800868,2.0077856,7,40
10,ES,0.85240275,1.7800868,1.6313163,4,999
10,ES,1.0683371,1.7800868,1.3540597,4,666
10,ES,0.9767978,1.7800868,2.1178446,5,45
10,ES,0.9399285,1.7800868,1.2888972,6,30
10,ES,1.0785383,1.7800868,1.7996693,4,48
10,ES,0.97262067,1.7800868,2.2598183,4,40
10,ES,1.0785383,1.7800868,2.377406,2,40
10,ES,0.99429214,1.7800868,1.1760637,5,90
10,ES,1.0517424,1.7800868,1.2440168,6,8
10,ES,0.97262067,1.7800868,1.3356905,6,40
10,ES,0.93817866,1.7800868,2.0429065,3,44
10,ES,1.0123433,1.7800868,1.3868967,6,40
10,ES,0.9705085,1.7800868,1.3608754,5,45
10,ES,0.97262067,1.7800868,1.242304,6,37
10,ES,1.0262767,1.7800868,2.1071393,7,50
10,ES,0.91664773,1.7800868,1.1514863,6,40
10,ES,1.004664,1.7800868,1.7480137,2,40
10,ES,1.004664,1.7800868,1.7480137,5,45
10,ES,0.9948633,1.7800868,1.3237985,6,37
10,ES,1.0123433,1.7800868,1.9430717,5,40
10,ES,0.9568306,1.7800868,2.3013358,6,35
10,ES,0.97932553,1.7800868,2.1363094,5,40
10,ES,1.0517424,1.7800868,2.567645,5,999
10,ES,0.96998346,1.7800868,2.5538647,5,35
10,ES,0.98231155,1.7800868,1.6447102,4,40
10,ES,0.9639975,1.7800868,1.6887375,6,999
10,ES,0.9475041,1.7800868,1.7147789,3,48
10,ES,1.0105621,1.7800868,2.1781461,5,50
10,ES,0.9639975,1.7800868,1.4749355,5,666
10,ES,0.9948633,1.7800868,0.95510185,6,48
10,ES,0.97262067,1.7800868,1.9607,6,666
10,ES,1.0903983,1.7800868,1.9733864,3,40
10,ES,0.98619825,1.7800868,2.3055055,7,40
10,ES,0.97272545,1.7800868,1.3928047,3,666
10,ES,0.9787166,1.7800868,1.7389021,5,999
10,ES,1.1361407,1.7800868,2.773689,6,20
10,ES,0.97272545,1.7800868,1.5189736,6,40
10,ES,0.9568306,1.7800868,1.3006445,6,40
10,ES,0.9639975,1.7800868,1.3475817,2,30
10,ES,0.91649073,1.7800868,1.9576577,2,666
10,ES,1.0053914,1.7800868,2.1475525,6,40
10,ES,0.97262067,1.7800868,1.9969732,5,40
10,ES,0.98231155,1.7800868,1.0430394,5,43
10,ES,1.3257346,1.7800868,1.5215809,3,38
10,ES,0.97262067,1.7800868,1.3356905,6,40
10,ES,0.97262067,1.7800868,1.5870503,5,45
10,ES,0.97262067,1.7800868,2.1117315,7,40
10,ES,1.0216141,1.7800868,1.1725333,6,70
10,ES,0.94274276,1.7800868,1.9447509,1,8
10,ES,0.9568306,1.7800868,1.9870527,4,666
10,ES,0.97272545,1.7800868,1.5947019,6,60
10,ES,1.3257346,1.7800868,1.6653783,4,45
10,ES,0.91664773,1.7800868,1.7436055,4,666
10,ES,0.8522979,1.7800868,2.0689359,6,666
10,ES,0.97262067,1.7800868,1.9607,2,23
10,ES,0.92603606,1.7800868,2.0077856,6,40
10,ES,1.1667339,1.7800868,2.418118,1,35
10,ES,0.9639975,1.7800868,1.6887375,4,40
10,ES,0.98729986,1.7800868,1.2956002,3,40
10,ES,0.9399285,1.7800868,2.1909325,6,20
10,ES,0.97272545,1.7800868,1.5189736,4,40
10,ES,0.9010959,1.7800868,1.1613743,99,999
10,ES,0.9399285,1.7800868,1.5683826,4,7
10,ES,0.94274276,1.7800868,1.6402767,4,40
10,ES,0.7793427,1.7800868,1.6866895,6,666
10,ES,0.98619825,1.7800868,1.2464596,5,40
10,ES,0.98619825,1.7800868,2.284814,6,999
10,ES,1.0123433,1.7800868,1.5452833,4,50
10,ES,0.97932553,1.7800868,2.390852,6,1
10,ES,1.1634079,1.7800868,1.211791,2,30
10,ES,1.0123433,1.7800868,1.45604,4,40
10,ES,1.0021169,1.7800868,0.96206546,4,43
10,ES,0.97262067,1.7800868,2.3633459,4,40
10,ES,0.98619825,1.7800868,2.3055055,6,40
10,ES,0.97272545,1.7800868,1.5189736,6,40
10,ES,0.9399285,1.7800868,1.6465734,5,40
10,ES,1.0517424,1.7800868,1.3801657,2,50
10,ES,0.97272545,1.7800868,2.0066006,6,45
10,ES,0.97262067,1.7800868,2.1117315,4,20
10,ES,0.96998346,1.7800868,2.1848242,4,20
10,ES,0.98619825,1.7800868,2.3055055,7,999
10,ES,1.0517424,1.7800868,2.1301928,4,48
10,ES,0.9197751,1.7800868,1.5766122,2,999
10,ES,0.98619825,1.7800868,2.4599895,4,999
10,ES,1.0517424,1.7800868,1.7242432,5,40
10,ES,1.0053914,1.7800868,2.4181325,6,666
10,ES,0.98231155,1.7800868,1.6148353,7,666
10,ES,0.97262067,1.7800868,1.242304,5,8
10,ES,0.9010959,1.7800868,1.1613743,6,8
10,ES,0.9568306,1.7800868,2.056323,5,40
10,ES,0.9197751,1.7800868,1.4855592,4,999
10,ES,0.9639975,1.7800868,1.6085443,6,35
10,ES,1.1076299,1.7800868,1.1493909,3,40
10,ES,0.9639975,1.7800868,1.3219024,2,45
10,ES,0.94274276,1.7800868,2.0565076,2,999
10,ES,0.9639975,1.7800868,1.3475817,2,999
10,ES,0.97262067,1.7800868,2.117905,5,60
10,ES,0.99429214,1.7800868,1.7299677,4,8
10,ES,0.7793427,1.7800868,1.0894511,4,40
10,ES,0.9475041,1.7800868,1.8022989,2,30
10,ES,0.97262067,1.7800868,1.9607,4,666
10,ES,1.0262767,1.7800868,1.6746022,5,45
10,ES,0.97262067,1.7800868,2.3633459,4,42
10,ES,0.98619825,1.7800868,1.8335186,6,999
10,ES,0.9639975,1.7800868,1.4212724,6,60
10,ES,1.0123433,1.7800868,2.1883686,6,666
10,ES,2.0242372,1.7800868,4.4156895,6,40
10,ES,1.0785383,1.7800868,2.8396783,6,666
10,ES,0.94274276,1.7800868,2.322895,7,666
10,ES,0.97262067,1.7800868,1.5116863,6,45
10,ES,0.97262067,1.7800868,2.0988965,7,999
10,ES,0.9475041,1.7800868,1.3627826,6,39
10,ES,0.9705085,1.7800868,1.2266291,4,4
10,ES,1.3257346,1.7800868,2.5217516,7,666
10,ES,1.0105621,1.7800868,1.1776034,5,38
10,ES,1.0123433,1.7800868,1.8721437,6,999
10,ES,1.0903983,1.7800868,1.2553455,6,56
10,ES,1.0785383,1.7800868,2.377406,6,50
10,ES,1.026673,1.7800868,2.0696633,3,666
10,ES,0.9705085,1.7800868,2.1392782,3,999
10,ES,0.9639975,1.7800868,2.4046118,6,40
10,ES,0.9197751,1.7800868,1.1628593,5,40
10,ES,1.0517424,1.7800868,1.5059458,6,41
10,ES,0.97272545,1.7800868,2.050432,4,50
10,ES,1.0105621,1.7800868,2.053775,6,48
10,ES,0.8108232,1.7800868,1.352955,5,50
10,ES,0.93817866,1.7800868,2.0429065,5,40
10,ES,0.97262067,1.7800868,1.242304,2,999
10,ES,0.9639975,1.7800868,1.3219024,4,40
10,ES,0.9568306,1.7800868,1.1149902,7,35
10,ES,1.0123433,1.7800868,1.8321234,6,40
10,ES,0.9787166,1.7800868,3.1874819,7,999
10,ES,0.9705085,1.7800868,1.3566837,6,39
10,ES,0.91649073,1.7800868,1.9576577,7,40
10,ES,1.1361407,1.7800868,1.9767702,4,40
10,ES,0.97272545,1.7800868,2.050432,6,666
10,ES,0.9948633,1.7800868,1.7507427,6,666
10,ES,1.1361407,1.7800868,1.6267923,5,48
10,ES,2.0242372,1.7800868,4.388851,7,60
10,ES,0.98729986,1.7800868,1.2669964,7,999
10,ES,0.9475041,1.7800868,1.7147789,4,56
10,ES,0.97262067,1.7800868,1.2703503,7,37
10,ES,0.9639975,1.7800868,1.3219024,6,45
10,ES,0.9639975,1.7800868,2.2333796,6,40
10,ES,1.3257346,1.7800868,1.6653783,7,50
10,ES,0.97262067,1.7800868,1.2703503,4,40
10,ES,0.97262067,1.7800868,1.9969732,4,999
10,ES,0.99429214,1.7800868,1.1760637,4,666
10,ES,0.9948633,1.7800868,1.0362371,6,35
10,ES,0.98231155,1.7800868,1.2450268,6,40
10,ES,0.98619825,1.7800868,2.284814,7,666
10,ES,0.97262067,1.7800868,2.117905,5,40
10,ES,1.0262767,1.7800868,1.6746022,5,40
10,ES,0.9981302,1.7800868,1.0631106,99,40
10,ES,0.97262067,1.7800868,2.0405939,6,666
10,ES,0.97272545,1.7800868,1.2725425,5,999
10,ES,0.9639975,1.7800868,1.3475817,5,999
10,ES,0.98619825,1.7800868,2.284814,2,666
10,ES,0.97272545,1.7800868,2.1090147,4,24
10,ES,1.0123433,1.7800868,1.9256331,5,666
10,ES,0.98231155,1.7800868,1.2450268,5,44
10,ES,0.97262067,1.7800868,1.2703503,1,999
10,ES,0.98231155,1.7800868,1.9464554,4,999
10,ES,0.97932553,1.7800868,2.1233256,6,40
10,ES,1.2217127,1.7800868,2.625581,5,20
10,ES,1.0683371,1.7800868,2.1365552,7,40
10,ES,0.7514287,1.7800868,0.9523954,4,20
10,ES,0.91664773,1.7800868,1.658935,6,666
10,ES,1.0517424,1.7800868,1.2440168,5,666
10,ES,0.94274276,1.7800868,1.2371292,3,40
10,ES,0.9981302,1.7800868,1.1177917,6,40
10,ES,1.026673,1.7800868,2.0696633,5,666
10,ES,0.98729986,1.7800868,1.5417329,4,999
10,ES,0.91649073,1.7800868,1.9753866,6,30
10,ES,1.0123433,1.7800868,1.3868967,3,41
10,ES,0.9948633,1.7800868,1.7507427,4,999
10,ES,0.9767978,1.7800868,1.2535192,4,35
10,ES,0.97272545,1.7800868,1.5947019,4,38
10,ES,0.9981302,1.7800868,1.1599963,6,40
10,ES,0.9639975,1.7800868,2.2333796,6,999
10,ES,0.98619825,1.7800868,2.5965562,7,60
10,ES,0.98619825,1.7800868,2.1343758,7,666
10,ES,1.0216141,1.7800868,1.1761562,2,50
10,ES,0.9197751,1.7800868,1.4150146,4,45
10,ES,0.9705085,1.7800868,1.4848975,4,37
10,ES,0.98231155,1.7800868,1.3070971,4,30
10,ES,0.9705085,1.7800868,1.3308307,6,35
10,ES,1.0053914,1.7800868,1.2711025,5,42
10,ES,0.94274276,1.7800868,1.5455475,7,37
10,ES,0.94274276,1.7800868,1.1150903,6,30
10,ES,0.97272545,1.7800868,1.2725425,5,666
10,ES,1.0517424,1.7800868,2.2803364,4,35
10,ES,0.97262067,1.7800868,1.3356905,2,60
10,ES,0.98729986,1.7800868,1.362239,7,20
10,ES,0.9981302,1.7800868,1.0598361,6,44
10,ES,0.8146227,1.7800868,1.0324903,6,999
10,ES,0.82449466,1.7800868,1.5683157,4,40
10,ES,0.93817866,1.7800868,1.2253649,5,50
10,ES,0.99429214,1.7800868,2.0510902,6,40
10,ES,1.0517424,1.7800868,1.7242432,4,40
10,ES,1.0085056,1.7800868,1.299809,7,46
10,ES,0.97262067,1.7800868,1.1450342,3,666
10,ES,0.97272545,1.7800868,1.5947019,6,40
10,ES,0.9787166,1.7800868,2.10503,6,40
10,ES,1.0517424,1.7800868,2.29428,2,999
10,ES,1.0021169,1.7800868,1.7635076,6,40
10,ES,0.9981302,1.7800868,1.7723991,4,40
10,ES,1.0262767,1.7800868,1.409376,4,70
10,ES,0.9639975,1.7800868,1.6085443,6,42
10,ES,1.004664,1.7800868,1.568848,6,45
10,ES,0.97262067,1.7800868,2.117905,5,40
10,ES,0.97262067,1.7800868,1.5870503,6,40
10,ES,1.0517424,1.7800868,2.4551685,6,40
10,ES,1.0785383,1.7800868,1.5901458,6,60
10,ES,0.97262067,1.7800868,2.1117315,5,666
10,ES,0.91664773,1.7800868,1.7542678,5,47
10,ES,0.97272545,1.7800868,2.1281147,4,666
10,ES,0.92603606,1.7800868,1.9102868,6,9
10,ES,0.98729986,1.7800868,1.9996711,6,24
10,ES,0.9705085,1.7800868,1.4848975,5,35
10,ES,0.97272545,1.7800868,2.0066006,6,10
10,ES,0.97932553,1.7800868,2.0202157,7,40
10,ES,1.004664,1.7800868,2.1979895,6,45
10,ES,0.7793427,1.7800868,0.98501396,6,40
10,ES,1.0262767,1.7800868,1.336302,5,64
10,ES,0.94274276,1.7800868,1.9872305,7,666
10,ES,1.0785383,1.7800868,2.377406,6,666
10,ES,0.97272545,1.7800868,1.5189736,7,40
10,ES,0.97272545,1.7800868,1.3421296,6,40
10,ES,0.97932553,1.7800868,1.2811768,4,35
10,ES,0.97262067,1.7800868,1.6843238,4,40
10,ES,0.92603606,1.7800868,1.5181577,2,50
10,ES,0.97272545,1.7800868,1.5189736,4,38
10,ES,0.97262067,1.7800868,1.3356905,2,40
10,ES,1.004664,1.7800868,1.4385365,7,40
10,ES,1.1076299,1.7800868,2.1259634,6,40
10,ES,0.8522979,1.7800868,1.7699693,7,666
10,ES,1.004664,1.7800868,2.3452694,4,20
10,ES,0.9705085,1.7800868,1.4848975,3,48
10,ES,0.82449466,1.7800868,1.1295466,5,33
10,ES,0.97272545,1.7800868,2.0066006,6,40
10,ES,1.0123433,1.7800868,1.5452833,2,44
10,ES,0.99429214,1.7800868,2.175298,6,48
10,ES,1.0123433,1.7800868,1.3868967,4,30
10,ES,0.9639975,1.7800868,2.5147724,7,666
10,ES,1.0517424,1.7800868,1.2440168,4,40
10,ES,0.97272545,1.7800868,2.1219118,2,40
10,ES,0.97272545,1.7800868,1.5189736,4,30
10,ES,1.5431608,1.7800868,2.961914,5,55
10,ES,0.97262067,1.7800868,2.1117315,7,40
10,ES,1.1667339,1.7800868,3.834229,7,999
10,ES,0.82449466,1.7800868,0.8555806,4,666
10,ES,0.99429214,1.7800868,2.3210578,6,32
10,ES,0.9475041,1.7800868,2.0293784,6,15
10,ES,0.97262067,1.7800868,1.242304,7,50
10,ES,1.0785383,1.7800868,2.0051954,4,40
10,ES,0.9787166,1.7800868,1.7389021,7,37
10,ES,1.004664,1.7800868,2.1782625,4,999
10,ES,0.91664773,1.7800868,1.0520607,4,35
10,ES,1.0123433,1.7800868,1.0505116,5,2
10,ES,1.1634079,1.7800868,1.3028839,2,37
10,ES,0.93817866,1.7800868,1.9262576,6,40
10,ES,0.98231155,1.7800868,1.7286541,7,666
10,ES,0.97262067,1.7800868,1.3861225,5,50
10,ES,0.9197751,1.7800868,2.2327352,6,999
10,ES,0.99429214,1.7800868,2.0510902,3,666
10,ES,0.94274276,1.7800868,1.6402767,6,40
10,ES,0.9705085,1.7800868,2.2622137,6,35
10,ES,1.0123433,1.7800868,1.45604,6,35
10,ES,1.1634079,1.7800868,1.352077,5,60
10,ES,1.0517424,1.7800868,1.6423639,7,40
10,ES,1.0105621,1.7800868,2.1585975,6,666
10,ES,1.0785383,1.7800868,1.7996693,5,20
10,ES,1.026673,1.7800868,1.7779282,4,8
10,ES,0.9948633,1.7800868,1.6657258,6,999
10,ES,1.0405396,1.7800868,1.0838127,3,35
10,ES,0.7793427,1.7800868,1.8055727,4,8
10,ES,0.97262067,1.7800868,1.5116863,4,45
10,ES,0.92603606,1.7800868,2.0077856,6,999
10,ES,0.98619825,1.7800868,2.3055055,5,40
10,ES,0.9981302,1.7800868,1.3281456,4,37
10,ES,0.9010959,1.7800868,2.0723457,2,44
10,ES,1.004664,1.7800868,1.1883315,6,40
10,ES,0.9948633,1.7800868,1.1561996,6,20
10,ES,1.0517424,1.7800868,2.2803364,5,7
10,ES,0.97272545,1.7800868,2.1090147,4,999
10,ES,0.97272545,1.7800868,1.9701523,6,20
10,ES,1.0262767,1.7800868,1.5950806,3,33
10,ES,0.97262067,1.7800868,1.2664372,6,40
10,ES,0.97262067,1.7800868,1.2664372,3,999
10,ES,1.2130063,1.7800868,2.608942,5,0
10,ES,0.9705085,1.7800868,2.186007,7,666
10,ES,0.97272545,1.7800868,1.3928047,5,40
10,ES,0.97272545,1.7800868,1.3421296,4,60
10,ES,1.1634079,1.7800868,1.5480701,5,50
10,ES,0.7514287,1.7800868,0.9998763,6,40
10,ES,1.7085118,1.7800868,3.0066082,5,35
10,ES,0.9399285,1.7800868,2.1171272,7,666
10,ES,0.9639975,1.7800868,2.0863268,6,12
10,ES,0.9568306,1.7800868,1.944576,6,999
10,ES,0.9948633,1.7800868,1.1561996,6,40
10,ES,0.9639975,1.7800868,1.3475817,2,40
10,ES,0.98729986,1.7800868,1.5417329,7,40
10,ES,1.0517424,1.7800868,1.3801657,5,50
10,ES,1.0517424,1.7800868,1.3496953,5,35
10,ES,1.0517424,1.7800868,2.2803364,5,666
10,ES,0.9475041,1.7800868,1.1469426,6,38
10,ES,0.97262067,1.7800868,1.2703503,5,40
10,ES,1.0105621,1.7800868,2.053775,7,999
10,ES,0.97272545,1.7800868,1.1505542,6,40
10,ES,1.0123433,1.7800868,1.5452833,5,60
10,ES,0.9705085,1.7800868,2.1392782,4,40
10,ES,0.97272545,1.7800868,2.050432,6,666
10,ES,0.9787166,1.7800868,1.9292128,6,40
10,ES,1.0216141,1.7800868,1.4693741,4,40
10,ES,1.0021169,1.7800868,1.6473933,4,666
10,ES,0.97932553,1.7800868,1.9835199,4,666
10,ES,1.0021169,1.7800868,1.7635076,5,666
10,ES,1.0883198,1.7800868,1.915205,5,666
10,ES,0.9010959,1.7800868,1.9247735,4,20
10,ES,1.7085118,1.7800868,1.9133375,6,50
10,ES,1.0405396,1.7800868,1.3188277,6,33
10,ES,0.98729986,1.7800868,2.036666,5,40
10,ES,0.98619825,1.7800868,2.173862,6,45
10,ES,1.0105621,1.7800868,1.6321921,6,50
10,ES,0.97272545,1.7800868,2.1090147,5,5
10,ES,0.97262067,1.7800868,1.5870503,6,40
10,ES,1.0903983,1.7800868,1.6644294,4,40
10,ES,0.96998346,1.7800868,1.2259654,4,70
10,ES,1.0785383,1.7800868,2.4987466,3,666
10,ES,0.98619825,1.7800868,1.6455891,4,84
10,ES,1.0785383,1.7800868,2.3342226,6,15
10,ES,1.004664,1.7800868,2.1782625,6,999
10,ES,1.004664,1.7800868,2.1979895,4,666
10,ES,0.7793427,1.7800868,1.8166139,6,40
10,ES,0.98619825,1.7800868,2.173862,6,40
10,ES,0.97262067,1.7800868,2.0988965,6,666
10,ES,1.0883198,1.7800868,1.1556013,5,50
10,ES,1.0785383,1.7800868,2.377406,2,45
10,ES,0.9639975,1.7800868,2.1249256,4,55
10,ES,0.9639975,1.7800868,2.2470365,4,2
10,ES,0.98619825,1.7800868,2.4599895,4,36
10,ES,0.9767978,1.7800868,2.1178446,6,30
10,ES,0.98619825,1.7800868,2.173862,6,999
10,ES,0.98729986,1.7800868,1.167793,6,35
10,ES,1.0262767,1.7800868,1.6746022,5,50
10,ES,0.97272545,1.7800868,2.0066006,4,40
10,ES,0.9010959,1.7800868,1.4553896,3,45
10,ES,0.98231155,1.7800868,1.3070971,4,50
10,ES,1.0517424,1.7800868,2.2803364,1,999
10,ES,0.88748467,1.7800868,1.1220348,2,40
10,ES,0.91664773,1.7800868,1.3992091,7,999
10,ES,1.0105621,1.7800868,1.3024596,3,45
10,ES,0.9705085,1.7800868,2.5317578,4,666
10,ES,1.004664,1.7800868,1.2892797,5,42
10,ES,1.1361407,1.7800868,1.4863261,2,32
10,ES,0.9948633,1.7800868,1.3237985,6,40
10,ES,1.004664,1.7800868,2.0348403,7,666
10,ES,0.9639975,1.7800868,1.4212724,5,30
10,ES,1.1361407,1.7800868,1.4580029,5,40
10,ES,1.0517424,1.7800868,1.7242432,5,50
10,ES,0.9639975,1.7800868,2.1249256,5,40
10,ES,0.98729986,1.7800868,2.304735,3,40
10,ES,0.9948633,1.7800868,1.1141328,3,999
10,ES,0.9705085,1.7800868,1.8043483,4,50
10,ES,0.8030725,1.7800868,1.632092,3,105
10,ES,0.97272545,1.7800868,2.0066006,1,60
10,ES,0.97262067,1.7800868,1.2664372,4,45
10,ES,0.9639975,1.7800868,2.538104,5,666
10,ES,0.92603606,1.7800868,1.8755878,5,666
10,ES,0.97262067,1.7800868,1.5870503,6,50
10,ES,0.93817866,1.7800868,2.0429065,2,11
10,ES,1.1076299,1.7800868,2.004572,2,999
10,ES,0.97262067,1.7800868,2.0988965,4,40
10,ES,0.94274276,1.7800868,1.6402767,6,41
10,ES,0.98231155,1.7800868,1.7286541,7,15
10,ES,0.7793427,1.7800868,1.7554187,7,666
10,ES,0.97272545,1.7800868,1.1505542,4,45
10,ES,0.98729986,1.7800868,2.1406147,7,666
10,ES,0.9197751,1.7800868,2.1153038,5,40
10,ES,0.97262067,1.7800868,1.242304,3,666
10,ES,0.97272545,1.7800868,1.5947019,5,10
10,ES,0.91664773,1.7800868,1.7593963,2,50
10,ES,0.92603606,1.7800868,1.9102868,7,50
10,ES,1.1076299,1.7800868,2.0483584,6,35
10,ES,0.97262067,1.7800868,1.5116863,6,80
10,ES,0.9948633,1.7800868,1.9713258,6,40
10,ES,0.82449466,1.7800868,0.949218,2,45
10,ES,1.0216141,1.7800868,1.8489014,2,8
10,ES,0.97262067,1.7800868,2.1117315,3,30
10,ES,1.0216141,1.7800868,1.060132,6,999
10,ES,0.98729986,1.7800868,1.6185949,4,44
10,ES,0.97262067,1.7800868,1.5870503,3,666
10,ES,0.97262067,1.7800868,1.5116863,4,30
10,ES,0.9705085,1.7800868,1.3566837,6,39
10,ES,1.2130063,1.7800868,2.5140195,7,999
10,ES,0.97272545,1.7800868,2.396772,6,999
10,ES,1.026673,1.7800868,2.0696633,4,40
10,ES,0.92603606,1.7800868,1.2114625,4,35
10,ES,0.9705085,1.7800868,1.3608754,4,60
10,ES,0.97262067,1.7800868,1.5870503,7,60
10,ES,1.0517424,1.7800868,2.1696022,6,999
10,ES,0.92603606,1.7800868,2.28173,7,666
10,ES,0.9705085,1.7800868,2.248464,5,42
10,ES,0.91649073,1.7800868,1.181216,2,40
10,ES,0.8146227,1.7800868,1.4335583,7,25
10,ES,2.0242372,1.7800868,4.0998774,5,666
10,ES,0.9705085,1.7800868,2.555247,4,8
10,ES,1.1634079,1.7800868,1.2353315,7,999
10,ES,0.9399285,1.7800868,1.3857858,4,12
10,ES,0.9705085,1.7800868,2.268827,5,999
10,ES,0.9787166,1.7800868,3.2069738,5,999
10,ES,0.8030725,1.7800868,1.3765689,7,70
10,ES,0.97262067,1.7800868,1.1450342,7,999
10,ES,0.97932553,1.7800868,1.9835199,6,17
10,ES,0.9639975,1.7800868,1.4212724,4,999
10,ES,0.9639975,1.7800868,1.4212724,6,42
10,ES,0.97262067,1.7800868,1.1450342,5,58
10,ES,1.0123433,1.7800868,2.073271,4,45
10,ES,0.9475041,1.7800868,1.7147789,6,40
10,ES,0.7514287,1.7800868,1.0611608,5,40
10,ES,0.9705085,1.7800868,2.1004195,7,56
10,ES,0.9705085,1.7800868,2.5317578,7,666
10,ES,1.026673,1.7800868,1.4099197,4,45
10,ES,0.7549077,1.7800868,0.8499168,4,50
10,ES,1.0785383,1.7800868,2.5213757,6,40
10,ES,1.0105621,1.7800868,2.098637,4,20
10,ES,0.9787166,1.7800868,2.5578928,1,62
10,ES,1.0021169,1.7800868,1.7635076,4,40
10,ES,0.98619825,1.7800868,1.3786163,2,40
10,ES,0.92603606,1.7800868,1.5181577,5,12
10,ES,0.94274276,1.7800868,1.472154,5,40
10,ES,0.97262067,1.7800868,1.9607,6,3
10,ES,0.98729986,1.7800868,2.036666,4,42
10,ES,1.0785383,1.7800868,2.4293373,7,20
10,ES,1.0517424,1.7800868,1.4511547,6,50
10,ES,0.9010959,1.7800868,1.4553896,7,40
10,ES,0.9705085,1.7800868,2.4208527,7,23
10,ES,1.0105621,1.7800868,2.1585975,6,10
10,ES,0.94274276,1.7800868,1.9447509,6,45
10,ES,1.0216141,1.7800868,1.060132,6,40
10,ES,1.0105621,1.7800868,1.5546846,6,50
10,ES,0.9197751,1.7800868,1.189112,4,48
10,ES,0.98619825,1.7800868,1.2464596,6,10
10,ES,0.97272545,1.7800868,2.270713,6,45
10,ES,0.9639975,1.7800868,1.4212724,3,35
10,ES,0.82449466,1.7800868,1.5247519,6,666
10,ES,2.0242372,1.7800868,4.2669387,6,666
10,ES,0.97262067,1.7800868,1.5870503,4,40
10,ES,0.97262067,1.7800868,1.2703503,6,40
10,ES,0.9475041,1.7800868,1.2980679,2,45
10,ES,0.9981302,1.7800868,1.2650763,6,40
10,ES,1.0105621,1.7800868,1.3064839,3,39
10,ES,1.0053914,1.7800868,1.2997991,3,45
10,ES,1.0123433,1.7800868,1.9256331,6,8
10,ES,0.9639975,1.7800868,1.4749355,4,666
10,ES,1.0021169,1.7800868,1.7794784,3,40
10,ES,0.93817866,1.7800868,2.2796562,5,60
10,ES,1.1361407,1.7800868,1.6267923,6,45
10,ES,0.9787166,1.7800868,2.4101686,4,40
10,ES,0.9639975,1.7800868,2.2333796,7,72
10,ES,1.0105621,1.7800868,2.1585975,2,666
10,ES,0.99429214,1.7800868,2.175298,4,40
10,ES,2.0242372,1.7800868,2.6563375,5,40
10,ES,0.9475041,1.7800868,1.7147789,1,999
10,ES,1.004664,1.7800868,2.1782625,3,40
10,ES,0.98729986,1.7800868,1.7178017,4,999
10,ES,0.97932553,1.7800868,2.1233256,7,40
10,ES,0.97262067,1.7800868,2.0988965,4,48
10,ES,1.1076299,1.7800868,2.106883,6,666
10,ES,0.91664773,1.7800868,1.658935,5,666
10,ES,1.0517424,1.7800868,2.591468,7,666
10,ES,1.0216141,1.7800868,1.8489014,4,999
10,ES,0.97262067,1.7800868,1.5870503,4,40
10,ES,0.9981302,1.7800868,1.4095504,6,38
10,ES,0.97932553,1.7800868,1.5292804,4,40
10,ES,1.026673,1.7800868,1.4631548,6,20
10,ES,0.97262067,1.7800868,1.2664372,5,39
10,ES,0.98729986,1.7800868,2.1600003,2,10
10,ES,0.9399285,1.7800868,2.0342364,7,999
10,ES,0.9197751,1.7800868,1.9646732,4,50
10,ES,0.9705085,1.7800868,2.4208527,2,37
10,ES,1.0123433,1.7800868,1.45604,6,40
10,ES,2.0242372,1.7800868,4.4156895,4,666
10,ES,1.0883198,1.7800868,1.3793867,6,40
10,ES,0.97272545,1.7800868,2.0066006,4,40
10,ES,1.004664,1.7800868,2.1915827,7,38
10,ES,0.8030725,1.7800868,1.2354752,2,35
10,ES,0.97262067,1.7800868,1.242304,2,37
10,ES,0.9705085,1.7800868,1.2266291,7,30
10,ES,0.7793427,1.7800868,1.300426,2,999
10,ES,0.97272545,1.7800868,2.270713,5,40
10,ES,0.97262067,1.7800868,1.9969732,7,40
10,ES,0.97272545,1.7800868,1.5947019,4,37
10,ES,0.97262067,1.7800868,1.5116863,6,40
10,ES,2.0242372,1.7800868,4.725343,4,40
10,ES,0.97932553,1.7800868,1.6055217,6,40
10,ES,0.98619825,1.7800868,2.5726879,5,666
10,ES,0.9948633,1.7800868,1.2609357,2,40
10,ES,0.91649073,1.7800868,1.4802545,3,40
10,ES,0.98231155,1.7800868,1.2450268,2,18
10,ES,1.004664,1.7800868,2.1979895,5,999
10,ES,0.9705085,1.7800868,1.6194091,6,30
10,ES,1.1667339,1.7800868,2.0729556,7,666
10,ES,0.82449466,1.7800868,0.949218,5,55
10,ES,0.82449466,1.7800868,0.949218,6,37
10,ES,0.9639975,1.7800868,2.538104,3,666
10,ES,0.9948633,1.7800868,1.3237985,6,999
10,ES,0.97932553,1.7800868,2.1233256,2,55
10,ES,1.0683371,1.7800868,1.8800398,7,40
10,ES,1.0517424,1.7800868,2.1696022,6,56
10,ES,0.91649073,1.7800868,2.2043114,6,666
10,ES,0.97262067,1.7800868,1.9969732,6,12
10,ES,0.93817866,1.7800868,1.2883916,3,40
10,ES,0.9948633,1.7800868,1.7507427,1,999
10,ES,0.9705085,1.7800868,2.555247,4,666
10,ES,0.9568306,1.7800868,1.9092544,4,24
10,ES,1.2130063,1.7800868,3.950516,6,999
10,ES,2.0242372,1.7800868,4.725343,5,40
10,ES,1.0123433,1.7800868,1.9256331,5,5
10,ES,0.8522979,1.7800868,1.4609478,2,50
10,ES,1.004664,1.7800868,1.1883315,5,55
10,ES,0.91649073,1.7800868,1.4099618,4,40
10,ES,0.97272545,1.7800868,1.6924438,2,40
10,ES,1.004664,1.7800868,2.1177557,1,8
10,ES,0.9197751,1.7800868,1.9646732,7,40
10,ES,1.0785383,1.7800868,1.7996693,4,30
10,ES,0.9568306,1.7800868,1.6401298,2,60
10,ES,1.0021169,1.7800868,1.0640692,6,39
10,ES,1.0216141,1.7800868,1.9432678,7,40
10,ES,0.9787166,1.7800868,1.9232707,5,24
10,ES,0.97262067,1.7800868,1.9969732,3,40
10,ES,0.82449466,1.7800868,1.5683157,4,666
10,ES,1.0683371,1.7800868,1.7887455,6,999
10,ES,0.99429214,1.7800868,2.4273903,4,50
10,ES,0.97272545,1.7800868,1.5947019,5,38
10,ES,0.97272545,1.7800868,1.2764746,2,40
10,ES,1.0123433,1.7800868,1.8321234,4,0
10,ES,0.92603606,1.7800868,1.2114625,3,40
10,ES,0.98231155,1.7800868,1.2450268,5,30
10,ES,0.9475041,1.7800868,1.8186209,4,40
10,ES,0.9475041,1.7800868,0.9832279,5,6
10,ES,0.7549077,1.7800868,1.0342134,4,40
10,ES,0.9639975,1.7800868,1.2183996,4,32
10,ES,1.0021169,1.7800868,1.7794784,5,40
10,ES,1.0105621,1.7800868,2.171798,2,40
10,ES,1.0123433,1.7800868,1.9256331,1,999
10,ES,0.9639975,1.7800868,2.2470365,7,666
10,ES,0.94274276,1.7800868,2.0440083,6,41
10,ES,0.97932553,1.7800868,1.256763,6,30
10,ES,0.98729986,1.7800868,1.2669964,6,10
10,ES,0.93817866,1.7800868,1.8912684,6,666
10,ES,0.82449466,1.7800868,1.4650537,7,666
10,ES,0.9197751,1.7800868,1.4855592,4,48
10,ES,1.004664,1.7800868,1.2892797,4,37
10,ES,0.97262067,1.7800868,1.242304,5,22
10,ES,1.0517424,1.7800868,1.5059458,5,999
10,ES,1.2130063,1.7800868,2.8452764,5,45
10,ES,0.9787166,1.7800868,1.7389021,5,666
10,ES,0.82449466,1.7800868,1.5247519,6,666
10,ES,0.98729986,1.7800868,2.304735,4,999
10,ES,0.97262067,1.7800868,1.9969732,6,40
10,ES,0.9705085,1.7800868,2.555247,5,666
10,ES,0.97272545,1.7800868,2.0066006,7,666
10,ES,0.98231155,1.7800868,1.7443092,7,40
10,ES,0.99429214,1.7800868,1.1760637,4,42
10,ES,0.98619825,1.7800868,1.8335186,1,90
10,ES,0.98619825,1.7800868,2.2987852,5,35
10,ES,0.97272545,1.7800868,2.396772,6,666
10,ES,1.0517424,1.7800868,2.567645,6,43
10,ES,0.8522979,1.7800868,1.3112053,6,38
10,ES,0.7793427,1.7800868,1.365258,6,40
10,ES,0.97262067,1.7800868,1.5116863,6,120
10,ES,1.0105621,1.7800868,1.1776034,6,52
10,ES,1.1667339,1.7800868,2.8731768,4,40
10,ES,1.0517424,1.7800868,1.3801657,6,999
10,ES,0.9639975,1.7800868,1.6085443,4,24
10,ES,0.94274276,1.7800868,2.322895,5,999
10,ES,0.88748467,1.7800868,2.1543508,7,30
10,ES,0.9981302,1.7800868,1.2650763,7,46
10,ES,2.0242372,1.7800868,3.3185666,6,40
10,ES,0.9475041,1.7800868,1.8133203,2,58
10,ES,0.9787166,1.7800868,1.8866209,4,999
10,ES,0.97272545,1.7800868,1.6924438,6,45
10,ES,1.0785383,1.7800868,2.0051954,5,999
10,ES,0.97272545,1.7800868,1.2725425,6,37
10,ES,1.5642526,1.7800868,4.8470664,7,40
10,ES,0.96998346,1.7800868,2.2609897,4,45
10,ES,0.97272545,1.7800868,1.2482934,6,40
10,ES,0.96998346,1.7800868,2.0992827,6,666
10,ES,0.97272545,1.7800868,1.2764746,4,40
10,ES,0.9787166,1.7800868,3.6223867,4,999
10,ES,1.0517424,1.7800868,2.591468,6,999
10,ES,0.98619825,1.7800868,2.2987852,6,666
10,ES,0.9705085,1.7800868,2.2622137,6,15
10,ES,0.92603606,1.7800868,2.0200634,5,36
10,ES,0.9705085,1.7800868,1.6194091,6,41
10,ES,0.98619825,1.7800868,1.2464596,6,40
10,ES,1.7085118,1.7800868,1.9855802,5,41
10,ES,0.93817866,1.7800868,1.9683336,6,30
10,ES,1.0517424,1.7800868,1.6423639,2,44
10,ES,0.9399285,1.7800868,1.317995,7,48
10,ES,0.9981302,1.7800868,1.1177917,6,999
10,ES,1.0123433,1.7800868,1.2716984,3,45
10,ES,1.0053914,1.7800868,2.0878992,6,666
10,ES,2.0242372,1.7800868,4.4285975,7,40
10,ES,0.9639975,1.7800868,1.792243,6,60
10,ES,1.0517424,1.7800868,2.2803364,6,40
10,ES,0.97272545,1.7800868,2.3747396,6,20
10,ES,0.94274276,1.7800868,1.2098165,4,42
10,ES,1.0123433,1.7800868,1.2716984,6,40
10,ES,1.0785383,1.7800868,2.5213757,7,35
10,ES,0.97262067,1.7800868,2.3852725,5,55
10,ES,0.91649073,1.7800868,1.158707,6,1
10,ES,0.9705085,1.7800868,2.4208527,6,20
10,ES,0.73738045,1.7800868,1.5939853,6,666
10,ES,0.82449466,1.7800868,1.5683157,4,40
10,ES,0.9705085,1.7800868,1.6194091,5,999
10,ES,0.97932553,1.7800868,1.4022552,5,24
10,ES,1.0683371,1.7800868,1.1378883,99,666
10,ES,0.97272545,1.7800868,1.2764746,5,40
10,ES,0.97262067,1.7800868,1.6843238,4,40
10,ES,0.97272545,1.7800868,2.1090147,5,666
10,ES,0.9948633,1.7800868,1.059631,7,40
10,ES,0.8146227,1.7800868,0.84850085,6,42
10,ES,1.0262767,1.7800868,1.3108375,3,35
10,ES,0.9197751,1.7800868,1.8692681,4,40
10,ES,0.9787166,1.7800868,2.10503,3,999
10,ES,0.94274276,1.7800868,1.6402767,4,35
10,ES,1.0683371,1.7800868,2.0241823,2,37
10,ES,0.9475041,1.7800868,1.7147789,5,40
10,ES,0.9767978,1.7800868,1.5253332,5,999
10,ES,0.92603606,1.7800868,2.0259686,4,40
10,ES,1.1667339,1.7800868,2.509419,3,40
10,ES,0.97262067,1.7800868,1.5870503,6,55
10,ES,0.9948633,1.7800868,1.9896159,5,0
10,ES,0.97932553,1.7800868,2.0202157,5,999
10,ES,0.7514287,1.7800868,0.9523954,6,35
10,ES,1.0517424,1.7800868,2.1696022,5,50
10,ES,0.9639975,1.7800868,1.2183996,7,999
10,ES,1.004664,1.7800868,1.4385365,7,40
10,ES,0.97272545,1.7800868,2.0066006,6,50
10,ES,0.9568306,1.7800868,1.3006445,6,40
10,ES,2.0242372,1.7800868,2.5976925,6,50
10,ES,1.1361407,1.7800868,1.7741578,4,38
10,ES,0.97262067,1.7800868,1.242304,6,35
10,ES,0.97272545,1.7800868,1.5189736,3,33
10,ES,1.0883198,1.7800868,2.1765187,7,666
10,ES,0.9639975,1.7800868,2.2333796,2,56
10,ES,0.97272545,1.7800868,1.5189736,4,40
10,ES,1.0517424,1.7800868,1.3801657,5,999
10,ES,0.98729986,1.7800868,1.362239,6,40
10,ES,1.0105621,1.7800868,2.1585975,6,666
10,ES,0.91649073,1.7800868,1.9032784,6,666
10,ES,1.0123433,1.7800868,1.2254295,7,50
10,ES,0.98729986,1.7800868,1.362239,4,40
10,ES,0.97262067,1.7800868,1.1450342,3,50
10,ES,0.97262067,1.7800868,2.3633459,7,15
10,ES,0.82449466,1.7800868,1.4921583,7,45
10,ES,0.9197751,1.7800868,1.9824655,4,50
10,ES,0.7514287,1.7800868,0.9998763,6,38
10,ES,0.92603606,1.7800868,2.0077856,6,40
10,ES,1.004664,1.7800868,2.0724852,4,999
10,ES,0.97262067,1.7800868,1.2703503,6,52
10,ES,1.0123433,1.7800868,1.45604,6,40
10,ES,0.8146227,1.7800868,0.91228396,7,50
10,ES,0.98619825,1.7800868,2.3055055,3,999
10,ES,1.7085118,1.7800868,3.4168339,2,666
10,ES,1.004664,1.7800868,1.3861974,3,666
10,ES,0.8522979,1.7800868,1.8316718,7,40
10,ES,0.9639975,1.7800868,1.4212724,6,40
10,ES,1.004664,1.7800868,2.1782625,6,15
10,ES,1.0123433,1.7800868,1.2254295,4,10
10,ES,0.97262067,1.7800868,1.1450342,4,43
10,ES,0.93817866,1.7800868,2.0429065,6,40
10,ES,0.9705085,1.7800868,2.1004195,2,666
10,ES,0.9639975,1.7800868,2.5147724,5,999
10,ES,0.97932553,1.7800868,1.6055217,6,50
10,ES,1.0262767,1.7800868,2.0688648,5,23
10,ES,0.9639975,1.7800868,1.3219024,7,40
10,ES,0.98619825,1.7800868,2.173862,4,8
10,ES,0.9639975,1.7800868,1.2183996,6,5
10,ES,1.0123433,1.7800868,1.3868967,6,50
10,ES,1.1361407,1.7800868,2.343704,7,40
10,ES,1.0883198,1.7800868,2.062044,7,42
10,ES,1.0085056,1.7800868,1.551521,6,50
10,ES,0.9981302,1.7800868,1.7564917,5,18
10,ES,0.9948633,1.7800868,1.6657258,5,666
10,ES,0.92603606,1.7800868,1.4460655,5,41
10,ES,1.0785383,1.7800868,2.0051954,4,40
10,ES,1.004664,1.7800868,2.0724852,5,20
10,ES,0.98619825,1.7800868,2.173862,4,0
10,ES,0.9705085,1.7800868,1.2266291,6,44
10,ES,1.0785383,1.7800868,2.5213757,4,42
10,ES,1.3257346,1.7800868,2.0236566,5,50
10,ES,1.026673,1.7800868,1.7779282,5,40
10,ES,0.98231155,1.7800868,1.3070971,4,42
10,ES,0.9639975,1.7800868,1.2183996,7,45
10,ES,0.9639975,1.7800868,2.2470365,7,25
10,ES,0.98729986,1.7800868,1.6185949,4,999
10,ES,0.97262067,1.7800868,1.2664372,3,40
10,ES,1.0785383,1.7800868,2.4987466,6,40
10,ES,1.0683371,1.7800868,1.3540597,6,40
10,ES,1.1667339,1.7800868,2.0729556,5,63
10,ES,1.0517424,1.7800868,2.1696022,1,40
10,ES,1.0216141,1.7800868,1.9432678,7,50
10,ES,0.97262067,1.7800868,1.6843238,1,40
10,ES,0.98729986,1.7800868,1.6185949,4,40
10,ES,0.9639975,1.7800868,1.3517454,6,50
10,ES,1.3257346,1.7800868,2.5371723,4,40
10,ES,0.9705085,1.7800868,1.8043483,7,40
10,ES,0.94274276,1.7800868,2.0565076,6,20
10,ES,0.97272545,1.7800868,1.3421296,3,50
10,ES,0.97932553,1.7800868,2.1233256,4,999
10,ES,0.97262067,1.7800868,2.3852725,5,40
10,ES,1.004664,1.7800868,2.3452694,4,666
10,ES,0.9948633,1.7800868,1.2609357,6,25
10,ES,1.004664,1.7800868,2.0348403,4,33
10,ES,0.9197751,1.7800868,1.2974806,3,44
10,ES,0.9475041,1.7800868,1.3627826,4,60
10,ES,1.0053914,1.7800868,1.5467293,4,35
10,ES,0.97262067,1.7800868,1.5870503,3,999
10,ES,1.0053914,1.7800868,1.2711025,6,30
10,ES,0.9787166,1.7800868,1.8866209,5,999
10,ES,0.98729986,1.7800868,1.2669964,6,42
10,ES,0.93817866,1.7800868,2.0429065,5,50
10,ES,0.9639975,1.7800868,1.6887375,4,50
10,ES,0.99429214,1.7800868,2.1689577,3,4
10,ES,0.97262067,1.7800868,2.0988965,4,35
10,ES,1.1667339,1.7800868,4.2785726,6,40
10,ES,0.9705085,1.7800868,2.555247,7,666
10,ES,0.98729986,1.7800868,1.2956002,4,50
10,ES,1.0903983,1.7800868,2.2331269,5,35
10,ES,0.92603606,1.7800868,2.1617215,5,666
10,ES,0.97262067,1.7800868,2.0988965,6,666
10,ES,0.9639975,1.7800868,2.2333796,4,7
10,ES,1.004664,1.7800868,2.0724852,7,666
10,ES,0.9787166,1.7800868,2.0284421,6,60
10,ES,0.97262067,1.7800868,2.117905,4,40
10,ES,0.97272545,1.7800868,1.5947019,5,45
10,ES,0.93817866,1.7800868,1.1044866,4,40
10,ES,1.1667339,1.7800868,4.0911474,6,30
10,ES,1.0123433,1.7800868,2.073271,5,40
10,ES,0.97262067,1.7800868,1.242304,6,40
10,ES,1.0085056,1.7800868,1.551521,6,44
10,ES,0.94274276,1.7800868,2.0565076,5,20
10,ES,0.98729986,1.7800868,1.167793,6,40
10,ES,1.2419925,1.7800868,1.322849,1,40
10,ES,0.97272545,1.7800868,1.5947019,5,50
10,ES,0.97272545,1.7800868,1.5947019,6,47
10,ES,0.97262067,1.7800868,2.0988965,5,666
10,ES,0.9705085,1.7800868,2.1392782,4,12
10,ES,1.0785383,1.7800868,2.4293373,7,8
10,ES,0.9705085,1.7800868,1.6194091,6,43
10,ES,0.9705085,1.7800868,1.7001438,3,45
10,ES,0.97272545,1.7800868,1.6924438,4,999
10,ES,0.91649073,1.7800868,1.4099618,3,50
10,ES,1.004664,1.7800868,2.1782625,7,666
10,ES,0.97262067,1.7800868,1.2703503,4,999
10,ES,0.85240275,1.7800868,1.6360853,4,40
10,ES,0.97272545,1.7800868,1.9701523,4,38
10,ES,1.0216141,1.7800868,2.2084088,4,999
10,ES,0.9948633,1.7800868,1.7614484,7,15
10,ES,0.9639975,1.7800868,1.2183996,6,26
10,ES,0.9399285,1.7800868,2.0718703,4,60
10,ES,1.0517424,1.7800868,2.591468,6,30
10,ES,0.97272545,1.7800868,1.1505542,6,40
10,ES,1.1361407,1.7800868,1.567604,4,40
10,ES,0.9948633,1.7800868,1.4049368,4,30
10,ES,2.0242372,1.7800868,4.388851,6,40
10,ES,0.97262067,1.7800868,2.1117315,4,56
10,ES,0.9705085,1.7800868,1.6194091,6,40
10,ES,1.0262767,1.7800868,1.4625897,5,37
10,ES,0.97262067,1.7800868,1.5116863,4,38
10,ES,1.0123433,1.7800868,1.2254295,7,45
10,ES,1.3257346,1.7800868,1.5262815,1,60
10,ES,0.9787166,1.7800868,3.2069738,5,5
10,ES,1.0216141,1.7800868,1.060132,3,35
10,ES,0.96998346,1.7800868,1.6185327,5,20
10,ES,1.5642526,1.7800868,3.2419965,4,8
10,ES,0.9639975,1.7800868,1.6887375,4,35
10,ES,0.9639975,1.7800868,1.3517454,5,40
10,ES,0.7549077,1.7800868,0.94830984,6,28
10,ES,0.97272545,1.7800868,1.5947019,4,50
10,ES,0.7514287,1.7800868,1.3343264,2,50
10,ES,0.97262067,1.7800868,1.2703503,6,40
10,ES,0.9399285,1.7800868,1.3857858,4,40
10,ES,0.97932553,1.7800868,1.4022552,6,47
10,ES,0.8146227,1.7800868,0.91228396,4,70
10,ES,0.97262067,1.7800868,2.117905,7,40
10,ES,1.1076299,1.7800868,1.3913968,4,48
10,ES,0.97262067,1.7800868,1.242304,3,40
10,ES,0.9568306,1.7800868,1.472022,5,40
10,ES,0.8146227,1.7800868,1.4335583,1,666
10,ES,0.8146227,1.7800868,0.84850085,6,10
10,ES,0.9948633,1.7800868,1.3237985,4,37
10,ES,0.98231155,1.7800868,1.0462623,7,40
10,ES,1.0517424,1.7800868,2.1696022,5,999
10,ES,1.1076299,1.7800868,1.5174383,5,42
10,ES,1.0216141,1.7800868,1.4693741,5,50
10,ES,0.96998346,1.7800868,2.247248,6,40
10,ES,1.004664,1.7800868,1.3143252,4,7
10,ES,1.0021169,1.7800868,1.6778708,4,45
10,ES,0.94274276,1.7800868,2.3015418,4,38
10,ES,1.0216141,1.7800868,1.9432678,4,9
10,ES,0.97272545,1.7800868,1.3421296,6,38
10,ES,1.0021169,1.7800868,1.0437925,5,40
10,ES,0.8108232,1.7800868,1.1954395,3,40
10,ES,0.94274276,1.7800868,1.9447509,6,25
10,ES,0.92603606,1.7800868,2.260755,3,6
10,ES,1.2217127,1.7800868,1.4236562,6,38
10,ES,1.004664,1.7800868,1.3183862,5,50
10,ES,0.9639975,1.7800868,1.4212724,4,60
10,ES,0.9948633,1.7800868,1.3237985,6,35
10,ES,0.91664773,1.7800868,1.9815047,5,40
10,ES,0.98619825,1.7800868,1.7276291,5,1
10,ES,0.9639975,1.7800868,1.6085443,3,35
10,ES,0.85240275,1.7800868,1.6313163,6,35
10,ES,1.0883198,1.7800868,1.1591716,4,43
10,ES,1.0785383,1.7800868,2.4987466,6,40
10,ES,1.7085118,1.7800868,1.8141341,4,50
10,ES,0.98729986,1.7800868,2.304735,5,37
10,ES,1.0883198,1.7800868,1.8620056,3,666
10,ES,1.0216141,1.7800868,1.8489014,7,40
10,ES,1.0262767,1.7800868,1.7772423,6,999
10,ES,0.8522979,1.7800868,1.7321336,7,666
10,ES,1.1076299,1.7800868,1.1493909,4,30
10,ES,0.9197751,1.7800868,2.1153038,5,0
10,ES,1.0883198,1.7800868,1.8222024,5,37
10,ES,0.97932553,1.7800868,1.6055217,6,45
10,ES,1.0123433,1.7800868,1.2716984,4,40
10,ES,1.0683371,1.7800868,1.5086963,4,999
10,ES,0.98729986,1.7800868,2.1600003,5,48
10,ES,0.97272545,1.7800868,2.270713,5,37
10,ES,0.97272545,1.7800868,1.5189736,7,40
10,ES,1.0216141,1.7800868,1.3995973,4,30
10,ES,1.0883198,1.7800868,1.1556013,3,999
10,ES,1.1634079,1.7800868,2.3052986,5,999
10,ES,0.9568306,1.7800868,1.472022,6,40
10,ES,0.9639975,1.7800868,1.3475817,5,35
10,ES,0.98729986,1.7800868,1.5417329,6,999
10,ES,1.0123433,1.7800868,1.9430717,3,8
10,ES,1.0785383,1.7800868,2.5140266,5,72
10,ES,1.004664,1.7800868,2.0348403,6,35
10,ES,1.0216141,1.7800868,2.1881084,6,50
10,ES,0.93817866,1.7800868,1.9262576,4,40
10,ES,0.9639975,1.7800868,1.6887375,4,50
10,ES,1.0683371,1.7800868,1.1964152,6,40
10,ES,0.99429214,1.7800868,2.1557753,4,28
10,ES,0.9197751,1.7800868,1.9766874,5,35
10,ES,0.97262067,1.7800868,1.5870503,6,50
10,ES,0.97262067,1.7800868,1.9969732,5,40
10,ES,0.97262067,1.7800868,2.3633459,3,40
10,ES,0.97262067,1.7800868,1.9607,5,60
10,ES,0.99429214,1.7800868,1.3718865,4,45
10,ES,1.1076299,1.7800868,1.1493909,6,40
10,ES,0.97262067,1.7800868,1.5116863,6,40
10,ES,1.0123433,1.7800868,1.3868967,6,35
10,ES,1.0517424,1.7800868,2.2803364,6,37
10,ES,0.92603606,1.7800868,1.4460655,6,40
10,ES,0.97272545,1.7800868,1.3928047,6,11
10,ES,0.88748467,1.7800868,1.1438316,6,40
10,ES,0.9568306,1.7800868,1.944576,4,40
10,ES,1.0021169,1.7800868,1.0437925,6,25
10,ES,1.0262767,1.7800868,2.2282283,2,4
10,ES,0.9475041,1.7800868,1.0667524,6,35
10,ES,0.85240275,1.7800868,1.6214015,6,15
10,ES,1.0105621,1.7800868,1.1776034,5,50
10,ES,0.97262067,1.7800868,2.117905,7,30
10,ES,1.0123433,1.7800868,1.45604,4,40
10,ES,1.0123433,1.7800868,1.3868967,3,38
10,ES,0.97262067,1.7800868,1.1450342,5,666
10,ES,1.0517424,1.7800868,2.567645,6,666
10,ES,1.004664,1.7800868,2.0348403,5,15
10,ES,0.98619825,1.7800868,2.5726879,6,666
10,ES,0.97932553,1.7800868,1.3512363,6,45
10,ES,0.97262067,1.7800868,2.3852725,6,666
10,ES,0.93817866,1.7800868,1.3370378,2,55
10,ES,0.97272545,1.7800868,1.5947019,3,3
10,ES,0.9787166,1.7800868,1.9232707,5,666
10,ES,1.0123433,1.7800868,1.2716984,4,40
10,ES,0.97262067,1.7800868,1.3356905,6,999
10,ES,1.0216141,1.7800868,1.060132,7,35
10,ES,1.0883198,1.7800868,2.062044,6,5
10,ES,0.97262067,1.7800868,1.9969732,5,40
10,ES,0.94274276,1.7800868,1.5455475,7,45
10,ES,0.97272545,1.7800868,2.1090147,4,40
10,ES,0.9475041,1.7800868,1.683631,7,666
10,ES,0.93817866,1.7800868,2.024571,6,40
10,ES,1.0123433,1.7800868,1.1654831,4,8
10,ES,0.97932553,1.7800868,2.1233256,4,44
10,ES,0.9197751,1.7800868,1.0718098,6,50
10,ES,0.97262067,1.7800868,1.242304,7,38
10,ES,0.9981302,1.7800868,1.0631106,5,5
10,ES,0.97262067,1.7800868,2.117905,1,60
10,ES,0.96998346,1.7800868,1.2259654,6,37
10,ES,0.97272545,1.7800868,2.1090147,7,666
10,ES,0.92603606,1.7800868,1.2114625,5,666
10,ES,0.9948633,1.7800868,1.2609357,6,35
10,ES,0.9639975,1.7800868,1.3517454,5,60
10,ES,1.004664,1.7800868,2.1782625,5,40
10,ES,0.82449466,1.7800868,1.5683157,4,30
10,ES,1.0517424,1.7800868,2.29428,5,40
10,ES,1.0216141,1.7800868,1.3995973,6,27
10,ES,1.0105621,1.7800868,2.053775,6,20
10,ES,1.0785383,1.7800868,2.8396783,6,41
10,ES,1.0517424,1.7800868,2.2803364,6,56
10,ES,0.9948633,1.7800868,1.1141328,6,43
10,ES,1.0683371,1.7800868,2.1365552,4,666
10,ES,0.9705085,1.7800868,2.1004195,6,48
10,ES,0.9475041,1.7800868,1.8022989,7,20
10,ES,0.98619825,1.7800868,1.7276291,6,38
10,ES,1.0053914,1.7800868,1.3666539,4,37
10,ES,0.9475041,1.7800868,1.8186209,3,40
10,ES,0.9705085,1.7800868,2.4208527,4,999
10,ES,0.94274276,1.7800868,2.0440083,6,666
10,ES,0.97272545,1.7800868,1.5947019,6,40
10,ES,1.3257346,1.7800868,1.6653783,4,6
10,ES,0.99429214,1.7800868,1.6300582,7,44
10,ES,1.1667339,1.7800868,3.5496275,2,49
10,ES,0.97272545,1.7800868,1.2764746,99,45
10,ES,1.004664,1.7800868,2.1782625,5,999
10,ES,0.98231155,1.7800868,1.6447102,7,35
10,ES,0.97262067,1.7800868,1.3356905,3,30
10,ES,1.1076299,1.7800868,1.6907328,4,50
10,ES,1.0123433,1.7800868,2.1682518,6,666
10,ES,0.9568306,1.7800868,1.3497529,6,42
10,ES,1.004664,1.7800868,2.1782625,4,60
10,ES,1.0517424,1.7800868,2.2169938,4,42
10,ES,0.9639975,1.7800868,2.1249256,7,55
10,ES,0.97262067,1.7800868,1.242304,3,45
10,ES,0.97262067,1.7800868,2.2598183,2,48
10,ES,0.91664773,1.7800868,1.9815047,4,999
10,ES,0.9197751,1.7800868,1.2502736,6,999
10,ES,0.9197751,1.7800868,1.1628593,6,40
10,ES,0.9399285,1.7800868,2.1776166,4,999
10,ES,0.7514287,1.7800868,0.9998763,4,0
10,ES,0.97262067,1.7800868,1.9969732,6,60
10,ES,0.98231155,1.7800868,1.7286541,3,666
10,ES,0.98619825,1.7800868,2.3055055,4,40
10,ES,0.9948633,1.7800868,1.1561996,6,14
10,ES,1.0105621,1.7800868,2.1781461,5,40
10,ES,0.98619825,1.7800868,2.284814,6,666
10,ES,1.0683371,1.7800868,1.8278173,6,8
10,ES,0.97262067,1.7800868,1.1450342,4,42
10,ES,0.9639975,1.7800868,1.6085443,2,8
10,ES,0.97262067,1.7800868,1.3356905,4,50
10,ES,0.99429214,1.7800868,2.1557753,7,40
10,ES,0.93817866,1.7800868,1.9262576,6,666
10,ES,0.97262067,1.7800868,2.3633459,6,40
10,ES,0.9197751,1.7800868,1.8692681,1,666
10,ES,1.5431608,1.7800868,2.9353304,4,40
10,ES,0.97272545,1.7800868,1.6924438,5,40
10,ES,0.9475041,1.7800868,1.7147789,2,666
10,ES,0.98231155,1.7800868,0.94305164,4,42
10,ES,1.5642526,1.7800868,2.7792335,6,666
10,IL,0.17924038,0.50681955,0.042283855,99,999
10,IL,1.6003152,0.50681955,0.38713488,7,999
10,IL,1.7027164,0.50681955,1.5718396,3,666
10,IL,0.99004114,0.50681955,0.6323317,5,999
10,IL,0.49283585,0.50681955,0.39840496,4,30
10,IL,0.6985504,0.50681955,0.16479222,99,666
10,IL,2.0470784,0.50681955,0.5260964,3,999
10,IL,1.7962723,0.50681955,0.43453905,5,999
10,IL,0.72230315,0.50681955,0.17039564,5,38
10,IL,0.79608613,0.50681955,0.20459306,6,36
10,IL,0.6985504,0.50681955,0.16479222,99,666
10,IL,0.29062766,0.50681955,0.07030627,3,28
10,IL,0.40941575,0.50681955,0.09133167,6,666
10,IL,1.1238863,0.50681955,0.27188137,4,30
10,IL,0.768173,0.50681955,0.26426128,7,27
10,IL,2.0037324,0.50681955,0.5149565,2,8
10,IL,2.5894384,0.50681955,0.6654822,5,999
10,IL,2.2842214,0.50681955,0.5870419,6,8
10,IL,1.1949359,0.50681955,2.0494576,5,32
10,IL,0.42812586,0.50681955,0.10099748,4,50
10,IL,1.2282468,0.50681955,0.42253256,5,30
10,IL,0.8010307,0.50681955,1.6632855,6,666
10,IL,0.5334384,0.50681955,0.12904504,2,7
10,IL,1.0992346,0.50681955,0.2593159,99,999
10,IL,1.8636066,0.50681955,0.4508283,6,150
10,IL,0.8010307,0.50681955,0.81279284,5,50
10,IL,1.1642505,0.50681955,0.20724614,5,33
10,IL,0.6571145,0.50681955,0.16887756,4,999
10,IL,1.6500684,0.50681955,0.38926122,5,42
10,IL,0.9900411,0.50681955,2.0494576,6,168
10,IL,0.930239,0.50681955,0.20751584,5,7
10,IL,1.1647542,0.50681955,1.0752264,6,666
10,IL,1.8057581,0.50681955,1.8322735,7,999
10,IL,0.48681247,0.50681955,0.11776559,6,42
10,IL,2.0379841,0.50681955,0.52375925,2,35
10,IL,0.3492751,0.50681955,0.062173847,4,999
10,IL,0.5496173,0.50681955,0.12965795,99,999
10,IL,1.5605911,0.50681955,0.9967371,4,666
10,IL,1.2573906,0.50681955,0.30417743,3,75
10,IL,1.536346,0.50681955,0.37166014,6,999
10,IL,0.34054333,0.50681955,0.080336176,2,999
10,IL,1.8670344,0.50681955,0.45165762,6,666
10,IL,0.6985502,0.50681955,0.16898753,5,10
10,IL,1.4390188,0.50681955,2.0494576,7,28
10,IL,1.4069004,0.50681955,1.137328,6,35
10,IL,0.56324106,0.50681955,0.1937621,5,35
10,IL,1.357878,0.50681955,0.86726636,3,666
10,IL,1.7027165,0.50681955,0.43759537,1,35
10,IL,0.31890342,0.50681955,0.20926718,6,666
10,IL,1.3529042,0.50681955,1.0936784,5,30
10,IL,1.4248171,0.50681955,0.4901552,4,50
10,IL,1.0834548,0.50681955,0.27844638,4,40
10,IL,1.6739606,0.50681955,1.0691462,5,40
10,IL,1.0738772,0.50681955,0.68587685,7,999
10,IL,1.7603469,0.50681955,0.3133561,7,666
10,IL,0.8188314,0.50681955,0.1931672,3,36
10,IL,1.2756137,0.50681955,0.3085858,7,5
10,IL,0.8188315,0.50681955,0.19808494,6,2
10,IL,0.8188314,0.50681955,0.19808494,3,1
10,IL,1.0800449,0.50681955,0.25478917,6,4
10,IL,1.0478255,0.50681955,0.26928973,2,9
10,IL,1.6227083,0.50681955,0.4170339,5,28
10,IL,0.9900411,0.50681955,0.25443923,3,10
10,IL,0.80103076,0.50681955,0.19377886,4,666
10,IL,0.9900412,0.50681955,0.25443923,4,36
10,IL,0.55093545,0.50681955,0.12996891,99,999
10,IL,1.0478255,0.50681955,0.1865216,3,50
10,IL,1.0738772,0.50681955,1.0896462,6,999
10,IL,0.8731879,0.50681955,0.80607116,6,666
10,IL,1.0992346,0.50681955,0.2825019,1,666
10,IL,0.8562517,0.50681955,0.22005571,6,35
10,IL,0.80223334,0.50681955,0.20617291,3,38
10,IL,1.3971004,0.50681955,0.33797505,3,7
10,IL,0.22604375,0.50681955,0.053325098,6,999
10,IL,1.1102797,0.50681955,0.19763906,5,12
10,IL,0.40941575,0.50681955,0.4154276,7,666
10,IL,1.2794241,0.50681955,0.81715846,2,52
10,IL,0.81519365,0.50681955,0.19230917,6,30
10,IL,0.891037,0.50681955,0.30652788,2,45
10,IL,0.80223334,0.50681955,0.14280416,4,999
10,IL,1.3423465,0.50681955,0.8573464,6,60
10,IL,0.55513984,0.50681955,0.35456342,4,55
10,IL,1.0964261,0.50681955,0.37718442,6,45
10,IL,0.47628456,0.50681955,0.084782586,2,999
10,IL,1.0278996,0.50681955,0.2641687,5,30
10,IL,0.31211823,0.50681955,0.06962675,7,666
10,IL,0.80149305,0.50681955,0.68752956,7,42
10,IL,0.9379337,0.50681955,0.59905076,6,999
10,IL,1.0513833,0.50681955,1.0668215,6,999
10,IL,0.54821306,0.50681955,0.12932675,3,999
10,IL,1.4647155,0.50681955,0.37642983,6,23
10,IL,0.7195094,0.50681955,0.18491285,4,999
10,IL,0.99004114,0.50681955,0.23355645,6,999
10,IL,0.40941575,0.50681955,0.37794632,4,666
10,IL,0.49283585,0.50681955,0.11626287,5,999
10,IL,0.74844676,0.50681955,0.17656305,6,30
10,IL,0.4341115,0.50681955,2.0494576,6,999
10,IL,0.80601954,0.50681955,0.27728087,6,80
10,IL,0.5675721,0.50681955,0.101032585,6,8
10,IL,0.868223,0.50681955,0.80148786,3,40
10,IL,0.28982404,0.50681955,0.24861413,4,999
10,IL,0.4315731,0.50681955,0.11091375,7,666
10,IL,1.9800824,0.50681955,0.32670292,7,666
10,IL,0.9318033,0.50681955,0.21981783,6,45
10,IL,0.29339117,0.50681955,0.06921269,7,666
10,IL,1.4400598,0.50681955,0.37009344,4,50
10,IL,1.3546841,0.50681955,0.31957817,4,42
10,IL,1.6446391,0.50681955,0.2927592,6,2
10,IL,0.9736248,0.50681955,0.6218463,3,666
10,IL,0.2849634,0.50681955,0.098031074,4,50
10,IL,0.8429147,0.50681955,0.2166278,5,40
10,IL,0.39601645,0.50681955,0.10177563,4,45
10,IL,1.3953586,0.50681955,1.4158473,7,37
10,IL,0.9900411,0.50681955,0.25443923,6,30
10,IL,1.0478256,0.50681955,0.1865216,2,40
10,IL,2.3494847,0.50681955,2.0165079,7,42
10,IL,1.6029861,0.50681955,0.378154,1,60
10,IL,1.713166,0.50681955,0.4402811,2,25
10,IL,1.1526082,0.50681955,0.27190718,6,36
10,IL,0.57105535,0.50681955,0.13814498,5,47
10,IL,1.4143444,0.50681955,0.36348474,5,60
10,IL,3.189391,0.50681955,0.7114833,7,15
10,IL,1.0738772,0.50681955,0.68587685,1,999
10,IL,1.7125034,0.50681955,0.4039899,3,666
10,IL,0.80103076,0.50681955,0.18896794,5,999
10,IL,2.1027665,0.50681955,0.72337806,6,40
10,IL,0.6600274,0.50681955,0.15570435,7,999
10,IL,0.29701233,0.50681955,0.052870616,6,999
10,IL,0.49283585,0.50681955,0.11626287,4,50
10,IL,0.6286953,0.50681955,2.0494576,6,42
10,IL,1.1351442,0.50681955,1.0478927,6,45
10,IL,1.1238863,0.50681955,0.28883713,4,30
10,IL,1.0481062,0.50681955,0.66941726,6,40
10,IL,0.40111667,0.50681955,0.40700638,7,666
10,IL,0.5334384,0.50681955,0.13709293,6,66
10,IL,0.3224942,0.50681955,0.66963714,6,24
10,IL,0.4520875,0.50681955,0.109365225,6,25
10,IL,1.9051383,0.50681955,0.33913034,4,999
10,IL,0.42922607,0.50681955,0.076405756,3,666
10,IL,1.1949359,0.50681955,0.76319647,5,999
10,IL,0.7443922,0.50681955,0.18007731,6,35
10,IL,1.7258302,0.50681955,0.5937075,5,10
10,IL,1.2573907,0.50681955,0.43255812,4,50
10,IL,0.58212525,0.50681955,0.14082289,3,12
10,IL,0.8001576,0.50681955,0.19356744,2,24
10,IL,0.40051538,0.50681955,0.089346245,4,666
10,IL,0.6985502,0.50681955,0.16898753,3,666
10,IL,0.5876644,0.50681955,0.14216289,6,45
10,IL,0.8631462,0.50681955,0.2218275,3,21
10,IL,1.6020614,0.50681955,0.38755772,4,30
10,IL,0.8735658,0.50681955,0.22450513,7,30
10,IL,1.3878498,0.50681955,0.2470485,3,50
10,IL,0.86192787,0.50681955,0.15343025,5,50
10,IL,1.6131634,0.50681955,0.39024308,6,43
10,IL,1.0478255,0.50681955,0.1865216,6,47
10,IL,0.7200299,0.50681955,0.1741836,3,50
10,IL,0.8793877,0.50681955,0.15653831,6,30
10,IL,0.55093545,0.50681955,0.50858855,5,999
10,IL,1.2597406,0.50681955,0.32375157,5,666
10,IL,0.5579869,0.50681955,0.19195463,3,43
10,IL,0.49283585,0.50681955,0.11626287,4,999
10,IL,1.1351442,0.50681955,0.20206517,6,44
10,IL,0.40111667,0.50681955,0.09462586,7,60
10,IL,0.7920329,0.50681955,0.80366296,7,45
10,IL,2.1578653,0.50681955,0.5220131,4,33
10,IL,1.1421107,0.50681955,0.29352096,6,50
10,IL,2.0025768,0.50681955,0.51465964,3,999
10,IL,0.37709332,0.50681955,0.3826308,7,666
10,IL,0.7858691,0.50681955,0.13989125,3,35
10,IL,0.28719914,0.50681955,0.06775202,6,45
10,IL,0.5117696,0.50681955,0.12380309,5,5
10,IL,0.72230315,0.50681955,0.4739816,2,666
10,IL,0.86445624,0.50681955,0.20393035,2,666
10,IL,1.8385899,0.50681955,0.43373445,6,35
10,IL,1.1735647,0.50681955,0.27685076,4,666
10,IL,1.1351442,0.50681955,0.26778728,6,45
10,IL,0.27122977,0.50681955,0.063984774,5,30
10,IL,0.5334384,0.50681955,0.13709293,4,999
10,IL,1.3705326,0.50681955,0.4714805,4,20
10,IL,1.637663,0.50681955,1.5117853,6,666
10,IL,1.0680408,0.50681955,2.0494576,2,8
10,IL,0.4094157,0.50681955,0.37794632,2,7
10,IL,2.0055835,0.50681955,0.5154321,6,58
10,IL,2.8704517,0.50681955,1.833335,6,666
10,IL,0.31211823,0.50681955,0.07363057,7,60
10,IL,1.5840658,0.50681955,0.40710253,5,50
10,IL,1.2794241,0.50681955,0.30182377,6,40
10,IL,0.77593035,0.50681955,0.13812199,7,999
10,IL,1.3190815,0.50681955,2.0494576,6,12
10,IL,0.80540794,0.50681955,0.51440805,6,0
10,IL,0.75418663,0.50681955,0.18244666,4,45
10,IL,2.0025768,0.50681955,0.51465964,2,42
10,IL,0.69855034,0.50681955,0.16898753,3,30
10,IL,0.91929495,0.50681955,0.93279296,7,999
10,IL,1.4048579,0.50681955,0.3610463,2,36
10,IL,0.8001576,0.50681955,0.2056394,5,39
10,IL,1.0992346,0.50681955,0.7020727,6,45
10,IL,1.1625106,0.50681955,1.1795799,3,6
10,IL,0.8562517,0.50681955,0.22005571,2,42
10,IL,0.6595408,0.50681955,0.42124376,3,4
10,IL,0.6985504,0.50681955,0.16479222,99,666
10,IL,1.0278996,0.50681955,0.94889134,6,56
10,IL,1.0478256,0.50681955,2.0494576,5,3
10,IL,1.6376628,0.50681955,0.36532667,5,999
10,IL,0.54245955,0.50681955,0.13941143,5,20
10,IL,1.0513833,0.50681955,0.27020404,3,999
10,IL,1.4400598,0.50681955,0.91975504,3,9
10,IL,1.0481062,0.50681955,0.24725446,7,10
10,IL,1.6029861,0.50681955,0.4119655,5,50
10,IL,1.4691613,0.50681955,1.3562351,6,6
10,IL,0.2809716,0.50681955,0.06797034,5,6
10,IL,1.5605911,0.50681955,1.5835068,4,12
10,IL,0.39601645,0.50681955,0.09342261,6,999
10,IL,0.54002243,0.50681955,0.13063775,7,40
10,IL,0.36001495,0.50681955,0.08492964,7,999
10,IL,0.85845214,0.50681955,0.8710573,6,999
10,IL,1.1398536,0.50681955,0.26889837,4,40
10,IL,1.1747423,0.50681955,0.27712858,6,50
10,IL,0.6869457,0.50681955,0.16205464,99,999
10,IL,0.84860665,0.50681955,0.21809082,6,60
10,IL,1.1487966,0.50681955,0.92867863,5,50
10,IL,1.9051383,0.50681955,0.33913034,5,8
10,IL,1.1127143,0.50681955,0.38278776,5,999
10,IL,0.5139498,0.50681955,0.47444567,6,666
10,IL,0.5369386,0.50681955,0.34293842,7,999
10,IL,0.84860665,0.50681955,0.21809082,5,60
10,IL,1.5989549,0.50681955,0.3772031,5,90
10,IL,0.46896684,0.50681955,0.12052374,6,20
10,IL,1.7603469,0.50681955,0.452407,7,666
10,IL,0.6985504,0.50681955,0.16479222,99,666
10,IL,1.1647542,0.50681955,0.27477244,4,42
10,IL,0.8100336,0.50681955,0.19109188,2,666
10,IL,0.31211823,0.50681955,0.19934766,5,666
10,IL,0.85845214,0.50681955,2.0494576,1,666
10,IL,1.1753289,0.50681955,0.30205783,3,16
10,IL,0.79947746,0.50681955,0.6462925,5,15
10,IL,1.2843776,0.50681955,1.0382819,6,45
10,IL,0.8793877,0.50681955,1.825989,6,35
10,IL,0.42243075,0.50681955,0.34149,7,50
10,IL,1.743766,0.50681955,1.1137304,3,48
10,IL,0.98567176,0.50681955,0.25331637,7,42
10,IL,2.1406295,0.50681955,1.4047012,7,42
10,IL,0.68108666,0.50681955,0.5505861,6,999
10,IL,0.5812553,0.50681955,0.5897899,5,48
10,IL,1.4048579,0.50681955,0.3610463,4,25
10,IL,1.6020614,0.50681955,1.0232242,7,999
10,IL,0.94480544,0.50681955,0.22855951,4,5
10,IL,0.27756992,0.50681955,0.065480426,4,40
10,IL,1.5605911,0.50681955,0.4010695,3,999
10,IL,1.4656461,0.50681955,0.3545571,5,42
10,IL,1.2224631,0.50681955,2.0494576,6,70
10,IL,1.4604373,0.50681955,0.5024086,6,52
10,IL,0.43145755,0.50681955,0.1017834,2,60
10,IL,0.871883,0.50681955,0.5568652,5,36
10,IL,1.7463758,0.50681955,2.0494576,4,12
10,IL,0.89813614,0.50681955,2.0494576,2,999
10,IL,0.34054333,0.50681955,2.0494576,2,666
10,IL,0.5763041,0.50681955,0.10258684,2,65
10,IL,1.4656461,0.50681955,0.34575465,3,48
10,IL,0.48681247,0.50681955,0.11484193,4,999
10,IL,1.1647542,0.50681955,0.40069005,6,50
10,IL,0.84860665,0.50681955,2.0494576,5,40
10,IL,0.24340624,0.50681955,0.057420965,4,999
10,IL,0.8562517,0.50681955,1.7779492,6,45
10,IL,0.6410885,0.50681955,0.51825154,7,8
10,IL,1.4669558,0.50681955,0.9369336,1,45
10,IL,0.87356573,0.50681955,0.80641985,5,5
10,IL,0.8631462,0.50681955,0.20362128,3,666
10,IL,1.2282473,0.50681955,0.28975064,5,45
10,IL,0.5496173,0.50681955,2.0494576,6,50
10,IL,1.3200548,0.50681955,1.0671239,6,45
10,IL,0.8731879,0.50681955,0.80607116,4,666
10,IL,0.80540794,0.50681955,0.8172338,7,999
10,IL,0.31211823,0.50681955,0.31670126,6,8
10,IL,1.0992346,0.50681955,2.0494576,4,999
10,IL,0.85845214,0.50681955,0.20766972,3,40
10,IL,1.5989549,0.50681955,1.292585,6,999
10,IL,0.9736248,0.50681955,0.3349392,7,45
10,IL,1.0513833,0.50681955,0.97056955,4,30
10,IL,1.1351442,0.50681955,0.26778728,6,50
10,IL,2.0956507,0.50681955,0.5069625,7,8
10,IL,2.1848276,0.50681955,0.56149775,2,999
10,IL,1.4407603,0.50681955,0.33988398,1,40
10,IL,0.6985503,0.50681955,0.124347694,5,168
10,IL,1.5717381,0.50681955,0.2797825,5,40
10,IL,0.6298703,0.50681955,0.15237291,4,20
10,IL,1.540064,0.50681955,0.36331,5,45
10,IL,0.6985502,0.50681955,0.16479221,6,999
10,IL,1.1159738,0.50681955,0.26326495,5,40
10,IL,0.44074836,0.50681955,0.10662223,6,12
10,IL,1.9134204,0.50681955,0.34060442,7,1
10,IL,0.79662377,0.50681955,0.5087974,4,40
10,IL,0.86192787,0.50681955,0.20851047,5,9
10,IL,0.990041,0.50681955,0.34058657,5,30
10,IL,1.9713434,0.50681955,1.8198171,7,999
10,IL,1.2943727,0.50681955,1.1948828,6,0
10,IL,0.8448615,0.50681955,0.7799224,6,30
10,IL,1.0478253,0.50681955,0.8470551,2,34
10,IL,0.6653005,0.50681955,0.11842899,3,45
10,IL,1.1159738,0.50681955,0.28680387,2,56
10,IL,1.0800447,0.50681955,0.25478902,3,40
10,IL,0.7443922,0.50681955,0.13250795,4,12
10,IL,1.3878498,0.50681955,0.32740217,4,36
10,IL,2.0250843,0.50681955,1.6370633,5,32
10,IL,0.8562517,0.50681955,0.20199496,6,60
10,IL,0.9900411,0.50681955,0.25443923,2,32
10,IL,1.3971006,0.50681955,0.35905293,2,23
10,IL,0.33265024,0.50681955,0.059214495,7,40
10,IL,1.1351442,0.50681955,2.0494576,5,999
10,IL,0.904175,0.50681955,0.83467597,6,37
10,IL,1.7027164,0.50681955,1.3764638,4,4
10,IL,1.6044667,0.50681955,0.41234583,3,999
10,IL,1.746376,0.50681955,1.6121423,1,666
10,IL,1.1302187,0.50681955,1.1468151,4,60
10,IL,1.540064,0.50681955,2.0494576,6,5
10,IL,1.0481061,0.50681955,0.3605619,3,50
10,IL,0.4964713,0.50681955,0.12759252,2,40
10,IL,0.8188315,0.50681955,0.8308552,7,60
10,IL,0.34054333,0.50681955,0.08751915,6,42
10,IL,0.88017344,0.50681955,0.8125197,4,24
10,IL,0.44074836,0.50681955,0.9151833,7,10
10,IL,0.7443922,0.50681955,0.19130772,6,30
10,IL,0.84860665,0.50681955,0.15105893,4,42
10,IL,1.3190815,0.50681955,1.0663363,4,40
10,IL,0.91929495,0.50681955,0.2362575,4,16
10,IL,0.40111667,0.50681955,0.10308646,7,32
10,IL,0.770032,0.50681955,1.5989193,5,999
10,IL,1.8690716,0.50681955,1.7254075,7,666
10,IL,0.4515614,0.50681955,2.0494576,4,666
10,IL,0.31893912,0.50681955,0.08196695,7,6
10,IL,0.31211823,0.50681955,0.07363057,4,999
10,IL,0.6985502,0.50681955,0.16479221,7,666
10,IL,0.9856717,0.50681955,0.23252574,4,45
10,IL,0.8793877,0.50681955,0.20745285,4,8
10,IL,0.5256916,0.50681955,0.42496508,4,60
10,IL,0.9900411,0.50681955,0.17623547,7,32
10,IL,0.56324106,0.50681955,0.13625468,2,27
10,IL,1.2794241,0.50681955,1.0975044,3,30
10,IL,0.44074836,0.50681955,0.1039751,7,999
10,IL,0.79947746,0.50681955,0.18860155,6,35
10,IL,1.0478256,0.50681955,0.26928973,6,15
10,IL,0.31890342,0.50681955,0.075231194,99,999
10,IL,0.930239,0.50681955,0.20751584,7,666
10,IL,1.1351442,0.50681955,0.27460465,5,45
10,IL,0.40111667,0.50681955,0.40700638,7,999
10,IL,0.9900411,0.50681955,0.34058657,4,20
10,IL,0.80223334,0.50681955,0.20617291,4,666
10,IL,0.5699268,0.50681955,0.19606215,6,45
10,IL,0.3297704,0.50681955,0.07779477,5,999
10,IL,1.1351442,0.50681955,0.2917308,6,44
10,IL,0.40074652,0.50681955,0.10299137,4,40
10,IL,0.44074836,0.50681955,0.1039751,7,999
10,IL,0.65954083,0.50681955,0.53316814,7,30
10,IL,1.6044667,0.50681955,2.0494576,2,48
10,IL,0.5619432,0.50681955,0.13594069,5,30
10,IL,0.40111667,0.50681955,0.40700638,7,50
10,IL,0.8382606,0.50681955,0.19775063,4,999
10,IL,1.7463758,0.50681955,0.44881645,4,60
10,IL,0.68108666,0.50681955,0.16476285,5,36
10,IL,0.41913018,0.50681955,0.09887529,2,999
10,IL,1.7289125,0.50681955,0.41824406,7,70
10,IL,1.3561487,0.50681955,1.3760614,6,50
10,IL,0.4315731,0.50681955,0.11091375,7,666
10,IL,0.55513984,0.50681955,0.56329155,7,666
10,IL,0.9900411,0.50681955,2.0494576,6,35
10,IL,1.0738772,0.50681955,0.68587685,7,0
10,IL,1.4684279,0.50681955,0.346411,6,57
10,IL,1.9800822,0.50681955,0.68117315,7,27
10,IL,1.4446063,0.50681955,2.0494576,2,999
10,IL,0.8382606,0.50681955,0.1383085,7,666
10,IL,1.320055,0.50681955,0.3114087,7,3
10,IL,2.551513,0.50681955,0.6019166,5,666
10,IL,1.1647542,0.50681955,0.2073357,7,22
10,IL,0.2938322,0.50681955,0.071081445,5,999
10,IL,0.6449884,0.50681955,0.22188418,5,56
10,IL,2.26313,0.50681955,1.445444,2,666
10,IL,0.28982404,0.50681955,0.2940798,6,666
10,IL,1.4288538,0.50681955,0.25434768,3,40
10,IL,0.62423646,0.50681955,0.16042784,5,8
10,IL,1.1647542,0.50681955,0.40069005,5,50
10,IL,1.0680408,0.50681955,0.2583716,6,50
10,IL,0.55093545,0.50681955,0.35187837,6,21
10,IL,1.1907108,0.50681955,1.2081947,6,40
10,IL,1.2484729,0.50681955,0.79739064,5,666
10,IL,1.2015461,0.50681955,2.0494576,7,50
10,IL,0.8814967,0.50681955,0.30324593,6,666
10,IL,1.3190815,0.50681955,2.0494576,5,39
10,IL,0.88017344,0.50681955,0.56215954,7,666
10,IL,1.2282473,0.50681955,0.31565776,4,666
10,IL,0.40051538,0.50681955,0.34356633,6,999
10,IL,1.1638956,0.50681955,0.29911944,4,30
10,IL,1.7603469,0.50681955,0.41527635,6,8
10,IL,0.95681727,0.50681955,0.8832728,7,15
10,IL,0.9929426,0.50681955,0.25518504,3,666
10,IL,0.6600274,0.50681955,2.0494576,1,12
10,IL,0.9318033,0.50681955,0.23947203,7,46
10,IL,1.980082,0.50681955,0.4671129,4,999
10,IL,0.5876644,0.50681955,0.15102892,3,60
10,IL,1.2794241,0.50681955,0.30182377,5,12
10,IL,0.8814967,0.50681955,0.22654355,6,999
10,IL,1.0614482,0.50681955,1.077034,4,999
10,IL,0.5823771,0.50681955,0.13738622,5,45
10,IL,1.3953586,0.50681955,2.0494576,4,60
10,IL,1.3546841,0.50681955,0.32771412,99,5
10,IL,2.095651,0.50681955,1.338476,7,0
10,IL,0.5240531,0.50681955,0.12362723,5,999
10,IL,0.4515614,0.50681955,2.0494576,6,999
10,IL,0.5619432,0.50681955,0.13594069,7,31
10,IL,1.3971007,0.50681955,0.24869539,2,36
10,IL,0.64908326,0.50681955,0.15312254,4,999
10,IL,1.2794241,0.50681955,0.3288103,7,36
10,IL,1.282177,0.50681955,0.302473,5,60
10,IL,1.1264821,0.50681955,0.3875242,4,12
10,IL,0.2667192,0.50681955,0.06452252,4,666
10,IL,0.5823771,0.50681955,0.14088386,7,47
10,IL,0.7200299,0.50681955,0.1741836,5,45
10,IL,1.2320898,0.50681955,1.1373866,5,10
10,IL,1.3190815,0.50681955,2.0494576,7,150
10,IL,0.49502054,0.50681955,0.116778225,6,999
10,IL,0.63787824,0.50681955,0.40740797,7,24
10,IL,0.49283585,0.50681955,0.08772883,6,999
10,IL,0.6550651,0.50681955,0.15846792,5,999
10,IL,0.9199604,0.50681955,0.23642868,5,50
10,IL,0.6985504,0.50681955,0.16479222,3,999
10,IL,0.79608613,0.50681955,0.20459306,4,36
10,IL,0.54002243,0.50681955,0.12739459,99,999
10,IL,0.56324106,0.50681955,0.13287194,5,35
10,IL,0.6653005,0.50681955,0.16094396,2,666
10,IL,0.9856717,0.50681955,0.17545766,6,11
10,IL,0.8615974,0.50681955,0.69650924,6,52
10,IL,1.3971007,0.50681955,0.48062032,4,35
10,IL,1.1735647,0.50681955,0.27685076,5,0
10,IL,0.54002243,0.50681955,0.12739459,5,50
10,IL,0.59891784,0.50681955,0.4841611,7,40
10,IL,0.5823771,0.50681955,0.47078928,4,999
10,IL,1.1907108,0.50681955,0.7604976,7,666
10,IL,1.3621733,0.50681955,0.3295257,5,40
10,IL,1.0680408,0.50681955,0.274485,4,30
10,IL,1.4647155,0.50681955,0.50388056,6,60
10,IL,0.80103076,0.50681955,0.20586373,2,8
10,IL,1.1018709,0.50681955,2.0494576,7,2
10,IL,1.9429896,0.50681955,0.45836276,4,80
10,IL,0.49502054,0.50681955,0.08811773,7,999
10,IL,0.55635715,0.50681955,0.4497556,6,55
10,IL,1.6200672,0.50681955,0.41635463,6,40
10,IL,0.32454163,0.50681955,0.07656127,4,60
10,IL,0.7920329,0.50681955,0.14098829,5,65
10,IL,0.6976793,0.50681955,0.17930265,6,24
10,IL,1.7389444,0.50681955,1.4916852,6,999
10,IL,0.84860665,0.50681955,2.0494576,7,0
10,IL,0.85845214,0.50681955,0.15281151,6,40
10,IL,2.0432596,0.50681955,1.305014,7,0
10,IL,1.3971006,0.50681955,0.91679025,5,999
10,IL,1.9959017,0.50681955,0.4828318,6,666
10,IL,0.5239127,0.50681955,0.0932608,4,999
10,IL,0.6869457,0.50681955,1.4263965,6,20
10,IL,0.41913015,0.50681955,0.09887529,99,999
10,IL,0.8814967,0.50681955,0.22654355,2,140
10,IL,0.5307241,0.50681955,0.13639542,3,999
10,IL,0.97362494,0.50681955,0.33493945,4,45
10,IL,1.1264821,0.50681955,0.25129342,5,42
10,IL,0.7443922,0.50681955,0.13250795,3,50
10,IL,1.0800449,0.50681955,0.37154913,7,55
10,IL,0.6985502,0.50681955,0.16898753,2,30
10,IL,0.8631462,0.50681955,0.1925492,7,999
10,IL,0.40111667,0.50681955,0.09462586,7,999
10,IL,2.1669097,0.50681955,0.55689275,4,20
10,IL,1.6858294,0.50681955,0.40782177,3,50
10,IL,0.6976793,0.50681955,0.17930265,7,35
10,IL,1.4048579,0.50681955,0.33985174,3,50
10,IL,1.0074248,0.50681955,0.9299903,6,5
10,IL,0.48681247,0.50681955,0.16746973,7,10
10,IL,0.9900411,0.50681955,0.17623547,4,50
10,IL,0.6298703,0.50681955,0.16187578,7,56
10,IL,0.41913015,0.50681955,0.38691416,6,45
10,IL,1.0800447,0.50681955,0.37154913,5,46
10,IL,0.8731879,0.50681955,0.80607116,7,666
10,IL,1.7262924,0.50681955,1.1025699,3,45
10,IL,0.7328231,0.50681955,2.0494576,6,6
10,IL,0.5117696,0.50681955,0.12380309,7,10
10,IL,0.90525204,0.50681955,0.23264873,4,40
10,IL,0.47628456,0.50681955,0.9889722,1,666
10,IL,0.89813614,0.50681955,0.23081985,4,8
10,IL,2.0103939,0.50681955,0.35786664,6,999
10,IL,0.3492751,0.50681955,0.082396105,4,999
10,IL,1.1880493,0.50681955,0.21148247,4,55
10,IL,0.9900411,0.50681955,0.9139423,5,32
10,IL,0.42922607,0.50681955,0.10125696,5,999
10,IL,1.4288538,0.50681955,0.33707508,3,25
10,IL,0.32054424,0.50681955,0.11027128,4,999
10,IL,0.72950387,0.50681955,0.25095853,4,60
10,IL,0.8562517,0.50681955,0.20199496,3,999
10,IL,0.8814967,0.50681955,0.22654355,6,43
10,IL,0.9031228,0.50681955,0.23210134,3,999
10,IL,1.0992345,0.50681955,0.7020727,4,45
10,IL,0.6764521,0.50681955,2.0494576,7,35
10,IL,1.2943727,0.50681955,0.31312406,7,8
10,IL,1.5946953,0.50681955,0.40983462,2,50
10,IL,1.9858851,0.50681955,0.5103701,2,22
10,IL,0.8562517,0.50681955,0.54688144,5,666
10,IL,1.2015461,0.50681955,0.29066804,4,999
10,IL,1.2876782,0.50681955,1.3065858,6,666
10,IL,1.3423465,0.50681955,1.3620578,4,40
10,IL,2.0055835,0.50681955,1.8514265,7,36
10,IL,1.6120391,0.50681955,0.4142916,6,45
10,IL,0.91929495,0.50681955,0.5871469,5,34
10,IL,0.16790412,0.50681955,0.0396096,6,999
10,IL,1.330601,0.50681955,0.2968277,1,666
10,IL,1.3971007,0.50681955,0.33797505,6,47
10,IL,0.22037418,0.50681955,0.05198755,2,999
10,IL,2.628458,0.50681955,2.0008419,4,999
10,IL,0.6716165,0.50681955,0.61999315,7,8
10,IL,1.1264821,0.50681955,0.20052303,5,40
10,IL,0.930239,0.50681955,0.21944888,7,45
10,IL,0.83721507,0.50681955,0.1490313,7,100
10,IL,1.4559426,0.50681955,2.0494576,6,55
10,IL,0.59402466,0.50681955,0.54836583,5,41
10,IL,0.5579869,0.50681955,0.13163248,6,48
10,IL,0.4964713,0.50681955,0.12759252,3,999
10,IL,0.58212525,0.50681955,0.14082289,5,10
10,IL,2.585784,0.50681955,0.46029085,5,999
10,IL,0.44074836,0.50681955,0.1039751,99,999
10,IL,0.28815204,0.50681955,0.0642804,3,666
10,IL,1.4647155,0.50681955,0.35433173,6,666
10,IL,0.9900411,0.50681955,2.0494576,4,45
10,IL,2.0432596,0.50681955,2.0494576,4,0
10,IL,1.3222451,0.50681955,1.3416599,7,72
10,IL,0.63780683,0.50681955,0.40736243,5,2
10,IL,0.9567102,0.50681955,0.23143938,4,40
10,IL,1.3023347,0.50681955,0.31505,7,7
10,IL,0.91929495,0.50681955,0.2362575,7,12
10,IL,0.40111667,0.50681955,0.097034834,7,40
10,IL,0.68108666,0.50681955,0.2343024,6,60
10,IL,1.8062456,0.50681955,0.3215265,7,666
10,IL,0.49283585,0.50681955,0.11626287,6,999
10,IL,0.36001495,0.50681955,0.08492964,4,999
10,IL,0.77593035,0.50681955,2.0494576,4,50
10,IL,0.4094157,0.50681955,0.09904247,3,25
10,IL,2.5697489,0.50681955,0.8840258,4,55
10,IL,1.1165884,0.50681955,0.95782125,6,666
10,IL,0.84860665,0.50681955,0.8610668,5,60
10,IL,0.6852663,0.50681955,0.12198305,7,999
10,IL,0.7334779,0.50681955,0.13056505,5,72
10,IL,0.3712654,0.50681955,0.08758368,6,999
10,IL,0.8188315,0.50681955,0.19808494,6,24
10,IL,0.9900411,0.50681955,0.23950249,7,34
10,IL,0.97362494,0.50681955,0.33493945,5,45
10,IL,0.770032,0.50681955,0.1978972,6,40
10,IL,0.6600275,0.50681955,0.22705774,4,40
10,IL,0.5240531,0.50681955,0.18028095,4,44
10,IL,0.5823771,0.50681955,0.20034502,5,50
10,IL,0.41115978,0.50681955,0.09699504,2,999
10,IL,1.1162869,0.50681955,0.2868842,1,666
10,IL,1.1642505,0.50681955,0.20724614,5,3
10,IL,0.8800366,0.50681955,0.22616829,5,45
10,IL,1.1351442,0.50681955,2.0494576,6,42
10,IL,0.7858691,0.50681955,0.13989125,5,50
10,IL,1.1592962,0.50681955,0.2804474,4,666
10,IL,0.87356573,0.50681955,0.7061847,5,22
10,IL,0.6550651,0.50681955,0.60471404,3,27
10,IL,1.9136345,0.50681955,0.49180132,7,3
10,IL,0.4950206,0.50681955,0.4001709,2,31
10,IL,0.99004114,0.50681955,0.23355645,7,45
10,IL,0.34927514,0.50681955,0.72524595,5,65
10,IL,0.904175,0.50681955,0.23237176,5,40
10,IL,2.2331767,0.50681955,0.540232,4,20
10,IL,1.6972133,0.50681955,1.1137266,6,9
10,IL,1.1127143,0.50681955,0.26917866,5,8
10,IL,1.0478255,0.50681955,0.24718833,6,10
10,IL,0.7443922,0.50681955,0.13250795,5,23
10,IL,1.0992345,0.50681955,0.2593159,5,80
10,IL,1.0235392,0.50681955,0.24145885,3,70
10,IL,0.5763041,0.50681955,0.14810929,2,26
10,IL,0.9900411,0.50681955,0.25443923,3,8
10,IL,1.4968935,0.50681955,1.5188725,5,999
10,IL,0.7195094,0.50681955,0.2475202,6,60
10,IL,1.0481061,0.50681955,0.26936185,6,0
10,IL,0.4964713,0.50681955,0.1171205,3,35
10,IL,0.5239127,0.50681955,0.123594165,7,999
10,IL,0.8001576,0.50681955,0.73865455,4,7
10,IL,0.65711457,0.50681955,0.16887756,6,45
10,IL,1.3971006,0.50681955,0.2305141,7,666
10,IL,1.0235392,0.50681955,1.0385683,6,666
10,IL,0.8631462,0.50681955,2.0494576,5,0
10,IL,1.6020614,0.50681955,0.41172746,2,8
10,IL,0.7858691,0.50681955,0.72546405,6,50
10,IL,3.6847415,0.50681955,2.044478,6,666
10,IL,0.5256916,0.50681955,0.12401377,4,999
10,IL,1.6120391,0.50681955,1.0295975,2,40
10,IL,0.5117696,0.50681955,0.120729424,6,8
10,IL,0.26536205,0.50681955,0.17413296,6,999
10,IL,1.4968935,0.50681955,0.3621162,6,33
10,IL,0.34054333,0.50681955,0.31436774,7,999
10,IL,1.3423465,0.50681955,0.8573464,7,999
10,IL,1.7962723,0.50681955,1.1472653,2,8
10,IL,0.9136885,0.50681955,0.21554443,6,45
10,IL,0.82231957,0.50681955,0.19399008,6,999
10,IL,0.9318033,0.50681955,0.5951358,6,30
10,IL,0.8188315,0.50681955,0.19808494,5,40
10,IL,1.4491203,0.50681955,1.4703977,5,22
10,IL,0.89620185,0.50681955,0.15953125,4,25
10,IL,0.74844676,0.50681955,0.47802725,6,45
10,IL,0.5239128,0.50681955,0.123594165,99,999
10,IL,1.1647542,0.50681955,0.7439199,5,50
10,IL,1.4400598,0.50681955,0.23760201,7,5
10,IL,0.8731879,0.50681955,0.80607116,4,1
10,IL,1.1159738,0.50681955,0.24894926,6,999
10,IL,1.4590077,0.50681955,0.24072845,5,999
10,IL,1.1788038,0.50681955,0.27808687,5,40
10,IL,0.80149305,0.50681955,0.2757238,3,55
10,IL,0.6653005,0.50681955,0.15694839,4,666
10,IL,0.40111667,0.50681955,0.32426003,6,45
10,IL,0.43969384,0.50681955,0.103726424,99,999
10,IL,0.5239127,0.50681955,0.18023269,6,16
10,IL,1.0216299,0.50681955,0.2410085,5,8
10,IL,1.4850616,0.50681955,1.5068674,4,999
10,IL,0.3597547,0.50681955,0.08486827,4,999
10,IL,0.34054333,0.50681955,2.0494576,6,999
10,IL,0.96748257,0.50681955,0.22823477,7,65
10,IL,1.0478255,0.50681955,0.1865216,5,28
10,IL,0.3300137,0.50681955,0.077852175,5,999
10,IL,0.49283585,0.50681955,0.11626287,6,999
10,IL,0.6985502,0.50681955,0.17952646,6,15
10,IL,1.1788038,0.50681955,1.088196,4,45
10,IL,0.3300137,0.50681955,0.077852175,6,999
10,IL,0.37709332,0.50681955,0.09691254,4,50
10,IL,0.41913018,0.50681955,0.09887529,4,666
10,IL,0.8010307,0.50681955,0.18896794,4,45
10,IL,0.5796481,0.50681955,0.37021708,6,666
10,IL,0.8814967,0.50681955,0.15691368,6,40
10,IL,1.0478255,0.50681955,0.24718833,3,666
10,IL,0.6550651,0.50681955,0.16835085,2,666
10,IL,1.3423465,0.50681955,0.8573464,7,0
10,IL,1.0834548,0.50681955,0.69199425,6,999
10,IL,1.6200672,0.50681955,0.5573241,6,10
10,IL,0.5675721,0.50681955,0.101032585,4,45
10,IL,0.4520875,0.50681955,0.106650196,4,40
10,IL,1.2794241,0.50681955,0.30182377,5,40
10,IL,0.63787824,0.50681955,0.40740797,6,666
10,IL,1.0478256,0.50681955,2.0494576,4,10
10,IL,1.1625106,0.50681955,0.29876375,4,9
10,IL,1.1102797,0.50681955,1.1265831,7,666
10,IL,1.4559426,0.50681955,0.35220966,5,8
10,IL,0.5496173,0.50681955,0.14125095,5,999
10,IL,0.8448615,0.50681955,0.21712834,6,50
10,IL,0.55513984,0.50681955,0.35456342,4,666
10,IL,0.29937872,0.50681955,0.07693995,3,666
10,IL,1.3200548,0.50681955,0.3114087,4,999
10,IL,0.59402466,0.50681955,2.0494576,6,999
10,IL,0.68108666,0.50681955,0.1750383,4,999
10,IL,0.62423646,0.50681955,0.53547704,5,999
10,IL,1.9429896,0.50681955,1.2409736,6,666
10,IL,0.5377211,0.50681955,0.43468982,6,999
10,IL,0.80103076,0.50681955,0.14259012,6,999
10,IL,0.904175,0.50681955,0.5774898,6,20
10,IL,0.8429147,0.50681955,1.7502546,5,999
10,IL,1.8336946,0.50681955,2.0494576,5,47
10,IL,0.6985504,0.50681955,0.16479222,4,666
10,IL,0.8382603,0.50681955,1.7405897,5,52
10,IL,0.990041,0.50681955,0.34058657,6,25
10,IL,1.4248171,0.50681955,0.4901552,6,30
10,IL,0.88017344,0.50681955,0.15667805,7,999
10,IL,1.5721593,0.50681955,0.40404263,6,35
10,IL,0.80149305,0.50681955,0.51190734,3,5
10,IL,2.3838031,0.50681955,0.5766698,5,666
10,IL,1.9858851,0.50681955,0.5103701,2,24
10,IL,0.99795085,0.50681955,0.17764358,4,40
10,IL,0.41913018,0.50681955,0.09887529,99,666
10,IL,0.65711457,0.50681955,0.15501736,99,999
10,IL,0.55093545,0.50681955,0.09090141,5,999
10,IL,1.7097803,0.50681955,0.41361585,5,40
10,IL,0.34054333,0.50681955,0.08751915,4,999
10,IL,2.095651,0.50681955,0.5069625,3,40
10,IL,0.4882385,0.50681955,0.11517838,99,999
10,IL,0.33001375,0.50681955,0.26678097,6,8
10,IL,1.0738772,0.50681955,0.27598503,7,999
10,IL,0.5117696,0.50681955,0.12380309,2,35
10,IL,0.45262602,0.50681955,0.41783524,3,48
10,IL,1.0992345,0.50681955,0.26591778,4,8
10,IL,0.40074652,0.50681955,0.25595367,7,666
10,IL,1.6303873,0.50681955,0.41900685,3,10
10,IL,0.36001495,0.50681955,0.0870918,3,60
10,IL,0.7443922,0.50681955,0.18007731,4,666
10,IL,0.9900411,0.50681955,0.8003418,6,2
10,IL,0.8814967,0.50681955,0.22654355,4,999
10,IL,1.5717381,0.50681955,1.0038568,7,999
10,IL,0.46896684,0.50681955,0.104616225,5,20
10,IL,0.7443922,0.50681955,0.68717545,6,6
10,IL,1.3200548,0.50681955,0.45411548,6,43
10,IL,0.4341115,0.50681955,0.111566044,7,666
10,IL,0.8631462,0.50681955,0.79680157,3,666
10,IL,2.0557992,0.50681955,0.33919623,4,666
10,IL,4.156008,0.50681955,0.9271141,7,999
10,IL,0.5239127,0.50681955,0.42352754,2,999
10,IL,0.80103076,0.50681955,0.18896794,7,30
10,IL,0.9900411,0.50681955,0.23950249,5,20
10,IL,1.0478255,0.50681955,0.36046538,7,50
10,IL,1.4656461,0.50681955,0.3545571,7,666
10,IL,0.31890342,0.50681955,0.20926718,4,33
10,IL,1.1398536,0.50681955,0.7479823,5,666
10,IL,0.42430332,0.50681955,0.10904541,4,999
10,IL,2.2331767,0.50681955,2.044478,7,666
10,IL,0.80103076,0.50681955,0.18896794,3,666
10,IL,0.9900411,0.50681955,0.23950249,5,2
10,IL,1.1735647,0.50681955,1.1907963,4,8
10,IL,1.0481062,0.50681955,0.8472822,5,5
10,IL,0.40111667,0.50681955,0.10308646,4,40
10,IL,0.4515614,0.50681955,0.109238,4,24
10,IL,0.68108666,0.50681955,0.16476285,2,40
10,IL,0.75418663,0.50681955,0.19382508,4,45
10,IL,0.8788293,0.50681955,0.56130147,6,40
10,IL,1.0478255,0.50681955,0.25348124,7,44
10,IL,0.8814967,0.50681955,0.75615793,99,999
10,IL,0.47628456,0.50681955,0.40856197,5,666
10,IL,0.46896684,0.50681955,0.11063203,6,999
10,IL,1.3546841,0.50681955,1.2505575,6,45
10,IL,1.4656461,0.50681955,0.3545571,4,48
10,IL,1.2224631,0.50681955,1.1285,3,48
10,IL,0.9900411,0.50681955,0.23355645,5,37
10,IL,0.5743983,0.50681955,0.13895364,5,10
10,IL,1.314229,0.50681955,0.3377551,6,999
10,IL,1.4887844,0.50681955,1.2770963,5,30
10,IL,1.6044667,0.50681955,1.4811414,4,999
10,IL,0.56324106,0.50681955,2.0494576,6,999
10,IL,1.6376628,0.50681955,0.36532667,4,28
10,IL,1.7987734,0.50681955,1.6605117,7,24
10,IL,1.0992343,0.50681955,0.2825019,2,45
10,IL,0.80601954,0.50681955,0.19014476,5,42
10,IL,1.0478255,0.50681955,1.0632111,4,36
10,IL,0.36001495,0.50681955,0.09252336,4,40
10,IL,0.8188314,0.50681955,0.1931672,4,28
10,IL,1.7262924,0.50681955,1.1025699,7,18
10,IL,2.7243466,0.50681955,0.6590514,6,4
10,IL,0.49502054,0.50681955,0.119751245,5,999
10,IL,0.7195094,0.50681955,0.7300744,6,72
10,IL,1.1264821,0.50681955,0.3875242,7,0
10,IL,1.0992346,0.50681955,0.8886133,5,16
10,IL,0.8100336,0.50681955,0.20817731,6,42
10,IL,2.055799,0.50681955,0.70722073,2,999
10,IL,1.5921723,0.50681955,0.40918612,3,666
10,IL,0.5796481,0.50681955,0.5881596,7,666
10,IL,2.0432596,0.50681955,2.0165079,5,0
10,IL,0.49502054,0.50681955,0.116778225,99,999
10,IL,1.2943727,0.50681955,0.8267057,4,45
10,IL,0.44074836,0.50681955,0.1039751,4,999
10,IL,1.4604373,0.50681955,1.1806071,2,46
10,IL,0.8814967,0.50681955,0.22654355,5,40
10,IL,0.66112256,0.50681955,0.5344468,6,15
10,IL,0.40941575,0.50681955,0.067551434,2,2
10,IL,0.3492752,0.50681955,0.084493764,6,999
10,IL,2.9701233,0.50681955,0.6625694,7,999
10,IL,0.85845214,0.50681955,0.8710573,4,0
10,IL,0.5823771,0.50681955,0.13738622,5,43
10,IL,0.86192787,0.50681955,0.22151409,2,46
10,IL,0.9736248,0.50681955,0.3349392,6,12
10,IL,0.5239127,0.50681955,1.0878701,7,8
10,IL,1.0216299,0.50681955,0.26255757,6,42
10,IL,0.9318033,0.50681955,0.32055217,6,12
10,IL,2.0055835,0.50681955,1.8514265,3,25
10,IL,0.770032,0.50681955,0.18627974,5,999
10,IL,0.5876644,0.50681955,0.5962934,2,10
10,IL,1.689723,0.50681955,0.4087639,5,31
10,IL,1.2947193,0.50681955,0.30543205,2,40
10,IL,0.40111667,0.50681955,0.37028536,7,40
10,IL,0.8562517,0.50681955,0.6921879,4,50
10,IL,0.5812553,0.50681955,0.5897899,5,60
10,IL,1.1165884,0.50681955,0.28696173,2,39
10,IL,0.43096393,0.50681955,0.09613867,6,666
10,IL,1.3142291,0.50681955,0.3377551,7,45
10,IL,1.5353088,0.50681955,0.52816576,4,35
10,IL,0.69855034,0.50681955,0.17952646,2,999
10,IL,1.4069004,0.50681955,0.36157164,5,999
10,IL,0.63787824,0.50681955,0.1639339,6,36
10,IL,0.2849634,0.50681955,0.06722459,4,10
10,IL,0.7328231,0.50681955,0.17287733,4,999
10,IL,1.2794241,0.50681955,0.44013777,2,48
10,IL,0.8010307,0.50681955,0.20586373,7,999
10,IL,1.0478255,0.50681955,0.26928973,7,20
10,IL,0.49283585,0.50681955,0.08772883,3,7
10,IL,1.8399208,0.50681955,0.47285736,6,40
10,IL,0.32454166,0.50681955,0.07656127,7,999
10,IL,1.2947192,0.50681955,0.3132078,2,24
10,IL,0.29339117,0.50681955,0.075401165,6,999
10,IL,0.59891784,0.50681955,0.1066123,6,35
10,IL,1.1625106,0.50681955,1.0731561,7,46
10,IL,1.7389444,0.50681955,0.30954626,2,999
10,IL,0.5240531,0.50681955,0.4236411,7,8
10,IL,0.5340204,0.50681955,0.09506,7,60
10,IL,1.0478256,0.50681955,0.36046538,6,50
10,IL,0.5699268,0.50681955,0.10145165,5,55
10,IL,0.3492751,0.50681955,0.082396105,99,999
10,IL,0.45262602,0.50681955,0.116324365,6,46
10,IL,0.17924038,0.50681955,0.042283855,5,999
10,IL,1.4069004,0.50681955,0.898576,6,666
10,IL,1.7441981,0.50681955,0.4482567,5,28
10,IL,0.7443922,0.50681955,0.18007731,4,8
10,IL,1.4785076,0.50681955,1.2682793,6,40
10,IL,1.2947192,0.50681955,0.30543205,6,45
10,IL,0.43145755,0.50681955,0.1017834,4,999
10,IL,0.72230315,0.50681955,0.18563087,5,666
10,IL,0.68108666,0.50681955,0.16067235,1,47
10,IL,1.0481062,0.50681955,0.3605619,5,999
10,IL,0.5675721,0.50681955,0.13730232,5,14
10,IL,0.5763041,0.50681955,0.14810929,2,666
10,IL,1.7587754,0.50681955,1.421782,4,36
10,IL,0.8793877,0.50681955,0.20745285,6,168
10,IL,1.4248171,0.50681955,0.33612284,5,50
10,IL,2.551513,0.50681955,0.56918705,5,666
10,IL,1.1638956,0.50681955,0.2745698,4,50
10,IL,2.0470784,0.50681955,0.4829177,99,50
10,IL,2.4067,0.50681955,0.582209,5,12
10,IL,0.56324106,0.50681955,0.45531997,5,42
10,IL,2.0432596,0.50681955,1.8862056,5,47
10,IL,0.4950205,0.50681955,0.12721962,7,999
10,IL,0.69855034,0.50681955,0.16479222,6,999
10,IL,0.990041,0.50681955,1.004578,4,45
10,IL,0.4950206,0.50681955,0.11677831,4,15
10,IL,1.3350511,0.50681955,0.3431064,5,30
10,IL,1.0992346,0.50681955,0.2825019,6,35
10,IL,0.5796481,0.50681955,0.14896888,4,37
10,IL,1.1880493,0.50681955,0.7587979,5,20
10,IL,0.8188315,0.50681955,0.21043864,6,999
10,IL,0.5256916,0.50681955,0.33575508,6,13
10,IL,0.62423646,0.50681955,0.6334025,5,30
10,IL,0.54002243,0.50681955,0.13063775,7,40
10,IL,0.7443922,0.50681955,0.18007731,4,30
10,IL,1.689723,0.50681955,0.43425667,7,8
10,IL,0.41913018,0.50681955,0.09887529,4,666
10,IL,1.1647542,0.50681955,2.0494576,7,54
10,IL,1.3268102,0.50681955,0.3409886,3,36
10,IL,1.6020615,0.50681955,1.0232242,6,4
10,IL,1.27291,0.50681955,0.30028692,7,45
10,IL,0.9929426,0.50681955,0.25518504,3,35
10,IL,0.868223,0.50681955,0.21003334,4,25
10,IL,0.770032,0.50681955,0.26490074,4,10
10,IL,1.0478255,0.50681955,0.36046538,6,25
10,IL,0.8800366,0.50681955,0.8929585,4,50
10,IL,0.8814967,0.50681955,0.22654355,6,28
10,IL,1.0481062,0.50681955,0.3605619,7,8
10,IL,1.0478256,0.50681955,1.0632111,99,999
10,IL,1.094256,0.50681955,0.2581418,2,40
10,IL,0.9856717,0.50681955,2.046679,7,30
10,IL,0.49283588,0.50681955,0.12665819,2,40
10,IL,1.20335,0.50681955,0.21420622,5,666
10,IL,0.44074836,0.50681955,0.1039751,2,999
10,IL,2.2842214,0.50681955,0.53886116,3,60
10,IL,0.6764521,0.50681955,0.16364175,6,34
10,IL,0.72230315,0.50681955,0.73290944,6,50
10,IL,1.3190815,0.50681955,0.23480733,4,50
10,IL,1.3878498,0.50681955,0.2470485,6,40
10,IL,1.1398536,0.50681955,0.29294088,4,45
10,IL,0.39601645,0.50681955,0.09342261,99,999
10,IL,0.47628427,0.50681955,0.0847825,6,8
10,IL,0.36001495,0.50681955,0.08492964,6,999
10,IL,0.3712654,0.50681955,0.08758368,99,999
10,IL,1.7169043,0.50681955,0.38300386,4,2
10,IL,0.6298703,0.50681955,0.15237291,5,38
10,IL,0.9199604,0.50681955,0.22254914,7,35
10,IL,1.0478255,0.50681955,0.24718833,4,55
10,IL,1.6003152,0.50681955,0.38713488,2,3
10,IL,1.8385899,0.50681955,1.8655859,7,999
10,IL,1.0513833,0.50681955,0.18715496,6,45
10,IL,0.97362494,0.50681955,0.25022024,4,43
10,IL,0.49283585,0.50681955,0.11626287,99,999
10,IL,0.7443922,0.50681955,0.18007731,4,25
10,IL,1.5717381,0.50681955,2.0494576,5,10
10,IL,1.3971006,0.50681955,2.0494576,1,40
10,IL,2.8982406,0.50681955,2.044478,3,666
10,IL,1.282177,0.50681955,0.44108513,5,42
10,IL,0.31211823,0.50681955,0.19934766,4,666
10,IL,0.9900412,0.50681955,0.8003418,4,10
10,IL,1.0478255,0.50681955,0.26928973,5,666
10,IL,0.6600274,0.50681955,0.22705774,6,50
10,IL,0.80540794,0.50681955,0.20698863,99,999
10,IL,0.36673895,0.50681955,0.08181145,4,999
10,IL,1.8000747,0.50681955,2.0494576,6,47
10,IL,0.9379337,0.50681955,0.22126406,6,666
10,IL,1.3101302,0.50681955,0.30906755,6,40
10,IL,1.0481062,0.50681955,0.8472822,4,42
10,IL,0.6600274,0.50681955,0.15570435,6,999
10,IL,1.1264821,0.50681955,0.2895044,7,43
10,IL,0.770032,0.50681955,0.26490074,6,18
10,IL,0.5699268,0.50681955,0.13444918,5,45
10,IL,1.1735647,0.50681955,0.30160466,5,7
10,IL,1.540064,0.50681955,0.3957944,6,16
10,IL,0.44074836,0.50681955,0.10662223,99,999
10,IL,0.5334384,0.50681955,0.12904504,2,999
10,IL,0.5334384,0.50681955,0.09495647,5,30
10,IL,1.3940917,0.50681955,2.0494576,7,55
10,IL,0.8562517,0.50681955,0.6921879,5,12
10,IL,0.9900411,0.50681955,0.8003418,6,10
10,IL,0.5796481,0.50681955,0.13674243,99,999
10,IL,0.73235774,0.50681955,0.67606586,6,999
10,IL,0.990041,0.50681955,0.23355645,99,999
10,IL,0.5796481,0.50681955,0.5881596,2,999
10,IL,1.5717382,0.50681955,1.4509281,7,12
10,IL,0.79947746,0.50681955,0.18860155,4,999
10,IL,0.8654444,0.50681955,0.7423878,3,666
10,IL,0.8800366,0.50681955,2.0494576,6,42
10,IL,0.49502054,0.50681955,0.17029329,7,35
10,IL,1.3977051,0.50681955,0.248803,4,7
10,IL,1.0278996,0.50681955,0.35361037,5,40
10,IL,0.61123157,0.50681955,0.10880426,4,8
10,IL,1.3878498,0.50681955,0.33573696,5,42
10,IL,0.6653005,0.50681955,0.11842899,4,9
10,IL,0.93635464,0.50681955,0.5980427,6,45
10,IL,0.6985502,0.50681955,0.17952646,2,0
10,IL,0.9900412,0.50681955,0.25443923,7,42
10,IL,2.4067,0.50681955,0.6185187,7,24
10,IL,1.4407603,0.50681955,0.34853688,4,3
10,IL,1.7967535,0.50681955,1.4524826,6,45
10,IL,0.34054333,0.50681955,0.08238143,7,36
10,IL,0.46590164,0.50681955,0.119736016,2,999
10,IL,0.47628456,0.50681955,0.084782586,4,999
10,IL,1.3268102,0.50681955,0.3409886,4,999
10,IL,1.1264821,0.50681955,0.3875242,5,35
10,IL,1.0481061,0.50681955,0.2535491,6,24
10,IL,1.7289125,0.50681955,1.5960214,6,5
10,IL,1.4850616,0.50681955,0.2643532,6,46
10,IL,0.41913018,0.50681955,0.09887529,99,666
10,IL,1.6528063,0.50681955,0.5685861,6,45
10,IL,1.3222451,0.50681955,0.45486915,6,36
10,IL,1.7289125,0.50681955,2.0494576,2,0
10,IL,1.1747423,0.50681955,0.40412605,6,45
10,IL,1.1430824,0.50681955,0.2937706,6,999
10,IL,0.4050168,0.50681955,0.09554594,4,60
10,IL,1.0481062,0.50681955,0.8472822,3,3
10,IL,0.9900411,0.50681955,0.25443923,5,4
10,IL,0.8814967,0.50681955,0.2079502,2,20
10,IL,0.24641794,0.50681955,0.058131434,3,999
10,IL,0.4515614,0.50681955,0.10652602,6,24
10,IL,0.3597547,0.50681955,0.08486827,6,666
10,IL,0.8814967,0.50681955,0.22654355,3,16
10,IL,2.4030921,0.50681955,0.5813361,6,666
10,IL,0.47628456,0.50681955,0.3125422,4,60
10,IL,0.5657378,0.50681955,2.0494576,6,9
10,IL,1.6029861,0.50681955,0.5514476,6,42
10,IL,1.5518607,0.50681955,0.27624398,4,666
10,IL,0.9900411,0.50681955,0.23355645,6,55
10,IL,1.3561487,0.50681955,1.3760614,6,666
10,IL,0.32753256,0.50681955,0.08417542,5,666
10,IL,0.44074836,0.50681955,0.4472201,5,999
10,IL,0.80149305,0.50681955,0.189077,4,48
10,IL,0.34883964,0.50681955,0.35396183,7,25
10,IL,0.8188315,0.50681955,0.19316724,4,42
10,IL,2.0055835,0.50681955,0.48517433,5,666
10,IL,1.1159738,0.50681955,0.9021449,5,35
10,IL,1.856327,0.50681955,0.4490672,3,2
10,IL,1.2672923,0.50681955,0.3256926,6,45
10,IL,0.40111667,0.50681955,0.40700638,7,60
10,IL,0.8188313,0.50681955,0.18266334,4,999
10,IL,1.1018709,0.50681955,0.8907446,5,45
10,IL,0.7328231,0.50681955,0.13044864,4,120
10,IL,0.990041,0.50681955,2.0494576,6,8
10,IL,1.3190815,0.50681955,0.31117907,5,50
10,IL,1.2573906,0.50681955,0.29662576,6,42
10,IL,2.3255975,0.50681955,0.59767485,1,666
10,IL,0.42922607,0.50681955,0.110310495,2,40
10,IL,0.40111667,0.50681955,0.40700638,7,50
10,IL,0.6600274,0.50681955,0.53356194,6,30
10,IL,0.2809716,0.50681955,0.06797034,4,20
10,IL,0.5340204,0.50681955,0.4929734,3,8
10,IL,1.4669558,0.50681955,0.3770054,2,47
10,IL,1.3335961,0.50681955,0.3146031,1,5
10,IL,1.1351442,0.50681955,2.0494576,6,40
10,IL,0.58678234,0.50681955,0.10445212,3,2
10,IL,0.4050168,0.50681955,0.10408866,7,999
10,IL,0.58588624,0.50681955,0.13821408,4,60
10,IL,0.5240531,0.50681955,0.13468093,6,55
10,IL,2.1548197,0.50681955,0.553786,2,42
10,IL,0.8629151,0.50681955,0.29685375,4,30
10,IL,1.0738772,0.50681955,0.68587685,7,2
10,IL,0.9379337,0.50681955,2.0494576,7,999
10,IL,1.4491203,0.50681955,0.25795543,5,666
10,IL,0.40111667,0.50681955,0.0894804,7,666
10,IL,0.9199604,0.50681955,0.16376051,7,40
10,IL,0.8814967,0.50681955,0.22654355,6,25
10,IL,1.9959017,0.50681955,0.4828318,6,8
10,IL,0.8562517,0.50681955,0.22005571,7,45
10,IL,1.0304185,0.50681955,1.0455484,3,52
10,IL,1.6003152,0.50681955,0.38713488,2,10
10,IL,0.976477,0.50681955,2.027587,5,40
10,IL,1.5823063,0.50681955,0.28166333,6,0
10,IL,2.257807,0.50681955,2.0165079,3,999
10,IL,0.72950387,0.50681955,0.1874815,4,45
10,IL,0.56324106,0.50681955,0.519948,6,999
10,IL,0.7334779,0.50681955,0.4684668,5,12
10,IL,0.7443922,0.50681955,0.17560655,6,10
10,IL,0.52405304,0.50681955,0.12362717,1,999
10,IL,0.40759683,0.50681955,0.090925954,6,666
10,IL,1.4669558,0.50681955,0.2611301,6,7
10,IL,0.41913018,0.50681955,0.10771572,4,999
10,IL,0.95256853,0.50681955,0.60839856,6,666
10,IL,0.40051535,0.50681955,0.40639642,3,666
10,IL,1.1127143,0.50681955,0.285966,5,9
10,IL,1.1018709,0.50681955,0.70375675,6,26
10,IL,0.9136885,0.50681955,0.31432033,5,48
10,IL,1.4048579,0.50681955,0.25007614,4,52
10,IL,0.9856717,0.50681955,0.23252574,5,40
10,IL,0.68108666,0.50681955,0.6287355,4,999
10,IL,1.320055,0.50681955,0.33925238,6,25
10,IL,2.2842214,0.50681955,2.0494576,4,8
10,IL,2.1578653,0.50681955,2.0494576,4,50
10,IL,2.2574594,0.50681955,0.58016413,3,40
10,IL,0.86445624,0.50681955,0.14263058,6,666
10,IL,0.6985502,0.50681955,0.24031016,1,666
10,IL,0.34054333,0.50681955,2.0494576,3,30
10,IL,0.4515614,0.50681955,2.0494576,5,42
10,IL,1.3738914,0.50681955,0.8774936,3,45
10,IL,1.8336946,0.50681955,0.47125712,6,999
10,IL,1.1002169,0.50681955,0.25954765,5,60
10,IL,0.42922607,0.50681955,0.10125696,7,666
10,IL,0.81519365,0.50681955,0.20950343,2,666
10,IL,1.5989549,0.50681955,0.5500609,4,40
10,IL,2.095651,0.50681955,0.5069625,4,999
10,IL,0.6985503,0.50681955,0.64485747,3,12
10,IL,0.5256916,0.50681955,0.12401377,3,50
10,IL,0.61123157,0.50681955,0.56425,7,999
10,IL,0.74844676,0.50681955,1.554099,5,45
10,IL,1.1264821,0.50681955,0.26574388,6,0
10,IL,0.9900411,0.50681955,0.23355645,7,65
10,IL,1.0478256,0.50681955,0.26928973,3,999
10,IL,0.4599802,0.50681955,0.11127457,7,999
10,IL,0.8382603,0.50681955,0.20278494,5,60
10,IL,1.3705326,0.50681955,2.0494576,4,9
10,IL,1.4656461,0.50681955,0.3766691,3,23
10,IL,0.4964713,0.50681955,0.12759252,2,36
10,IL,0.990041,0.50681955,0.23355645,99,999
10,IL,0.40111667,0.50681955,0.25619006,7,666
10,IL,0.43145755,0.50681955,0.1017834,99,999
10,IL,0.7920329,0.50681955,2.0494576,3,45
10,IL,2.1337535,0.50681955,0.51618016,5,8
10,IL,1.3472041,0.50681955,0.23981345,5,150
10,IL,1.0478255,0.50681955,0.25348124,6,50
10,IL,0.6600274,0.50681955,0.6697189,2,10
10,IL,0.55814344,0.50681955,0.13166939,3,999
10,IL,1.1638956,0.50681955,2.0494576,4,30
10,IL,0.58678234,0.50681955,0.13842538,4,999
10,IL,0.8793877,0.50681955,0.21273407,5,999
10,IL,1.0481062,0.50681955,0.1865715,4,60
10,IL,0.8382606,0.50681955,0.7738283,5,666
10,IL,1.0992343,0.50681955,0.2593159,5,40
10,IL,0.8100336,0.50681955,0.20817731,5,55
10,IL,1.8854663,0.50681955,1.7405427,5,666
10,IL,0.3840865,0.50681955,0.09060833,99,999
10,IL,1.2981665,0.50681955,1.0494293,4,12
10,IL,1.357878,0.50681955,0.86726636,6,30
10,IL,0.7328231,0.50681955,0.13044864,7,999
10,IL,0.8654444,0.50681955,0.209361,4,50
10,IL,1.9134204,0.50681955,0.31570432,7,666
10,IL,2.1600897,0.50681955,0.3845135,7,999
10,IL,0.4950206,0.50681955,0.17029347,4,999
10,IL,0.81519365,0.50681955,0.19720481,7,34
10,IL,0.6985504,0.50681955,0.16479222,99,999
10,IL,0.8814967,0.50681955,0.2079502,5,60
10,IL,0.73021865,0.50681955,0.17226286,5,48
10,IL,0.7920329,0.50681955,0.18684521,6,52
10,IL,1.0478255,0.50681955,0.1865216,4,42
10,IL,0.36115158,0.50681955,0.23066466,7,666
10,IL,0.3300137,0.50681955,0.077852175,6,999
10,IL,0.8814967,0.50681955,1.8303666,7,15
10,IL,1.1978357,0.50681955,0.30784222,6,30
10,IL,0.5239127,0.50681955,0.123594165,3,999
10,IL,1.7463756,0.50681955,0.42246857,3,0
10,IL,0.5823771,0.50681955,0.47078928,4,21
10,IL,0.8100336,0.50681955,0.19595654,5,40
10,IL,0.7200299,0.50681955,0.1741836,3,38
10,IL,0.5812553,0.50681955,0.14061254,4,34
10,IL,2.1461303,0.50681955,2.0494576,6,20
10,IL,0.6985503,0.50681955,0.17952646,5,42
10,IL,0.64908326,0.50681955,0.15312254,4,8
10,IL,0.9856717,0.50681955,0.90990853,6,40
10,IL,0.4050168,0.50681955,0.09554594,6,60
10,IL,0.9900411,0.50681955,0.17623547,4,44
10,IL,1.0478255,0.50681955,0.669238,6,666
10,IL,1.2320898,0.50681955,1.1373866,7,120
10,IL,0.83826035,0.50681955,0.28837228,2,999
10,IL,0.47628456,0.50681955,0.084782586,2,999
10,IL,0.46590164,0.50681955,0.119736016,5,50
10,IL,2.8781185,0.50681955,0.5123286,4,666
10,IL,2.4067,0.50681955,2.0494576,6,40
10,IL,1.2282473,0.50681955,0.31565776,7,50
10,IL,0.34054333,0.50681955,0.1171512,3,50
10,IL,1.0478255,0.50681955,0.24718833,6,50
10,IL,1.1880493,0.50681955,0.40870392,5,999
10,IL,0.29294312,0.50681955,0.06910704,6,999
10,IL,1.1018709,0.50681955,2.0494576,7,0
10,IL,0.6595408,0.50681955,0.11740366,4,999
10,IL,0.49502054,0.50681955,0.4001709,5,666
10,IL,1.6911302,0.50681955,1.0801122,7,20
10,IL,0.3297704,0.50681955,0.07779477,3,999
10,IL,0.7328231,0.50681955,0.18833455,7,31
10,IL,0.40111667,0.50681955,0.34408242,5,50
10,IL,0.90525204,0.50681955,0.23264873,6,48
10,IL,0.39601645,0.50681955,0.09342261,99,999
10,IL,0.9199604,0.50681955,0.22254914,6,8
10,IL,0.8631462,0.50681955,0.14241458,4,7
10,IL,1.5721593,0.50681955,0.40404263,6,43
10,IL,0.5256916,0.50681955,0.12401377,99,999
10,IL,1.2981665,0.50681955,0.3062451,3,50
10,IL,0.9856717,0.50681955,0.3390835,5,30
10,IL,0.95681727,0.50681955,0.7734842,4,0
10,IL,1.1264821,0.50681955,0.26574388,6,47
10,IL,0.43096393,0.50681955,0.10425524,3,666
10,IL,0.8188314,0.50681955,0.1931672,2,48
10,IL,0.4094157,0.50681955,0.07287937,4,666
10,IL,0.3224942,0.50681955,0.0760783,99,999
10,IL,1.736446,0.50681955,0.44626418,5,999
10,IL,0.80149305,0.50681955,0.17879549,4,666
10,IL,0.9856717,0.50681955,0.23252574,4,60
10,IL,1.330601,0.50681955,0.3218879,3,6
10,IL,0.6595408,0.50681955,0.6088461,7,35
10,IL,1.52411,0.50681955,0.5243133,3,999
10,IL,1.2794241,0.50681955,0.30182377,6,60
10,IL,1.2282473,0.50681955,0.28975064,4,35
10,IL,0.49502054,0.50681955,0.116778225,5,999
10,IL,1.314229,0.50681955,0.45211127,6,40
10,IL,1.0992345,0.50681955,0.2825019,4,43
10,IL,0.6286953,0.50681955,0.14831288,5,999
10,IL,1.0478255,0.50681955,0.24718833,3,48
10,IL,0.9031228,0.50681955,0.21305203,3,999
10,IL,0.32454166,0.50681955,0.08340676,4,20
10,IL,0.6852663,0.50681955,0.17611255,5,30
10,IL,0.28162053,0.50681955,0.06643597,5,999
10,IL,0.5256916,0.50681955,0.12401377,6,999
10,IL,1.2015461,0.50681955,0.30879566,3,8
10,IL,0.6985504,0.50681955,0.16479222,99,666
10,IL,3.7709327,0.50681955,0.9691244,2,36
10,IL,0.7328231,0.50681955,0.18833455,6,12
10,IL,1.2573906,0.50681955,0.32314786,5,30
10,IL,2.4969459,0.50681955,1.5947813,2,999
10,IL,0.6595408,0.50681955,0.16950111,2,25
10,IL,0.42922607,0.50681955,2.0494576,3,666
10,IL,0.8654444,0.50681955,0.20416358,4,12
10,IL,1.637663,0.50681955,0.29151747,5,54
10,IL,0.8562517,0.50681955,0.15241985,7,45
10,IL,0.9825977,0.50681955,0.9970253,7,666
10,IL,0.5240531,0.50681955,0.18028095,5,15
10,IL,1.3222451,0.50681955,0.3398152,4,999
10,IL,0.7200299,0.50681955,0.18504672,2,42
10,IL,0.37709332,0.50681955,0.088958554,4,666
10,IL,1.2282473,0.50681955,1.2462815,6,999
10,IL,2.8577075,0.50681955,0.50869536,7,50
10,IL,0.56324106,0.50681955,0.13287194,5,40
10,IL,0.5763041,0.50681955,0.13941479,6,999
10,IL,1.0478256,0.50681955,0.9672853,6,32
10,IL,0.61123157,0.50681955,0.14419319,4,50
10,IL,0.40051535,0.50681955,0.09448397,7,666
10,IL,0.4964713,0.50681955,0.1171205,3,40
10,IL,0.34054333,0.50681955,2.0494576,4,30
10,IL,0.73235774,0.50681955,0.18821491,5,30
10,IL,3.0045824,0.50681955,0.5348407,7,666
10,IL,0.75418663,0.50681955,0.6469502,5,45
10,IL,0.41913018,0.50681955,0.10771572,7,999
10,IL,0.72950387,0.50681955,0.17209421,5,41
10,IL,0.40111667,0.50681955,0.0894804,7,666
10,IL,0.29062766,0.50681955,0.06856078,6,999
10,IL,3.3530424,0.50681955,0.86172783,2,999
10,IL,1.4590077,0.50681955,2.0494576,3,25
10,IL,0.55513984,0.50681955,0.47620466,4,40
10,IL,0.8562517,0.50681955,2.0494576,6,40
10,IL,0.44906807,0.50681955,0.45566252,7,70
10,IL,0.69855034,0.50681955,0.16479222,4,999
10,IL,0.40051538,0.50681955,0.102931865,2,999
10,IL,0.5037124,0.50681955,0.12185389,4,12
10,IL,0.6985504,0.50681955,0.16479222,4,666
10,IL,1.5746757,0.50681955,0.54170823,6,52
10,IL,1.3971004,0.50681955,0.35905293,4,7
10,IL,0.8448615,0.50681955,0.15039222,6,45
10,IL,0.9900411,0.50681955,0.34058657,5,60
10,IL,1.0992346,0.50681955,0.8886133,5,55
10,IL,0.89813614,0.50681955,0.77043116,1,12
10,IL,0.5340204,0.50681955,0.12597856,5,42
10,IL,1.1647542,0.50681955,0.94157857,6,30
10,IL,1.5989549,0.50681955,0.4109291,6,30
10,IL,0.5117696,0.50681955,0.1315241,7,23
10,IL,1.3350511,0.50681955,0.23765019,6,68
10,IL,1.0481062,0.50681955,0.96754444,4,5
10,IL,0.45964748,0.50681955,0.11812875,4,999
10,IL,1.0992346,0.50681955,0.2593159,5,45
10,IL,0.762055,0.50681955,0.195847,5,666
10,IL,1.4656461,0.50681955,0.3545571,3,150
10,IL,1.2224631,0.50681955,1.1285,5,20
10,IL,0.48823848,0.50681955,0.11517838,7,50
10,IL,0.9856717,0.50681955,0.25331616,3,40
10,IL,0.3840865,0.50681955,0.09870974,6,45
10,IL,1.9858851,0.50681955,0.5103701,4,36
10,IL,0.80223334,0.50681955,0.20617291,4,666
10,IL,1.343233,0.50681955,2.0494576,7,17
10,IL,0.40074652,0.50681955,0.08939774,4,666
10,IL,0.9736248,0.50681955,0.21719432,4,8
10,IL,1.3529042,0.50681955,0.86408955,6,6
10,IL,0.5873712,0.50681955,2.0494576,5,999
10,IL,1.0478256,0.50681955,0.26928973,5,40
10,IL,0.41913018,0.50681955,0.09887529,99,999
10,IL,1.3546841,0.50681955,0.34815195,4,40
10,IL,0.8814967,0.50681955,0.5784465,4,4
10,IL,0.9031228,0.50681955,0.21305203,4,999
10,IL,1.2597406,0.50681955,0.29718038,3,8
10,IL,1.3190817,0.50681955,2.0494576,5,45
10,IL,0.84860665,0.50681955,0.20019124,7,50
10,IL,1.4048579,0.50681955,0.33985174,4,44
10,IL,0.3712654,0.50681955,0.09541469,7,36
10,IL,0.6653005,0.50681955,0.16094396,6,0
10,IL,1.4288528,0.50681955,1.4498335,6,48
10,IL,0.6985503,0.50681955,0.5992242,3,35
10,IL,1.3190817,0.50681955,0.31910145,6,999
10,IL,0.82231957,0.50681955,0.19892876,6,40
10,IL,1.5721593,0.50681955,0.37088186,7,30
10,IL,1.0478255,0.50681955,0.36046538,6,28
10,IL,1.2981665,0.50681955,0.3062451,4,0
10,IL,0.5240531,0.50681955,0.4236411,6,38
10,IL,0.81519365,0.50681955,0.20950343,1,9
10,IL,1.3738914,0.50681955,0.47263575,5,35
10,IL,1.0478256,0.50681955,0.9672853,5,666
10,IL,1.2015461,0.50681955,0.30879566,2,666
10,IL,0.6653005,0.50681955,0.42492235,3,666
10,IL,0.78586906,0.50681955,0.20196727,7,168
10,IL,0.44074836,0.50681955,0.1039751,4,666
10,IL,0.9856717,0.50681955,0.17545766,5,60
10,IL,0.59746784,0.50681955,0.09857897,6,999
10,IL,0.4651195,0.50681955,0.11953508,3,999
10,IL,0.41115978,0.50681955,0.0731898,4,999
10,IL,1.0992345,0.50681955,2.0494576,5,8
10,IL,0.4315731,0.50681955,0.10181064,5,666
10,IL,0.7425308,0.50681955,0.19082938,5,40
10,IL,1.5840658,0.50681955,0.37369043,4,55
10,IL,0.44074836,0.50681955,0.11327177,7,40
10,IL,1.4081025,0.50681955,0.48440507,5,50
10,IL,0.40300977,0.50681955,2.0494576,7,999
10,IL,0.86192787,0.50681955,0.296514,1,65
10,IL,0.6653005,0.50681955,0.61416245,6,5
10,IL,0.72230315,0.50681955,0.16112995,5,25
10,IL,0.9379337,0.50681955,0.22126406,4,80
10,IL,1.5989549,0.50681955,2.0494576,4,18
10,IL,1.2981665,0.50681955,2.0494576,7,50
10,IL,0.9199604,0.50681955,0.22254914,6,40
10,IL,0.6781312,0.50681955,0.43311694,6,666
10,IL,1.2597406,0.50681955,0.30474582,3,666
10,IL,0.88017344,0.50681955,0.8930973,6,666
10,IL,0.6985502,0.50681955,0.16898753,4,6
10,IL,0.55513984,0.50681955,0.13096085,6,50
10,IL,0.39293456,0.50681955,0.13517456,5,999
10,IL,0.89813614,0.50681955,0.21187553,6,75
10,IL,1.3200548,0.50681955,0.33925238,4,50
10,IL,0.5377211,0.50681955,0.18498288,6,45
10,IL,0.78586906,0.50681955,0.18539122,6,48
10,IL,0.9031228,0.50681955,0.23210134,3,666
10,IL,1.330601,0.50681955,0.23685798,4,3
10,IL,2.1705577,0.50681955,0.55783087,6,30
10,IL,0.97362494,0.50681955,0.22968386,3,45
10,IL,1.3953586,0.50681955,0.3586053,6,999
10,IL,0.9318033,0.50681955,0.23947203,6,55
10,IL,0.5240531,0.50681955,0.12362723,99,999
10,IL,0.46896684,0.50681955,0.11063203,6,999
10,IL,1.1949359,0.50681955,1.1030885,2,160
10,IL,0.41913018,0.50681955,0.09887529,4,999
10,IL,0.29106262,0.50681955,0.068663396,99,999
10,IL,1.4684279,0.50681955,0.346411,5,40
10,IL,0.6653005,0.50681955,0.11842899,6,12
10,IL,1.9651954,0.50681955,0.46360126,4,35
10,IL,0.99795085,0.50681955,0.65486443,5,7
10,IL,1.4446063,0.50681955,1.4658189,3,40
10,IL,0.8010307,0.50681955,0.18896794,4,35
10,IL,0.5579869,0.50681955,0.35638207,2,666
10,IL,1.7258302,0.50681955,0.44353592,7,52
10,IL,1.1421107,0.50681955,0.92327386,7,50
10,IL,1.648852,0.50681955,1.5221146,2,20
10,IL,1.4559426,0.50681955,1.344034,4,46
10,IL,0.27756992,0.50681955,0.065480426,6,45
10,IL,1.6765212,0.50681955,0.39550126,99,999
10,IL,0.9900411,0.50681955,0.34058657,6,25
10,IL,0.18083501,0.50681955,0.04266006,3,999
10,IL,1.0478256,0.50681955,0.26928973,6,40
10,IL,1.0478255,0.50681955,0.25348124,1,45
10,IL,0.762055,0.50681955,0.195847,2,40
10,IL,0.39831188,0.50681955,0.09396413,6,999
10,IL,0.8562517,0.50681955,0.29456156,3,60
10,IL,0.5796481,0.50681955,0.13674243,99,999
10,IL,0.5369386,0.50681955,0.34293842,6,0
10,IL,2.4067,0.50681955,2.044478,2,48
10,IL,1.7629935,0.50681955,0.4159004,7,45
10,IL,1.292892,0.50681955,0.33227158,2,48
10,IL,1.9786223,0.50681955,0.46676886,5,58
10,IL,1.2573906,0.50681955,0.29662576,5,50
10,IL,1.5721593,0.50681955,0.3803238,7,32
10,IL,0.29294312,0.50681955,0.06910704,6,999
10,IL,0.5340204,0.50681955,0.1291858,5,40
10,IL,0.8188315,0.50681955,0.19316724,6,45
10,IL,2.1984692,0.50681955,0.3627357,6,100
10,IL,1.0792642,0.50681955,2.0494576,6,40
10,IL,1.6029861,0.50681955,0.5514476,3,50
10,IL,0.930239,0.50681955,0.23907016,4,999
10,IL,1.1162869,0.50681955,0.2868842,7,999
10,IL,0.72950387,0.50681955,0.1874815,7,40
10,IL,1.2282473,0.50681955,1.13384,5,666
10,IL,1.3971006,0.50681955,0.35905293,4,999
10,IL,0.9379337,0.50681955,0.22126406,6,999
10,IL,1.0738772,0.50681955,0.68587685,4,999
10,IL,0.9900411,0.50681955,0.25443923,5,45
10,IL,1.3878498,0.50681955,1.4082286,6,60
10,IL,0.39831188,0.50681955,0.1023656,4,20
10,IL,1.0513833,0.50681955,2.0494576,6,60
10,IL,0.8188314,0.50681955,0.21043864,2,30
10,IL,0.8188313,0.50681955,0.28168848,2,30
10,IL,1.3971006,0.50681955,0.2305141,5,666
10,IL,0.2667192,0.50681955,0.091754824,7,666
10,IL,0.95681727,0.50681955,0.24590066,7,999
10,LV,0.99847203,0.15544917,0.08364577,2,48
10,LV,1.0105551,0.15544917,0.123634495,5,666
10,LV,0.9969917,0.15544917,0.12028262,5,40
10,LV,1.0064412,0.15544917,0.24774684,4,40
10,LV,0.9950046,0.15544917,0.24493156,5,999
10,LV,0.9934883,0.15544917,0.08790777,4,42
10,LV,1.0003216,0.15544917,0.179434,2,1
10,LV,0.9934883,0.15544917,0.08790777,2,0
10,LV,0.99847203,0.15544917,0.22087024,4,999
10,LV,0.98604697,0.15544917,0.21812168,4,40
10,LV,1.0079137,0.15544917,0.11378283,99,40
10,LV,1.0003216,0.15544917,0.11885308,5,45
10,LV,0.98825985,0.15544917,0.2186112,6,666
10,LV,0.9934883,0.15544917,0.08790777,6,64
10,LV,0.98604697,0.15544917,0.21812168,2,0
10,LV,1.0003216,0.15544917,0.11885308,5,95
10,LV,0.9969917,0.15544917,0.12028262,2,999
10,LV,0.99847203,0.15544917,0.08364577,4,40
10,LV,1.0105551,0.15544917,0.123634495,2,40
10,LV,0.9934883,0.15544917,0.08790777,4,40
10,LV,1.0066539,0.15544917,0.08907271,2,666
10,LV,1.0105551,0.15544917,0.123634495,6,6
10,LV,1.0066539,0.15544917,0.08907271,3,48
10,LV,0.98604697,0.15544917,0.08260487,5,50
10,LV,1.0105551,0.15544917,0.123634495,4,666
10,LV,0.9950046,0.15544917,0.24493156,7,999
10,LV,0.98825985,0.15544917,0.17844348,4,40
10,LV,1.0079137,0.15544917,0.11378283,7,8
10,LV,1.0112171,0.15544917,0.22368953,4,35
10,LV,0.9950046,0.15544917,0.24493156,99,40
10,LV,0.9934883,0.15544917,0.20251966,2,40
10,LV,0.9934883,0.15544917,0.08790777,2,73
10,LV,0.98825985,0.15544917,0.17844348,7,999
10,LV,1.0066539,0.15544917,0.08907271,6,666
10,LV,1.0105551,0.15544917,0.24153945,4,32
10,LV,0.9950046,0.15544917,0.12004289,3,30
10,LV,0.98825985,0.15544917,0.17844348,3,999
10,LV,1.0105551,0.15544917,0.123634495,7,666
10,LV,0.9977824,0.15544917,0.11148335,4,5
10,LV,1.0112171,0.15544917,0.22368953,2,10
10,LV,0.9950046,0.15544917,0.24493156,6,999
10,LV,0.9934883,0.15544917,0.20251966,4,0
10,LV,0.9977824,0.15544917,0.18016289,1,3
10,LV,0.9950046,0.15544917,0.24493156,2,0
10,LV,1.0064412,0.15544917,0.236126,5,15
10,LV,1.0066539,0.15544917,0.08907271,5,8
10,LV,0.9934883,0.15544917,0.20251966,6,666
10,LV,1.0066539,0.15544917,0.08907271,3,14
10,LV,1.0079137,0.15544917,0.11378283,4,40
10,LV,1.0105551,0.15544917,0.114081025,4,40
10,LV,0.9969917,0.15544917,0.12028262,5,666
10,LV,0.9977824,0.15544917,0.18016289,5,999
10,LV,0.9950046,0.15544917,0.24493156,2,40
10,LV,0.99847203,0.15544917,0.08364577,4,40
10,LV,0.98825985,0.15544917,0.11041939,7,999
10,LV,1.0066539,0.15544917,0.18176474,4,666
10,LV,1.0003216,0.15544917,0.11885308,3,60
10,LV,0.9969917,0.15544917,0.24542074,5,999
10,LV,0.9950046,0.15544917,0.19076915,2,666
10,LV,0.9969917,0.15544917,0.12028262,2,40
10,LV,1.0129294,0.15544917,0.1816955,3,28
10,LV,1.0003216,0.15544917,0.11885308,2,45
10,LV,1.0064412,0.15544917,0.19296189,2,40
10,LV,1.0064412,0.15544917,0.12142268,6,20
10,LV,0.9950046,0.15544917,0.12004289,3,8
10,LV,1.0112171,0.15544917,0.084713474,2,40
10,LV,0.9977824,0.15544917,0.18016289,2,60
10,LV,0.99847203,0.15544917,0.08364577,4,999
10,LV,1.0112171,0.15544917,0.084713474,4,25
10,LV,0.98825985,0.15544917,0.11041939,6,40
10,LV,0.9950046,0.15544917,0.12004289,6,40
10,LV,1.0105551,0.15544917,0.20599866,6,999
10,LV,1.0066539,0.15544917,0.23617591,2,40
10,LV,0.9950046,0.15544917,0.12004289,4,50
10,LV,1.0064412,0.15544917,0.08905389,4,42
10,LV,1.0105551,0.15544917,0.114081025,4,40
10,LV,0.98825985,0.15544917,0.11041939,4,43
10,LV,1.0079137,0.15544917,0.11378283,6,40
10,LV,0.9969917,0.15544917,0.12028262,4,42
10,LV,1.0079137,0.15544917,0.12331133,4,5
10,LV,1.0105551,0.15544917,0.20599866,7,666
10,LV,0.98604697,0.15544917,0.17804393,3,41
10,LV,1.0066539,0.15544917,0.18176474,2,666
10,LV,1.0003216,0.15544917,0.11885308,5,50
10,LV,1.0003216,0.15544917,0.11885308,3,33
10,LV,0.98604697,0.15544917,0.08260487,4,8
10,LV,0.99847203,0.15544917,0.08364577,4,40
10,LV,1.0066539,0.15544917,0.23617591,6,0
10,LV,0.99847203,0.15544917,0.08364577,6,40
10,LV,1.0105551,0.15544917,0.123634495,6,8
10,LV,0.9934883,0.15544917,0.08790777,4,10
10,LV,1.0112171,0.15544917,0.084713474,4,30
10,LV,1.0112171,0.15544917,0.1949697,2,45
10,LV,1.0105551,0.15544917,0.114081025,6,40
10,LV,0.9950046,0.15544917,0.24493156,7,40
10,LV,1.0079137,0.15544917,0.11378283,2,4
10,LV,1.0066539,0.15544917,0.08907271,5,40
10,LV,1.0105551,0.15544917,0.24153945,4,666
10,LV,0.9969917,0.15544917,0.12028262,2,45
10,LV,1.0003216,0.15544917,0.11885308,5,40
10,LV,1.0066539,0.15544917,0.08907271,2,999
10,LV,0.9977824,0.15544917,0.11148335,5,55
10,LV,0.9977824,0.15544917,0.18016289,5,15
10,LV,1.0079137,0.15544917,0.11378283,5,46
10,LV,0.9969917,0.15544917,0.12028262,4,50
10,LV,1.0129294,0.15544917,0.38620204,7,8
10,LV,1.0003216,0.15544917,0.38139495,6,120
10,LV,0.98825985,0.15544917,0.11041939,6,100
10,LV,0.9950046,0.15544917,0.24493156,4,10
10,LV,0.9950046,0.15544917,0.12004289,4,40
10,LV,1.0003216,0.15544917,0.179434,6,8
10,LV,0.9977824,0.15544917,0.18016289,6,50
10,LV,1.0112171,0.15544917,0.22368953,3,41
10,LV,0.99847203,0.15544917,0.22087024,2,40
10,LV,1.0129294,0.15544917,0.1816955,6,666
10,LV,0.9977824,0.15544917,0.11148335,7,60
10,LV,0.9977824,0.15544917,0.11148335,6,1
10,LV,1.0105551,0.15544917,0.114081025,6,4
10,LV,0.98825985,0.15544917,0.17844348,4,40
10,LV,0.98604697,0.15544917,0.08260487,5,60
10,LV,1.0066539,0.15544917,0.08907271,3,40
10,LV,0.9969917,0.15544917,0.12028262,4,30
10,LV,0.98825985,0.15544917,0.11041939,4,40
10,LV,0.9977824,0.15544917,0.083588004,2,40
10,LV,0.98604697,0.15544917,0.21812168,3,999
10,LV,1.0079137,0.15544917,0.12331133,2,40
10,LV,0.9977824,0.15544917,0.11148335,6,40
10,LV,0.9969917,0.15544917,0.24542074,4,40
10,LV,1.0105551,0.15544917,0.123634495,4,30
10,LV,0.9977824,0.15544917,0.11148335,7,999
10,LV,0.9934883,0.15544917,0.08790777,5,40
10,LV,0.99847203,0.15544917,0.08364577,4,45
10,LV,1.0079137,0.15544917,0.12331133,2,666
10,LV,0.99847203,0.15544917,0.08364577,6,10
10,LV,1.0003216,0.15544917,0.179434,7,50
10,LV,0.9950046,0.15544917,0.12004289,2,40
10,LV,1.0079137,0.15544917,0.11378283,6,45
10,LV,0.9950046,0.15544917,0.24493156,5,20
10,LV,0.9950046,0.15544917,0.12004289,4,8
10,LV,0.9977824,0.15544917,0.11148335,3,45
10,LV,0.9977824,0.15544917,0.18016289,3,84
10,LV,0.99847203,0.15544917,0.08364577,4,40
10,LV,1.0079137,0.15544917,0.11378283,6,40
10,LV,1.0064412,0.15544917,0.22263306,7,119
10,LV,0.9934883,0.15544917,0.08790777,4,40
10,LV,0.98825985,0.15544917,0.11041939,6,40
10,LV,0.9950046,0.15544917,0.24493156,5,13
10,LV,0.9950046,0.15544917,0.12004289,2,12
10,LV,0.9934883,0.15544917,0.08790777,5,40
10,LV,1.0064412,0.15544917,0.12142268,5,999
10,LV,0.9950046,0.15544917,0.24493156,6,40
10,LV,1.0003216,0.15544917,0.11885308,3,40
10,LV,0.98604697,0.15544917,0.08260487,7,46
10,LV,1.0129294,0.15544917,0.120351076,2,40
10,LV,1.0079137,0.15544917,0.11378283,2,70
10,LV,1.0105551,0.15544917,0.11291046,6,33
10,LV,0.99847203,0.15544917,0.22087024,6,40
10,LV,0.98825985,0.15544917,0.11041939,2,56
10,LV,0.9950046,0.15544917,0.12004289,4,0
10,LV,0.98825985,0.15544917,0.11041939,5,999
10,LV,1.0064412,0.15544917,0.12142268,4,999
10,LV,0.98604697,0.15544917,0.08260487,2,48
10,LV,1.0064412,0.15544917,0.19296189,5,40
10,LV,0.98825985,0.15544917,0.17844348,4,5
10,LV,0.98604697,0.15544917,0.110172145,7,2
10,LV,0.99847203,0.15544917,0.22087024,4,999
10,LV,1.0105551,0.15544917,0.123634495,6,20
10,LV,1.0003216,0.15544917,0.11885308,3,6
10,LV,1.0003216,0.15544917,0.179434,2,43
10,LV,0.9969917,0.15544917,0.24542074,5,8
10,LV,0.99847203,0.15544917,0.08364577,6,999
10,LV,1.0105551,0.15544917,0.20599866,5,999
10,LV,1.0105551,0.15544917,0.123634495,5,17
10,LV,0.98825985,0.15544917,0.17844348,3,5
10,LV,0.9934883,0.15544917,0.08790777,4,100
10,LV,0.9950046,0.15544917,0.24493156,2,40
10,LV,1.0066539,0.15544917,0.20520341,3,40
10,LV,1.0064412,0.15544917,0.12142268,4,40
10,LV,1.0079137,0.15544917,0.11378283,4,40
10,LV,0.9934883,0.15544917,0.08790777,6,25
10,LV,0.9934883,0.15544917,0.08790777,4,90
10,LV,1.0066539,0.15544917,0.08907271,6,45
10,LV,1.0079137,0.15544917,0.24090812,4,30
10,LV,1.0003216,0.15544917,0.11885308,5,40
10,LV,0.9950046,0.15544917,0.12004289,4,40
10,LV,1.0129294,0.15544917,0.120351076,5,40
10,LV,1.0112171,0.15544917,0.11415575,3,999
10,LV,1.0066539,0.15544917,0.08907271,4,8
10,LV,0.9969917,0.15544917,0.24542074,3,666
10,LV,1.0003216,0.15544917,0.179434,5,999
10,LV,1.0064412,0.15544917,0.12142268,6,40
10,LV,1.0079137,0.15544917,0.11378283,6,40
10,LV,0.99847203,0.15544917,0.08364577,2,12
10,LV,1.0105551,0.15544917,0.123634495,5,0
10,LV,1.0064412,0.15544917,0.18172637,3,666
10,LV,0.9934883,0.15544917,0.20251966,2,50
10,LV,1.0003216,0.15544917,0.11885308,5,45
10,LV,1.0003216,0.15544917,0.179434,2,999
10,LV,0.9969917,0.15544917,0.24542074,5,999
10,LV,1.0064412,0.15544917,0.19296189,3,40
10,LV,0.9934883,0.15544917,0.20251966,7,60
10,LV,1.0066539,0.15544917,0.12144833,2,50
10,LV,1.0129294,0.15544917,0.38620204,99,666
10,LV,0.9950046,0.15544917,0.12004289,2,40
10,LV,1.0003216,0.15544917,0.11885308,5,40
10,LV,1.0003216,0.15544917,0.179434,7,666
10,LV,1.0079137,0.15544917,0.12331133,7,40
10,LV,1.0003216,0.15544917,0.11885308,6,30
10,LV,0.9950046,0.15544917,0.24493156,3,48
10,LV,1.0003216,0.15544917,0.11885308,2,65
10,LV,0.9934883,0.15544917,0.08790777,3,40
10,LV,1.0003216,0.15544917,0.179434,2,45
10,LV,0.98825985,0.15544917,0.11041939,2,48
10,LV,1.0112171,0.15544917,0.22368953,3,60
10,LV,1.0064412,0.15544917,0.19296189,2,40
10,LV,0.99847203,0.15544917,0.22087024,7,12
10,LV,0.9934883,0.15544917,0.08790777,2,32
10,LV,0.9934883,0.15544917,0.20251966,4,999
10,LV,0.9950046,0.15544917,0.12004289,3,40
10,LV,1.0105551,0.15544917,0.24153945,4,666
10,LV,1.0064412,0.15544917,0.12142268,7,40
10,LV,1.0003216,0.15544917,0.11885308,4,45
10,LV,0.9969917,0.15544917,0.24542074,1,40
10,LV,1.0064412,0.15544917,0.24774684,6,666
10,LV,1.0105551,0.15544917,0.114081025,4,666
10,LV,1.0066539,0.15544917,0.08907271,4,8
10,LV,0.9977824,0.15544917,0.18016289,7,50
10,LV,1.0112171,0.15544917,0.084713474,5,40
10,LV,0.9934883,0.15544917,0.08790777,3,40
10,LV,1.0079137,0.15544917,0.12331133,5,999
10,LV,1.0064412,0.15544917,0.12142268,2,999
10,LV,0.99847203,0.15544917,0.08364577,4,150
10,LV,1.0079137,0.15544917,0.11378283,3,40
10,LV,0.9950046,0.15544917,0.12004289,4,96
10,LV,1.0105551,0.15544917,0.123634495,3,40
10,LV,0.9950046,0.15544917,0.24493156,2,36
10,LV,0.9934883,0.15544917,0.20251966,3,40
10,LV,1.0066539,0.15544917,0.08907271,6,15
10,LV,1.0129294,0.15544917,0.1816955,3,60
10,LV,0.9934883,0.15544917,0.08790777,2,1
10,LV,0.98604697,0.15544917,0.08260487,4,44
10,LV,1.0105551,0.15544917,0.123634495,6,20
10,LV,1.0105551,0.15544917,0.114081025,6,32
10,LV,0.98825985,0.15544917,0.11041939,4,50
10,LV,0.98825985,0.15544917,0.17844348,4,999
10,LV,1.0129294,0.15544917,0.38620204,5,9
10,LV,1.0129294,0.15544917,0.1816955,4,666
10,LV,1.0066539,0.15544917,0.20520341,1,40
10,LV,1.0129294,0.15544917,0.1816955,1,666
10,LV,0.9977824,0.15544917,0.11148335,6,40
10,LV,1.0066539,0.15544917,0.08907271,3,40
10,LV,1.0064412,0.15544917,0.24774684,2,40
10,LV,1.0079137,0.15544917,0.11378283,4,30
10,LV,1.0129294,0.15544917,0.18289791,7,666
10,LV,1.0066539,0.15544917,0.08907271,2,42
10,LV,1.0066539,0.15544917,0.08907271,3,60
10,LV,1.0003216,0.15544917,0.179434,6,9
10,LV,0.98825985,0.15544917,0.17844348,3,40
10,LV,1.0079137,0.15544917,0.11378283,4,40
10,LV,1.0079137,0.15544917,0.12331133,7,666
10,LV,0.99847203,0.15544917,0.19251236,1,666
10,LV,1.0064412,0.15544917,0.24774684,4,999
10,LV,1.0003216,0.15544917,0.179434,4,60
10,LV,1.0066539,0.15544917,0.20520341,7,999
10,LV,0.98825985,0.15544917,0.11041939,4,8
10,LV,0.9934883,0.15544917,0.08790777,2,43
10,LV,0.9977824,0.15544917,0.11148335,4,40
10,LV,0.9950046,0.15544917,0.24493156,3,20
10,LV,0.9977824,0.15544917,0.54547465,4,43
10,LV,0.9950046,0.15544917,0.12004289,2,28
10,LV,1.0112171,0.15544917,0.1949697,4,40
10,LV,0.9934883,0.15544917,0.08790777,2,999
10,LV,0.98825985,0.15544917,0.17844348,5,15
10,LV,0.9934883,0.15544917,0.08790777,3,40
10,LV,0.9950046,0.15544917,0.24493156,1,666
10,LV,1.0129294,0.15544917,0.1816955,2,22
10,LV,1.0064412,0.15544917,0.12142268,2,666
10,LV,1.0003216,0.15544917,0.179434,4,39
10,LV,0.99847203,0.15544917,0.22087024,3,666
10,LV,1.0079137,0.15544917,0.11378283,2,40
10,LV,1.0079137,0.15544917,0.11378283,4,40
10,LV,0.98825985,0.15544917,0.17844348,2,999
10,LV,1.0064412,0.15544917,0.19296189,99,999
10,LV,1.0079137,0.15544917,0.12331133,4,70
10,LV,0.9950046,0.15544917,0.12004289,7,25
10,LV,0.9934883,0.15544917,0.17820826,7,60
10,LV,0.9934883,0.15544917,0.08790777,5,40
10,LV,1.0129294,0.15544917,0.18289791,5,666
10,LV,0.9934883,0.15544917,0.20251966,4,30
10,LV,1.0112171,0.15544917,0.084713474,5,40
10,LV,0.9977824,0.15544917,0.08828773,4,30
10,LV,0.9950046,0.15544917,0.24493156,4,168
10,LV,0.9934883,0.15544917,0.08790777,6,40
10,LV,1.0112171,0.15544917,0.22368953,3,40
10,LV,1.0003216,0.15544917,0.11176706,5,40
10,LV,0.9950046,0.15544917,0.12004289,6,40
10,LV,0.98604697,0.15544917,0.21812168,5,40
10,LV,1.0003216,0.15544917,0.11885308,4,35
10,LV,1.0129294,0.15544917,0.1816955,6,45
10,LV,0.9934883,0.15544917,0.08790777,7,40
10,LV,1.0066539,0.15544917,0.08907271,3,40
10,LV,1.0129294,0.15544917,0.120351076,7,5
10,LV,0.98604697,0.15544917,0.21812168,2,40
10,LV,1.0079137,0.15544917,0.2054602,6,40
10,LV,0.99847203,0.15544917,0.22087024,4,45
10,LV,0.9969917,0.15544917,0.12028262,5,8
10,LV,0.9950046,0.15544917,0.12004289,6,40
10,LV,0.9934883,0.15544917,0.20251966,4,40
10,LV,1.0105551,0.15544917,0.123634495,6,18
10,LV,0.9969917,0.15544917,0.12028262,3,666
10,LV,1.0079137,0.15544917,0.18079583,2,48
10,LV,0.9977824,0.15544917,0.18016289,3,7
10,LV,1.0079137,0.15544917,0.11378283,3,60
10,LV,1.0064412,0.15544917,0.12142268,2,0
10,LV,1.0105551,0.15544917,0.2370912,3,666
10,LV,1.0064412,0.15544917,0.12142268,6,20
10,LV,1.0105551,0.15544917,0.123634495,2,999
10,LV,0.9950046,0.15544917,0.24493156,4,40
10,LV,1.0112171,0.15544917,0.084713474,6,40
10,LV,0.9950046,0.15544917,0.24493156,6,40
10,LV,1.0079137,0.15544917,0.24090812,6,999
10,LV,1.0064412,0.15544917,0.12142268,7,24
10,LV,0.9977824,0.15544917,0.11148335,3,40
10,LV,1.0066539,0.15544917,0.23617591,5,40
10,LV,1.0066539,0.15544917,0.08907271,2,48
10,LV,1.0003216,0.15544917,0.11885308,5,40
10,LV,1.0079137,0.15544917,0.11378283,4,40
10,LV,1.0064412,0.15544917,0.12142268,2,999
10,LV,1.0064412,0.15544917,0.24774684,6,40
10,LV,1.0066539,0.15544917,0.08907271,6,40
10,LV,0.9950046,0.15544917,0.12004289,5,40
10,LV,0.98604697,0.15544917,0.08260487,4,40
10,LV,0.99847203,0.15544917,0.22087024,5,40
10,LV,0.9969917,0.15544917,0.12028262,6,8
10,LV,1.0105551,0.15544917,0.24153945,6,999
10,LV,1.0105551,0.15544917,0.123634495,7,666
10,LV,1.0066539,0.15544917,0.08907271,6,5
10,LV,1.0003216,0.15544917,0.179434,6,40
10,LV,0.98604697,0.15544917,0.08260487,3,20
10,LV,0.98604697,0.15544917,0.21812168,6,35
10,LV,0.9950046,0.15544917,0.12004289,4,5
10,LV,0.9934883,0.15544917,0.08790777,3,40
10,LV,0.9977824,0.15544917,0.18016289,4,8
10,LV,1.0105551,0.15544917,0.24153945,5,666
10,LV,1.0064412,0.15544917,0.12142268,6,40
10,LV,0.9934883,0.15544917,0.08790777,4,40
10,LV,0.98825985,0.15544917,0.11041939,5,40
10,LV,0.9934883,0.15544917,0.08790777,3,0
10,LV,1.0003216,0.15544917,0.179434,3,40
10,LV,1.0079137,0.15544917,0.11378283,6,30
10,LV,1.0079137,0.15544917,0.12331133,4,666
10,LV,0.9934883,0.15544917,0.08790777,2,999
10,LV,1.0064412,0.15544917,0.12142268,4,35
10,LV,0.9977824,0.15544917,0.11148335,4,40
10,LV,1.0066539,0.15544917,0.08907271,3,30
10,LV,1.0003216,0.15544917,0.11885308,3,40
10,LV,1.0066539,0.15544917,0.08907271,2,40
10,LV,1.0066539,0.15544917,0.08907271,4,36
10,LV,0.98604697,0.15544917,0.08260487,5,48
10,LV,0.9934883,0.15544917,0.08790777,2,40
10,LV,0.98825985,0.15544917,0.17844348,4,42
10,LV,1.0105551,0.15544917,0.123634495,2,50
10,LV,0.98604697,0.15544917,0.21812168,6,40
10,LV,1.0003216,0.15544917,0.179434,2,51
10,LV,1.0112171,0.15544917,0.084713474,5,43
10,LV,0.9934883,0.15544917,0.24455832,4,0
10,LV,1.0064412,0.15544917,0.12142268,4,42
10,LV,0.98604697,0.15544917,0.21812168,3,50
10,LV,0.99847203,0.15544917,0.22087024,4,20
10,LV,1.0112171,0.15544917,0.22368953,3,40
10,LV,1.0064412,0.15544917,0.19296189,7,999
10,LV,0.98604697,0.15544917,0.19011673,2,999
10,LV,0.98825985,0.15544917,0.11041939,4,45
10,LV,0.9977824,0.15544917,0.11148335,3,0
10,LV,0.9977824,0.15544917,0.19237939,4,999
10,LV,1.0079137,0.15544917,0.11378283,1,666
10,LV,1.0079137,0.15544917,0.11378283,4,40
10,LV,0.9977824,0.15544917,0.18016289,4,666
10,LV,1.0105551,0.15544917,0.123634495,6,666
10,LV,0.98825985,0.15544917,0.17844348,4,40
10,LV,0.99847203,0.15544917,0.22087024,5,50
10,LV,0.9969917,0.15544917,0.12028262,6,48
10,LV,0.9950046,0.15544917,0.19076915,2,28
10,LV,1.0079137,0.15544917,0.11378283,6,999
10,LV,0.98604697,0.15544917,0.21812168,4,40
10,LV,1.0066539,0.15544917,0.08907271,2,40
10,LV,1.0003216,0.15544917,0.179434,4,0
10,LV,0.9934883,0.15544917,0.08790777,2,2
10,LV,0.9934883,0.15544917,0.20251966,5,40
10,LV,1.0112171,0.15544917,0.22368953,6,666
10,LV,1.0079137,0.15544917,0.12331133,6,30
10,LV,1.0064412,0.15544917,0.12142268,4,40
10,LV,0.9977824,0.15544917,0.11148335,4,40
10,LV,0.9977824,0.15544917,0.11148335,5,42
10,LV,0.9969917,0.15544917,0.24542074,4,999
10,LV,1.0112171,0.15544917,0.1949697,3,40
10,LV,1.0105551,0.15544917,0.123634495,5,44
10,LV,0.9969917,0.15544917,0.24542074,6,40
10,LV,1.0112171,0.15544917,0.22368953,5,40
10,LV,0.9969917,0.15544917,0.24542074,4,45
10,LV,0.9934883,0.15544917,0.119859956,6,8
10,LV,0.9950046,0.15544917,0.12004289,5,35
10,LV,1.0129294,0.15544917,0.38620204,6,35
10,LV,1.0003216,0.15544917,0.179434,2,12
10,LV,1.0079137,0.15544917,0.24090812,4,12
10,LV,0.9934883,0.15544917,0.08790777,7,40
10,LV,1.0079137,0.15544917,0.11378283,2,40
10,LV,1.0066539,0.15544917,0.08907271,6,40
10,LV,0.9977824,0.15544917,0.11148335,4,40
10,LV,1.0079137,0.15544917,0.23647147,1,47
10,LV,0.9969917,0.15544917,0.24542074,7,666
10,LV,1.0064412,0.15544917,0.24774684,4,58
10,LV,1.0105551,0.15544917,0.123634495,4,8
10,LV,0.9969917,0.15544917,0.12028262,2,8
10,LV,1.0066539,0.15544917,0.08907271,2,20
10,LV,0.9977824,0.15544917,0.18016289,2,40
10,LV,0.9969917,0.15544917,0.12028262,3,666
10,LV,1.0066539,0.15544917,0.08907271,4,40
10,LV,0.98604697,0.15544917,0.08260487,6,999
10,LV,1.0064412,0.15544917,0.24774684,4,2
10,LV,1.0003216,0.15544917,0.11885308,3,40
10,LV,0.9950046,0.15544917,0.24493156,7,38
10,LV,0.9969917,0.15544917,0.12028262,6,52
10,LV,1.0066539,0.15544917,0.20520341,3,40
10,LV,0.9977824,0.15544917,0.18016289,6,8
10,LV,0.9969917,0.15544917,0.12028262,6,12
10,LV,1.0064412,0.15544917,0.24774684,2,40
10,LV,1.0105551,0.15544917,0.123634495,3,666
10,LV,0.98825985,0.15544917,0.17844348,3,45
10,LV,0.9969917,0.15544917,0.24542074,7,40
10,LV,0.9977824,0.15544917,0.18016289,4,10
10,LV,1.0079137,0.15544917,0.18199223,5,666
10,LV,1.0079137,0.15544917,0.089184195,4,999
10,LV,0.9934883,0.15544917,0.20251966,4,666
10,LV,0.9977824,0.15544917,0.11148335,4,40
10,LV,0.98604697,0.15544917,0.21812168,6,40
10,LV,0.9950046,0.15544917,0.19076915,4,40
10,LV,1.0064412,0.15544917,0.24774684,6,666
10,LV,1.0079137,0.15544917,0.11378283,6,30
10,LV,0.9934883,0.15544917,0.08790777,5,41
10,LV,1.0105551,0.15544917,0.123634495,2,50
10,LV,1.0066539,0.15544917,0.08907271,4,40
10,LV,1.0079137,0.15544917,0.12331133,4,55
10,LV,1.0064412,0.15544917,0.1136166,7,40
10,LV,0.9934883,0.15544917,0.08790777,5,40
10,LV,1.0064412,0.15544917,0.24774684,4,40
10,LV,0.98825985,0.15544917,0.17844348,4,666
10,LV,0.98825985,0.15544917,0.17844348,5,999
10,LV,1.0066539,0.15544917,0.08907271,7,40
10,LV,1.0105551,0.15544917,0.123634495,6,666
10,LV,1.0129294,0.15544917,0.1816955,4,20
10,LV,0.9969917,0.15544917,0.12028262,4,40
10,LV,0.9977824,0.15544917,0.18016289,6,8
10,LV,0.9969917,0.15544917,0.24542074,5,999
10,LV,1.0129294,0.15544917,0.38620204,7,8
10,LV,0.98604697,0.15544917,0.21812168,4,999
10,LV,1.0112171,0.15544917,0.084713474,5,8
10,LV,0.9977824,0.15544917,0.11148335,4,40
10,LV,0.9950046,0.15544917,0.24493156,7,25
10,LV,0.9934883,0.15544917,0.08790777,7,40
10,LV,0.9934883,0.15544917,0.08790777,7,999
10,LV,1.0112171,0.15544917,0.084713474,6,999
10,LV,0.9977824,0.15544917,0.11148335,4,40
10,LV,0.98604697,0.15544917,0.21812168,4,40
10,LV,0.9934883,0.15544917,0.20251966,4,40
10,LV,0.9934883,0.15544917,0.08790777,4,40
10,LV,1.0003216,0.15544917,0.11885308,1,666
10,LV,0.9934883,0.15544917,0.08790777,4,45
10,LV,0.9969917,0.15544917,0.12028262,4,40
10,LV,0.9950046,0.15544917,0.12004289,4,45
10,LV,1.0066539,0.15544917,0.08907271,4,0
10,LV,0.9934883,0.15544917,0.08790777,6,42
10,LV,1.0064412,0.15544917,0.24774684,4,999
10,LV,1.0066539,0.15544917,0.08907271,5,8
10,LV,1.0105551,0.15544917,0.123634495,4,40
10,LV,1.0079137,0.15544917,0.18199223,3,666
10,LV,0.98604697,0.15544917,0.19011673,7,40
10,LV,0.9950046,0.15544917,0.24493156,4,10
10,LV,1.0129294,0.15544917,0.1816955,6,50
10,LV,0.9950046,0.15544917,0.12004289,5,50
10,LV,1.0129294,0.15544917,0.38620204,1,666
10,LV,0.99847203,0.15544917,0.22087024,2,50
10,LV,0.99847203,0.15544917,0.22087024,2,40
10,LV,1.0064412,0.15544917,0.12142268,3,41
10,LV,1.0066539,0.15544917,0.20520341,2,40
10,LV,0.98825985,0.15544917,0.11041939,4,55
10,LV,0.9934883,0.15544917,0.20251966,5,40
10,LV,0.9934883,0.15544917,0.08790777,3,40
10,LV,0.9950046,0.15544917,0.20282874,2,40
10,LV,1.0003216,0.15544917,0.11885308,3,35
10,LV,1.0112171,0.15544917,0.084713474,6,8
10,LV,0.9969917,0.15544917,0.19115017,7,40
10,LV,0.98604697,0.15544917,0.21812168,1,50
10,LV,0.9950046,0.15544917,0.12004289,2,25
10,LV,1.0129294,0.15544917,0.18289791,2,666
10,LV,0.99847203,0.15544917,0.08364577,2,40
10,LV,0.9950046,0.15544917,0.12004289,5,40
10,LV,1.0066539,0.15544917,0.20520341,4,40
10,LV,0.98825985,0.15544917,0.17844348,4,42
10,LV,1.0079137,0.15544917,0.12331133,5,50
10,LV,0.9977824,0.15544917,0.18016289,6,60
10,LV,1.0079137,0.15544917,0.11378283,4,40
10,LV,0.9934883,0.15544917,0.08790777,5,50
10,LV,0.99847203,0.15544917,0.08364577,3,60
10,LV,1.0066539,0.15544917,0.08907271,5,40
10,LV,1.0105551,0.15544917,0.24153945,2,666
10,LV,1.0066539,0.15544917,0.08907271,5,40
10,LV,1.0105551,0.15544917,0.24153945,4,20
10,LV,0.9969917,0.15544917,0.12028262,4,40
10,LV,1.0105551,0.15544917,0.123634495,4,8
10,LV,0.98825985,0.15544917,0.17844348,7,58
10,LV,0.9977824,0.15544917,0.54547465,6,30
10,LV,1.0066539,0.15544917,0.08907271,7,0
10,LV,1.0105551,0.15544917,0.123634495,4,666
10,LV,0.9969917,0.15544917,0.12028262,1,40
10,LV,1.0079137,0.15544917,0.12331133,1,40
10,LV,1.0079137,0.15544917,0.12331133,6,999
10,LV,1.0003216,0.15544917,0.179434,5,40
10,LV,0.9977824,0.15544917,0.18016289,5,8
10,LV,0.9950046,0.15544917,0.12004289,6,40
10,LV,0.9969917,0.15544917,0.24542074,3,40
10,LV,1.0129294,0.15544917,0.1816955,6,28
10,LV,1.0105551,0.15544917,0.123634495,7,666
10,LV,0.9934883,0.15544917,0.08790777,5,60
10,LV,0.9969917,0.15544917,0.12028262,3,9
10,LV,0.9934883,0.15544917,0.08790777,6,45
10,LV,0.9969917,0.15544917,0.24542074,4,40
10,LV,1.0079137,0.15544917,0.11378283,3,40
10,LV,0.9950046,0.15544917,0.12004289,6,30
10,LV,0.98825985,0.15544917,0.11041939,4,45
10,LV,0.9934883,0.15544917,0.08790777,4,40
10,LV,0.98604697,0.15544917,0.21812168,3,51
10,LV,1.0066539,0.15544917,0.08907271,5,40
10,LV,1.0079137,0.15544917,0.12331133,2,40
10,LV,1.0105551,0.15544917,0.24153945,3,0
10,LV,0.9934883,0.15544917,0.20251966,2,35
10,LV,0.9969917,0.15544917,0.24542074,5,40
10,LV,0.9950046,0.15544917,0.12004289,6,5
10,LV,0.98825985,0.15544917,0.11041939,4,999
10,LV,1.0079137,0.15544917,0.11378283,6,40
10,LV,0.9969917,0.15544917,0.24542074,6,50
10,LV,1.0066539,0.15544917,0.08907271,4,40
10,LV,0.9950046,0.15544917,0.12004289,3,40
10,LV,1.0112171,0.15544917,0.084713474,5,16
10,LV,0.9950046,0.15544917,0.24493156,4,35
10,LV,1.0105551,0.15544917,0.1824692,3,666
10,LV,1.0003216,0.15544917,0.11176706,5,48
10,LV,0.9934883,0.15544917,0.08790777,6,9
10,LV,1.0066539,0.15544917,0.20520341,7,40
10,LV,1.0129294,0.15544917,0.1816955,6,666
10,LV,0.98825985,0.15544917,0.11041939,6,50
10,LV,1.0079137,0.15544917,0.089184195,5,999
10,LV,1.0105551,0.15544917,0.114081025,4,40
10,LV,0.99847203,0.15544917,0.08364577,3,50
10,LV,0.9977824,0.15544917,0.18016289,6,666
10,LV,0.9934883,0.15544917,0.08790777,2,40
10,LV,0.9969917,0.15544917,0.24542074,2,666
10,LV,1.0066539,0.15544917,0.08907271,4,40
10,LV,0.98604697,0.15544917,0.21812168,6,40
10,LV,1.0064412,0.15544917,0.24774684,2,40
10,LV,0.98825985,0.15544917,0.08279025,2,35
10,LV,0.9969917,0.15544917,0.24542074,5,666
10,LV,0.9977824,0.15544917,0.11148335,6,30
10,LV,0.98825985,0.15544917,0.11041939,6,40
10,LV,0.98825985,0.15544917,0.11041939,6,45
10,LV,0.9950046,0.15544917,0.12004289,4,40
10,LV,1.0129294,0.15544917,0.38620204,6,36
10,LV,0.9977824,0.15544917,0.17897852,4,40
10,LV,0.98604697,0.15544917,0.19011673,2,48
10,LV,1.0129294,0.15544917,0.38620204,7,0
10,LV,0.9969917,0.15544917,0.12028262,5,2
10,LV,0.99847203,0.15544917,0.08364577,2,40
10,LV,0.99847203,0.15544917,0.08364577,2,40
10,LV,0.9934883,0.15544917,0.08790777,6,45
10,LV,0.98825985,0.15544917,0.11041939,5,50
10,LV,0.9969917,0.15544917,0.24542074,4,999
10,LV,0.98604697,0.15544917,0.08260487,2,49
10,LV,1.0066539,0.15544917,0.08907271,2,50
10,LV,0.98604697,0.15544917,0.21812168,99,9
10,LV,1.0003216,0.15544917,0.179434,5,40
10,LV,0.98825985,0.15544917,0.11041939,4,45
10,LV,0.9977824,0.15544917,0.18016289,6,40
10,LV,0.98825985,0.15544917,0.2186112,5,65
10,LV,1.0066539,0.15544917,0.08907271,4,40
10,LV,1.0105551,0.15544917,0.24153945,6,40
10,LV,0.9969917,0.15544917,0.24542074,5,666
10,LV,0.98825985,0.15544917,0.20145386,6,40
10,LV,1.0079137,0.15544917,0.11378283,4,45
10,LV,0.98604697,0.15544917,0.08260487,4,40
10,LV,0.9950046,0.15544917,0.12004289,2,0
10,LV,0.98825985,0.15544917,0.17844348,2,40
10,LV,0.9950046,0.15544917,0.12004289,3,10
10,LV,1.0066539,0.15544917,0.20520341,4,30
10,LV,1.0064412,0.15544917,0.24774684,6,999
10,LV,0.98604697,0.15544917,0.21812168,6,40
10,LV,1.0105551,0.15544917,0.123634495,6,666
10,LV,0.9950046,0.15544917,0.12004289,4,40
10,LV,1.0064412,0.15544917,0.19296189,4,64
10,LV,0.99847203,0.15544917,0.08364577,4,8
10,LV,0.9950046,0.15544917,0.12004289,5,50
10,LV,0.99847203,0.15544917,0.22087024,2,40
10,LV,1.0079137,0.15544917,0.11378283,5,40
10,LV,0.9969917,0.15544917,0.24542074,1,38
10,LV,1.0003216,0.15544917,0.179434,7,8
10,LV,0.9950046,0.15544917,0.12004289,4,40
10,LV,1.0105551,0.15544917,0.114081025,4,24
10,LV,1.0129294,0.15544917,0.1816955,7,35
10,LV,0.9969917,0.15544917,0.24542074,6,40
10,LV,0.9950046,0.15544917,0.12004289,4,30
10,LV,1.0129294,0.15544917,0.120351076,7,50
10,LV,0.9969917,0.15544917,0.12028262,4,60
10,LV,0.9969917,0.15544917,0.24542074,2,999
10,LV,0.98825985,0.15544917,0.54026866,2,40
10,LV,0.9969917,0.15544917,0.12028262,6,40
10,LV,0.98604697,0.15544917,0.21812168,3,50
10,LV,1.0066539,0.15544917,0.08907271,2,50
10,LV,1.0066539,0.15544917,0.08907271,2,40
10,LV,0.9969917,0.15544917,0.19115017,3,40
10,LV,0.98604697,0.15544917,0.21812168,4,9
10,LV,0.9934883,0.15544917,0.20251966,7,40
10,LV,1.0066539,0.15544917,0.08907271,4,10
10,LV,0.9950046,0.15544917,0.12004289,7,40
10,LV,0.9934883,0.15544917,0.119859956,2,999
10,LV,0.98604697,0.15544917,0.539059,4,48
10,LV,0.98825985,0.15544917,0.11041939,4,40
10,LV,0.9934883,0.15544917,0.20251966,2,40
10,LV,0.9950046,0.15544917,0.12004289,3,40
10,LV,0.9950046,0.15544917,0.19076915,7,40
10,LV,0.98604697,0.15544917,0.08260487,4,35
10,LV,0.98825985,0.15544917,0.17844348,6,40
10,LV,0.9977824,0.15544917,0.11148335,5,40
10,LV,0.9934883,0.15544917,0.20251966,4,40
10,LV,0.9969917,0.15544917,0.24542074,5,40
10,LV,1.0105551,0.15544917,0.24153945,7,54
10,LV,0.9969917,0.15544917,0.12028262,3,72
10,LV,1.0066539,0.15544917,0.08907271,2,40
10,LV,1.0079137,0.15544917,0.11378283,4,40
10,LV,0.98604697,0.15544917,0.08260487,6,40
10,LV,0.9934883,0.15544917,0.08790777,6,10
10,LV,0.9950046,0.15544917,0.12004289,4,40
10,LV,0.98825985,0.15544917,0.17844348,7,42
10,LV,0.9969917,0.15544917,0.12028262,6,40
10,LV,1.0003216,0.15544917,0.179434,6,45
10,LV,1.0064412,0.15544917,0.12142268,4,999
10,LV,0.9950046,0.15544917,0.24493156,5,40
10,LV,0.98604697,0.15544917,0.21812168,4,40
10,LV,0.98604697,0.15544917,0.08260487,3,40
10,LV,0.98825985,0.15544917,0.17844348,3,666
10,LV,1.0079137,0.15544917,0.11378283,3,40
10,LV,0.98825985,0.15544917,0.17844348,3,40
10,LV,1.0112171,0.15544917,0.22368953,4,48
10,LV,1.0129294,0.15544917,0.1816955,5,24
10,LV,0.9934883,0.15544917,0.20251966,4,40
10,LV,0.98825985,0.15544917,0.17844348,4,0
10,LV,0.9950046,0.15544917,0.24493156,2,40
10,LV,0.9934883,0.15544917,0.08790777,5,40
10,LV,0.98604697,0.15544917,0.08260487,4,40
10,LV,0.9950046,0.15544917,0.24493156,6,40
10,LV,0.98604697,0.15544917,0.08260487,2,48
10,LV,0.9950046,0.15544917,0.24493156,4,40
10,LV,0.9934883,0.15544917,0.08790777,3,666
10,LV,1.0066539,0.15544917,0.113640614,3,32
10,LV,0.9934883,0.15544917,0.08790777,6,40
10,LV,1.0003216,0.15544917,0.179434,3,24
10,LV,0.9950046,0.15544917,0.24493156,6,40
10,LV,0.9977824,0.15544917,0.11148335,4,45
10,LV,0.99847203,0.15544917,0.08364577,2,25
10,LV,0.99847203,0.15544917,0.19251236,2,45
10,LV,1.0003216,0.15544917,0.179434,6,45
10,LV,0.9977824,0.15544917,0.54547465,4,40
10,LV,0.9934883,0.15544917,0.20251966,4,12
10,LV,1.0105551,0.15544917,0.123634495,6,666
10,LV,0.9934883,0.15544917,0.08790777,7,37
10,LV,0.9934883,0.15544917,0.08790777,2,5
10,LV,0.9934883,0.15544917,0.08790777,5,40
10,LV,1.0066539,0.15544917,0.08907271,4,0
10,LV,1.0129294,0.15544917,0.120351076,6,40
10,LV,0.9934883,0.15544917,0.08790777,5,20
10,LV,1.0066539,0.15544917,0.08907271,2,999
10,LV,1.0066539,0.15544917,0.08907271,4,60
10,LV,1.0064412,0.15544917,0.24774684,2,40
10,LV,0.98604697,0.15544917,0.21812168,3,22
10,LV,1.0003216,0.15544917,0.179434,6,40
10,LV,1.0064412,0.15544917,0.08905389,6,40
10,LV,0.98604697,0.15544917,0.08260487,6,26
10,LV,1.0064412,0.15544917,0.12142268,7,999
10,LV,0.9977824,0.15544917,0.11148335,2,40
10,LV,1.0129294,0.15544917,0.120351076,4,4
10,LV,1.0003216,0.15544917,0.11885308,3,35
10,LV,1.0066539,0.15544917,0.08907271,4,40
10,LV,0.9969917,0.15544917,0.24542074,4,70
10,LV,0.9950046,0.15544917,0.12004289,4,8
10,LV,0.9950046,0.15544917,0.12004289,4,40
10,LV,1.0066539,0.15544917,0.08907271,6,40
10,LV,1.0064412,0.15544917,0.12142268,4,20
10,LV,0.98604697,0.15544917,0.08260487,5,40
10,LV,1.0064412,0.15544917,0.24774684,3,16
10,LV,0.9969917,0.15544917,0.24542074,2,40
10,LV,0.9950046,0.15544917,0.12004289,4,36
10,LV,1.0079137,0.15544917,0.089184195,4,40
10,LV,0.98825985,0.15544917,0.119229175,5,17
10,LV,1.0064412,0.15544917,0.12142268,3,999
10,LV,0.98604697,0.15544917,0.21812168,5,40
10,LV,1.0112171,0.15544917,0.084713474,7,60
10,LV,1.0003216,0.15544917,0.179434,2,43
10,LV,1.0066539,0.15544917,0.08907271,3,50
10,LV,0.9934883,0.15544917,0.20251966,2,0
10,LV,0.98825985,0.15544917,0.17844348,7,999
10,LV,1.0112171,0.15544917,0.084713474,5,48
10,LV,1.0066539,0.15544917,0.08907271,4,21
10,LV,1.0112171,0.15544917,0.22368953,6,6
10,LV,1.0105551,0.15544917,0.123634495,4,40
10,LV,0.98825985,0.15544917,0.11041939,4,8
10,LV,1.0003216,0.15544917,0.179434,6,666
10,LV,0.9934883,0.15544917,0.20251966,5,20
10,LV,0.9934883,0.15544917,0.08790777,3,8
10,LV,1.0003216,0.15544917,0.179434,4,40
10,LV,1.0003216,0.15544917,0.179434,3,168
10,LV,1.0003216,0.15544917,0.179434,6,0
10,LV,1.0105551,0.15544917,0.24153945,2,50
10,LV,0.9969917,0.15544917,0.12028262,4,40
10,LV,1.0066539,0.15544917,0.08907271,3,999
10,LV,0.9950046,0.15544917,0.12004289,6,999
10,LV,1.0129294,0.15544917,0.18289791,3,666
10,LV,1.0064412,0.15544917,0.12142268,5,666
10,LV,0.9969917,0.15544917,0.24542074,99,666
10,LV,0.9977824,0.15544917,0.11148335,5,10
10,LV,1.0066539,0.15544917,0.20520341,4,60
10,LV,1.0079137,0.15544917,0.11378283,6,50
10,LV,0.98825985,0.15544917,0.17844348,3,40
10,LV,1.0064412,0.15544917,0.24774684,6,9
10,LV,1.0079137,0.15544917,0.11378283,6,40
10,LV,1.0129294,0.15544917,0.38620204,7,35
10,LV,1.0105551,0.15544917,0.123634495,5,999
10,LV,0.9977824,0.15544917,0.11148335,4,24
10,LV,0.9977824,0.15544917,0.54547465,2,0
10,LV,1.0066539,0.15544917,0.08907271,4,40
10,LV,1.0066539,0.15544917,0.08907271,4,0
10,LV,0.9950046,0.15544917,0.12004289,4,3
10,LV,1.0003216,0.15544917,0.179434,7,40
10,LV,1.0079137,0.15544917,0.11378283,4,40
10,LV,1.0003216,0.15544917,0.11885308,4,40
10,LV,1.0066539,0.15544917,0.08907271,5,40
10,LV,0.9934883,0.15544917,0.08790777,4,9
10,LV,1.0064412,0.15544917,0.24774684,4,40
10,LV,1.0079137,0.15544917,0.11378283,7,16
10,LV,0.9977824,0.15544917,0.11148335,3,40
10,LV,0.98825985,0.15544917,0.17844348,2,999
10,LV,0.98604697,0.15544917,0.21812168,4,40
10,LV,0.9969917,0.15544917,0.111395,4,40
10,LV,1.0105551,0.15544917,0.114081025,3,40
10,LV,0.9934883,0.15544917,0.08790777,3,999
10,LV,0.9977824,0.15544917,0.11148335,5,0
10,LV,0.9950046,0.15544917,0.24493156,6,999
10,LV,1.0105551,0.15544917,0.20599866,6,666
10,LV,0.9934883,0.15544917,0.20251966,5,999
10,LV,1.0129294,0.15544917,0.38620204,2,70
10,LV,1.0105551,0.15544917,0.123634495,6,35
10,LV,1.0066539,0.15544917,0.08907271,2,54
10,LV,0.99847203,0.15544917,0.22087024,4,40
10,LV,1.0066539,0.15544917,0.20520341,4,12
10,LV,0.9934883,0.15544917,0.20251966,5,40
10,LV,1.0079137,0.15544917,0.11378283,4,999
10,LV,1.0064412,0.15544917,0.12142268,4,40
10,LV,0.98604697,0.15544917,0.08260487,4,44
10,LV,0.9934883,0.15544917,0.08790777,2,18
10,LV,1.0129294,0.15544917,0.1816955,5,42
10,LV,1.0105551,0.15544917,0.123634495,4,5
10,LV,1.0003216,0.15544917,0.11885308,3,40
10,LV,1.0066539,0.15544917,0.08907271,6,40
10,LV,1.0129294,0.15544917,0.38620204,6,666
10,LV,0.9969917,0.15544917,0.24542074,5,999
10,LV,0.98604697,0.15544917,0.08260487,4,40
10,LV,0.9977824,0.15544917,0.18016289,1,666
10,LV,1.0129294,0.15544917,0.1816955,3,8
10,LV,0.9977824,0.15544917,0.18016289,4,40
10,LV,1.0066539,0.15544917,0.08907271,3,42
10,LV,0.9934883,0.15544917,0.08790777,2,40
10,LV,0.9950046,0.15544917,0.12004289,2,40
10,LV,1.0105551,0.15544917,0.24153945,4,30
10,LV,1.0064412,0.15544917,0.12142268,6,5
10,LV,0.98604697,0.15544917,0.21812168,2,56
10,LV,1.0105551,0.15544917,0.123634495,2,11
10,LV,0.9950046,0.15544917,0.12004289,6,50
10,LV,0.9934883,0.15544917,0.20251966,4,40
10,LV,1.0003216,0.15544917,0.179434,7,160
10,LV,1.0105551,0.15544917,0.123634495,6,999
10,LV,0.9969917,0.15544917,0.24542074,2,4
10,LV,1.0003216,0.15544917,0.11176706,6,40
10,LV,1.0105551,0.15544917,0.123634495,4,999
10,LV,0.98825985,0.15544917,0.17844348,2,50
10,LV,0.9969917,0.15544917,0.12028262,3,12
10,LV,0.98604697,0.15544917,0.21812168,4,48
10,LV,0.99847203,0.15544917,0.22087024,5,0
10,LV,0.98825985,0.15544917,0.17844348,3,42
10,LV,0.98604697,0.15544917,0.08260487,3,10
10,LV,0.9977824,0.15544917,0.11148335,2,60
10,LV,0.9977824,0.15544917,0.18016289,5,40
10,LV,0.9950046,0.15544917,0.24493156,5,40
10,LV,1.0105551,0.15544917,0.123634495,6,14
10,LV,0.9934883,0.15544917,0.08790777,6,40
10,LV,1.0129294,0.15544917,0.12392497,6,999
10,LV,0.9934883,0.15544917,0.08790777,4,50
10,LV,1.0064412,0.15544917,0.24774684,3,48
10,LV,0.98604697,0.15544917,0.21812168,6,40
10,LV,0.9950046,0.15544917,0.12004289,4,40
10,LV,1.0066539,0.15544917,0.08907271,2,0
10,LV,0.9950046,0.15544917,0.24493156,2,46
10,LV,0.98604697,0.15544917,0.19011673,6,999
10,LV,0.9969917,0.15544917,0.24542074,4,0
10,LV,0.9977824,0.15544917,0.18016289,3,12
10,LV,1.0066539,0.15544917,0.08907271,5,40
10,LV,1.0066539,0.15544917,0.18176474,7,666
10,LV,1.0079137,0.15544917,0.11378283,4,45
10,LV,0.98604697,0.15544917,0.08260487,5,50
10,LV,0.9977824,0.15544917,0.18016289,6,40
10,LV,1.0064412,0.15544917,0.24774684,6,666
10,LV,0.99847203,0.15544917,0.08364577,5,54
10,LV,1.0112171,0.15544917,0.22368953,3,45
10,LV,1.0112171,0.15544917,0.1949697,2,40
10,LV,1.0105551,0.15544917,0.24153945,4,17
10,LV,0.98604697,0.15544917,0.21812168,4,5
10,LV,0.9950046,0.15544917,0.24493156,2,999
10,LV,0.9934883,0.15544917,0.08790777,4,40
10,LV,0.99847203,0.15544917,0.08364577,3,999
10,LV,0.9934883,0.15544917,0.08790777,2,999
10,LV,0.9934883,0.15544917,0.08790777,4,48
10,LV,0.9934883,0.15544917,0.08790777,5,25
10,LV,1.0003216,0.15544917,0.11885308,4,40
10,LV,1.0105551,0.15544917,0.123634495,6,666
10,LV,1.0105551,0.15544917,0.114081025,2,24
10,LV,0.99847203,0.15544917,0.22087024,4,666
10,LV,0.98825985,0.15544917,0.11041939,5,40
10,LV,1.0129294,0.15544917,0.1816955,3,0
10,LV,0.99847203,0.15544917,0.22087024,4,666
10,LV,1.0003216,0.15544917,0.179434,6,999
10,LV,0.9977824,0.15544917,0.11148335,6,60
10,LV,0.9934883,0.15544917,0.08790777,4,30
10,LV,0.9934883,0.15544917,0.17938755,2,666
10,LV,0.9969917,0.15544917,0.088217765,7,80
10,LV,0.9977824,0.15544917,0.18016289,2,40
10,LV,1.0105551,0.15544917,0.24153945,7,666
10,LV,1.0003216,0.15544917,0.11885308,2,10
10,LV,1.0079137,0.15544917,0.11378283,3,50
10,LV,0.9969917,0.15544917,0.24542074,4,999
10,LV,0.98604697,0.15544917,0.21812168,4,40
10,LV,0.9934883,0.15544917,0.08790777,6,70
10,LV,0.98604697,0.15544917,0.21812168,4,40
10,LV,0.9950046,0.15544917,0.24493156,4,40
10,LV,1.0064412,0.15544917,0.12142268,3,999
10,LV,0.98604697,0.15544917,0.08260487,6,40
10,LV,0.9969917,0.15544917,0.24542074,5,4
10,LV,1.0064412,0.15544917,0.24774684,6,8
10,LV,0.9934883,0.15544917,0.20251966,2,40
10,LV,1.0066539,0.15544917,0.20520341,3,10
10,LV,1.0066539,0.15544917,0.08907271,4,40
10,LV,0.9950046,0.15544917,0.12004289,6,60
10,LV,0.99847203,0.15544917,0.19251236,2,999
10,LV,0.9977824,0.15544917,0.18016289,5,40
10,LV,0.9950046,0.15544917,0.12004289,4,40
10,LV,0.98825985,0.15544917,0.17844348,4,999
10,LV,1.0105551,0.15544917,0.123634495,5,666
10,LV,0.9950046,0.15544917,0.12004289,5,666
10,LV,1.0129294,0.15544917,0.38620204,3,30
10,LV,1.0064412,0.15544917,0.08431338,3,40
10,LV,0.9969917,0.15544917,0.12028262,5,12
10,LV,1.0079137,0.15544917,0.12331133,2,999
10,LV,1.0105551,0.15544917,0.114081025,7,8
10,LV,0.99847203,0.15544917,0.22087024,2,10
10,LV,0.9950046,0.15544917,0.24493156,2,999
10,LV,1.0129294,0.15544917,0.1816955,6,666
10,LV,0.98825985,0.15544917,0.17844348,3,40
10,LV,1.0112171,0.15544917,0.084713474,4,8
10,LV,0.9977824,0.15544917,0.11148335,4,32
10,LV,0.9950046,0.15544917,0.24493156,6,45
10,LV,1.0129294,0.15544917,0.120351076,7,50
10,LV,1.0105551,0.15544917,0.123634495,2,45
10,LV,1.0129294,0.15544917,0.38620204,6,40
10,LV,1.0112171,0.15544917,0.084713474,3,40
10,LV,0.9950046,0.15544917,0.12004289,7,50
10,LV,1.0079137,0.15544917,0.11378283,3,40
10,LV,0.9950046,0.15544917,0.08804193,99,999
10,LV,0.9977824,0.15544917,0.18016289,2,40
10,LV,0.9934883,0.15544917,0.20251966,6,40
10,LV,1.0066539,0.15544917,0.08907271,2,45
10,LV,1.0112171,0.15544917,0.22368953,3,8
10,LV,0.9977824,0.15544917,0.18016289,6,5
10,LV,0.9934883,0.15544917,0.08790777,4,8
10,LV,0.98825985,0.15544917,0.11041939,4,40
10,LV,1.0079137,0.15544917,0.11378283,5,42
10,LV,0.99847203,0.15544917,0.08364577,2,40
10,LV,1.0066539,0.15544917,0.08907271,3,32
10,LV,1.0064412,0.15544917,0.24774684,2,666
10,LV,1.0066539,0.15544917,0.08907271,6,40
10,LV,1.0066539,0.15544917,0.08907271,4,40
10,LV,0.99847203,0.15544917,0.08364577,6,40
10,LV,1.0112171,0.15544917,0.22368953,3,40
10,LV,1.0105551,0.15544917,0.123634495,5,666
10,LV,0.9977824,0.15544917,0.11148335,5,999
10,LV,1.0079137,0.15544917,0.12331133,2,60
10,LV,0.9977824,0.15544917,0.11148335,4,40
10,LV,0.9977824,0.15544917,0.18016289,2,999
10,LV,1.0003216,0.15544917,0.179434,4,40
10,LV,1.0079137,0.15544917,0.11378283,4,24
10,LV,0.9950046,0.15544917,0.12004289,4,13
10,LV,1.0003216,0.15544917,0.11885308,5,30
10,LV,1.0003216,0.15544917,0.11885308,4,45
10,LV,0.9977824,0.15544917,0.18016289,6,45
10,LV,0.9969917,0.15544917,0.088217765,2,40
10,LV,0.9950046,0.15544917,0.24493156,4,25
10,LV,0.98604697,0.15544917,0.21812168,5,50
10,LV,0.98825985,0.15544917,0.11041939,4,40
10,LV,0.98604697,0.15544917,0.08260487,7,8
10,LV,0.99847203,0.15544917,0.19251236,3,999
10,LV,0.9969917,0.15544917,0.088217765,3,0
10,LV,1.0003216,0.15544917,0.18062139,7,999
10,LV,0.9934883,0.15544917,0.08790777,5,50
10,LV,1.0003216,0.15544917,0.11885308,6,999
10,LV,0.9934883,0.15544917,0.08790777,7,0
10,LV,1.0129294,0.15544917,0.120351076,5,16
10,LV,0.99847203,0.15544917,0.22087024,5,6
10,LV,0.98604697,0.15544917,0.21812168,4,999
10,LV,1.0066539,0.15544917,0.08907271,5,50
10,LV,0.9934883,0.15544917,0.20251966,6,9
10,LV,0.9934883,0.15544917,0.20251966,6,40
10,LV,1.0003216,0.15544917,0.179434,2,40
10,LV,0.98604697,0.15544917,0.21812168,7,10
10,LV,0.98825985,0.15544917,0.17844348,2,666
10,LV,0.99847203,0.15544917,0.22087024,6,8
10,LV,1.0112171,0.15544917,0.084713474,6,999
10,LV,0.9934883,0.15544917,0.08790777,3,45
10,LV,0.9969917,0.15544917,0.12028262,3,40
10,LV,0.9934883,0.15544917,0.08790777,4,40
10,LV,0.9934883,0.15544917,0.08790777,6,666
10,LV,0.9950046,0.15544917,0.12173199,5,8
10,LV,1.0129294,0.15544917,0.120351076,4,999
10,LV,0.98825985,0.15544917,0.17844348,5,666
10,LV,0.98604697,0.15544917,0.21812168,6,45
10,LV,0.9969917,0.15544917,0.12028262,6,40
10,LV,0.9934883,0.15544917,0.08790777,2,40
10,LV,1.0066539,0.15544917,0.20520341,6,43
10,LV,1.0112171,0.15544917,0.084713474,3,999
10,LV,0.98825985,0.15544917,0.17844348,3,30
10,LV,0.98604697,0.15544917,0.21812168,6,999
10,LV,1.0105551,0.15544917,0.123634495,4,0
10,LV,0.99847203,0.15544917,0.08364577,2,36
10,LV,0.9934883,0.15544917,0.08790777,3,50
10,LV,0.98825985,0.15544917,0.11041939,6,15
10,LV,1.0079137,0.15544917,0.11378283,4,10
10,LV,0.9934883,0.15544917,0.20251966,5,40
10,LV,1.0129294,0.15544917,0.38620204,7,666
10,LV,0.98604697,0.15544917,0.21812168,6,999
10,LV,0.98825985,0.15544917,0.11041939,2,50
10,LV,1.0129294,0.15544917,0.38620204,3,666
10,LV,1.0112171,0.15544917,0.22368953,4,999
10,LV,0.98604697,0.15544917,0.21812168,7,40
10,LV,1.0105551,0.15544917,0.24153945,5,20
10,LV,0.98825985,0.15544917,0.11041939,5,8
10,LV,0.9950046,0.15544917,0.12004289,6,43
10,LV,1.0105551,0.15544917,0.123634495,6,20
10,LV,1.0079137,0.15544917,0.11378283,4,43
10,LV,1.0105551,0.15544917,0.24153945,3,38
10,LV,0.9934883,0.15544917,0.08790777,4,40
10,LV,0.9969917,0.15544917,0.12028262,2,40
10,LV,1.0105551,0.15544917,0.123634495,7,8
10,LV,0.9977824,0.15544917,0.11148335,2,40
10,LV,1.0079137,0.15544917,0.11378283,4,40
10,LV,0.9934883,0.15544917,0.20251966,5,25
10,LV,0.9977824,0.15544917,0.11148335,4,41
10,LV,0.99847203,0.15544917,0.08364577,5,40
10,LV,0.98604697,0.15544917,0.21812168,4,7
10,LV,0.9934883,0.15544917,0.08790777,3,0
10,LV,0.98604697,0.15544917,0.08260487,4,56
10,LV,1.0064412,0.15544917,0.24774684,4,999
10,LV,0.9950046,0.15544917,0.24493156,5,40
10,LV,1.0064412,0.15544917,0.24774684,2,68
10,LV,1.0079137,0.15544917,0.11378283,7,40
10,LV,1.0003216,0.15544917,0.11885308,2,70
10,LV,1.0079137,0.15544917,0.11378283,6,50
10,LV,1.0105551,0.15544917,0.24153945,6,9
10,LV,1.0105551,0.15544917,0.123634495,6,666
10,LV,1.0003216,0.15544917,0.179434,4,999
10,LV,1.0079137,0.15544917,0.11378283,4,168
10,LV,1.0003216,0.15544917,0.11885308,7,40
10,LV,0.9969917,0.15544917,0.12028262,4,40
10,LV,1.0105551,0.15544917,0.1824692,5,666
10,LV,0.9969917,0.15544917,0.24542074,4,999
10,LV,0.99847203,0.15544917,0.08364577,7,5
10,LV,0.9950046,0.15544917,0.24493156,3,40
10,LV,0.9950046,0.15544917,0.12004289,5,38
10,LV,1.0129294,0.15544917,0.1816955,2,999
10,LV,0.9950046,0.15544917,0.24493156,2,8
10,LV,0.9950046,0.15544917,0.12004289,6,40
10,LV,0.9977824,0.15544917,0.18016289,1,999
10,LV,1.0066539,0.15544917,0.20520341,3,40
10,LV,1.0066539,0.15544917,0.08907271,3,40
10,LV,0.9977824,0.15544917,0.18016289,4,40
10,LV,1.0066539,0.15544917,0.11247458,5,45
10,LV,0.9934883,0.15544917,0.08790777,3,999
10,LV,0.9969917,0.15544917,0.12028262,2,8
10,LV,0.9934883,0.15544917,0.20251966,5,999
10,LV,1.0105551,0.15544917,0.123634495,7,5
10,LV,1.0066539,0.15544917,0.20520341,5,5
10,LV,1.0079137,0.15544917,0.11378283,4,40
10,LV,1.0129294,0.15544917,0.1816955,7,666
10,LV,0.9977824,0.15544917,0.11148335,4,40
10,LV,0.9950046,0.15544917,0.12004289,2,60
10,LV,1.0079137,0.15544917,0.12331133,6,999
10,LV,0.98604697,0.15544917,0.21812168,6,50
10,LV,0.9977824,0.15544917,0.11148335,4,0
10,LV,1.0003216,0.15544917,0.11885308,6,10
10,LV,0.9969917,0.15544917,0.24542074,7,999
10,LV,0.9969917,0.15544917,0.19115017,2,999
10,LV,0.9934883,0.15544917,0.20251966,6,40
10,LV,1.0003216,0.15544917,0.11885308,3,8
10,LV,1.0079137,0.15544917,0.11378283,2,45
10,LV,0.9934883,0.15544917,0.08790777,3,40
10,LV,0.9934883,0.15544917,0.20251966,6,56
10,LV,0.9969917,0.15544917,0.24542074,5,40
10,LV,1.0066539,0.15544917,0.08907271,6,40
10,LV,0.9934883,0.15544917,0.08790777,4,999
10,LV,1.0079137,0.15544917,0.24090812,4,0
10,LV,1.0066539,0.15544917,0.23617591,7,999
10,PL,1.0269085,1.5488107,1.9864718,6,40
10,PL,0.9505161,1.5488107,1.4340229,5,666
10,PL,0.9437745,1.5488107,1.7782887,4,30
10,PL,1.0285689,1.5488107,1.7451221,4,54
10,PL,1.0231342,1.5488107,1.4161055,2,42
10,PL,0.99144804,1.5488107,1.5685393,3,48
10,PL,1.0451853,1.5488107,1.7707589,4,40
10,PL,1.0374267,1.5488107,1.3873011,6,48
10,PL,1.0564263,1.5488107,1.9478362,3,40
10,PL,1.0250742,1.5488107,1.6053506,5,666
10,PL,1.0100713,1.5488107,1.6734595,4,40
10,PL,1.0269085,1.5488107,1.7013549,7,999
10,PL,1.0413121,1.5488107,1.7046348,6,50
10,PL,0.9345886,1.5488107,1.4219363,2,52
10,PL,0.9333472,1.5488107,1.1473931,3,56
10,PL,1.0197525,1.5488107,1.6614351,4,50
10,PL,1.0275894,1.5488107,1.5611461,4,45
10,PL,0.9087245,1.5488107,1.3910015,2,45
10,PL,1.0304624,1.5488107,1.6494743,4,666
10,PL,0.9437745,1.5488107,1.5685705,3,48
10,PL,1.0250742,1.5488107,2.0254345,2,40
10,PL,0.9427919,1.5488107,1.3295013,4,666
10,PL,1.0344269,1.5488107,1.3966799,5,666
10,PL,1.0231342,1.5488107,1.3907729,3,80
10,PL,1.0352511,1.5488107,1.2981437,3,30
10,PL,0.9667014,1.5488107,1.248339,2,666
10,PL,1.032729,1.5488107,1.6338484,7,666
10,PL,1.0217856,1.5488107,1.5640655,3,38
10,PL,0.9505161,1.5488107,1.2649052,1,999
10,PL,0.9362848,1.5488107,1.6222458,5,666
10,PL,1.033763,1.5488107,1.5945932,2,40
10,PL,1.0451853,1.5488107,1.6886153,2,12
10,PL,0.94792795,1.5488107,1.7242968,2,40
10,PL,0.9427919,1.5488107,1.4366459,6,50
10,PL,1.0294847,1.5488107,1.783728,4,40
10,PL,1.0495421,1.5488107,1.5993136,5,40
10,PL,1.1305081,1.5488107,1.5016223,4,50
10,PL,1.0275894,1.5488107,1.533219,4,25
10,PL,1.0487994,1.5488107,1.6524773,6,999
10,PL,1.0433303,1.5488107,1.705877,4,999
10,PL,0.93526596,1.5488107,1.3667841,5,666
10,PL,1.0069685,1.5488107,1.6384736,4,45
10,PL,1.0368258,1.5488107,1.5588573,2,60
10,PL,0.9505161,1.5488107,1.4340229,6,80
10,PL,0.9334999,1.5488107,1.7117076,4,666
10,PL,0.94359064,1.5488107,1.3060107,3,50
10,PL,1.0445302,1.5488107,1.8691647,99,666
10,PL,1.0275894,1.5488107,1.5083225,4,40
10,PL,1.038103,1.5488107,1.7585661,2,45
10,PL,1.0193878,1.5488107,1.4897184,5,44
10,PL,1.0451853,1.5488107,1.4034964,4,40
10,PL,0.9427919,1.5488107,1.4109453,5,48
10,PL,1.0304624,1.5488107,1.9008762,3,38
10,PL,0.9427919,1.5488107,1.3295013,2,30
10,PL,1.0294847,1.5488107,1.54782,3,60
10,PL,0.9667014,1.5488107,1.3248112,3,40
10,PL,0.93526596,1.5488107,1.724441,2,999
10,PL,1.0436538,1.5488107,2.1522431,2,40
10,PL,0.94359064,1.5488107,1.5248742,7,666
10,PL,0.9522927,1.5488107,1.5335946,7,40
10,PL,1.0341581,1.5488107,1.8789905,7,40
10,PL,0.9317886,1.5488107,1.2512244,4,40
10,PL,1.0421039,1.5488107,1.763545,4,20
10,PL,1.0236336,1.5488107,1.3596638,4,40
10,PL,0.9345886,1.5488107,1.4219363,3,45
10,PL,1.024825,1.5488107,1.8895693,6,666
10,PL,0.9333472,1.5488107,0.9956437,4,40
10,PL,0.9667014,1.5488107,1.5019376,4,40
10,PL,1.0361487,1.5488107,1.6740154,2,50
10,PL,1.0451853,1.5488107,1.4894726,2,40
10,PL,1.046672,1.5488107,1.6261864,4,40
10,PL,0.9469194,1.5488107,1.7467659,2,50
10,PL,1.0352511,1.5488107,1.5618603,99,86
10,PL,1.0418981,1.5488107,1.5664827,3,45
10,PL,0.94359064,1.5488107,1.2086086,4,40
10,PL,1.0564263,1.5488107,1.6384208,4,40
10,PL,0.9333472,1.5488107,1.203209,6,40
10,PL,0.9505161,1.5488107,1.4340229,2,40
10,PL,1.0445302,1.5488107,2.2588353,4,4
10,PL,0.9427919,1.5488107,1.3295013,2,40
10,PL,1.0443487,1.5488107,1.7673439,5,666
10,PL,1.0421039,1.5488107,1.7319968,3,45
10,PL,1.0326495,1.5488107,1.5179689,3,666
10,PL,0.9334999,1.5488107,1.9985586,5,32
10,PL,1.0282813,1.5488107,2.0993543,4,40
10,PL,0.94359064,1.5488107,1.2086086,4,666
10,PL,1.032028,1.5488107,1.3926665,2,40
10,PL,0.93526596,1.5488107,1.4269578,2,4
10,PL,1.0493999,1.5488107,1.3681923,4,30
10,PL,0.94359064,1.5488107,1.2826469,4,72
10,PL,0.9427919,1.5488107,1.2729553,4,52
10,PL,1.0217856,1.5488107,1.3796118,4,40
10,PL,1.038103,1.5488107,1.5511742,2,40
10,PL,1.0457842,1.5488107,1.9282143,6,7
10,PL,1.0395547,1.5488107,1.8278124,2,40
10,PL,1.032028,1.5488107,1.3677526,4,666
10,PL,1.0397496,1.5488107,1.6023239,4,60
10,PL,1.0478504,1.5488107,1.580869,1,60
10,PL,0.9437745,1.5488107,1.5685705,3,40
10,PL,0.9522927,1.5488107,1.5873047,6,666
10,PL,1.0421039,1.5488107,1.7038716,5,40
10,PL,0.9407961,1.5488107,1.4292883,6,30
10,PL,1.0523629,1.5488107,1.122603,4,40
10,PL,0.93526596,1.5488107,1.476933,3,666
10,PL,0.94792795,1.5488107,1.6247654,2,666
10,PL,1.0071803,1.5488107,1.8977599,3,48
10,PL,1.0361487,1.5488107,1.4526172,4,28
10,PL,1.0037394,1.5488107,1.4668505,4,50
10,PL,0.9333472,1.5488107,1.203209,3,40
10,PL,0.9437745,1.5488107,1.5431,4,999
10,PL,1.0494992,1.5488107,1.5833563,3,48
10,PL,0.9437745,1.5488107,1.7782887,4,40
10,PL,1.0311378,1.5488107,1.8130133,2,40
10,PL,0.94359064,1.5488107,1.2618189,6,666
10,PL,1.0344766,1.5488107,1.3967468,3,54
10,PL,0.94359064,1.5488107,1.3060107,5,666
10,PL,1.0366516,1.5488107,1.6593819,4,40
10,PL,1.085546,1.5488107,1.6643724,2,46
10,PL,0.9522927,1.5488107,1.5335946,4,30
10,PL,0.9437745,1.5488107,1.8647956,3,40
10,PL,0.9362848,1.5488107,1.430931,4,999
10,PL,0.9345886,1.5488107,1.3158888,4,30
10,PL,0.94359064,1.5488107,1.4541363,6,40
10,PL,1.0443487,1.5488107,2.063519,4,40
10,PL,1.0476621,1.5488107,1.4750943,4,42
10,PL,1.0285689,1.5488107,1.5673544,4,55
10,PL,0.9427919,1.5488107,1.4366459,6,666
10,PL,1.0290831,1.5488107,1.5873746,6,40
10,PL,0.9437745,1.5488107,1.5431,5,666
10,PL,0.9469194,1.5488107,1.4518284,2,666
10,PL,1.0361487,1.5488107,1.4765946,2,48
10,PL,1.0366516,1.5488107,1.5894068,4,999
10,PL,1.0457842,1.5488107,1.6219162,4,25
10,PL,0.9427919,1.5488107,1.2961417,4,42
10,PL,1.0481818,1.5488107,1.3425756,4,40
10,PL,0.9505161,1.5488107,1.2649052,99,666
10,PL,0.9469194,1.5488107,1.4518284,3,48
10,PL,1.0716293,1.5488107,1.8842078,5,22
10,PL,1.0311378,1.5488107,1.5992002,2,48
10,PL,0.9427919,1.5488107,1.1994761,3,666
10,PL,0.9333472,1.5488107,1.203209,5,12
10,PL,1.0451853,1.5488107,1.6886153,2,48
10,PL,1.0234185,1.5488107,1.5269959,3,48
10,PL,0.93526596,1.5488107,1.724441,6,666
10,PL,1.0340267,1.5488107,1.3940661,6,45
10,PL,1.032028,1.5488107,1.6260531,4,60
10,PL,1.0457842,1.5488107,1.838765,4,60
10,PL,1.0269085,1.5488107,1.8943211,2,45
10,PL,1.0523629,1.5488107,1.1411334,3,40
10,PL,0.9469194,1.5488107,1.568831,5,40
10,PL,1.0495421,1.5488107,1.5707035,4,20
10,PL,1.0374267,1.5488107,1.5987448,3,30
10,PL,0.9334999,1.5488107,1.9058468,2,40
10,PL,1.0234185,1.5488107,1.7311546,3,22
10,PL,0.9667014,1.5488107,1.3489426,4,40
10,PL,1.0644373,1.5488107,1.9518,4,30
10,PL,1.0361487,1.5488107,1.7554495,3,43
10,PL,0.9505161,1.5488107,1.2443647,2,45
10,PL,0.9616355,1.5488107,1.2008955,4,666
10,PL,0.9505161,1.5488107,1.4340229,4,56
10,PL,0.9667014,1.5488107,1.5019376,4,999
10,PL,1.0275894,1.5488107,1.8227673,4,44
10,PL,0.9505161,1.5488107,1.2879452,5,666
10,PL,1.0201589,1.5488107,1.4908451,3,48
10,PL,1.0311378,1.5488107,1.5068897,3,40
10,PL,1.0383874,1.5488107,2.0208623,3,40
10,PL,0.9437745,1.5488107,1.5685705,4,48
10,PL,1.0193878,1.5488107,1.5809778,4,40
10,PL,0.9333472,1.5488107,1.1473931,6,40
10,PL,0.9345886,1.5488107,1.58321,2,42
10,PL,0.94359064,1.5488107,1.2086086,2,40
10,PL,1.0340267,1.5488107,1.3352789,4,50
10,PL,1.0679796,1.5488107,1.6294423,2,40
10,PL,1.0302554,1.5488107,1.9004943,2,48
10,PL,0.9437745,1.5488107,1.4780283,3,35
10,PL,1.0421039,1.5488107,1.763545,3,20
10,PL,0.9345886,1.5488107,1.4219363,4,40
10,PL,0.93526596,1.5488107,1.724441,4,40
10,PL,0.9333472,1.5488107,1.012078,3,40
10,PL,0.94359064,1.5488107,1.3060107,4,999
10,PL,0.9362848,1.5488107,1.3483332,3,46
10,PL,0.9522927,1.5488107,1.8533087,3,999
10,PL,0.9362848,1.5488107,1.6222458,7,48
10,PL,1.0361487,1.5488107,1.6740154,4,40
10,PL,1.0361487,1.5488107,1.6740154,6,48
10,PL,1.0397496,1.5488107,1.6802704,4,666
10,PL,0.9317886,1.5488107,1.5054101,3,666
10,PL,0.9427919,1.5488107,1.599588,2,50
10,PL,1.0543481,1.5488107,1.3220899,6,666
10,PL,0.9522927,1.5488107,1.5335946,3,666
10,PL,0.9362848,1.5488107,1.4076945,3,40
10,PL,1.0340894,1.5488107,1.6706882,4,14
10,PL,0.9407961,1.5488107,1.3809243,4,40
10,PL,1.0418981,1.5488107,1.8930528,4,40
10,PL,0.9427919,1.5488107,1.4431483,1,51
10,PL,1.0543481,1.5488107,1.4286375,3,40
10,PL,0.9334999,1.5488107,1.6537882,4,666
10,PL,1.0369587,1.5488107,1.4256012,4,40
10,PL,1.0281912,1.5488107,1.6236774,6,45
10,PL,0.9333472,1.5488107,1.1473931,2,666
10,PL,0.93526596,1.5488107,1.476933,2,46
10,PL,1.0387961,1.5488107,2.0094671,4,666
10,PL,1.0217856,1.5488107,1.2999762,6,50
10,PL,1.0156713,1.5488107,1.5906241,4,666
10,PL,1.0418981,1.5488107,1.6213443,5,58
10,PL,0.9333472,1.5488107,1.0305129,2,999
10,PL,1.0217197,1.5488107,1.6400454,5,42
10,PL,0.9317886,1.5488107,1.5054101,6,666
10,PL,0.9437745,1.5488107,1.5685705,2,32
10,PL,0.9317886,1.5488107,1.5054101,2,40
10,PL,1.0421039,1.5488107,1.6320202,3,50
10,PL,1.046672,1.5488107,1.6261864,3,48
10,PL,0.9522927,1.5488107,1.5589088,2,999
10,PL,1.0281912,1.5488107,1.5025839,3,666
10,PL,0.9505161,1.5488107,1.4340229,5,45
10,PL,1.0089978,1.5488107,1.3623464,3,50
10,PL,0.94359064,1.5488107,1.3060107,4,24
10,PL,0.9437745,1.5488107,1.8647956,4,40
10,PL,0.94359064,1.5488107,1.2826469,5,9
10,PL,0.9345886,1.5488107,1.58321,5,666
10,PL,1.0361487,1.5488107,1.4526172,5,666
10,PL,0.9469194,1.5488107,1.7467659,3,40
10,PL,1.0304624,1.5488107,1.7072434,4,40
10,PL,0.94792795,1.5488107,1.6247654,99,666
10,PL,1.0418981,1.5488107,1.5923399,2,666
10,PL,0.9427919,1.5488107,1.3295013,6,46
10,PL,0.9505161,1.5488107,1.2443647,4,40
10,PL,1.0068929,1.5488107,1.6482894,3,40
10,PL,1.0343795,1.5488107,2.2368844,4,40
10,PL,1.018018,1.5488107,2.011492,2,666
10,PL,1.0534114,1.5488107,1.5285399,6,40
10,PL,0.98268324,1.5488107,1.3052706,4,55
10,PL,1.0369319,1.5488107,1.7593111,2,999
10,PL,0.9345886,1.5488107,1.4219363,4,20
10,PL,0.9616355,1.5488107,1.2744613,3,666
10,PL,0.9317886,1.5488107,1.2512244,4,20
10,PL,1.0156713,1.5488107,1.9137589,2,48
10,PL,0.9469194,1.5488107,1.5157464,3,10
10,PL,1.0495421,1.5488107,1.5707035,4,45
10,PL,1.0311378,1.5488107,1.5732323,3,55
10,PL,1.0383874,1.5488107,1.6998469,2,55
10,PL,1.0133702,1.5488107,1.7195802,2,666
10,PL,1.0451853,1.5488107,1.4652858,2,50
10,PL,1.02209,1.5488107,2.0867145,4,40
10,PL,1.0451853,1.5488107,1.7707589,4,48
10,PL,1.0418981,1.5488107,1.5923399,7,40
10,PL,0.9362848,1.5488107,1.3483332,4,40
10,PL,0.9362848,1.5488107,1.3483332,2,666
10,PL,1.0344269,1.5488107,1.6604434,4,666
10,PL,1.0275894,1.5488107,1.7382102,4,40
10,PL,0.9437745,1.5488107,1.5431,5,666
10,PL,1.0343795,1.5488107,1.8509995,6,20
10,PL,0.9345886,1.5488107,1.58321,3,666
10,PL,1.0564263,1.5488107,1.6384208,4,40
10,PL,1.0788231,1.5488107,1.8256847,4,40
10,PL,1.0344269,1.5488107,1.7550604,4,40
10,PL,1.0269085,1.5488107,1.8943211,2,50
10,PL,1.0349683,1.5488107,1.7562298,2,42
10,PL,0.9345886,1.5488107,1.58321,2,666
10,PL,1.0387313,1.5488107,1.3797181,4,40
10,PL,1.0368258,1.5488107,1.6134514,5,666
10,PL,1.0193878,1.5488107,1.7923536,4,48
10,PL,1.0344269,1.5488107,1.3966799,4,40
10,PL,0.9333472,1.5488107,1.1473931,2,40
10,PL,0.9505161,1.5488107,1.1918911,3,40
10,PL,1.0493999,1.5488107,1.576722,3,32
10,PL,1.0451853,1.5488107,1.4034964,5,666
10,PL,0.9345886,1.5488107,1.3158888,6,40
10,PL,1.0275894,1.5488107,1.5083225,5,40
10,PL,0.94359064,1.5488107,1.4541363,4,30
10,PL,1.0311378,1.5488107,1.8130133,6,30
10,PL,0.9616355,1.5488107,1.4448562,3,40
10,PL,1.0344269,1.5488107,1.3740001,7,50
10,PL,1.0703471,1.5488107,1.7181016,3,45
10,PL,0.9437745,1.5488107,1.7782887,5,666
10,PL,0.9362848,1.5488107,1.4076945,3,40
10,PL,0.93526596,1.5488107,1.3667841,7,50
10,PL,1.0543481,1.5488107,1.3802959,2,999
10,PL,1.0451853,1.5488107,1.4652858,4,999
10,PL,1.033763,1.5488107,1.9185337,3,40
10,PL,1.02209,1.5488107,1.87415,6,40
10,PL,0.9333472,1.5488107,1.012078,6,40
10,PL,1.0516391,1.5488107,1.545883,2,40
10,PL,1.0193878,1.5488107,1.5809778,3,40
10,PL,0.9345886,1.5488107,1.3738222,4,40
10,PL,1.0418981,1.5488107,1.5923399,4,20
10,PL,1.0421039,1.5488107,1.6320202,7,50
10,PL,1.0535303,1.5488107,1.485662,3,999
10,PL,1.0516391,1.5488107,1.7814962,6,40
10,PL,1.0478504,1.5488107,1.3139427,6,30
10,PL,1.032028,1.5488107,1.5506208,4,46
10,PL,1.0494992,1.5488107,1.3739485,3,40
10,PL,1.0534114,1.5488107,1.5285399,5,56
10,PL,0.9427919,1.5488107,1.3295013,3,48
10,PL,0.9317886,1.5488107,1.5054101,3,666
10,PL,1.0294847,1.5488107,1.6020279,6,666
10,PL,1.0156713,1.5488107,1.9137589,4,40
10,PL,1.0340894,1.5488107,1.7519599,4,666
10,PL,1.0534114,1.5488107,1.4145421,4,45
10,PL,0.9317886,1.5488107,1.3278733,4,45
10,PL,1.016612,1.5488107,1.5337399,2,50
10,PL,0.9427919,1.5488107,1.2961417,2,666
10,PL,0.9345886,1.5488107,1.3738222,2,20
10,PL,0.9427919,1.5488107,1.4431483,3,666
10,PL,1.1305081,1.5488107,1.5016223,4,50
10,PL,1.0535303,1.5488107,1.5510697,2,40
10,PL,1.033763,1.5488107,1.6647967,4,40
10,PL,0.9437745,1.5488107,1.5431,5,40
10,PL,0.9522927,1.5488107,1.7673347,2,666
10,PL,0.9616355,1.5488107,1.4448562,4,18
10,PL,1.0290831,1.5488107,1.9098487,3,40
10,PL,1.0290831,1.5488107,1.5873746,4,42
10,PL,1.0217856,1.5488107,1.5640655,5,40
10,PL,1.0451853,1.5488107,1.7707589,2,37
10,PL,0.9407961,1.5488107,1.6688106,3,50
10,PL,1.0341581,1.5488107,1.6093004,4,30
10,PL,1.0269085,1.5488107,1.5744687,2,50
10,PL,1.0489082,1.5488107,1.522005,4,40
10,PL,0.9345886,1.5488107,1.396499,3,70
10,PL,0.9362848,1.5488107,1.7011609,2,48
10,PL,1.0516391,1.5488107,1.545883,4,50
10,PL,1.0535303,1.5488107,1.7874734,4,666
10,PL,1.0653988,1.5488107,1.765125,4,38
10,PL,0.9427919,1.5488107,1.1994761,3,666
10,PL,1.0489082,1.5488107,1.6946297,3,666
10,PL,1.024825,1.5488107,1.5894096,2,48
10,PL,0.9317886,1.5488107,1.3520606,6,40
10,PL,1.0640533,1.5488107,1.6234516,6,40
10,PL,1.053196,1.5488107,1.2947271,4,38
10,PL,1.0365624,1.5488107,1.8225511,3,40
10,PL,0.9345886,1.5488107,1.3158888,4,50
10,PL,0.9427919,1.5488107,1.388034,3,70
10,PL,0.9427919,1.5488107,1.3295013,3,999
10,PL,0.9362848,1.5488107,1.3483332,2,60
10,PL,1.0387961,1.5488107,1.6628147,2,666
10,PL,0.9333472,1.5488107,1.0305129,4,40
10,PL,0.9345886,1.5488107,1.3738222,4,666
10,PL,1.0169705,1.5488107,1.6627778,3,40
10,PL,0.93526596,1.5488107,1.6444452,5,48
10,PL,1.046672,1.5488107,1.4605337,4,40
10,PL,0.9317886,1.5488107,1.3278733,4,50
10,PL,0.9667014,1.5488107,1.3248112,3,56
10,PL,1.0344269,1.5488107,1.4221209,4,1
10,PL,1.0326495,1.5488107,1.5179689,3,52
10,PL,0.9427919,1.5488107,1.677402,4,999
10,PL,0.9522927,1.5488107,1.7673347,4,666
10,PL,1.0197525,1.5488107,1.5843625,4,42
10,PL,0.9407961,1.5488107,1.3226919,2,999
10,PL,0.9952981,1.5488107,1.6273421,4,45
10,PL,0.99834603,1.5488107,1.6342983,2,58
10,PL,0.9362848,1.5488107,1.4076945,4,666
10,PL,0.9616355,1.5488107,1.2008955,2,40
10,PL,1.0281912,1.5488107,1.6236774,4,65
10,PL,1.0418981,1.5488107,1.5664827,4,40
10,PL,0.9427919,1.5488107,1.599588,7,999
10,PL,1.0156713,1.5488107,1.6606532,6,20
10,PL,1.0390549,1.5488107,1.4284834,3,40
10,PL,1.0156713,1.5488107,1.9137589,5,50
10,PL,1.091287,1.5488107,1.3684093,3,22
10,PL,1.0290831,1.5488107,1.9098487,2,50
10,PL,1.033763,1.5488107,1.9185337,3,42
10,PL,0.9667014,1.5488107,1.5019376,3,35
10,PL,0.9437745,1.5488107,1.5685705,4,47
10,PL,0.9469194,1.5488107,1.4518284,5,48
10,PL,0.9345886,1.5488107,1.58321,2,666
10,PL,1.096125,1.5488107,1.4799849,4,999
10,PL,1.0494992,1.5488107,1.6603804,6,40
10,PL,1.0294847,1.5488107,1.482549,6,40
10,PL,0.9362848,1.5488107,1.4569948,2,666
10,PL,1.085546,1.5488107,1.7376477,6,44
10,PL,0.94359064,1.5488107,1.2618189,2,40
10,PL,1.0433303,1.5488107,1.6339409,2,40
10,PL,0.9362848,1.5488107,1.6222458,5,40
10,PL,1.0428782,1.5488107,1.3878165,4,40
10,PL,1.0290831,1.5488107,1.5873746,4,50
10,PL,0.94359064,1.5488107,1.2618189,5,40
10,PL,0.9952981,1.5488107,1.6843358,4,666
10,PL,0.9437745,1.5488107,1.4780283,2,50
10,PL,1.0421039,1.5488107,1.763545,4,48
10,PL,1.016612,1.5488107,1.352863,2,46
10,PL,1.0311378,1.5488107,1.6283307,6,666
10,PL,0.94359064,1.5488107,1.2618189,2,47
10,PL,1.0282813,1.5488107,1.8517725,2,48
10,PL,1.0290831,1.5488107,1.684616,2,40
10,PL,0.9333472,1.5488107,1.1473931,3,60
10,PL,1.0535303,1.5488107,1.7874734,6,35
10,PL,0.9345886,1.5488107,1.58321,6,666
10,PL,1.0281912,1.5488107,1.5025839,3,45
10,PL,1.0395547,1.5488107,1.6416224,6,45
10,PL,0.93526596,1.5488107,1.4505118,4,40
10,PL,1.0451853,1.5488107,1.6886153,3,44
10,PL,1.024825,1.5488107,1.6183612,6,60
10,PL,1.0349683,1.5488107,1.8638152,4,40
10,PL,1.0481818,1.5488107,1.4507736,5,55
10,PL,0.9362848,1.5488107,1.4569948,3,50
10,PL,0.9616355,1.5488107,1.2008955,4,48
10,PL,1.0798244,1.5488107,1.9919331,5,50
10,PL,1.0383874,1.5488107,1.9271165,2,40
10,PL,1.0304624,1.5488107,1.5799174,2,40
10,PL,0.9317886,1.5488107,1.2512244,4,46
10,PL,1.0304624,1.5488107,1.9008762,2,40
10,PL,0.94792795,1.5488107,1.9548345,6,666
10,PL,1.046672,1.5488107,1.705294,5,40
10,PL,1.0369319,1.5488107,1.526632,4,666
10,PL,1.0413121,1.5488107,1.6769536,5,40
10,PL,0.9427919,1.5488107,1.2961417,6,45
10,PL,0.9437745,1.5488107,1.7782887,2,40
10,PL,1.0433303,1.5488107,2.061507,6,666
10,PL,0.9345886,1.5488107,1.58321,2,48
10,PL,0.9362848,1.5488107,1.4076945,4,999
10,PL,1.0311378,1.5488107,1.5068897,5,40
10,PL,1.0478504,1.5488107,1.4198328,4,666
10,PL,0.9427919,1.5488107,1.2729553,6,60
10,PL,0.94792795,1.5488107,2.04993,2,28
10,PL,1.0100713,1.5488107,1.9539013,3,50
10,PL,0.9469194,1.5488107,1.568831,6,666
10,PL,1.046672,1.5488107,1.4605337,4,666
10,PL,1.0294847,1.5488107,1.482549,4,40
10,PL,0.9667014,1.5488107,1.3032985,5,40
10,PL,0.9362848,1.5488107,1.7011609,2,999
10,PL,1.0418981,1.5488107,1.8052357,4,40
10,PL,1.0217856,1.5488107,1.2999762,3,60
10,PL,0.9437745,1.5488107,1.5685705,5,999
10,PL,0.9437745,1.5488107,1.5971423,4,40
10,PL,1.0445302,1.5488107,1.8691647,4,40
10,PL,0.9345886,1.5488107,1.3158888,1,45
10,PL,1.0269085,1.5488107,1.8943211,2,40
10,PL,1.0489082,1.5488107,1.522005,6,40
10,PL,1.0201589,1.5488107,1.5564808,3,999
10,PL,1.0787976,1.5488107,1.4831213,4,666
10,PL,1.0369319,1.5488107,1.6644639,3,40
10,PL,0.9427919,1.5488107,1.3295013,3,50
10,PL,1.0269085,1.5488107,1.670919,4,40
10,PL,0.94359064,1.5488107,1.2618189,4,40
10,PL,1.0428782,1.5488107,1.307707,3,45
10,PL,0.9437745,1.5488107,1.8647956,2,75
10,PL,0.9407961,1.5488107,1.6688106,5,60
10,PL,1.0365624,1.5488107,1.6076136,4,60
10,PL,0.9427919,1.5488107,1.3295013,4,60
10,PL,0.9345886,1.5488107,1.4219363,2,42
10,PL,1.0703471,1.5488107,1.4217125,1,31
10,PL,0.9345886,1.5488107,1.3738222,2,999
10,PL,0.9427919,1.5488107,1.677402,5,40
10,PL,0.9427919,1.5488107,1.2729553,5,999
10,PL,0.9505161,1.5488107,1.1918911,5,85
10,PL,1.0349683,1.5488107,1.7562298,6,48
10,PL,1.0418981,1.5488107,1.8052357,5,40
10,PL,1.1039081,1.5488107,1.6252384,3,35
10,PL,1.0282813,1.5488107,1.7448821,5,40
10,PL,1.053196,1.5488107,1.3577098,6,60
10,PL,1.0397496,1.5488107,1.3904076,2,40
10,PL,1.0557901,1.5488107,1.9475981,3,666
10,PL,0.9437745,1.5488107,1.5685705,4,50
10,PL,1.0217197,1.5488107,1.4046512,6,666
10,PL,1.0361487,1.5488107,1.6740154,5,48
10,PL,1.0311378,1.5488107,1.8130133,4,666
10,PL,1.032729,1.5488107,1.5580556,3,666
10,PL,0.9437745,1.5488107,1.7782887,2,666
10,PL,1.0153184,1.5488107,1.5541663,2,35
10,PL,0.9469194,1.5488107,1.5157464,2,40
10,PL,1.0680288,1.5488107,1.4420497,2,50
10,PL,0.9362848,1.5488107,1.3483332,5,40
10,PL,0.9427919,1.5488107,1.388034,2,666
10,PL,1.0368258,1.5488107,1.4931202,2,50
10,PL,0.9469194,1.5488107,1.4518284,1,60
10,PL,0.93526596,1.5488107,1.3667841,4,40
10,PL,1.0640533,1.5488107,1.8708872,7,20
10,PL,1.0206343,1.5488107,1.5228417,3,48
10,PL,1.0153184,1.5488107,1.3958503,6,40
10,PL,0.9427919,1.5488107,1.677402,4,16
10,PL,1.0343795,1.5488107,1.8815532,3,40
10,PL,0.9437745,1.5488107,1.5685705,6,40
10,PL,1.0516391,1.5488107,1.5714002,2,60
10,PL,1.032028,1.5488107,1.3677526,3,40
10,PL,1.0374267,1.5488107,1.5987448,4,35
10,PL,1.0413121,1.5488107,1.6769536,5,40
10,PL,0.9427919,1.5488107,1.4366459,4,40
10,PL,1.0478504,1.5488107,1.3944333,4,40
10,PL,1.0670532,1.5488107,1.5944331,2,666
10,PL,1.0418981,1.5488107,1.8930528,1,40
10,PL,1.0430268,1.5488107,1.3270009,4,40
10,PL,1.0804199,1.5488107,1.8283868,3,40
10,PL,1.0269085,1.5488107,1.670919,3,40
10,PL,1.0418981,1.5488107,1.5923399,2,50
10,PL,1.0433303,1.5488107,1.6339409,4,40
10,PL,1.064693,1.5488107,1.5650722,4,999
10,PL,1.0493999,1.5488107,1.3104957,4,25
10,PL,0.9362848,1.5488107,1.6222458,3,666
10,PL,1.0038657,1.5488107,1.9835287,6,45
10,PL,1.0294847,1.5488107,1.783728,2,46
10,PL,0.9317886,1.5488107,1.3520606,5,40
10,PL,1.038103,1.5488107,1.7585661,2,45
10,PL,0.9334999,1.5488107,1.9058468,4,40
10,PL,1.046672,1.5488107,1.4344065,4,40
10,PL,0.9505161,1.5488107,1.1918911,4,60
10,PL,1.0068929,1.5488107,1.6215242,3,40
10,PL,1.0344269,1.5488107,1.3966799,4,666
10,PL,1.032729,1.5488107,1.2949809,4,80
10,PL,1.018018,1.5488107,1.9181808,5,25
10,PL,1.0383874,1.5488107,1.6017264,2,80
10,PL,0.9437745,1.5488107,1.5685705,2,50
10,PL,1.0418981,1.5488107,1.5004259,4,40
10,PL,0.94359064,1.5488107,1.2618189,5,999
10,PL,1.0282813,1.5488107,2.0993543,1,56
10,PL,1.0178208,1.5488107,1.5785472,4,40
10,PL,1.0326495,1.5488107,1.834425,3,666
10,PL,1.0361487,1.5488107,1.7554495,4,35
10,PL,0.9333472,1.5488107,1.203209,4,45
10,PL,0.9437745,1.5488107,1.4780283,3,40
10,PL,1.0304624,1.5488107,1.5799174,4,40
10,PL,0.9407961,1.5488107,1.5913956,1,40
10,PL,1.0369587,1.5488107,1.4000989,4,40
10,PL,0.9427919,1.5488107,1.599588,4,40
10,PL,1.0436538,1.5488107,1.9330037,5,40
10,PL,0.9616355,1.5488107,1.2976758,3,80
10,PL,1.053196,1.5488107,1.0761149,4,42
10,PL,1.0201589,1.5488107,1.6109931,2,40
10,PL,1.0481818,1.5488107,1.6153187,4,37
10,PL,1.0361487,1.5488107,1.6740154,4,15
10,PL,0.9345886,1.5488107,1.58321,4,40
10,PL,1.0644373,1.5488107,1.806235,4,666
10,PL,1.0680288,1.5488107,1.6348516,4,42
10,PL,0.9333472,1.5488107,1.012078,5,40
10,PL,1.0418981,1.5488107,1.6213443,5,24
10,PL,1.0374267,1.5488107,1.5987448,2,40
10,PL,1.0449039,1.5488107,1.9265914,6,40
10,PL,0.9362848,1.5488107,1.4569948,2,666
10,PL,0.94359064,1.5488107,1.2086086,4,7
10,PL,1.0210766,1.5488107,1.3588037,2,60
10,PL,1.0311378,1.5488107,1.5068897,2,46
10,PL,0.9427919,1.5488107,1.5133522,2,72
10,PL,1.0418981,1.5488107,1.8052357,1,666
10,PL,0.9616355,1.5488107,1.2008955,4,666
10,PL,0.9362848,1.5488107,1.3483332,4,50
10,PL,1.0451853,1.5488107,1.4894726,6,55
10,PL,1.0493999,1.5488107,1.3104957,3,10
10,PL,1.0387313,1.5488107,1.6673526,4,40
10,PL,1.0083582,1.5488107,1.5554054,7,666
10,PL,0.9362848,1.5488107,1.3483332,4,70
10,PL,0.9345886,1.5488107,1.3738222,4,666
10,PL,1.0341581,1.5488107,1.4892788,6,60
10,PL,1.0724528,1.5488107,1.9863433,7,666
10,PL,1.0178208,1.5488107,1.8766555,2,50
10,PL,1.0413121,1.5488107,1.6769536,5,40
10,PL,1.0340894,1.5488107,1.6706882,2,56
10,PL,0.9437745,1.5488107,1.5431,5,40
10,PL,1.0421039,1.5488107,1.7319968,2,40
10,PL,1.0430268,1.5488107,1.5965805,4,40
10,PL,1.0197525,1.5488107,1.316846,4,666
10,PL,1.0343795,1.5488107,1.7729449,4,55
10,PL,1.0418981,1.5488107,1.8930528,2,40
10,PL,0.9437745,1.5488107,1.5685705,2,999
10,PL,0.99689263,1.5488107,1.595739,2,55
10,PL,1.0478504,1.5488107,1.3944333,4,40
10,PL,1.0290831,1.5488107,1.5873746,2,666
10,PL,0.9427919,1.5488107,1.2729553,4,12
10,PL,1.0724528,1.5488107,1.9191309,4,49
10,PL,1.0433303,1.5488107,1.7656204,3,48
10,PL,1.0304624,1.5488107,1.6494743,3,40
10,PL,1.0428782,1.5488107,1.3878165,4,70
10,PL,1.0481818,1.5488107,1.6153187,2,40
10,PL,0.9427919,1.5488107,1.4431483,2,40
10,PL,0.9334999,1.5488107,1.7117076,1,666
10,PL,0.9317886,1.5488107,1.5054101,5,999
10,PL,1.0535326,1.5488107,1.852389,4,40
10,PL,0.9427919,1.5488107,1.599588,2,35
10,PL,0.94359064,1.5488107,1.2826469,4,40
10,PL,0.9333472,1.5488107,0.9956437,4,999
10,PL,1.0445302,1.5488107,1.8691647,4,45
10,PL,1.024825,1.5488107,1.4976645,3,666
10,PL,1.0281912,1.5488107,1.6236774,4,16
10,PL,1.0234185,1.5488107,1.5269959,6,40
10,PL,0.93526596,1.5488107,1.4269578,2,41
10,PL,1.0421039,1.5488107,1.7038716,4,40
10,PL,0.9427919,1.5488107,1.4109453,6,40
10,PL,0.9522927,1.5488107,1.4689243,4,666
10,PL,0.9362848,1.5488107,1.6222458,4,40
10,PL,0.9843817,1.5488107,1.5068109,3,40
10,PL,0.9334999,1.5488107,1.5840486,4,12
10,PL,1.0543481,1.5488107,1.3220899,3,666
10,PL,1.0291535,1.5488107,1.3289856,4,40
10,PL,1.0418981,1.5488107,1.8052357,6,55
10,PL,1.0325441,1.5488107,1.5780447,5,999
10,PL,1.0557901,1.5488107,1.6900177,5,45
10,PL,0.9505161,1.5488107,1.2879452,2,40
10,PL,1.0365624,1.5488107,1.9112115,6,50
10,PL,0.9407961,1.5488107,1.6688106,6,666
10,PL,0.9427919,1.5488107,1.2729553,3,47
10,PL,1.0421039,1.5488107,1.7038716,5,40
10,PL,1.0418981,1.5488107,1.5923399,4,40
10,PL,1.0383874,1.5488107,2.0208623,6,40
10,PL,1.032729,1.5488107,1.6338484,99,7
10,PL,0.9333472,1.5488107,1.203209,4,40
10,PL,0.9427919,1.5488107,1.599588,2,666
10,PL,1.02209,1.5488107,1.7343764,2,40
10,PL,1.0294847,1.5488107,1.54782,4,40
10,PL,0.94359064,1.5488107,1.3060107,4,32
10,PL,1.0369587,1.5488107,1.5872915,2,666
10,PL,1.032028,1.5488107,1.5506208,5,37
10,PL,1.085546,1.5488107,1.7376477,2,30
10,PL,0.9437745,1.5488107,1.5431,99,666
10,PL,1.0374267,1.5488107,1.5987448,2,40
10,PL,1.064693,1.5488107,1.6198846,4,999
10,PL,1.0436538,1.5488107,2.1522431,6,45
10,PL,0.93526596,1.5488107,1.4505118,5,90
10,PL,1.0217197,1.5488107,1.2998931,4,30
10,PL,1.0294847,1.5488107,1.54782,6,38
10,PL,0.9437745,1.5488107,1.5685705,3,999
10,PL,1.0433303,1.5488107,1.7656204,4,32
10,PL,0.9469194,1.5488107,1.5407659,5,50
10,PL,1.0291535,1.5488107,1.6767511,2,45
10,PL,0.9362848,1.5488107,1.3483332,4,40
10,PL,1.0387961,1.5488107,1.5926948,1,666
10,PL,1.0418981,1.5488107,1.5004259,2,50
10,PL,1.0495421,1.5488107,1.7807066,3,40
10,PL,0.94359064,1.5488107,1.3060107,4,666
10,PL,1.0368258,1.5488107,1.8838371,5,2
10,PL,1.0069685,1.5488107,1.6118679,2,40
10,PL,0.9362848,1.5488107,1.430931,6,999
10,PL,1.0341581,1.5488107,1.5548455,4,40
10,PL,1.0413121,1.5488107,2.0265543,5,666
10,PL,1.0193878,1.5488107,1.5553044,2,48
10,PL,0.9469194,1.5488107,1.4518284,4,40
10,PL,1.0234185,1.5488107,1.5269959,5,40
10,PL,1.1000512,1.5488107,1.5676612,3,40
10,PL,1.0787976,1.5488107,1.3725104,2,999
10,PL,1.0397496,1.5488107,1.3317746,4,42
10,PL,1.0433303,1.5488107,1.9658748,3,45
10,PL,0.9469194,1.5488107,1.4518284,3,64
10,PL,0.9427919,1.5488107,1.4109453,2,666
10,PL,0.9427919,1.5488107,1.388034,4,40
10,PL,1.0413121,1.5488107,2.0265543,3,57
10,PL,1.0489082,1.5488107,1.4705052,7,40
10,PL,1.0451853,1.5488107,1.4894726,99,666
10,PL,0.9667014,1.5488107,1.3489426,6,40
10,PL,0.9345886,1.5488107,1.3158888,3,40
10,PL,1.0451853,1.5488107,1.4652858,4,40
10,PL,0.9427919,1.5488107,1.4366459,5,666
10,PL,1.0478504,1.5488107,1.6577716,6,666
10,PL,1.0340894,1.5488107,1.3885963,2,40
10,PL,0.9667014,1.5488107,1.3032985,2,40
10,PL,1.0069685,1.5488107,1.6384736,4,8
10,PL,0.9437745,1.5488107,1.8647956,3,999
10,PL,0.9616355,1.5488107,1.5151433,6,40
10,PL,0.9407961,1.5488107,1.4292883,6,40
10,PL,0.9362848,1.5488107,1.7011609,4,40
10,PL,0.94359064,1.5488107,1.4541363,3,40
10,PL,1.0535326,1.5488107,1.6074011,3,43
10,PL,0.9427919,1.5488107,1.1994761,2,40
10,PL,1.0383874,1.5488107,1.6017264,3,56
10,PL,0.9333472,1.5488107,1.1473931,4,666
10,PL,1.0478504,1.5488107,1.580869,2,40
10,PL,1.0071803,1.5488107,1.6739528,3,999
10,PL,0.9427919,1.5488107,1.2961417,7,36
10,PL,0.9437745,1.5488107,1.5431,2,48
10,PL,1.0390549,1.5488107,1.4029287,2,55
10,PL,1.016612,1.5488107,1.3308941,3,999
10,PL,1.1039081,1.5488107,1.9640579,3,40
10,PL,0.9616355,1.5488107,1.2537662,2,25
10,PL,1.0421039,1.5488107,1.6320202,3,40
10,PL,1.0552657,1.5488107,1.1256995,6,25
10,PL,0.9667014,1.5488107,1.248339,3,46
10,PL,1.0495421,1.5488107,1.5707035,3,40
10,PL,1.0341581,1.5488107,1.7918249,2,666
10,PL,1.0516391,1.5488107,1.5714002,6,2
10,PL,1.0158405,1.5488107,1.3808582,1,40
10,PL,1.0523629,1.5488107,1.2937024,5,168
10,PL,1.032028,1.5488107,1.2888013,4,40
10,PL,0.94359064,1.5488107,1.5248742,3,40
10,PL,1.0535326,1.5488107,1.6636952,3,50
10,PL,1.0418981,1.5488107,1.8930528,6,40
10,PL,1.0340894,1.5488107,1.4497305,5,999
10,PL,0.9362848,1.5488107,1.6222458,4,16
10,PL,0.9437745,1.5488107,1.7782887,2,40
10,PL,1.02209,1.5488107,1.8107344,4,70
10,PL,1.0374267,1.5488107,1.3287997,2,40
10,PL,0.9407961,1.5488107,1.403719,3,999
10,PL,0.9427919,1.5488107,1.5133522,3,6
10,PL,1.0451853,1.5488107,1.4894726,3,56
10,PL,1.0269085,1.5488107,1.6437863,5,40
10,PL,1.0471605,1.5488107,1.5976789,3,18
10,PL,0.9505161,1.5488107,1.1918911,2,46
10,PL,1.0290831,1.5488107,1.9098487,3,40
10,PL,1.0471605,1.5488107,1.5976789,4,30
10,PL,1.0153184,1.5488107,1.2917485,6,666
10,PL,1.0387961,1.5488107,1.5926948,5,48
10,PL,1.0344766,1.5488107,1.5834919,4,48
10,PL,0.9437745,1.5488107,1.4780283,4,40
10,PL,0.9427919,1.5488107,1.677402,7,12
10,PL,0.9616355,1.5488107,1.2976758,4,999
10,PL,0.9334999,1.5488107,1.6537882,6,40
10,PL,0.9505161,1.5488107,1.2879452,6,40
10,PL,1.0387313,1.5488107,1.5900048,2,666
10,PL,1.0271406,1.5488107,1.0494926,4,50
10,PL,1.0534114,1.5488107,1.7019049,5,40
10,PL,1.046672,1.5488107,1.6261864,4,48
10,PL,0.9345886,1.5488107,1.3158888,3,46
10,PL,0.9616355,1.5488107,1.5151433,4,666
10,PL,0.9345886,1.5488107,1.58321,4,60
10,PL,0.9345886,1.5488107,1.3738222,4,40
10,PL,1.0285064,1.5488107,1.6241752,2,40
10,PL,1.0436538,1.5488107,1.8675966,99,666
10,PL,1.0369319,1.5488107,1.4622552,2,56
10,PL,0.9334999,1.5488107,1.6537882,3,30
10,PL,0.9427919,1.5488107,1.2522844,5,40
10,PL,1.0068929,1.5488107,1.6482894,2,43
10,PL,0.9427919,1.5488107,1.599588,3,666
10,PL,1.0487994,1.5488107,1.415299,4,35
10,PL,1.0552657,1.5488107,1.165124,6,10
10,PL,1.0281912,1.5488107,1.8078326,2,666
10,PL,1.0234185,1.5488107,1.5021995,4,50
10,PL,1.030918,1.5488107,1.5065684,4,53
10,PL,0.9427919,1.5488107,1.2961417,6,8
10,PL,1.0535326,1.5488107,1.9425008,6,666
10,PL,0.9345886,1.5488107,1.6602274,4,40
10,PL,1.0478504,1.5488107,1.3717903,4,40
10,PL,1.0071803,1.5488107,1.7044442,6,12
10,PL,1.0290831,1.5488107,1.5873746,4,40
10,PL,1.0567769,1.5488107,1.4268568,3,48
10,PL,1.0523629,1.5488107,1.2937024,2,48
10,PL,0.9469194,1.5488107,1.5157464,4,40
10,PL,1.0494992,1.5488107,1.5833563,2,40
10,PL,1.0523629,1.5488107,1.2937024,4,30
10,PL,1.0387961,1.5488107,1.6902618,2,58
10,PL,1.0083582,1.5488107,1.6506884,5,40
10,PL,1.0344269,1.5488107,1.5229441,2,44
10,PL,1.0352021,1.5488107,1.2927661,4,55
10,PL,1.0413121,1.5488107,1.735684,5,45
10,PL,1.0302554,1.5488107,1.6763649,1,40
10,PL,1.0133702,1.5488107,1.7195802,3,43
10,PL,1.0487994,1.5488107,1.3899801,5,40
10,PL,1.0281912,1.5488107,1.5025839,1,50
10,PL,0.9345886,1.5488107,1.4219363,4,40
10,PL,1.0516391,1.5488107,1.545883,4,36
10,PL,0.9362848,1.5488107,1.4076945,4,48
10,PL,1.0167423,1.5488107,1.3530363,5,40
10,PL,1.0290831,1.5488107,2.0027552,6,8
10,PL,0.9505161,1.5488107,1.2443647,3,45
10,PL,0.94792795,1.5488107,1.6247654,4,40
10,PL,0.93526596,1.5488107,1.4505118,3,48
10,PL,0.9469194,1.5488107,1.8317397,5,40
10,PL,0.9362848,1.5488107,1.6222458,2,40
10,PL,0.9427919,1.5488107,1.599588,4,666
10,PL,1.0724528,1.5488107,1.9508095,6,40
10,PL,0.9334999,1.5488107,1.9058468,3,666
10,PL,1.0471605,1.5488107,1.8411851,4,40
10,PL,1.0557901,1.5488107,2.0423403,5,666
10,PL,1.0369319,1.5488107,1.580098,3,40
10,PL,1.0197525,1.5488107,1.316846,2,50
10,PL,0.9843817,1.5488107,1.5068109,2,666
10,PL,0.9427919,1.5488107,1.388034,4,40
10,PL,1.0269085,1.5488107,1.9864718,2,50
10,PL,1.0493999,1.5488107,1.4161091,5,666
10,PL,0.9333472,1.5488107,0.953658,2,40
10,PL,1.032028,1.5488107,1.3677526,3,40
10,PL,1.0451853,1.5488107,1.5166034,6,65
10,PL,1.0344269,1.5488107,1.5480827,99,666
10,PL,0.9427919,1.5488107,1.599588,4,24
10,PL,1.018756,1.5488107,1.8230414,6,666
10,PL,0.94359064,1.5488107,1.2618189,3,48
10,PL,1.0236336,1.5488107,1.302328,4,48
10,PL,0.9469194,1.5488107,1.5157464,5,60
10,PL,0.9362848,1.5488107,1.6222458,2,666
10,PL,0.94792795,1.5488107,1.6247654,4,48
10,PL,1.0451853,1.5488107,1.4894726,4,30
10,PL,0.9522927,1.5488107,1.4689243,6,666
10,PL,0.9345886,1.5488107,1.4219363,6,666
10,PL,1.0804199,1.5488107,1.7956778,5,40
10,PL,1.0430268,1.5488107,1.3854232,99,666
10,PL,0.9616355,1.5488107,1.4448562,3,666
10,PL,0.9362848,1.5488107,1.4076945,2,40
10,PL,1.0178208,1.5488107,1.6073005,4,40
10,PL,1.0352511,1.5488107,1.2981437,2,60
10,PL,1.0653988,1.5488107,1.7053982,5,40
10,PL,0.9616355,1.5488107,1.5151433,5,666
10,PL,1.0397496,1.5488107,1.4133581,4,40
10,PL,1.0294847,1.5488107,1.783728,3,50
10,PL,0.94359064,1.5488107,1.3060107,4,49
10,PL,0.9333472,1.5488107,0.953658,2,666
10,PL,1.0557901,1.5488107,1.9475981,2,24
10,PL,0.9345886,1.5488107,1.58321,5,999
10,PL,1.0340894,1.5488107,1.7519599,6,60
10,PL,1.0418981,1.5488107,1.6213443,3,666
10,PL,0.9317886,1.5488107,1.5054101,2,25
10,PL,1.0311378,1.5488107,1.5732323,7,40
10,PL,1.0369319,1.5488107,1.4255646,4,666
10,PL,1.053196,1.5488107,1.2947271,2,48
10,PL,1.0352021,1.5488107,1.2927661,2,40
10,PL,1.085546,1.5488107,1.7376477,4,10
10,PL,1.0670532,1.5488107,1.5685415,4,40
10,PL,1.0365624,1.5488107,1.5815084,6,38
10,PL,0.9437745,1.5488107,1.5431,4,30
10,PL,1.0537745,1.5488107,1.7825035,7,40
10,PL,0.9522927,1.5488107,1.8533087,4,60
10,PL,1.0387961,1.5488107,1.6902618,3,42
10,PL,1.0471605,1.5488107,1.6240505,2,40
10,PL,0.93526596,1.5488107,1.6444452,2,40
10,PL,1.0365624,1.5488107,1.5148174,2,40
10,PL,0.9616355,1.5488107,1.2976758,3,40
10,PL,0.9505161,1.5488107,1.1918911,5,46
10,PL,0.9362848,1.5488107,1.7011609,3,999
10,PL,0.94359064,1.5488107,1.2826469,3,42
10,PL,1.0349683,1.5488107,2.1130066,4,18
10,PL,1.0311378,1.5488107,1.8130133,4,40
10,PL,0.9437745,1.5488107,1.5685705,4,40
10,PL,0.9427919,1.5488107,1.4109453,3,42
10,PL,1.0449039,1.5488107,1.5942355,5,40
10,PL,0.9334999,1.5488107,1.5840486,4,41
10,PL,1.0451853,1.5488107,1.4034964,5,666
10,PL,1.0445302,1.5488107,2.1540499,5,35
10,PL,1.0737208,1.5488107,1.7845445,4,45
10,PL,1.0361487,1.5488107,1.7554495,3,44
10,PL,0.9333472,1.5488107,0.9956437,3,40
10,PL,1.0537745,1.5488107,1.546757,4,35
10,PL,1.0304624,1.5488107,1.7072434,4,999
10,PL,0.9505161,1.5488107,1.2443647,4,65
10,PL,1.0516391,1.5488107,1.7814962,4,40
10,PL,0.9843817,1.5488107,1.3075267,2,40
10,PL,1.0368258,1.5488107,1.5588573,5,55
10,PL,1.02209,1.5488107,1.8107344,4,40
10,PL,1.0234185,1.5488107,1.7311546,6,50
10,PL,0.94359064,1.5488107,1.2826469,2,40
10,PL,1.0495421,1.5488107,1.7807066,5,666
10,PL,1.0089978,1.5488107,1.3623464,3,40
10,PL,1.0294847,1.5488107,1.8704995,4,43
10,PL,0.9345886,1.5488107,1.3158888,2,46
10,PL,0.94792795,1.5488107,1.6962966,4,50
10,PL,1.0644373,1.5488107,2.1731713,3,666
10,PL,1.0537745,1.5488107,1.5722888,7,999
10,PL,1.0418981,1.5488107,1.5664827,6,40
10,PL,1.016612,1.5488107,1.3775051,4,40
10,PL,1.038103,1.5488107,1.7585661,1,48
10,PL,1.0535303,1.5488107,1.5510697,4,40
10,PL,1.038103,1.5488107,1.8441129,2,666
10,PL,1.0478504,1.5488107,1.580869,5,35
10,PL,0.9505161,1.5488107,1.2443647,4,50
10,PL,0.9334999,1.5488107,1.6810863,2,999
10,PL,0.9317886,1.5488107,1.3520606,3,47
10,PL,0.9317886,1.5488107,1.5786421,5,40
10,PL,1.0537745,1.5488107,1.7825035,4,40
10,PL,1.0495421,1.5488107,1.4800377,4,40
10,PL,1.0387961,1.5488107,1.5926948,5,50
10,PL,1.038103,1.5488107,1.5259854,4,45
10,PL,0.94359064,1.5488107,1.3060107,5,40
10,PL,1.0193878,1.5488107,1.5553044,2,40
10,PL,1.0436538,1.5488107,1.8675966,5,666
10,PL,1.0552657,1.5488107,1.2972714,2,40
10,PL,1.0489082,1.5488107,1.6946297,4,999
10,PL,0.9505161,1.5488107,1.4340229,4,42
10,PL,1.0436538,1.5488107,1.8675966,3,48
10,PL,1.0564263,1.5488107,1.6384208,4,27
10,PL,1.0516391,1.5488107,1.6000241,5,39
10,PL,1.0156713,1.5488107,1.5906241,4,40
10,PL,1.0703471,1.5488107,1.4451792,4,40
10,PL,0.9362848,1.5488107,1.7011609,2,30
10,PL,1.0217197,1.5488107,1.3571222,2,8
10,PL,0.9333472,1.5488107,1.012078,4,70
10,PL,1.0418981,1.5488107,1.8052357,2,666
10,PL,1.0340894,1.5488107,1.4736601,2,38
10,PL,0.9427919,1.5488107,1.2522844,4,40
10,PL,1.0304624,1.5488107,1.6494743,2,666
10,PL,1.065175,1.5488107,1.633139,4,40
10,PL,1.0421039,1.5488107,1.7319968,4,40
10,PL,0.9437745,1.5488107,1.5431,4,666
10,PL,1.0478504,1.5488107,1.6577716,5,666
10,PL,0.9362848,1.5488107,1.6222458,5,45
10,PL,1.0290831,1.5488107,1.6572598,3,40
10,PL,0.93526596,1.5488107,1.724441,2,40
10,PL,1.0344269,1.5488107,1.4587231,2,999
10,PL,1.0387961,1.5488107,1.5926948,3,40
10,PL,1.0559362,1.5488107,1.8566158,2,50
10,PL,1.0535326,1.5488107,1.9425008,5,40
10,PL,1.0433303,1.5488107,1.7656204,5,35
10,PL,0.9505161,1.5488107,1.4340229,2,40
10,PL,1.0368258,1.5488107,1.7964472,5,20
10,PL,0.9362848,1.5488107,1.4569948,3,50
10,PL,0.94359064,1.5488107,1.2086086,4,65
10,PL,1.0724528,1.5488107,1.9191309,3,40
10,PL,0.9427919,1.5488107,1.3295013,2,40
10,PL,1.0361487,1.5488107,1.3913615,2,42
10,PL,0.9427919,1.5488107,1.2729553,99,40
10,PL,1.0387961,1.5488107,1.7210506,7,666
10,PL,0.94359064,1.5488107,1.2618189,5,40
10,PL,1.0285689,1.5488107,1.7451221,4,40
10,PL,0.9345886,1.5488107,1.6602274,7,666
10,PL,1.0387313,1.5488107,1.3797181,3,40
10,PL,0.9362848,1.5488107,1.4569948,2,40
10,PL,0.94359064,1.5488107,1.4541363,2,40
10,PL,0.94792795,1.5488107,1.6962966,2,999
10,PL,1.0325441,1.5488107,1.5780447,4,40
10,PL,1.0430268,1.5488107,1.6742474,2,50
10,PL,1.030918,1.5488107,1.9008042,5,40
10,PL,1.0640533,1.5488107,1.6502498,2,40
10,PL,0.9522927,1.5488107,1.5873047,3,40
10,PL,1.0737208,1.5488107,1.8170497,3,43
10,PL,1.0369319,1.5488107,1.580098,6,666
10,PL,0.9505161,1.5488107,1.2879452,4,666
10,PL,1.0089978,1.5488107,1.5444916,2,40
10,PL,1.0269085,1.5488107,1.7013549,3,12
10,PL,1.0418981,1.5488107,1.5923399,3,48
10,PL,0.9317886,1.5488107,1.5054101,4,666
10,PL,1.0294847,1.5488107,1.8704995,6,666
10,PL,0.9333472,1.5488107,1.1473931,4,18
10,PL,1.033763,1.5488107,1.692277,5,42
10,PL,1.0737208,1.5488107,1.7555654,3,8
10,PL,0.9362848,1.5488107,1.4569948,4,40
10,PL,0.94359064,1.5488107,1.4541363,2,666
10,PL,0.9427919,1.5488107,1.677402,6,666
10,PL,1.0471605,1.5488107,1.8411851,5,666
10,PL,1.0344269,1.5488107,1.3966799,4,40
10,PL,0.94359064,1.5488107,1.4541363,5,40
10,PL,1.0365624,1.5488107,1.9112115,3,35
10,PL,0.9362848,1.5488107,1.430931,2,999
10,PL,0.9427919,1.5488107,1.4431483,4,40
10,PL,0.9522927,1.5488107,1.5589088,3,12
10,PL,0.9427919,1.5488107,1.388034,6,666
10,PL,1.038103,1.5488107,1.4616354,2,40
10,PL,1.0567769,1.5488107,1.4036872,4,40
10,PL,0.9345886,1.5488107,1.396499,1,50
10,PL,1.0413121,1.5488107,1.6769536,2,44
10,PL,1.0169705,1.5488107,1.6902242,2,55
10,PL,0.9616355,1.5488107,1.5151433,6,50
10,PL,1.0557901,1.5488107,1.749205,4,40
10,PL,1.0193878,1.5488107,1.879545,3,666
10,PL,1.033763,1.5488107,1.5945932,2,40
10,PL,1.0421039,1.5488107,1.6320202,4,50
10,PL,1.0169705,1.5488107,1.6627778,2,48
10,PL,0.9427919,1.5488107,1.1994761,4,40
10,PL,1.0451853,1.5488107,1.5166034,3,47
10,PL,1.0271406,1.5488107,1.2626958,4,666
10,PL,1.032729,1.5488107,1.5580556,1,666
10,PL,0.9317886,1.5488107,1.3278733,7,40
10,PL,1.0478504,1.5488107,1.6577716,7,666
10,PL,1.091287,1.5488107,1.4522369,7,14
10,PL,0.9362848,1.5488107,1.4076945,5,43
10,PL,0.9505161,1.5488107,1.2649052,3,40
10,PL,1.0421039,1.5488107,1.6320202,3,50
10,PL,1.0285689,1.5488107,1.5673544,2,666
10,PL,1.1039081,1.5488107,1.9640579,2,999
10,PL,0.9437745,1.5488107,1.5431,4,40
10,PL,0.9522927,1.5488107,1.4689243,4,40
10,PL,0.9333472,1.5488107,0.953658,2,70
10,PL,1.0178208,1.5488107,1.6073005,3,40
10,PL,0.9427919,1.5488107,1.388034,6,666
10,PL,0.9522927,1.5488107,1.5589088,4,10
10,PL,0.9469194,1.5488107,1.5157464,5,666
10,PL,0.9427919,1.5488107,1.599588,4,40
10,PL,0.93526596,1.5488107,1.6444452,2,50
10,PL,1.0428782,1.5488107,1.307707,3,666
10,PL,1.0387961,1.5488107,1.6628147,2,40
10,PL,0.9505161,1.5488107,1.2879452,3,12
10,PL,0.9427919,1.5488107,1.4109453,2,666
10,PL,0.93526596,1.5488107,1.4269578,5,40
10,PL,0.9437745,1.5488107,1.5685705,2,40
10,PL,1.032729,1.5488107,1.5580556,2,666
10,PL,0.9333472,1.5488107,1.203209,6,666
10,PL,1.0449039,1.5488107,1.5942355,4,48
10,PL,1.0421039,1.5488107,1.7038716,2,666
10,PL,0.9522927,1.5488107,1.8533087,4,40
10,PL,1.0523629,1.5488107,1.1619194,7,10
10,PL,0.9616355,1.5488107,1.2537662,4,40
10,PL,1.0494992,1.5488107,1.3966273,3,144
10,PL,1.0361487,1.5488107,1.7554495,4,666
10,PL,1.0614998,1.5488107,1.5949024,2,40
10,PL,0.9345886,1.5488107,1.396499,4,40
10,PL,0.9317886,1.5488107,1.3063107,4,40
10,PL,1.0387961,1.5488107,1.9162494,5,40
10,PL,0.9437745,1.5488107,1.5431,2,58
10,PL,0.94792795,1.5488107,1.6247654,1,40
10,PL,1.0421039,1.5488107,1.7319968,5,40
10,PL,1.0167423,1.5488107,1.3530363,4,60
10,PL,1.0716293,1.5488107,1.6619992,4,40
10,PL,0.9427919,1.5488107,1.1994761,6,60
10,PL,1.0413121,1.5488107,1.6769536,1,36
10,PL,1.0436538,1.5488107,2.1522431,4,50
10,PL,1.0557901,1.5488107,1.9475981,2,40
10,PL,1.0418981,1.5488107,1.8052357,5,45
10,PL,1.0349683,1.5488107,1.7562298,4,40
10,PL,1.0478504,1.5488107,1.3944333,1,666
10,PL,0.9333472,1.5488107,1.203209,6,60
10,PL,1.0387961,1.5488107,1.7210506,3,40
10,PL,0.9427919,1.5488107,1.388034,4,48
10,PL,1.0089978,1.5488107,1.3402238,3,50
10,PL,1.0311378,1.5488107,1.5992002,2,51
10,PL,1.0418981,1.5488107,1.5004259,4,20
10,PL,0.9505161,1.5488107,1.1918911,3,50
10,PL,1.0349683,1.5488107,2.215796,2,45
10,PL,1.0449039,1.5488107,1.8372173,4,50
10,PL,0.9427919,1.5488107,1.5133522,2,999
10,PL,0.9616355,1.5488107,1.4448562,4,60
10,PL,0.94359064,1.5488107,1.2086086,3,48
10,PL,1.0344269,1.5488107,1.3966799,2,999
10,PL,0.94792795,1.5488107,1.6247654,4,666
10,PL,1.0493999,1.5488107,1.576722,2,56
10,PL,1.0369587,1.5488107,1.6645074,6,45
10,PL,0.93526596,1.5488107,1.4269578,6,37
10,PL,1.0495421,1.5488107,1.5707035,2,40
10,PL,1.0217856,1.5488107,1.5640655,2,40
10,PL,0.9333472,1.5488107,1.0305129,4,55
10,PL,0.9407961,1.5488107,1.403719,2,50
10,PL,1.0133702,1.5488107,2.0689118,7,666
10,PL,0.93526596,1.5488107,1.476933,3,666
10,PL,1.0716293,1.5488107,1.6619992,4,999
10,PL,1.0397496,1.5488107,1.6023239,4,50
10,PL,0.9522927,1.5488107,1.7673347,6,48
10,PL,0.94359064,1.5488107,1.2618189,2,40
10,PL,1.0476621,1.5488107,1.5939728,4,666
10,PL,1.0421039,1.5488107,1.7319968,3,40
10,PL,0.9522927,1.5488107,1.5335946,7,70
10,PL,0.9362848,1.5488107,1.4076945,6,55
10,PL,1.0535303,1.5488107,1.7874734,1,75
10,PL,0.9667014,1.5488107,1.3489426,5,666
10,PL,1.0368258,1.5488107,1.6134514,4,666
10,PL,1.0344269,1.5488107,1.5834162,2,40
10,PL,0.9345886,1.5488107,1.4219363,6,20
10,PL,0.9427919,1.5488107,1.4109453,4,666
10,PL,1.0344269,1.5488107,1.3966799,3,60
10,PL,1.0445302,1.5488107,2.1540499,5,36
10,PL,1.0445302,1.5488107,1.7903432,2,40
10,PL,0.9427919,1.5488107,1.599588,2,666
10,PL,1.0344269,1.5488107,1.5834162,2,47
10,PL,1.0489082,1.5488107,1.7770668,6,45
10,PL,0.9616355,1.5488107,1.5151433,6,666
10,PL,1.0564263,1.5488107,1.5438459,2,666
10,PL,0.9334999,1.5488107,1.7117076,6,40
10,PL,1.0210766,1.5488107,1.5404751,4,60
10,PL,0.93526596,1.5488107,1.724441,5,50
10,PL,0.93526596,1.5488107,1.724441,7,666
10,PL,0.9505161,1.5488107,1.2879452,3,40
10,PL,0.9505161,1.5488107,1.1918911,4,0
10,PL,1.0365624,1.5488107,1.9112115,5,8
10,PL,0.99689263,1.5488107,1.6220796,6,666
10,PL,1.0383874,1.5488107,1.9271165,3,8
10,PL,1.0557901,1.5488107,1.9475981,2,40
10,PL,1.0567769,1.5488107,1.4528475,4,666
10,PL,0.9522927,1.5488107,1.7673347,3,666
10,PL,0.9505161,1.5488107,1.5037817,3,24
10,PL,1.0250742,1.5488107,1.7036926,4,40
10,PL,1.038103,1.5488107,1.5511742,6,50
10,PL,1.0236336,1.5488107,1.5668949,2,50
10,PL,0.9362848,1.5488107,1.6222458,2,666
10,PL,1.0343795,1.5488107,1.7729449,4,666
10,PL,0.9505161,1.5488107,1.4340229,2,666
10,PL,0.9362848,1.5488107,1.430931,4,40
10,PL,1.0418981,1.5488107,1.5664827,2,50
10,PL,1.0397496,1.5488107,1.3904076,4,44
10,PL,1.1305081,1.5488107,1.5264084,4,75
10,PL,1.038103,1.5488107,1.5259854,3,30
10,PL,1.0724528,1.5488107,1.8382027,4,48
10,PL,1.0567769,1.5488107,1.4268568,2,40
10,PL,0.9427919,1.5488107,1.5133522,6,50
10,PL,1.0449039,1.5488107,1.8372173,2,666
10,PL,0.9362848,1.5488107,1.3483332,2,666
10,PL,0.9345886,1.5488107,1.3738222,4,40
10,PL,0.9407961,1.5488107,1.4292883,3,24
10,PL,1.0387313,1.5488107,1.3797181,2,40
10,PL,1.0344269,1.5488107,1.5834162,2,30
10,PL,0.99689263,1.5488107,1.6220796,3,42
10,PL,1.0290831,1.5488107,1.684616,5,45
10,PL,1.0275894,1.5488107,1.5611461,4,666
10,PL,0.9427919,1.5488107,1.2961417,6,20
10,PL,1.0387313,1.5488107,1.6673526,5,40
10,PL,1.0344269,1.5488107,1.3966799,3,50
10,PL,1.0153184,1.5488107,1.6297706,6,8
10,PL,1.0535303,1.5488107,1.5766717,99,666
10,PL,1.0569288,1.5488107,1.3836746,4,999
10,PL,0.9469194,1.5488107,1.7467659,3,46
10,PL,1.0478504,1.5488107,1.4198328,5,40
10,PL,0.94359064,1.5488107,1.5248742,5,30
10,PL,1.0421039,1.5488107,2.0590832,4,40
10,PL,0.9522927,1.5488107,1.4689243,4,50
10,PL,1.0443487,1.5488107,2.063519,7,666
10,PL,1.0071803,1.5488107,1.6467701,3,60
10,PL,1.0679796,1.5488107,1.5607302,6,40
10,PL,0.94359064,1.5488107,1.5248742,5,40
10,PL,1.0418981,1.5488107,1.5923399,4,40
10,PL,1.0340894,1.5488107,1.6706882,3,65
10,PL,1.0443487,1.5488107,1.7357268,3,40
10,PL,0.9427919,1.5488107,1.4109453,4,50
10,PL,1.0421039,1.5488107,1.7319968,6,30
10,PL,0.9362848,1.5488107,1.6222458,1,666
10,PL,1.0290831,1.5488107,1.9098487,7,666
10,PL,1.0436538,1.5488107,2.1522431,4,40
10,PL,1.032729,1.5488107,1.3993433,1,20
10,PL,0.9437745,1.5488107,1.8647956,4,40
10,PL,1.0206343,1.5488107,1.4349381,4,666
10,PL,0.9345886,1.5488107,1.396499,3,999
10,PL,0.9427919,1.5488107,1.2729553,4,40
10,PL,1.0559362,1.5488107,1.5431305,4,4
10,PL,0.9362848,1.5488107,1.7011609,4,40
10,PL,1.030918,1.5488107,1.8126271,4,40
10,PL,1.0418981,1.5488107,1.8052357,5,35
10,PL,0.94359064,1.5488107,1.2618189,3,40
10,PL,1.0557901,1.5488107,1.9475981,5,40
10,PL,1.0395547,1.5488107,1.6416224,2,48
10,PL,0.9362848,1.5488107,1.3483332,4,40
10,PL,0.9333472,1.5488107,0.953658,4,60
10,PL,0.9469194,1.5488107,1.8317397,1,60
10,PL,1.0640533,1.5488107,1.6234516,6,666
10,PL,0.94359064,1.5488107,1.2826469,6,40
10,PL,1.0451853,1.5488107,1.4894726,6,40
10,PL,1.0369319,1.5488107,1.3192471,4,80
10,PL,0.9345886,1.5488107,1.396499,4,40
10,PL,1.032028,1.5488107,1.3455426,6,40
10,PL,1.0038657,1.5488107,1.8915147,5,666
10,PL,1.0206343,1.5488107,1.4349381,4,666
10,PL,0.9616355,1.5488107,1.2537662,4,60
10,PL,0.9427919,1.5488107,1.4431483,6,666
10,PL,1.0281912,1.5488107,1.6236774,2,45
10,PL,1.0430268,1.5488107,1.3270009,6,42
10,PL,0.9427919,1.5488107,1.4109453,5,999
10,PL,1.0640533,1.5488107,1.6502498,4,40
10,PL,0.94792795,1.5488107,2.04993,4,666
10,PL,0.9317886,1.5488107,1.5054101,2,666
10,PL,1.0535303,1.5488107,1.7874734,1,666
10,PL,0.93526596,1.5488107,1.4505118,5,40
10,PL,0.9407961,1.5488107,1.3226919,5,48
10,PL,0.9317886,1.5488107,1.5054101,4,20
10,PL,1.038103,1.5488107,1.5794289,6,48
10,PL,0.94792795,1.5488107,1.7557049,4,70
10,PL,1.0418981,1.5488107,1.8052357,3,666
10,PL,1.091287,1.5488107,1.646401,2,40
10,PL,0.9505161,1.5488107,1.1918911,4,55
10,PL,1.0724528,1.5488107,1.8382027,4,40
10,PL,1.0428782,1.5488107,1.4130957,4,36
10,PL,0.9345886,1.5488107,1.4219363,4,45
10,PL,1.0193878,1.5488107,1.4897184,1,48
10,PL,1.0285064,1.5488107,1.8963578,6,40
10,PL,1.024825,1.5488107,1.8895693,2,666
10,PL,1.0418981,1.5488107,1.6213443,6,40
10,PL,0.9362848,1.5488107,1.4076945,4,40
10,PL,1.0369319,1.5488107,1.4255646,4,40
10,PL,1.0133702,1.5488107,2.1695557,5,50
10,PL,0.9362848,1.5488107,1.430931,2,45
10,PL,0.9427919,1.5488107,1.4109453,2,48
10,PL,1.0494992,1.5488107,1.3739485,5,666
10,PL,1.0368258,1.5488107,1.7964472,3,40
10,PL,1.0349683,1.5488107,1.8335499,4,40
10,PL,1.0478504,1.5488107,1.580869,3,40
10,PL,0.9522927,1.5488107,1.5335946,2,45
10,PL,0.9469194,1.5488107,1.5157464,5,666
10,PL,1.032028,1.5488107,1.5506208,4,40
10,PL,1.024825,1.5488107,1.6183612,7,45
10,PL,0.9469194,1.5488107,1.4518284,2,75
10,PL,1.0614998,1.5488107,1.3839678,5,20
10,PL,0.9667014,1.5488107,1.248339,5,60
10,PL,0.93526596,1.5488107,1.3667841,3,666
10,PL,0.9505161,1.5488107,1.2443647,4,54
10,PL,1.0516391,1.5488107,1.8681587,5,35
10,PL,0.9427919,1.5488107,1.4109453,7,48
10,PL,1.032028,1.5488107,1.2888013,4,40
10,PL,1.0557901,1.5488107,2.0423403,4,60
10,PL,1.0275894,1.5488107,1.4447167,4,42
10,PL,0.9333472,1.5488107,1.0305129,4,40
10,PL,1.0344269,1.5488107,1.3160598,2,50
10,PL,0.9345886,1.5488107,1.58321,7,40
10,PL,0.93526596,1.5488107,1.724441,3,18
10,PL,1.0478504,1.5488107,1.3139427,5,666
10,PL,1.0557901,1.5488107,1.749205,4,40
10,PL,1.0234185,1.5488107,1.5021995,3,48
10,PL,1.0197525,1.5488107,1.3975146,3,42
10,PL,0.9317886,1.5488107,1.3278733,3,666
10,PL,1.0340267,1.5488107,1.3352789,6,40
10,PL,1.0387961,1.5488107,1.5926948,2,42
10,PL,1.0543481,1.5488107,1.3220899,2,50
10,PL,0.9667014,1.5488107,1.248339,2,40
10,PL,1.0282813,1.5488107,1.8855029,5,20
10,PL,1.0737208,1.5488107,2.1215549,6,66
10,PL,0.94359064,1.5488107,1.3060107,5,40
10,PL,0.9437745,1.5488107,1.7782887,4,40
10,PL,1.016612,1.5488107,1.5337399,3,35
10,PL,1.0304624,1.5488107,1.5799174,4,30
10,PL,1.0311378,1.5488107,1.5992002,5,50
10,PL,1.0457842,1.5488107,1.6219162,4,42
10,PL,0.9469194,1.5488107,1.7467659,5,42
10,PL,1.0311378,1.5488107,1.5068897,3,49
10,PL,0.93526596,1.5488107,1.6444452,4,36
10,PL,1.0481818,1.5488107,1.6153187,3,42
10,PL,1.0349683,1.5488107,2.215796,4,40
10,PL,0.9317886,1.5488107,1.3278733,1,50
10,PL,1.0302554,1.5488107,1.9929465,5,40
10,PL,1.0680288,1.5488107,1.6348516,4,8
10,PL,0.9427919,1.5488107,1.3295013,2,666
10,PL,0.9345886,1.5488107,1.6602274,6,7
10,PL,0.9505161,1.5488107,1.2443647,4,50
10,PL,1.0068929,1.5488107,1.6215242,5,40
10,PL,0.94792795,1.5488107,1.9548345,5,48
10,PL,0.9469194,1.5488107,1.4518284,4,666
10,PL,1.0271406,1.5488107,1.1340712,7,40
10,PL,0.9333472,1.5488107,1.1473931,4,40
10,PL,0.9505161,1.5488107,1.2443647,3,30
10,PL,1.0153184,1.5488107,1.2917485,2,40
10,PL,0.9427919,1.5488107,1.4109453,4,40
10,PL,1.0679796,1.5488107,1.5607302,2,46
10,PL,0.9505161,1.5488107,1.5037817,3,10
10,PL,0.94359064,1.5488107,1.5248742,5,40
10,PL,1.0387313,1.5488107,1.3215357,5,999
10,PL,1.0680288,1.5488107,1.3588103,4,48
10,PL,1.0281912,1.5488107,1.6236774,6,32
10,PL,1.0516391,1.5488107,1.545883,1,40
10,PL,0.9427919,1.5488107,1.2961417,5,40
10,PL,1.0361487,1.5488107,1.3913615,4,666
10,PL,1.0340894,1.5488107,1.3885963,2,42
10,PL,1.0481818,1.5488107,1.4016832,5,40
10,PL,1.0311378,1.5488107,1.6283307,3,999
10,PL,1.046672,1.5488107,1.6261864,2,12
10,PL,1.0344269,1.5488107,1.3160598,3,40
10,PL,1.0433303,1.5488107,1.9658748,5,666
10,PL,1.0421039,1.5488107,1.9635643,2,45
10,PL,1.0537745,1.5488107,1.8692148,4,666
10,PL,1.0294847,1.5488107,1.482549,2,48
10,PL,1.0413562,1.5488107,1.9200503,7,40
10,PL,1.0326495,1.5488107,1.5179689,6,40
10,PL,0.9427919,1.5488107,1.3295013,7,999
10,PL,0.94792795,1.5488107,2.04993,6,45
10,PL,0.94359064,1.5488107,1.2086086,4,18
10,PL,0.9362848,1.5488107,1.7011609,5,70
10,PL,1.0418981,1.5488107,1.5923399,4,43
10,PL,0.9345886,1.5488107,1.4219363,2,30
10,PL,1.0418981,1.5488107,1.8052357,2,50
10,PL,1.0523629,1.5488107,1.3566358,6,50
10,PL,1.0428782,1.5488107,1.3878165,2,999
10,PL,1.0418981,1.5488107,1.5923399,2,40
10,PL,1.0304624,1.5488107,1.9008762,4,45
10,PL,1.0457842,1.5488107,1.5955787,2,50
10,PL,0.9437745,1.5488107,1.5431,2,999
10,PL,0.9362848,1.5488107,1.4076945,5,40
10,PL,0.9437745,1.5488107,1.7782887,2,40
10,PL,1.0481818,1.5488107,1.693897,5,666
10,PL,1.0341581,1.5488107,1.5548455,5,24
10,PL,0.9317886,1.5488107,1.3063107,4,999
10,PL,1.033763,1.5488107,1.7231013,4,12
10,PL,0.9334999,1.5488107,1.6537882,99,666
10,PL,0.9362848,1.5488107,1.4076945,5,40
10,PL,1.1039081,1.5488107,1.6520652,5,999
10,PL,0.94792795,1.5488107,1.7242968,7,666
10,PL,1.038103,1.5488107,1.5794289,4,40
10,PL,0.9427919,1.5488107,1.3295013,2,50
10,PL,1.0325441,1.5488107,1.6067886,2,35
10,PL,0.9522927,1.5488107,1.5589088,4,999
10,PL,1.053196,1.5488107,1.1628385,6,999
10,PL,1.0285064,1.5488107,1.808387,2,40
10,PL,1.0395547,1.5488107,1.5191905,4,666
10,PL,0.9362848,1.5488107,1.4076945,3,40
10,PL,1.018756,1.5488107,1.8531342,3,40
10,PL,0.9334999,1.5488107,1.6810863,2,48
10,PL,1.0369319,1.5488107,1.7593111,4,40
10,PL,0.9427919,1.5488107,1.599588,2,40
10,PL,0.9317886,1.5488107,1.3520606,6,666
10,PL,1.0086769,1.5488107,1.5643655,3,40
10,PL,0.9333472,1.5488107,0.953658,2,666
10,PL,0.9616355,1.5488107,1.2537662,4,40
10,PL,1.0436538,1.5488107,1.9330037,4,20
10,PL,0.9333472,1.5488107,1.012078,4,55
10,PL,1.016612,1.5488107,1.5337399,6,40
10,PL,1.0352021,1.5488107,1.5553902,6,45
10,PL,0.9333472,1.5488107,1.1473931,6,40
10,PL,1.0217856,1.5488107,1.2999762,3,12
10,PL,1.0418981,1.5488107,1.5923399,7,999
10,PL,1.0368258,1.5488107,1.584588,3,46
10,PL,0.94792795,1.5488107,1.7242968,3,50
10,PL,1.0397496,1.5488107,1.6802704,5,666
10,PL,1.0344269,1.5488107,1.3966799,3,40
10,PL,1.0481818,1.5488107,1.693897,4,45
10,PL,1.0413121,1.5488107,1.7046348,2,40
10,PL,0.9333472,1.5488107,1.1473931,3,50
10,PL,0.9469194,1.5488107,1.568831,4,48
10,PL,1.0564263,1.5488107,1.6118151,3,48
10,PL,1.0567769,1.5488107,1.4036872,1,26
10,PL,0.9427919,1.5488107,1.388034,2,999
10,PL,1.053196,1.5488107,1.1420361,5,40
10,PL,1.0680288,1.5488107,1.4420497,2,45
10,PL,1.032729,1.5488107,1.3743106,4,50
10,PL,0.9345886,1.5488107,1.6602274,4,40
10,PL,1.0290831,1.5488107,1.9098487,5,42
10,PL,1.0282813,1.5488107,2.0993543,5,40
10,PL,0.9362848,1.5488107,1.430931,6,50
10,PL,1.0387961,1.5488107,2.0094671,2,666
10,PL,0.9427919,1.5488107,1.4366459,3,45
10,PL,0.9345886,1.5488107,1.58321,5,666
10,PL,1.0369319,1.5488107,1.4000622,5,40
10,PL,0.9317886,1.5488107,1.2512244,7,30
10,PL,0.9345886,1.5488107,1.3738222,5,35
10,PL,1.0445302,1.5488107,1.8691647,99,666
10,PL,1.0567769,1.5488107,1.4036872,5,40
10,PL,1.0369319,1.5488107,1.6644639,6,40
10,PL,0.9334999,1.5488107,1.5840486,3,40
10,PL,0.9437745,1.5488107,1.5685705,7,40
10,PL,1.0271406,1.5488107,1.0494926,2,55
10,PL,1.0217197,1.5488107,1.6400454,4,50
10,PL,0.9345886,1.5488107,1.3158888,3,666
10,PL,0.9362848,1.5488107,1.430931,3,53
10,PL,1.033763,1.5488107,1.5945932,4,60
10,PL,1.0231342,1.5488107,1.3104926,5,48
10,PL,1.0369587,1.5488107,1.4000989,3,46
10,PL,0.9333472,1.5488107,1.1473931,3,40
10,PL,0.9362848,1.5488107,1.430931,6,20
10,PL,1.0478504,1.5488107,1.580869,4,999
10,PL,0.9505161,1.5488107,1.4340229,3,25
10,PL,1.0798244,1.5488107,1.7570211,1,10
10,PL,1.085546,1.5488107,1.798504,2,60
10,PL,1.0369319,1.5488107,1.4622552,2,45
10,PL,1.0413562,1.5488107,1.6150484,4,40
10,PL,1.0644373,1.5488107,1.9168845,3,43
10,PL,0.9362848,1.5488107,1.7011609,2,666
10,PL,1.0345182,1.5488107,1.8189566,2,40
10,PL,0.9362848,1.5488107,1.3483332,3,666
10,PL,0.9505161,1.5488107,1.2443647,3,40
10,PL,1.0433303,1.5488107,1.6339409,2,50
10,PL,1.0457842,1.5488107,1.6219162,4,40
10,PL,0.9469194,1.5488107,1.4518284,4,40
10,PL,0.9317886,1.5488107,1.5786421,4,666
10,PL,0.9616355,1.5488107,1.5151433,4,40
10,PL,0.9362848,1.5488107,1.3483332,3,48
10,PL,0.94792795,1.5488107,1.9548345,2,666
10,PL,0.9427919,1.5488107,1.4431483,3,7
10,PL,1.0275894,1.5488107,1.8227673,5,999
10,PL,1.032028,1.5488107,1.3677526,5,40
10,PL,0.94359064,1.5488107,1.4541363,2,666
10,PL,1.0369319,1.5488107,1.3192471,4,50
10,PL,1.038103,1.5488107,1.7585661,2,60
10,PL,1.0236336,1.5488107,1.3821077,5,40
10,PL,1.0290831,1.5488107,1.5873746,3,666
10,PL,0.9345886,1.5488107,1.4219363,4,70
10,PL,0.9427919,1.5488107,1.1994761,3,50
10,PL,1.0153184,1.5488107,1.3708798,6,666
10,PL,1.0369319,1.5488107,1.580098,3,666
10,PL,0.9505161,1.5488107,1.5037817,1,24
10,PL,1.0428782,1.5488107,1.307707,4,48
10,PL,1.0083582,1.5488107,1.6238836,4,42
10,PL,1.0361487,1.5488107,1.4765946,4,40
10,PL,0.9505161,1.5488107,1.1918911,4,90
10,PL,1.091287,1.5488107,1.4522369,4,60
10,PL,1.0344269,1.5488107,1.4221209,6,40
10,PL,0.9333472,1.5488107,0.953658,2,48
10,PL,1.0451853,1.5488107,1.6886153,2,666
10,PL,1.0369587,1.5488107,1.3773632,3,999
10,PL,1.0374267,1.5488107,1.6765164,4,48
10,PL,1.030918,1.5488107,1.59886,2,40
10,PL,0.9407961,1.5488107,1.5913956,4,666
10,PL,1.0311378,1.5488107,1.8130133,2,40
10,PL,1.0294847,1.5488107,1.5733683,7,40
10,PL,1.0471605,1.5488107,1.9307523,3,40
10,PL,0.93526596,1.5488107,1.6444452,2,9
10,PL,1.0418981,1.5488107,1.5664827,2,30
10,PL,1.0365624,1.5488107,1.8225511,5,40
10,PL,1.0290831,1.5488107,2.0027552,4,52
10,PL,1.0153184,1.5488107,1.3708798,3,40
10,PL,1.0397496,1.5488107,1.6802704,5,35
10,PL,0.9427919,1.5488107,1.4366459,4,30
10,PL,1.0153184,1.5488107,1.6297706,6,15
10,PL,0.9505161,1.5488107,1.5037817,2,999
10,PL,1.0340267,1.5488107,1.417077,2,40
10,PL,1.0397496,1.5488107,1.3317746,2,60
10,PL,0.93526596,1.5488107,1.476933,2,40
10,PL,1.032028,1.5488107,1.5506208,2,40
10,PL,1.0311378,1.5488107,1.8130133,3,40
10,PL,1.0614998,1.5488107,1.3256068,7,42
10,PL,1.038103,1.5488107,1.8441129,4,25
10,PL,1.0421039,1.5488107,2.0590832,5,50
10,PL,0.9362848,1.5488107,1.4076945,2,40
10,PL,1.0471605,1.5488107,1.5303054,6,46
10,PL,0.9334999,1.5488107,1.7117076,4,30
10,PL,0.9362848,1.5488107,1.4076945,2,40
10,PL,1.0387961,1.5488107,2.0094671,3,666
10,PL,1.0716293,1.5488107,1.5660633,4,999
10,PL,0.9317886,1.5488107,1.3278733,4,40
10,PL,0.9362848,1.5488107,1.3483332,6,35
10,PL,0.99144804,1.5488107,1.5685393,4,40
10,PL,1.0369319,1.5488107,1.7593111,4,666
10,PL,1.053196,1.5488107,1.2947271,4,40
10,PL,0.9427919,1.5488107,1.4366459,2,30
10,PL,1.0344269,1.5488107,1.5834162,5,30
10,PL,1.0567769,1.5488107,1.4036872,4,40
10,PL,1.0451853,1.5488107,1.4034964,5,40
10,PL,1.0038657,1.5488107,1.8915147,2,666
10,PL,1.0552657,1.5488107,1.0782295,3,60
10,PL,1.0368258,1.5488107,1.4931202,4,40
10,PL,1.0178208,1.5488107,1.4874289,1,30
10,PL,1.0365624,1.5488107,1.8225511,5,40
10,PL,0.9317886,1.5488107,1.3063107,4,999
10,PL,0.9345886,1.5488107,1.58321,2,40
10,PL,0.9437745,1.5488107,1.5431,4,40
10,PL,0.9616355,1.5488107,1.2537662,4,40
10,PL,1.096125,1.5488107,1.3945556,2,40
10,PL,1.0361487,1.5488107,1.3913615,7,56
10,PL,0.94359064,1.5488107,1.2618189,2,52
10,PL,1.0418981,1.5488107,1.5664827,4,50
10,PL,1.0156713,1.5488107,2.0068552,5,666
10,PL,1.0290831,1.5488107,1.9098487,4,45
10,PL,0.9427919,1.5488107,1.388034,6,40
10,PL,1.024825,1.5488107,1.5636003,2,30
10,PL,1.0445302,1.5488107,1.9000177,3,40
10,PL,1.0445302,1.5488107,1.8691647,4,40
10,PL,0.9505161,1.5488107,1.2443647,4,37
10,PL,1.0421039,1.5488107,2.0590832,7,5
10,PL,0.94359064,1.5488107,1.5248742,4,666
10,PL,1.0343795,1.5488107,1.8815532,4,40
10,PL,1.0535303,1.5488107,1.485662,3,50
10,PL,1.0670532,1.5488107,1.895541,6,40
10,PL,1.0428782,1.5488107,1.3652806,4,40
10,PL,0.9505161,1.5488107,1.2649052,3,90
10,PL,1.0038657,1.5488107,1.9835287,2,60
10,PL,0.9505161,1.5488107,1.1918911,3,666
10,PL,1.0344269,1.5488107,1.4221209,2,12
10,PL,1.0421039,1.5488107,1.6320202,4,666
10,PL,1.0344269,1.5488107,1.5229441,3,40
10,PL,1.0231342,1.5488107,1.5767187,2,999
10,PL,0.9616355,1.5488107,1.2976758,4,50
10,PL,1.0535326,1.5488107,1.852389,4,50
10,PL,1.018018,1.5488107,2.011492,2,60
10,PL,1.0418981,1.5488107,1.5923399,6,72
10,PL,0.93526596,1.5488107,1.6444452,3,40
10,PL,1.0153184,1.5488107,1.5541663,2,48
10,PL,1.0703471,1.5488107,1.7181016,4,30
10,PL,1.0445302,1.5488107,2.1540499,3,40
10,PL,1.032729,1.5488107,1.3993433,4,40
10,PL,0.9362848,1.5488107,1.7011609,7,666
10,PL,0.9667014,1.5488107,1.3489426,2,48
10,PL,1.0535326,1.5488107,1.852389,7,46
10,PL,1.065175,1.5488107,1.96491,3,46
10,PL,1.0387961,1.5488107,1.5926948,5,40
10,PL,0.9427919,1.5488107,1.2961417,4,10
10,PL,1.0724528,1.5488107,1.9863433,4,40
10,PL,1.0343795,1.5488107,1.9158262,3,40
10,PL,0.9333472,1.5488107,1.1473931,1,666
10,PL,1.0361487,1.5488107,1.4526172,4,30
10,PL,1.0418981,1.5488107,1.6213443,2,40
10,PL,1.0640533,1.5488107,1.6502498,4,40
10,PL,0.9362848,1.5488107,1.4569948,4,666
10,PL,1.0368258,1.5488107,1.7964472,6,35
10,PL,1.0344766,1.5488107,1.374066,3,40
10,PL,0.9333472,1.5488107,0.953658,3,999
10,PL,0.99689263,1.5488107,1.8389511,3,40
10,PL,1.0557901,1.5488107,1.749205,6,40
10,PL,1.0193878,1.5488107,1.5809778,2,48
10,PL,0.9345886,1.5488107,1.396499,5,40
10,PL,1.0397496,1.5488107,1.6023239,4,30
10,PL,0.9345886,1.5488107,1.3158888,3,42
10,PL,0.9407961,1.5488107,1.3809243,3,25
10,PL,0.94792795,1.5488107,1.7242968,3,45
10,PL,1.0326495,1.5488107,1.5430255,4,50
10,PL,1.0804199,1.5488107,1.7956778,4,8
10,PL,0.9427919,1.5488107,1.2961417,3,45
10,PL,0.9437745,1.5488107,1.7782887,4,999
10,PL,0.9334999,1.5488107,1.5840486,6,999
10,PL,1.0368258,1.5488107,1.5588573,4,40
10,PL,1.0716293,1.5488107,1.6619992,5,45
10,PL,0.94359064,1.5488107,1.2826469,4,40
10,PL,0.9333472,1.5488107,1.0305129,5,7
10,PL,1.0344269,1.5488107,1.4221209,6,666
10,PL,0.94792795,1.5488107,1.7557049,5,40
10,PL,1.0343795,1.5488107,1.8509995,5,999
10,PL,1.0535303,1.5488107,1.6053907,5,999
10,PL,0.9616355,1.5488107,1.4448562,3,35
10,PL,1.0451853,1.5488107,1.4034964,4,40
10,PL,1.0457842,1.5488107,1.528294,4,666
10,PL,0.9362848,1.5488107,1.4569948,6,48
10,PL,0.9317886,1.5488107,1.3278733,99,666
10,PL,0.93526596,1.5488107,1.724441,4,45
10,PL,1.0076253,1.5488107,1.3696913,2,40
10,PL,1.0418981,1.5488107,1.5004259,3,40
10,PL,1.0564263,1.5488107,1.6384208,4,60
10,PL,0.9505161,1.5488107,1.1918911,4,666
10,PL,1.046672,1.5488107,1.4344065,6,50
10,PL,0.94359064,1.5488107,1.2618189,4,48
10,PL,0.9427919,1.5488107,1.388034,4,40
10,PL,1.024825,1.5488107,1.5636003,4,40
10,PL,0.9522927,1.5488107,1.8533087,5,40
10,PL,1.032028,1.5488107,1.2888013,3,50
10,PL,0.9362848,1.5488107,1.7011609,4,50
10,PL,1.0217856,1.5488107,1.3572096,3,43
10,PL,1.0365624,1.5488107,1.9112115,5,40
10,PL,1.0428782,1.5488107,1.573367,2,666
10,PL,0.9616355,1.5488107,1.2744613,2,45
10,PL,1.0493999,1.5488107,1.3907763,5,40
10,PL,0.9437745,1.5488107,1.5971423,4,50
10,PL,1.0285064,1.5488107,1.5951198,2,40
10,PL,0.9362848,1.5488107,1.7011609,6,85
10,PL,0.9437745,1.5488107,1.8647956,6,666
10,PL,0.9522927,1.5488107,1.5589088,6,999
10,PL,1.0275894,1.5488107,1.5611461,3,56
10,PL,0.9345886,1.5488107,1.4219363,5,30
10,PL,0.9667014,1.5488107,1.248339,1,150
10,PL,0.9522927,1.5488107,1.5335946,4,40
10,PL,0.99144804,1.5488107,1.3434078,3,40
10,PL,1.0349683,1.5488107,1.8638152,4,40
10,PL,1.0523629,1.5488107,1.3566358,4,40
10,PL,1.0557901,1.5488107,1.749205,5,40
10,PL,0.9317886,1.5488107,1.5786421,4,40
10,PL,0.99834603,1.5488107,1.5399617,6,50
10,PL,1.018018,1.5488107,1.6919651,4,40
10,PL,1.0156713,1.5488107,1.9137589,3,40
10,PL,0.9469194,1.5488107,1.5407659,3,40
10,PL,0.9362848,1.5488107,1.6222458,5,999
10,PL,1.0523629,1.5488107,1.1619194,2,20
10,PL,1.0349683,1.5488107,1.8638152,4,50
10,PL,0.9427919,1.5488107,1.599588,5,666
10,PL,1.0449039,1.5488107,1.5942355,4,40
10,PL,1.0445302,1.5488107,1.9000177,3,35
10,PL,1.0290831,1.5488107,1.9098487,4,25
10,PL,1.0421039,1.5488107,1.763545,3,28
10,PL,1.0076253,1.5488107,1.552818,4,42
10,PL,1.0387961,1.5488107,1.6902618,2,48
10,PL,0.99689263,1.5488107,1.6516254,4,666
10,PL,1.0569288,1.5488107,1.5945654,2,38
10,PL,0.9469194,1.5488107,1.5407659,3,45
10,PL,1.0418981,1.5488107,1.5923399,3,45
10,PL,1.0516391,1.5488107,1.4806944,2,52
10,PL,0.9362848,1.5488107,1.6222458,4,40
10,PL,1.0326495,1.5488107,1.5711317,5,10
10,PL,0.94792795,1.5488107,1.6962966,3,48
10,PL,0.9407961,1.5488107,1.5913956,2,40
10,PL,0.9427919,1.5488107,1.3295013,6,58
10,PL,0.9333472,1.5488107,1.012078,2,80
10,PL,0.99689263,1.5488107,1.8389511,6,42
10,PL,1.0433303,1.5488107,1.9658748,2,40
10,PL,0.9334999,1.5488107,1.9058468,3,42
10,PL,0.9333472,1.5488107,1.1473931,2,999
10,PL,1.0640533,1.5488107,1.6803088,3,48
10,PL,1.0368258,1.5488107,1.6134514,6,40
10,PL,0.9505161,1.5488107,1.2879452,6,40
10,PL,0.9333472,1.5488107,1.1473931,2,666
10,PL,1.0311378,1.5488107,1.5732323,2,40
10,PL,0.9505161,1.5488107,1.4340229,1,666
10,PL,0.9616355,1.5488107,1.2976758,2,666
10,PL,0.99689263,1.5488107,1.5284479,3,40
10,PL,1.0197525,1.5488107,1.3975146,3,42
10,PL,0.9469194,1.5488107,1.568831,6,40
10,PL,0.9333472,1.5488107,1.1473931,4,40
10,PL,1.0481818,1.5488107,1.3425756,7,60
10,PL,1.0418981,1.5488107,1.5923399,2,60
10,PL,1.0069685,1.5488107,1.9478993,4,999
10,PL,1.0374267,1.5488107,1.3873011,3,999
10,PL,0.9345886,1.5488107,1.3738222,3,60
10,PL,1.0271406,1.5488107,1.0494926,4,10
10,PL,0.9469194,1.5488107,1.5407659,4,48
10,PL,1.0201589,1.5488107,1.8809667,4,666
10,PL,1.038103,1.5488107,1.5259854,4,40
10,PL,0.94359064,1.5488107,1.5248742,4,40
10,PL,1.032729,1.5488107,1.3743106,1,50
10,PL,1.0275894,1.5488107,1.7382102,4,40
10,PL,0.9437745,1.5488107,1.5431,3,666
10,PL,1.0374267,1.5488107,1.6765164,3,30
10,PL,0.9333472,1.5488107,0.9956437,4,40
10,PL,0.93526596,1.5488107,1.724441,6,40
10,PL,1.0489082,1.5488107,1.6946297,6,666
10,PL,1.0361487,1.5488107,1.4526172,2,50
10,PL,1.0311378,1.5488107,1.6283307,5,40
10,PL,1.0281912,1.5488107,1.5025839,3,40
10,PL,0.9317886,1.5488107,1.3063107,4,40
10,PL,0.9505161,1.5488107,1.2649052,6,999
10,PL,0.94359064,1.5488107,1.5248742,5,666
10,PL,1.0421039,1.5488107,1.7038716,4,38
10,PL,1.0670532,1.5488107,1.8076079,2,42
10,PL,1.0340894,1.5488107,1.6706882,2,40
10,PL,1.0341581,1.5488107,1.7918249,6,40
10,PL,0.9427919,1.5488107,1.388034,6,40
10,PL,1.0344269,1.5488107,1.5834162,4,42
10,PL,1.0543481,1.5488107,1.4286375,3,60
10,PL,1.0495421,1.5488107,1.5993136,4,666
10,PL,0.9427919,1.5488107,1.5133522,4,666
10,PL,0.9437745,1.5488107,1.7782887,2,40
10,PL,1.0644373,1.5488107,1.8857566,2,40
10,PL,0.9362848,1.5488107,1.6222458,2,40
10,PL,1.0451853,1.5488107,1.4034964,2,50
10,PL,1.0250742,1.5488107,1.6760272,4,40
10,PL,0.9469194,1.5488107,1.7467659,5,40
10,PL,0.94359064,1.5488107,1.2618189,4,40
10,PL,1.0564263,1.5488107,1.9478362,4,666
10,PL,0.9522927,1.5488107,1.8533087,4,41
10,PL,1.0478504,1.5488107,1.3139427,6,50
10,PL,1.0178208,1.5488107,1.6073005,3,48
10,PL,1.0206343,1.5488107,1.4349381,4,70
10,PL,0.94359064,1.5488107,1.2618189,2,40
10,PL,0.9427919,1.5488107,1.677402,5,50
10,PL,1.0387313,1.5488107,1.3215357,2,40
10,PL,0.94359064,1.5488107,1.2826469,4,666
10,PL,0.9427919,1.5488107,1.1994761,3,40
10,PL,1.0304624,1.5488107,1.9008762,2,40
10,PL,0.9427919,1.5488107,1.388034,6,50
10,PL,1.0387961,1.5488107,1.6902618,3,60
10,PL,1.0716293,1.5488107,1.6619992,2,56
10,PL,1.0352021,1.5488107,1.3496815,3,40
10,PL,1.0471605,1.5488107,1.5976789,4,999
10,PL,0.9667014,1.5488107,1.3248112,2,48
10,PL,1.0197525,1.5488107,1.3975146,5,40
10,PL,1.085546,1.5488107,2.0999014,7,30
10,PL,0.9317886,1.5488107,1.2512244,7,40
10,PL,0.94792795,1.5488107,1.6962966,2,666
10,PL,1.0285689,1.5488107,1.5143194,2,20
10,PL,0.9437745,1.5488107,1.4780283,5,68
10,PL,0.9362848,1.5488107,1.4076945,5,40
10,PL,0.9345886,1.5488107,1.58321,3,48
10,PL,1.0451853,1.5488107,1.6886153,6,666
10,PL,0.93526596,1.5488107,1.3667841,2,666
10,PL,0.9427919,1.5488107,1.2729553,2,50
10,PL,0.93526596,1.5488107,1.3667841,6,40
10,PL,0.9345886,1.5488107,1.6602274,5,42
10,PL,1.0341581,1.5488107,1.4892788,5,40
10,PL,1.0476621,1.5488107,1.4750943,6,50
10,PL,1.0206343,1.5488107,1.4349381,5,40
10,PL,1.0343795,1.5488107,1.8509995,6,40
10,PL,1.0361487,1.5488107,1.4765946,4,40
10,PL,0.9407961,1.5488107,1.3226919,2,40
10,PL,0.9427919,1.5488107,1.3295013,2,40
10,PL,1.0413562,1.5488107,1.5888225,5,20
10,PL,1.0349683,1.5488107,2.1130066,7,45
10,PL,0.9362848,1.5488107,1.3483332,4,666
10,PL,1.0395547,1.5488107,1.9167281,4,40
10,PL,0.94359064,1.5488107,1.3060107,7,666
10,PL,1.0494992,1.5488107,1.4220669,6,666
10,PL,0.94359064,1.5488107,1.2086086,6,666
10,PL,1.0535326,1.5488107,1.6636952,6,40
10,PL,1.0291535,1.5488107,1.4103981,3,48
10,PL,1.033763,1.5488107,1.692277,4,40
10,PL,1.0557901,1.5488107,1.7179132,4,666
10,PL,0.9362848,1.5488107,1.6222458,6,30
10,PL,0.9427919,1.5488107,1.599588,2,22
10,PL,0.9333472,1.5488107,1.1473931,2,54
10,PL,1.0680288,1.5488107,1.4186327,3,40
10,PL,0.9317886,1.5488107,1.3278733,5,40
10,PL,1.0397496,1.5488107,1.4133581,4,43
10,PL,0.9334999,1.5488107,1.5840486,7,666
10,PL,1.0451853,1.5488107,1.4034964,3,48
10,PL,1.0670532,1.5488107,1.8076079,6,18
10,PL,1.096125,1.5488107,1.4559526,4,40
10,PL,1.0037394,1.5488107,1.5567079,2,44
10,PL,1.0395547,1.5488107,1.6122545,5,40
10,PL,1.0449039,1.5488107,1.5270075,2,40
10,PL,1.0451853,1.5488107,1.6886153,5,40
10,PL,1.02209,1.5488107,1.87415,2,35
10,PL,0.94359064,1.5488107,1.2826469,2,40
10,PL,0.94359064,1.5488107,1.2086086,2,666
10,PL,0.9362848,1.5488107,1.3483332,4,45
10,PL,0.9667014,1.5488107,1.3032985,2,50
10,PL,0.94792795,1.5488107,1.6962966,4,666
10,PL,0.9427919,1.5488107,1.599588,6,60
10,PL,0.9362848,1.5488107,1.430931,4,42
10,PL,0.9333472,1.5488107,1.203209,4,8
10,PL,1.0291535,1.5488107,1.3874956,4,40
10,PL,1.0374267,1.5488107,1.3873011,2,47
10,PL,1.0340894,1.5488107,1.4736601,5,45
10,PL,1.0086769,1.5488107,1.7735212,6,120
10,PL,0.93526596,1.5488107,1.6444452,3,55
10,PL,1.0481818,1.5488107,1.4507736,4,666
10,PL,1.0436538,1.5488107,1.8675966,2,42
10,PL,1.0523629,1.5488107,1.122603,4,70
10,PL,1.0428782,1.5488107,1.6499056,4,45
10,PL,1.0374267,1.5488107,1.6765164,3,75
10,PL,0.94359064,1.5488107,1.4541363,3,20
10,PL,1.0445302,1.5488107,1.8691647,2,50
10,PL,1.0083582,1.5488107,1.871385,2,666
10,PL,1.0366516,1.5488107,1.6593819,6,40
10,PL,1.0737208,1.5488107,2.1215549,5,60
10,PL,1.0340267,1.5488107,1.417077,2,42
10,PL,1.0344269,1.5488107,1.3740001,2,30
10,PL,0.93526596,1.5488107,1.3667841,1,64
10,PL,0.9334999,1.5488107,1.5840486,2,666
10,PL,1.0679796,1.5488107,1.6294423,1,15
10,PL,0.9522927,1.5488107,1.5589088,6,49
10,PL,0.94359064,1.5488107,1.3060107,4,40
10,PL,0.9437745,1.5488107,1.5431,2,40
10,PL,1.0038657,1.5488107,1.6413511,4,40
10,PL,0.94359064,1.5488107,1.5248742,4,999
10,PL,1.0390549,1.5488107,1.6678716,6,48
10,PL,0.93526596,1.5488107,1.4269578,5,56
10,PL,0.9427919,1.5488107,1.4366459,3,666
10,PL,1.0413562,1.5488107,1.644467,2,48
10,PL,1.0478504,1.5488107,1.6577716,6,30
10,PL,1.0451853,1.5488107,1.4652858,4,42
10,PL,0.9427919,1.5488107,1.599588,5,40
10,PL,0.94359064,1.5488107,1.4541363,2,40
10,PL,1.0201589,1.5488107,1.6109931,4,28
10,PL,0.9437745,1.5488107,1.7782887,2,40
10,PL,1.0418981,1.5488107,1.5004259,5,40
10,PL,1.0374267,1.5488107,1.3873011,5,48
10,PL,1.0369319,1.5488107,1.8448948,6,40
10,PL,1.0234185,1.5488107,1.5269959,4,40
10,PL,1.0311378,1.5488107,1.5732323,2,40
10,PL,0.9437745,1.5488107,1.8647956,6,30
10,PL,0.9437745,1.5488107,1.4780283,3,40
10,PL,0.93526596,1.5488107,1.476933,3,40
10,PL,1.0344766,1.5488107,1.3967468,3,666
10,PL,0.9616355,1.5488107,1.2537662,3,60
10,PL,1.0304624,1.5488107,1.9008762,4,38
10,PL,0.9437745,1.5488107,1.5431,7,30
10,PL,1.0481818,1.5488107,1.3425756,2,48
10,PL,1.0471605,1.5488107,1.6240505,3,40
10,PL,1.0457842,1.5488107,1.838765,6,40
10,PL,1.0449039,1.5488107,1.6205504,4,48
10,PL,1.0421039,1.5488107,1.7319968,6,46
10,PL,0.94359064,1.5488107,1.4541363,4,666
10,PL,1.0471605,1.5488107,1.5303054,2,40
10,PL,1.0290831,1.5488107,1.9098487,2,40
10,PL,1.0368258,1.5488107,1.4931202,4,45
10,PL,0.94792795,1.5488107,1.6247654,3,40
10,PL,1.0311378,1.5488107,1.6283307,4,20
10,PL,1.0294847,1.5488107,1.482549,2,40
10,PL,0.9522927,1.5488107,1.8533087,4,8
10,PL,1.0387961,1.5488107,1.5926948,4,40
10,PL,0.94359064,1.5488107,1.3060107,4,40
10,PL,1.0418981,1.5488107,1.5923399,4,40
10,PL,1.0038657,1.5488107,1.6413511,99,999
10,PL,1.0369319,1.5488107,1.4000622,3,40
10,PL,0.9437745,1.5488107,1.5685705,3,666
10,PL,1.0269085,1.5488107,1.6437863,5,30
10,PL,1.0275894,1.5488107,1.533219,3,60
10,PL,0.9362848,1.5488107,1.430931,2,999
10,PL,1.016612,1.5488107,1.2747709,2,38
10,PL,1.033763,1.5488107,1.692277,4,40
10,PL,0.9667014,1.5488107,1.5019376,3,48
10,PL,1.0271406,1.5488107,1.2626958,2,75
10,PL,0.9427919,1.5488107,1.2729553,4,40
10,PL,0.9427919,1.5488107,1.3295013,5,50
10,PL,0.9427919,1.5488107,1.677402,4,60
10,PL,1.0535303,1.5488107,1.6053907,4,40
10,PL,0.9505161,1.5488107,1.1918911,3,40
10,PL,1.0311378,1.5488107,1.5732323,2,40
10,PL,1.0076253,1.5488107,1.3474497,4,42
10,PL,0.93526596,1.5488107,1.3667841,6,40
10,PL,0.9505161,1.5488107,1.1918911,3,57
10,PL,0.9427919,1.5488107,1.4431483,3,40
10,PL,0.9469194,1.5488107,1.5157464,4,40
10,PL,1.0421039,1.5488107,1.9635643,2,30
10,PL,1.0418981,1.5488107,1.6213443,5,42
10,PL,0.9505161,1.5488107,1.5037817,5,999
10,PL,0.9334999,1.5488107,1.7117076,4,666
10,PL,1.0471605,1.5488107,1.8411851,4,40
10,PL,1.02209,1.5488107,1.87415,4,40
10,PL,1.0471605,1.5488107,1.5976789,3,53
10,PL,1.0535326,1.5488107,1.633933,4,40
10,PL,1.0250742,1.5488107,1.734726,4,35
10,PL,1.0537745,1.5488107,1.6009274,4,50
10,PL,0.9616355,1.5488107,1.2008955,4,40
10,PL,0.9667014,1.5488107,1.5019376,1,666
10,PL,0.9437745,1.5488107,1.5431,5,666
10,PL,0.9333472,1.5488107,0.953658,3,44
10,PL,1.0457842,1.5488107,1.9282143,6,42
10,PL,1.0344269,1.5488107,1.3160598,1,40
10,PL,1.0231342,1.5488107,1.3907729,6,48
10,PL,1.0433303,1.5488107,1.9658748,2,48
10,PL,0.9616355,1.5488107,1.2537662,2,40
10,PL,0.9345886,1.5488107,1.3158888,3,40
10,PL,0.94359064,1.5488107,1.2618189,3,50
10,PL,1.0210766,1.5488107,1.2803695,3,50
10,PL,1.0428782,1.5488107,1.6499056,5,35
10,PL,1.0383874,1.5488107,1.6722441,2,40
10,PL,1.0614998,1.5488107,1.5949024,7,40
10,PL,1.0481818,1.5488107,1.6153187,3,40
10,PL,1.0343795,1.5488107,1.7729449,6,48
10,PL,0.9843817,1.5488107,1.5801111,5,40
10,PL,1.0535303,1.5488107,1.485662,4,40
10,PL,1.0481818,1.5488107,1.3425756,2,40
10,PL,1.0290831,1.5488107,1.684616,4,41
10,PL,1.0445302,1.5488107,2.2588353,2,60
10,PL,0.9505161,1.5488107,1.2443647,4,60
10,PL,1.0369319,1.5488107,1.5518315,5,40
10,PL,1.0451853,1.5488107,1.6886153,99,40
10,PL,0.9522927,1.5488107,1.4689243,4,40
10,PL,0.9505161,1.5488107,1.1918911,3,46
10,PL,0.9345886,1.5488107,1.3158888,3,60
10,PL,0.9952981,1.5488107,1.5587183,2,666
10,PL,0.9427919,1.5488107,1.4109453,6,40
10,PL,1.046672,1.5488107,1.4111143,7,999
10,PL,1.0680288,1.5488107,1.71438,7,5
10,PL,1.0178208,1.5488107,1.8766555,4,666
10,PL,1.0387961,1.5488107,1.6628147,6,38
10,PL,1.096125,1.5488107,1.6778584,4,40
10,PL,0.9362848,1.5488107,1.6222458,4,40
10,PL,1.033763,1.5488107,1.6647967,3,666
10,PL,1.0516391,1.5488107,1.7814962,1,40
10,PL,0.9407961,1.5488107,1.403719,3,40
10,PL,1.0421039,1.5488107,1.6320202,4,40
10,PL,1.038103,1.5488107,1.5794289,7,40
10,PL,1.0275894,1.5488107,1.5611461,3,55
10,PL,1.0158405,1.5488107,1.5654786,2,20
10,PL,0.9407961,1.5488107,1.4292883,5,47
10,PL,1.0193878,1.5488107,1.5553044,5,35
10,PL,1.0361487,1.5488107,1.7554495,2,40
10,PL,0.9317886,1.5488107,1.3520606,2,666
10,PL,0.9437745,1.5488107,1.5685705,5,40
10,PL,1.0369319,1.5488107,1.4622552,4,45
10,PL,0.9317886,1.5488107,1.3063107,3,666
10,PL,0.9667014,1.5488107,1.3248112,2,999
10,PL,1.0368258,1.5488107,1.584588,5,50
10,PL,1.0614998,1.5488107,1.4324373,5,999
10,PL,0.9505161,1.5488107,1.2879452,4,40
10,PL,1.0340267,1.5488107,1.3352789,2,60
10,PL,1.0294847,1.5488107,1.5733683,6,666
10,PL,1.0290831,1.5488107,1.6572598,4,40
10,PL,0.9427919,1.5488107,1.388034,2,60
10,PL,1.0178208,1.5488107,1.6073005,5,50
10,PL,1.1000512,1.5488107,1.7772568,4,40
10,PL,1.064693,1.5488107,1.5650722,4,40
10,PL,1.0340267,1.5488107,1.6846917,7,666
10,PL,0.9345886,1.5488107,1.3158888,5,666
10,PL,1.0294847,1.5488107,1.5733683,2,40
10,PL,0.9437745,1.5488107,1.5971423,4,666
10,PL,0.9437745,1.5488107,1.7782887,1,666
10,PL,0.9522927,1.5488107,1.4689243,2,48
10,PL,0.9437745,1.5488107,1.4780283,6,70
10,PL,1.0133702,1.5488107,1.8249197,4,38
10,PL,1.038103,1.5488107,1.5511742,3,35
10,PL,0.9317886,1.5488107,1.2512244,4,60
10,PL,0.9333472,1.5488107,0.9956437,5,40
10,PL,0.9427919,1.5488107,1.5133522,6,50
10,PL,0.93526596,1.5488107,1.4505118,4,40
10,PL,1.0387313,1.5488107,1.3215357,6,9
10,PL,0.9437745,1.5488107,1.5685705,2,50
10,PL,0.9333472,1.5488107,0.9956437,5,84
10,PL,0.9362848,1.5488107,1.4076945,4,40
10,PL,1.0535326,1.5488107,1.5396171,2,40
10,PL,0.9505161,1.5488107,1.1918911,4,100
10,PL,1.0557901,1.5488107,1.7179132,4,48
10,PL,1.0680288,1.5488107,1.3588103,6,80
10,PL,1.0344766,1.5488107,1.3967468,7,42
10,PL,0.9427919,1.5488107,1.2729553,5,666
10,PL,0.9437745,1.5488107,1.5685705,3,50
10,PL,0.9333472,1.5488107,1.1473931,4,40
10,PL,1.0291535,1.5488107,1.6767511,6,666
10,PL,1.0201589,1.5488107,1.6109931,2,40
10,PL,0.9427919,1.5488107,1.4109453,3,999
10,PL,0.9317886,1.5488107,1.3520606,4,50
10,PL,0.99834603,1.5488107,1.942936,7,666
10,PL,0.9317886,1.5488107,1.3278733,4,40
10,PL,0.9469194,1.5488107,1.4518284,4,46
10,PL,1.0197525,1.5488107,1.5843625,4,40
10,PL,0.93526596,1.5488107,1.4505118,4,42
10,PL,0.9427919,1.5488107,1.5133522,5,50
10,PL,1.0271406,1.5488107,1.3241208,2,42
10,PL,0.9317886,1.5488107,1.5786421,2,35
10,PL,1.033763,1.5488107,1.9185337,1,30
10,PL,1.0290831,1.5488107,1.684616,2,40
10,PL,0.9505161,1.5488107,1.5037817,5,40
10,PL,0.9427919,1.5488107,1.677402,5,666
10,PL,0.9407961,1.5488107,1.5913956,1,40
10,PL,1.0457842,1.5488107,1.5955787,2,50
10,PL,1.0344766,1.5488107,1.3967468,2,40
10,PL,0.9317886,1.5488107,1.3063107,2,25
10,PL,1.0368258,1.5488107,1.6134514,7,40
10,PL,0.9437745,1.5488107,1.4780283,5,54
10,PL,1.0374267,1.5488107,1.5987448,3,40
10,PL,1.0325441,1.5488107,1.6067886,4,41
10,PL,1.0294847,1.5488107,1.5733683,3,25
10,PL,1.0478504,1.5488107,1.580869,4,24
10,PL,1.085546,1.5488107,1.7663305,2,40
10,PL,0.9345886,1.5488107,1.6602274,6,34
10,PL,1.0535326,1.5488107,1.633933,4,80
10,PL,1.018018,1.5488107,1.5943003,4,666
10,PL,1.0418981,1.5488107,1.5923399,4,40
10,PL,0.9333472,1.5488107,1.1473931,4,70
10,PL,1.0670532,1.5488107,1.8076079,5,38
10,PL,0.9437745,1.5488107,1.5431,3,40
10,PL,1.0387313,1.5488107,1.3797181,3,41
10,PL,0.9469194,1.5488107,1.5157464,2,47
10,PL,0.93526596,1.5488107,1.4505118,4,999
10,PL,1.0344269,1.5488107,1.4221209,2,40
10,PL,0.9437745,1.5488107,1.7782887,6,999
10,PL,1.0369319,1.5488107,1.8448948,6,70
10,PL,0.9345886,1.5488107,1.396499,4,40
10,PL,1.0451853,1.5488107,1.4034964,3,44
10,PL,1.096125,1.5488107,1.7594796,3,45
10,PL,1.0069685,1.5488107,1.668319,4,666
10,PL,0.9345886,1.5488107,1.3738222,2,110
10,PL,1.0443487,1.5488107,1.7357268,2,50
10,PL,1.065175,1.5488107,1.7647539,4,20
10,PL,1.0471605,1.5488107,1.5976789,2,40
10,PL,1.0387961,1.5488107,1.6902618,2,45
10,PL,1.0428782,1.5488107,1.307707,2,40
10,PL,1.0421039,1.5488107,1.763545,4,35
10,PL,0.93526596,1.5488107,1.4269578,5,666
10,PL,0.99144804,1.5488107,1.2432171,3,48
10,PL,1.0449039,1.5488107,1.5270075,4,46
10,PL,0.9437745,1.5488107,1.5685705,2,60
10,PL,1.0418981,1.5488107,1.8930528,5,666
10,PL,1.0445302,1.5488107,1.7903432,3,40
10,PL,1.0433303,1.5488107,1.6339409,2,40
10,PL,0.9522927,1.5488107,1.5335946,4,40
10,PL,1.0369587,1.5488107,1.4000989,3,10
10,PL,0.9505161,1.5488107,1.4340229,2,40
10,PL,1.053196,1.5488107,1.2947271,2,666
10,PL,1.016612,1.5488107,1.352863,3,666
10,PL,1.0271406,1.5488107,1.3241208,4,40
10,PL,1.0231342,1.5488107,1.3907729,4,999
10,PL,0.9616355,1.5488107,1.2537662,3,60
10,PL,1.0430268,1.5488107,1.6742474,4,11
10,PL,1.0653988,1.5488107,1.9653229,5,40
10,PL,1.0644373,1.5488107,1.9168845,3,53
10,PL,1.038103,1.5488107,1.4616354,2,40
10,PL,0.9362848,1.5488107,1.4076945,4,40
10,PL,1.0418981,1.5488107,1.5923399,6,45
10,PL,0.9616355,1.5488107,1.2744613,2,666
10,PL,1.0489082,1.5488107,1.522005,6,999
10,PL,0.9616355,1.5488107,1.2537662,6,40
10,PL,0.9333472,1.5488107,0.9956437,2,6
10,PL,1.0304624,1.5488107,1.9008762,1,666
10,PL,0.9522927,1.5488107,1.5873047,5,25
10,PL,0.9334999,1.5488107,1.6810863,2,40
10,PL,0.9469194,1.5488107,1.7467659,3,40
10,PL,1.0421039,1.5488107,1.9635643,99,40
10,PL,1.0804199,1.5488107,1.7665195,5,45
10,PL,1.0436538,1.5488107,1.7888412,4,666
10,PL,0.9469194,1.5488107,1.5157464,3,40
10,PL,0.9505161,1.5488107,1.5037817,4,50
10,PL,0.9345886,1.5488107,1.4219363,2,48
10,PL,0.9427919,1.5488107,1.4366459,4,42
10,PL,1.0311378,1.5488107,1.5732323,4,40
10,PL,0.9427919,1.5488107,1.2729553,5,40
10,PL,1.016612,1.5488107,1.6083506,6,666
10,PL,1.0397496,1.5488107,1.6802704,4,35
10,PL,0.9427919,1.5488107,1.599588,6,666
10,PL,1.0476621,1.5488107,1.7747597,2,44
10,PL,0.9843817,1.5488107,1.5801111,3,47
10,PL,1.0395547,1.5488107,1.8278124,2,30
10,PL,1.0345182,1.5488107,1.5783901,4,40
10,PL,1.0344269,1.5488107,1.5834162,4,40
10,PL,0.9505161,1.5488107,1.2879452,5,666
10,PL,1.0361487,1.5488107,1.3913615,5,666
10,PL,1.024825,1.5488107,1.5636003,4,40
10,PL,1.0234185,1.5488107,1.5548095,6,666
10,PL,1.0325441,1.5488107,1.5780447,2,40
10,PL,1.0271406,1.5488107,1.2626958,2,48
10,PL,1.033763,1.5488107,1.6647967,2,30
10,PL,0.9345886,1.5488107,1.3158888,4,56
10,PL,0.9469194,1.5488107,1.5157464,2,40
10,PL,0.9437745,1.5488107,1.7782887,6,40
10,PL,1.0068929,1.5488107,1.6215242,2,40
10,PL,1.0387961,1.5488107,1.9162494,2,37
10,PL,0.9616355,1.5488107,1.4448562,3,35
10,PL,1.0535326,1.5488107,1.5396171,4,666
10,PL,0.9333472,1.5488107,0.9956437,2,45
10,PL,1.0451853,1.5488107,1.6886153,6,46
10,PL,0.93526596,1.5488107,1.4505118,4,56
10,PL,1.0311378,1.5488107,1.5068897,2,40
10,PL,1.0436538,1.5488107,1.9330037,6,666
10,PL,1.0344269,1.5488107,1.5229441,5,40
10,PL,0.9333472,1.5488107,0.953658,4,40
10,PL,0.94792795,1.5488107,1.7557049,6,50
10,PL,1.0535326,1.5488107,1.852389,2,40
10,PL,0.9469194,1.5488107,1.4518284,2,56
10,PL,0.9427919,1.5488107,1.4366459,4,40
10,PL,0.93611985,1.5488107,1.2869694,4,40
10,PL,1.0559362,1.5488107,1.5431305,5,30
10,PL,0.9522927,1.5488107,1.5873047,5,52
10,PL,1.0430268,1.5488107,1.3854232,3,45
10,PL,1.0294847,1.5488107,1.482549,4,40
10,PL,1.0535303,1.5488107,1.5766717,3,42
10,PL,0.9437745,1.5488107,1.5971423,4,40
10,PL,0.94359064,1.5488107,1.4541363,4,42
10,PL,0.9469194,1.5488107,1.4518284,2,41
10,PL,0.9333472,1.5488107,0.9956437,4,38
10,PL,1.0640533,1.5488107,1.6803088,4,666
10,PL,0.9469194,1.5488107,1.7467659,5,666
10,PL,1.0433303,1.5488107,1.7656204,3,50
10,PL,1.0178208,1.5488107,1.8766555,7,999
10,PL,1.0153184,1.5488107,1.3958503,6,168
10,PL,1.0234185,1.5488107,1.5548095,4,666
10,PL,0.9333472,1.5488107,1.1473931,1,666
10,PL,0.9437745,1.5488107,1.8647956,5,40
10,PL,0.9505161,1.5488107,1.2649052,2,40
10,PL,1.0457842,1.5488107,1.838765,2,40
10,PL,0.9505161,1.5488107,1.2443647,2,45
10,PL,0.9362848,1.5488107,1.4076945,2,999
10,PL,1.0326495,1.5488107,1.7493273,2,22
10,PL,0.9522927,1.5488107,1.7673347,5,40
10,PL,0.9505161,1.5488107,1.2879452,3,666
10,PL,0.93526596,1.5488107,1.476933,6,30
10,PL,0.9333472,1.5488107,0.9956437,4,666
10,PL,1.0197525,1.5488107,1.3975146,4,40
10,PL,0.9469194,1.5488107,1.568831,2,40
10,PL,1.0210766,1.5488107,1.2803695,2,50
10,PL,0.9362848,1.5488107,1.4569948,5,3
10,PL,1.0449039,1.5488107,1.5942355,3,999
10,PL,1.0523629,1.5488107,1.2937024,4,40
10,PL,1.0421039,1.5488107,1.763545,6,666
10,PL,1.0344269,1.5488107,1.6604434,4,40
10,PL,1.0430268,1.5488107,1.3854232,2,58
10,PL,1.0236336,1.5488107,1.5668949,2,60
10,PL,0.9437745,1.5488107,1.5431,5,40
10,PL,0.9317886,1.5488107,1.5786421,6,666
10,PL,1.0311378,1.5488107,1.5992002,2,40
10,PL,0.9317886,1.5488107,1.3520606,6,20
10,PL,0.9505161,1.5488107,1.2443647,4,999
10,PL,1.0387961,1.5488107,1.5926948,5,48
10,PL,0.94359064,1.5488107,1.2086086,4,666
10,PL,1.018018,1.5488107,1.5943003,4,42
10,PL,0.9362848,1.5488107,1.3483332,6,40
10,PL,0.9362848,1.5488107,1.430931,2,45
10,PL,0.9469194,1.5488107,1.568831,6,40
10,PL,1.1000512,1.5488107,1.5422045,4,43
10,PL,0.9362848,1.5488107,1.4076945,2,40
10,PL,1.032729,1.5488107,1.3519937,2,42
10,PL,0.9362848,1.5488107,1.6222458,6,50
10,PL,1.0326495,1.5488107,1.834425,2,45
10,PL,1.0421039,1.5488107,1.6320202,2,666
10,PL,0.9334999,1.5488107,1.7117076,3,40
10,PL,1.0344269,1.5488107,1.4587231,4,40
10,PL,1.0178208,1.5488107,1.4874289,3,8
10,PL,1.0557901,1.5488107,1.6187503,2,40
10,PL,1.0100713,1.5488107,1.9539013,4,40
10,PL,1.0340894,1.5488107,1.4736601,5,75
10,PL,0.9427919,1.5488107,1.2729553,4,40
10,PL,0.94359064,1.5488107,1.4541363,6,50
10,PL,1.0193878,1.5488107,1.7923536,5,40
10,PL,0.9317886,1.5488107,1.2512244,2,999
10,PL,1.0433303,1.5488107,2.061507,3,50
10,PL,1.0418981,1.5488107,1.5004259,4,40
10,PL,0.9505161,1.5488107,1.4340229,2,40
10,PL,0.94359064,1.5488107,1.4541363,2,666
10,PL,0.94792795,1.5488107,1.6247654,4,666
10,PL,1.0494992,1.5488107,1.6603804,5,30
10,PL,1.0271406,1.5488107,1.3241208,3,45
10,PL,1.0471605,1.5488107,1.5976789,2,40
10,PL,0.93526596,1.5488107,1.3667841,4,46
10,PL,0.9505161,1.5488107,1.1918911,1,666
10,PL,1.0535303,1.5488107,1.5510697,4,24
10,PL,1.0290831,1.5488107,1.7153013,4,40
10,PL,1.0197525,1.5488107,1.5843625,2,43
10,PL,0.9317886,1.5488107,1.2512244,4,666
10,PL,0.9334999,1.5488107,1.6810863,7,40
10,PL,1.096125,1.5488107,1.4559526,3,40
10,PL,1.0169705,1.5488107,1.9162067,2,35
10,PL,1.0494992,1.5488107,1.6603804,6,999
10,PL,0.9505161,1.5488107,1.2879452,5,666
10,PL,0.99144804,1.5488107,1.3193755,4,42
10,PL,1.038103,1.5488107,1.5511742,2,45
10,PL,1.0193878,1.5488107,1.4897184,3,666
10,PL,0.9334999,1.5488107,1.6537882,3,42
10,PL,1.0343795,1.5488107,2.1331172,3,26
10,PL,1.0282813,1.5488107,1.8855029,7,30
10,PL,0.9407961,1.5488107,1.403719,4,666
10,PL,1.046672,1.5488107,1.351608,2,40
10,PL,0.9522927,1.5488107,1.7673347,2,666
10,PL,0.9437745,1.5488107,1.5685705,4,58
10,PL,0.9317886,1.5488107,1.3278733,6,40
10,PL,1.0361487,1.5488107,1.3913615,2,40
10,PL,1.0340894,1.5488107,1.3885963,4,40
10,PL,0.94792795,1.5488107,1.6962966,3,666
10,PL,1.0523629,1.5488107,1.1411334,4,40
10,PL,1.038103,1.5488107,1.5511742,3,50
10,PL,1.0281912,1.5488107,1.5025839,5,48
10,PL,0.9427919,1.5488107,1.3295013,5,42
10,PL,1.0487994,1.5488107,1.6524773,4,666
10,PL,0.94359064,1.5488107,1.3060107,4,40
10,PL,1.0478504,1.5488107,1.3139427,2,999
10,PL,0.9427919,1.5488107,1.4109453,2,999
10,PL,1.0344269,1.5488107,1.3740001,3,3
10,PL,0.9437745,1.5488107,1.7782887,2,666
10,PL,1.0361487,1.5488107,1.6740154,2,50
10,PL,1.033763,1.5488107,1.692277,4,55
10,PL,1.0523629,1.5488107,1.0752636,2,666
10,PL,1.0369319,1.5488107,1.4622552,4,40
10,PL,0.9334999,1.5488107,1.6537882,4,999
10,PL,1.0397496,1.5488107,1.3904076,4,35
10,PL,1.0640533,1.5488107,1.554992,2,40
10,PL,1.0397496,1.5488107,1.6023239,1,40
10,PL,1.053196,1.5488107,1.2947271,2,30
10,PL,1.0193878,1.5488107,1.879545,3,42
10,PL,1.0478504,1.5488107,1.3717903,1,50
10,PL,1.0445302,1.5488107,1.9346265,3,40
10,PL,1.0451853,1.5488107,1.5166034,2,40
10,PL,0.9362848,1.5488107,1.3483332,4,40
10,PL,0.9427919,1.5488107,1.3295013,2,40
10,PL,1.0397496,1.5488107,1.3317746,6,666
10,RS,3.2637572,0.39144287,1.6949095,6,40
10,RS,1.2273332,0.39144287,0.16446209,2,666
10,RS,0.6136666,0.39144287,0.23224933,7,666
10,RS,2.1916664,0.39144287,0.2936823,6,48
10,RS,1.3339972,0.39144287,0.33129448,3,48
10,RS,1.2295244,0.39144287,1.6949095,4,999
10,RS,2.4186995,0.39144287,0.23116952,4,999
10,RS,1.5341666,0.39144287,0.46425244,4,666
10,RS,0.6669986,0.39144287,0.16564724,7,999
10,RS,1.6674966,0.39144287,0.41411784,6,40
10,RS,0.3068333,0.39144287,0.041115522,6,45
10,RS,1.3339972,0.39144287,0.5776155,6,40
10,RS,1.2007675,0.39144287,0.14012016,5,30
10,RS,1.8081243,0.39144287,1.094882,5,666
10,RS,1.010604,0.39144287,0.095336646,5,48
10,RS,1.3339972,0.39144287,1.6949095,6,666
10,RS,1.3339972,0.39144287,0.5776155,6,999
10,RS,0.6669986,0.39144287,0.16564724,5,162
10,RS,0.64471406,0.39144287,0.35113728,2,999
10,RS,1.2273332,0.39144287,1.6949095,7,40
10,RS,1.8495936,0.39144287,1.6949095,6,55
10,RS,1.3055029,0.39144287,1.6949095,5,36
10,RS,0.3334993,0.39144287,0.14440387,6,40
10,RS,0.64471406,0.39144287,0.48249987,4,45
10,RS,0.6147622,0.39144287,0.08237789,6,40
10,RS,1.3055029,0.39144287,0.2781219,6,666
10,RS,1.2577237,0.39144287,0.386373,5,40
10,RS,0.6669986,0.39144287,0.05153598,2,8
10,RS,0.62886184,0.39144287,0.33161396,3,666
10,RS,0.6136666,0.39144287,0.37743375,3,40
10,RS,0.9528211,0.39144287,0.5103381,6,40
10,RS,1.2577237,0.39144287,0.386373,6,666
10,RS,0.64471406,0.39144287,0.06364265,5,3
10,RS,0.3334993,0.39144287,0.08282362,5,48
10,RS,0.2767154,0.39144287,0.15071036,5,666
10,RS,1.3055029,0.39144287,0.32421783,7,20
10,RS,1.3339972,0.39144287,0.10307196,2,7
10,RS,0.3334993,0.39144287,0.08885718,6,666
10,RS,1.9198571,0.39144287,0.81843424,5,999
10,RS,1.010604,0.39144287,0.4375875,6,25
10,RS,0.9768395,0.39144287,0.73105985,6,40
10,RS,0.32235703,0.39144287,0.24124993,4,8
10,RS,0.60038376,0.39144287,0.0573822,3,42
10,RS,0.6669986,0.39144287,0.06292221,99,666
10,RS,1.9617606,0.39144287,0.48719722,6,666
10,RS,1.3339972,0.39144287,0.33129448,4,50
10,RS,1.3339972,0.39144287,1.6949095,5,10
10,RS,1.2577237,0.39144287,1.6949095,6,999
10,RS,0.6669986,0.39144287,0.28880775,4,0
10,RS,0.6147622,0.39144287,0.37810743,5,44
10,RS,0.65275145,0.39144287,0.061578237,3,8
10,RS,1.2894281,0.39144287,0.71330655,3,4
10,RS,1.6318786,0.39144287,0.15394542,6,48
10,RS,0.3334993,0.39144287,0.14217061,3,666
10,RS,0.6669986,0.39144287,0.16564724,7,999
10,RS,0.64471406,0.39144287,0.07770359,5,999
10,RS,1.2577237,0.39144287,0.6736466,4,40
10,RS,1.611785,0.39144287,0.15910661,7,40
10,RS,0.65275145,0.39144287,0.050435197,6,999
10,RS,1.2007675,0.39144287,0.6431403,6,666
10,RS,0.6136666,0.39144287,0.06735082,4,999
10,RS,0.6669986,0.39144287,0.05153598,5,45
10,RS,1.3339972,0.39144287,0.5776155,5,999
10,RS,0.64471406,0.39144287,0.06364265,6,44
10,RS,1.5369056,0.39144287,0.20594466,4,40
10,RS,0.3073811,0.39144287,0.093016274,3,60
10,RS,1.2894281,0.39144287,0.71330655,7,42
10,RS,0.60038376,0.39144287,0.31659678,3,40
10,RS,1.1068616,0.39144287,1.6949095,6,666
10,RS,1.3055029,0.39144287,0.32421783,6,666
10,RS,0.8385315,0.39144287,0.2854379,5,49
10,RS,0.64471406,0.39144287,0.48249987,6,50
10,RS,0.6669986,0.39144287,0.16564724,6,42
10,RS,1.010604,0.39144287,1.6949095,5,48
10,RS,0.9890173,0.39144287,1.6949095,6,60
10,RS,0.3334993,0.39144287,0.19535744,5,666
10,RS,1.6674966,0.39144287,0.15730552,4,60
10,RS,0.6669986,0.39144287,0.05153598,6,47
10,RS,0.9890173,0.39144287,0.09330033,5,999
10,RS,1.9198571,0.39144287,0.14833874,7,666
10,RS,1.010604,0.39144287,0.4375875,4,25
10,RS,0.31443092,0.39144287,0.03669164,6,50
10,RS,0.3068333,0.39144287,0.18871687,4,9
10,RS,1.2577237,0.39144287,1.6949095,3,999
10,RS,1.3339972,0.39144287,1.6949095,6,65
10,RS,0.64471406,0.39144287,0.35665327,7,40
10,RS,1.2273332,0.39144287,0.13470164,4,3
10,RS,1.5369056,0.39144287,0.20594466,4,42
10,RS,0.65275145,0.39144287,0.061578237,6,999
10,RS,1.2894281,0.39144287,1.6949095,6,50
10,RS,0.3073811,0.39144287,0.11633195,7,40
10,RS,0.65275145,0.39144287,0.17391805,6,666
10,RS,0.6669986,0.39144287,0.16564724,6,49
10,RS,0.62886184,0.39144287,0.20725992,6,666
10,RS,0.60038376,0.39144287,0.19787428,6,60
10,RS,0.65275145,0.39144287,0.17391805,2,999
10,RS,0.9528211,0.39144287,0.091066785,6,40
10,RS,0.62886184,0.39144287,0.1931865,7,999
10,RS,0.6136666,0.39144287,0.082231045,2,999
10,RS,0.6669986,0.39144287,0.05153598,4,10
10,RS,0.9297978,0.39144287,0.102046676,6,60
10,RS,0.9528211,0.39144287,0.11118679,7,55
10,RS,0.9768395,0.39144287,0.096428245,3,46
10,RS,2.7943738,0.39144287,1.0575638,2,666
10,RS,2.1916664,0.39144287,0.7731393,6,54
10,RS,0.9528211,0.39144287,0.3140304,4,40
10,RS,0.6136666,0.39144287,0.06735082,4,8
10,RS,0.3334993,0.39144287,0.19535744,6,666
10,RS,0.30019188,0.39144287,0.03503004,6,666
10,RS,0.6669986,0.39144287,0.39071488,4,42
10,RS,0.32235703,0.39144287,0.10973114,4,56
10,RS,2.4796696,0.39144287,0.7867696,4,50
10,RS,0.60038376,0.39144287,0.32157016,4,50
10,RS,0.60038376,0.39144287,0.15821551,4,35
10,RS,0.32637572,0.39144287,0.13913381,3,666
10,RS,0.9768395,0.39144287,0.096428245,6,999
10,RS,1.7658347,0.39144287,0.46534002,2,8
10,RS,0.31443092,0.39144287,0.10362996,1,999
10,RS,1.2894281,0.39144287,0.15540718,7,40
10,RS,0.3073811,0.39144287,0.093016274,4,999
10,RS,0.32235703,0.39144287,0.038851794,5,50
10,RS,0.9768395,0.39144287,0.096428245,4,50
10,RS,0.9768395,0.39144287,0.096428245,6,55
10,RS,0.9768395,0.39144287,1.6949095,4,30
10,RS,0.64471406,0.39144287,0.20456024,3,18
10,RS,1.2894281,0.39144287,0.40912047,5,25
10,RS,0.931458,0.39144287,0.124814965,6,55
10,RS,0.5534308,0.39144287,0.0667018,4,666
10,RS,1.2007675,0.39144287,0.36887637,1,100
10,RS,1.2894281,0.39144287,0.35095346,7,666
10,RS,2.4796696,0.39144287,1.6949095,4,124
10,RS,1.2295244,0.39144287,0.16475578,4,50
10,RS,0.6136666,0.39144287,0.06735082,5,37
10,RS,0.9768395,0.39144287,0.3325186,2,40
10,RS,1.2295244,0.39144287,0.16475578,7,48
10,RS,0.3334993,0.39144287,0.08282362,5,25
10,RS,0.6669986,0.39144287,0.17771436,4,666
10,RS,0.64471406,0.39144287,0.48249987,6,48
10,RS,1.5369056,0.39144287,0.54216397,5,40
10,RS,0.9768395,0.39144287,0.5403838,6,48
10,RS,0.31443092,0.39144287,0.10362996,4,40
10,RS,1.6674966,0.39144287,0.7220198,7,22
10,RS,0.3334993,0.39144287,0.031461105,6,10
10,RS,0.9528211,0.39144287,0.11118679,2,666
10,RS,1.010604,0.39144287,0.07808485,7,168
10,RS,0.32235703,0.39144287,0.031821325,3,40
10,RS,2.2459354,0.39144287,0.21465762,4,40
10,RS,0.6669986,0.39144287,0.17771436,2,56
10,RS,0.6147622,0.39144287,0.08237789,6,666
10,RS,0.9297978,0.39144287,0.3518927,4,50
10,RS,1.8049018,0.39144287,0.19809066,7,999
10,RS,1.611785,0.39144287,1.6949095,6,42
10,RS,0.62886184,0.39144287,0.20725992,4,48
10,RS,0.3334993,0.39144287,0.02576799,6,48
10,RS,0.3334993,0.39144287,0.08885718,3,35
10,RS,0.62886184,0.39144287,0.07338328,4,666
10,RS,1.3339972,0.39144287,0.5776155,6,999
10,RS,1.3055029,0.39144287,0.12315647,1,40
10,RS,1.5369056,0.39144287,0.20594466,4,20
10,RS,1.2007675,0.39144287,0.31643102,7,999
10,RS,0.64471406,0.39144287,0.20456024,4,40
10,RS,0.32235703,0.39144287,0.031821325,4,45
10,RS,0.9890173,0.39144287,0.09330033,6,10
10,RS,0.32637572,0.39144287,0.08695903,3,40
10,RS,1.3339972,0.39144287,0.5776155,3,60
10,RS,1.8049018,0.39144287,0.636703,4,35
10,RS,0.9768395,0.39144287,0.117732815,4,48
10,RS,0.62886184,0.39144287,0.07338328,6,666
10,RS,0.6136666,0.39144287,0.510613,3,40
10,RS,1.6318786,0.39144287,0.15394542,4,48
10,RS,0.64471406,0.39144287,0.06364265,6,7
10,RS,2.1442277,0.39144287,0.5650555,6,999
10,RS,0.8385315,0.39144287,0.101063296,6,999
10,RS,0.9890173,0.39144287,0.09330033,6,40
10,RS,1.5721546,0.39144287,1.6949095,6,40
10,RS,0.64471406,0.39144287,0.48249987,4,42
10,RS,1.3339972,0.39144287,0.33129448,4,40
10,RS,1.010604,0.39144287,0.43081996,6,666
10,RS,0.6136666,0.39144287,0.23224933,7,666
10,RS,1.010604,0.39144287,0.4375875,7,50
10,RS,0.9528211,0.39144287,1.6949095,4,666
10,RS,0.62886184,0.39144287,0.060104094,4,50
10,RS,1.3339972,0.39144287,0.28419223,2,60
10,RS,0.9528211,0.39144287,0.29270712,6,53
10,RS,1.2273332,0.39144287,0.43295804,7,40
10,RS,0.3068333,0.39144287,0.03367541,4,94
10,RS,1.2007675,0.39144287,0.1147644,7,666
10,RS,0.9297978,0.39144287,0.12459254,6,48
10,RS,0.931458,0.39144287,0.5728906,2,8
10,RS,2.1442277,0.39144287,0.65870756,2,7
10,RS,1.3339972,0.39144287,0.10307196,6,666
10,RS,0.9528211,0.39144287,0.2510913,6,56
10,RS,0.3334993,0.39144287,0.031461105,4,40
10,RS,1.2577237,0.39144287,0.12020819,3,60
10,RS,0.9528211,0.39144287,0.11118679,4,40
10,RS,1.2295244,0.39144287,0.13494201,6,40
10,RS,1.8081243,0.39144287,0.24228792,4,40
10,RS,0.65275145,0.39144287,0.061578237,4,50
10,RS,1.6674966,0.39144287,0.15730552,3,48
10,RS,0.6136666,0.39144287,1.6949095,4,999
10,RS,0.62886184,0.39144287,0.07338328,4,666
10,RS,0.6136666,0.39144287,0.23224933,6,40
10,RS,0.9768395,0.39144287,0.117732815,7,999
10,RS,1.8081243,0.39144287,1.6949095,4,49
10,RS,0.9768395,0.39144287,0.117732815,3,50
10,RS,0.6669986,0.39144287,0.06292221,6,50
10,RS,1.5369056,0.39144287,0.20594466,5,40
10,RS,0.9890173,0.39144287,0.42161748,4,666
10,RS,1.2273332,0.39144287,0.16446209,6,666
10,RS,0.3073811,0.39144287,0.041188944,7,40
10,RS,1.2894281,0.39144287,0.40912047,4,666
10,RS,1.2577237,0.39144287,0.3314403,2,999
10,RS,1.611785,0.39144287,1.6949095,4,999
10,RS,1.6674966,0.39144287,0.41411784,4,666
10,RS,0.3068333,0.39144287,0.2553065,6,40
10,RS,0.9528211,0.39144287,0.11118679,7,999
10,RS,0.62886184,0.39144287,0.060104094,5,40
10,RS,0.6147622,0.39144287,0.18603255,2,999
10,RS,0.32235703,0.39144287,0.031821325,6,40
10,RS,0.6147622,0.39144287,0.08237789,6,666
10,RS,0.64471406,0.39144287,0.06364265,5,50
10,RS,1.2894281,0.39144287,1.6949095,4,999
10,RS,1.3339972,0.39144287,0.5776155,4,40
10,RS,0.9297978,0.39144287,0.102046676,7,40
10,RS,1.2894281,0.39144287,0.15540718,3,60
10,RS,2.3091683,0.39144287,1.2176803,3,666
10,RS,3.8354163,0.39144287,1.1606317,7,1
10,RS,1.5341666,0.39144287,1.6949095,5,50
10,RS,1.010604,0.39144287,0.2509805,6,40
10,RS,1.1068616,0.39144287,0.35119402,7,52
10,RS,0.6669986,0.39144287,0.06292221,4,48
10,RS,1.6277375,0.39144287,0.19618176,2,48
10,RS,2.3312552,0.39144287,0.21992214,7,999
10,RS,0.9768395,0.39144287,0.73105985,2,16
10,RS,0.64471406,0.39144287,0.06364265,4,666
10,RS,0.9096725,0.39144287,0.23972055,7,8
10,RS,1.3339972,0.39144287,0.5776155,5,6
10,RS,2.3091683,0.39144287,0.6085211,6,999
10,RS,0.3334993,0.39144287,0.19535744,4,45
10,RS,0.3334993,0.39144287,1.6949095,2,55
10,RS,1.3055029,0.39144287,0.10087039,7,90
10,RS,0.64471406,0.39144287,0.06364265,7,999
10,RS,1.6674966,0.39144287,0.41411784,4,60
10,RS,0.6136666,0.39144287,0.082231045,3,999
10,RS,0.64471406,0.39144287,0.07770359,5,40
10,RS,1.9198571,0.39144287,0.14833874,6,50
10,RS,0.9768395,0.39144287,1.6949095,6,999
10,RS,1.2577237,0.39144287,0.14676656,6,46
10,RS,1.010604,0.39144287,0.095336646,4,666
10,RS,1.5721546,0.39144287,0.18345837,3,40
10,RS,0.62886184,0.39144287,0.07338328,99,666
10,RS,1.010604,0.39144287,0.095336646,5,40
10,RS,0.3334993,0.39144287,0.19535744,3,999
10,RS,0.64471406,0.39144287,0.35665327,2,40
10,RS,1.3055029,0.39144287,0.12315647,7,666
10,RS,0.65275145,0.39144287,0.050435197,6,49
10,RS,0.6136666,0.39144287,0.06735082,2,42
10,RS,0.6136666,0.39144287,0.37743375,2,40
10,RS,1.7658347,0.39144287,0.5424654,5,40
10,RS,0.3073811,0.39144287,0.041188944,5,160
10,RS,0.931458,0.39144287,0.35252112,5,40
10,RS,1.010604,0.39144287,0.2509805,4,999
10,RS,0.9096725,0.39144287,0.47969222,2,666
10,RS,1.8049018,0.39144287,1.1101002,6,0
10,RS,0.64471406,0.39144287,0.06364265,4,42
10,RS,0.6669986,0.39144287,0.05153598,4,168
10,RS,0.65275145,0.39144287,0.13906094,6,666
10,RS,0.3334993,0.39144287,0.02576799,6,999
10,RS,0.62886184,0.39144287,0.455673,7,40
10,RS,0.6136666,0.39144287,0.23224933,7,40
10,RS,1.3055029,0.39144287,0.12315647,5,40
10,RS,0.3334993,0.39144287,0.031461105,4,50
10,RS,0.3334993,0.39144287,0.14217061,99,666
10,RS,0.5534308,0.39144287,0.05463163,6,42
10,RS,0.9528211,0.39144287,0.091066785,5,37
10,RS,0.32637572,0.39144287,0.14131933,5,40
10,RS,0.32235703,0.39144287,1.6949095,4,666
10,RS,0.6669986,0.39144287,0.28880775,5,20
10,RS,1.010604,0.39144287,0.26926422,5,40
10,RS,0.6669986,0.39144287,0.14209612,3,168
10,RS,1.9617606,0.39144287,0.849435,7,40
10,RS,1.5721546,0.39144287,0.18345837,4,11
10,RS,0.6147622,0.39144287,0.08237789,6,40
10,RS,1.5369056,0.39144287,0.20594466,4,999
10,RS,1.2577237,0.39144287,0.12020819,7,40
10,RS,1.1068616,0.39144287,0.35119402,7,0
10,RS,1.2894281,0.39144287,0.1272853,2,45
10,RS,1.8081243,0.39144287,0.19844425,2,12
10,RS,1.8962177,0.39144287,1.6949095,6,45
10,RS,1.7658347,0.39144287,0.5424654,7,666
10,RS,0.32235703,0.39144287,1.6949095,4,45
10,RS,0.3073811,0.39144287,0.041188944,6,999
10,RS,0.6147622,0.39144287,0.08237789,99,666
10,RS,1.2273332,0.39144287,0.43295804,6,40
10,RS,1.010604,0.39144287,0.4375875,7,40
10,RS,2.1442277,0.39144287,1.5537047,4,666
10,RS,0.3334993,0.39144287,0.02576799,4,666
10,RS,0.32637572,0.39144287,0.030789118,7,999
10,RS,1.3339972,0.39144287,0.12584442,4,40
10,RS,1.6318786,0.39144287,0.695669,4,48
10,RS,1.2894281,0.39144287,0.15540718,5,666
10,RS,1.3339972,0.39144287,0.10307196,2,40
10,RS,0.5534308,0.39144287,0.05463163,6,44
10,RS,0.9528211,0.39144287,0.5103381,2,8
10,RS,0.3068333,0.39144287,0.2553065,7,999
10,RS,0.9297978,0.39144287,0.77365613,6,0
10,RS,0.32235703,0.39144287,0.17832664,7,999
10,RS,1.8081243,0.39144287,0.63783956,6,40
10,RS,0.6136666,0.39144287,0.06735082,6,50
10,RS,0.6147622,0.39144287,0.08237789,4,666
10,RS,1.2894281,0.39144287,0.71330655,6,40
10,RS,0.6136666,0.39144287,0.510613,2,45
10,RS,0.64471406,0.39144287,0.07770359,6,30
10,RS,1.2894281,0.39144287,0.15540718,4,60
10,RS,1.2273332,0.39144287,0.7548675,3,48
10,RS,1.2894281,0.39144287,0.71330655,4,40
10,RS,0.6136666,0.39144287,0.082231045,2,999
10,RS,1.7658347,0.39144287,0.5819826,2,40
10,RS,0.62886184,0.39144287,0.1931865,6,42
10,RS,2.4796696,0.39144287,0.29886,4,56
10,RS,0.9297978,0.39144287,0.3279986,4,666
10,RS,0.32235703,0.39144287,0.031821325,7,20
10,RS,0.64471406,0.39144287,0.20456024,6,40
10,RS,1.8962177,0.39144287,0.60164756,4,40
10,RS,2.3821378,0.39144287,1.6949095,4,48
10,RS,0.60038376,0.39144287,0.07006008,6,666
10,RS,0.6669986,0.39144287,0.05153598,4,4
10,RS,0.9297978,0.39144287,0.12459254,4,40
10,RS,0.6669986,0.39144287,0.28434122,6,666
10,RS,1.010604,0.39144287,0.2509805,6,40
10,RS,0.9297978,0.39144287,0.102046676,3,60
10,RS,1.6318786,0.39144287,0.695669,7,12
10,RS,2.1442277,0.39144287,0.25021464,5,50
10,RS,1.3339972,0.39144287,0.10307196,5,60
10,RS,1.5009594,0.39144287,0.1434557,7,40
10,RS,1.7658347,0.39144287,0.16877143,7,666
10,RS,1.8495936,0.39144287,0.21583329,4,40
10,RS,0.931458,0.39144287,0.32858407,6,666
10,RS,0.3068333,0.39144287,0.18579817,7,45
10,RS,2.2459354,0.39144287,1.6949095,3,56
10,RS,1.3055029,0.39144287,1.6949095,4,999
10,RS,1.6277375,0.39144287,0.19618176,4,10
10,RS,1.8495936,0.39144287,1.6949095,5,40
10,RS,0.3068333,0.39144287,0.10823951,7,999
10,RS,0.6147622,0.39144287,0.08237789,1,999
10,RS,0.6669986,0.39144287,0.39071488,1,40
10,RS,1.2295244,0.39144287,0.13494201,6,666
10,RS,1.5341666,0.39144287,0.5411977,4,40
10,RS,1.010604,0.39144287,0.4375875,7,42
10,RS,1.2894281,0.39144287,0.71330655,4,40
10,RS,0.65275145,0.39144287,0.17391805,6,666
10,RS,1.2295244,0.39144287,0.4653278,6,44
10,RS,1.5369056,0.39144287,0.54216397,2,8
10,RS,0.6147622,0.39144287,0.21686551,7,999
10,RS,1.010604,0.39144287,0.07808485,5,40
10,RS,1.5341666,0.39144287,1.6949095,4,999
10,RS,0.9890173,0.39144287,0.42824072,5,48
10,RS,0.6136666,0.39144287,0.082231045,6,666
10,RS,1.8081243,0.39144287,0.19844425,4,50
10,RS,1.5721546,0.39144287,0.41430047,6,666
10,RS,0.9768395,0.39144287,0.117732815,2,40
10,RS,0.65275145,0.39144287,0.061578237,4,999
10,RS,1.5009594,0.39144287,0.1751504,4,6
10,RS,1.5721546,0.39144287,0.1502602,6,40
10,RS,0.62886184,0.39144287,0.20725992,6,666
10,RS,0.9768395,0.39144287,1.6949095,4,40
10,RS,0.9528211,0.39144287,0.5103381,6,666
10,RS,1.3055029,0.39144287,1.6949095,2,666
10,RS,1.2007675,0.39144287,0.14012016,6,42
10,RS,1.010604,0.39144287,0.4375875,6,54
10,RS,0.9768395,0.39144287,1.6949095,2,52
10,RS,0.62886184,0.39144287,0.3368233,2,42
10,RS,1.2273332,0.39144287,1.021226,5,40
10,RS,1.2295244,0.39144287,0.13494201,3,50
10,RS,1.611785,0.39144287,1.6949095,7,666
10,RS,0.9297978,0.39144287,0.3279986,7,40
10,RS,0.931458,0.39144287,1.6949095,6,12
10,RS,1.2577237,0.39144287,0.14676656,6,40
10,RS,1.010604,0.39144287,0.4375875,6,40
10,RS,0.6669986,0.39144287,0.16564724,5,45
10,RS,0.8385315,0.39144287,0.26605627,7,666
10,RS,1.2894281,0.39144287,0.1272853,5,45
10,RS,0.9768395,0.39144287,0.3099396,7,45
10,RS,0.3334993,0.39144287,0.02576799,7,48
10,RS,2.4186995,0.39144287,0.23116952,6,48
10,RS,1.3339972,0.39144287,0.5776155,4,45
10,RS,0.6669986,0.39144287,0.06292221,2,48
10,RS,0.9768395,0.39144287,0.3099396,5,999
10,RS,1.6674966,0.39144287,0.41411784,4,5
10,RS,0.62886184,0.39144287,0.07338328,4,45
10,RS,0.60038376,0.39144287,0.18443818,7,7
10,RS,0.6136666,0.39144287,0.23224933,5,42
10,RS,1.1068616,0.39144287,0.10926326,3,40
10,RS,0.65275145,0.39144287,0.13906094,5,48
10,RS,1.6318786,0.39144287,0.15394542,4,72
10,RS,0.931458,0.39144287,0.32858407,6,40
10,RS,1.5009594,0.39144287,0.1751504,7,666
10,RS,0.64471406,0.39144287,0.35665327,2,47
10,RS,1.2295244,0.39144287,0.43373102,7,0
10,RS,0.64471406,0.39144287,0.48249987,4,40
10,RS,1.8962177,0.39144287,0.60164756,5,60
10,RS,0.62886184,0.39144287,0.20725992,2,5
10,RS,1.8049018,0.39144287,0.19809066,4,50
10,RS,1.3339972,0.39144287,0.12584442,7,48
10,RS,1.010604,0.39144287,0.2509805,3,40
10,RS,1.2295244,0.39144287,0.43373102,7,40
10,RS,1.8081243,0.39144287,0.24228792,2,999
10,RS,0.6669986,0.39144287,0.05153598,6,666
10,RS,0.9096725,0.39144287,0.27945203,7,666
10,RS,0.3068333,0.39144287,0.11612467,7,999
10,RS,0.65275145,0.39144287,0.061578237,6,48
10,RS,2.7290173,0.39144287,0.7191613,6,666
10,RS,0.32235703,0.39144287,0.031821325,3,42
10,RS,1.2577237,0.39144287,0.14676656,6,40
10,RS,0.3334993,0.39144287,0.02576799,6,666
10,RS,1.611785,0.39144287,0.19425917,6,666
10,RS,1.2894281,0.39144287,0.1272853,5,666
10,RS,1.2894281,0.39144287,0.1272853,4,44
10,RS,0.5534308,0.39144287,0.0667018,99,666
10,RS,2.1955793,0.39144287,0.77451956,2,48
10,RS,1.3339972,0.39144287,0.12584442,5,40
10,RS,1.5009594,0.39144287,0.1434557,4,40
10,RS,1.3339972,0.39144287,0.12584442,4,34
10,RS,0.9528211,0.39144287,0.091066785,1,48
10,RS,1.010604,0.39144287,0.095336646,6,48
10,RS,0.65275145,0.39144287,0.061578237,99,666
10,RS,1.3339972,0.39144287,1.6949095,5,40
10,RS,0.6147622,0.39144287,0.18603255,6,42
10,RS,0.9768395,0.39144287,0.5403838,7,40
10,RS,1.2295244,0.39144287,1.6949095,6,666
10,RS,0.60038376,0.39144287,0.0573822,3,50
10,RS,0.9768395,0.39144287,0.5403838,4,40
10,RS,0.62886184,0.39144287,0.07338328,5,666
10,RS,1.8962177,0.39144287,0.18718415,4,0
10,RS,0.8385315,0.39144287,0.101063296,4,50
10,RS,1.2577237,0.39144287,0.12020819,7,40
10,RS,0.6669986,0.39144287,0.05153598,6,40
10,RS,0.9768395,0.39144287,1.6949095,3,36
10,RS,0.3334993,0.39144287,0.08885718,5,999
10,RS,1.5369056,0.39144287,0.46508104,7,999
10,RS,0.65275145,0.39144287,0.061578237,5,40
10,RS,1.010604,0.39144287,0.2509805,7,70
10,RS,1.8081243,0.39144287,0.19844425,6,35
10,RS,1.2894281,0.39144287,0.96499974,7,999
10,RS,1.3339972,0.39144287,0.12584442,7,8
10,RS,0.9768395,0.39144287,1.6949095,7,666
10,RS,0.6669986,0.39144287,0.06292221,4,666
10,RS,0.30019188,0.39144287,0.09893714,3,666
10,RS,0.3334993,0.39144287,0.02576799,5,55
10,RS,1.5369056,0.39144287,0.54216397,5,50
10,RS,1.2894281,0.39144287,0.35095346,7,46
10,RS,1.611785,0.39144287,0.8778433,6,666
10,RS,0.6669986,0.39144287,0.28880775,6,40
10,RS,1.6674966,0.39144287,0.15730552,4,60
10,RS,0.5534308,0.39144287,0.15063138,7,999
10,RS,1.3339972,0.39144287,0.5776155,6,40
10,RS,1.2273332,0.39144287,0.43295804,7,48
10,RS,0.6669986,0.39144287,0.06292221,4,40
10,RS,0.931458,0.39144287,0.10222891,4,50
10,RS,0.64471406,0.39144287,0.35665327,3,50
10,RS,1.2894281,0.39144287,0.71330655,3,50
10,RS,1.2577237,0.39144287,0.14676656,2,48
10,RS,0.6147622,0.39144287,0.067471005,4,999
10,RS,1.2007675,0.39144287,0.6431403,6,666
10,RS,0.9890173,0.39144287,0.26351267,5,999
10,RS,0.60038376,0.39144287,0.0573822,5,8
10,RS,1.3339972,0.39144287,0.33129448,4,6
10,RS,1.5721546,0.39144287,1.6949095,4,42
10,RS,0.3334993,0.39144287,0.14440387,5,41
10,RS,0.30019188,0.39144287,0.0286911,4,42
10,RS,0.62886184,0.39144287,0.07338328,99,666
10,RS,0.6136666,0.39144287,0.082231045,3,999
10,RS,0.9528211,0.39144287,1.6949095,6,40
10,RS,0.65275145,0.39144287,0.061578237,6,40
10,RS,0.5534308,0.39144287,0.0667018,6,40
10,RS,2.3312552,0.39144287,1.3656039,4,56
10,RS,2.5653791,0.39144287,0.19821537,4,999
10,RS,0.65275145,0.39144287,0.061578237,6,999
10,RS,1.9198571,0.39144287,0.18111219,3,666
10,RS,0.6669986,0.39144287,0.28880775,99,666
10,RS,0.6669986,0.39144287,0.17771436,4,999
10,RS,0.65275145,0.39144287,0.17391805,6,666
10,RS,1.010604,0.39144287,0.095336646,3,42
10,RS,0.62886184,0.39144287,0.07338328,6,40
10,RS,0.3068333,0.39144287,0.18871687,5,40
10,RS,0.65275145,0.39144287,0.061578237,1,666
10,RS,1.010604,0.39144287,0.4375875,3,40
10,RS,0.65275145,0.39144287,0.17391805,6,666
10,RS,0.65275145,0.39144287,0.17391805,3,999
10,RS,0.32235703,0.39144287,0.17832664,2,40
10,RS,1.5721546,0.39144287,0.8420577,4,666
10,RS,1.2894281,0.39144287,0.1272853,4,48
10,RS,0.31443092,0.39144287,0.030052047,2,42
10,RS,1.6674966,0.39144287,0.35524023,7,168
10,RS,1.6674966,0.39144287,0.15730552,4,16
10,RS,1.2894281,0.39144287,0.1272853,5,50
10,RS,1.9198571,0.39144287,0.40900275,4,16
10,RS,0.2767154,0.39144287,0.15071036,5,666
10,RS,0.64471406,0.39144287,0.07770359,5,666
10,RS,0.31443092,0.39144287,0.03669164,6,666
10,RS,0.32235703,0.39144287,0.10973114,4,999
10,RS,1.9198571,0.39144287,0.476791,4,8
10,RS,0.6136666,0.39144287,0.082231045,6,40
10,RS,0.3068333,0.39144287,0.041115522,7,40
10,RS,1.2894281,0.39144287,0.40912047,6,35
10,RS,2.3312552,0.39144287,0.57896066,3,40
10,RS,2.3091683,0.39144287,0.22070098,6,40
10,RS,1.6318786,0.39144287,0.15394542,2,666
10,RS,1.6674966,0.39144287,0.12883997,3,58
10,RS,0.62886184,0.39144287,0.20725992,4,999
10,RS,2.1285799,0.39144287,1.1775212,3,50
10,RS,1.6674966,0.39144287,0.15730552,5,14
10,RS,1.2295244,0.39144287,0.43373102,6,72
10,RS,0.32235703,0.39144287,0.10228012,4,14
10,RS,3.2637572,0.39144287,0.869591,5,40
10,RS,1.7658347,0.39144287,0.5424654,3,168
10,RS,0.6147622,0.39144287,0.067471005,4,999
10,RS,1.2273332,0.39144287,0.16446209,7,56
10,RS,0.6669986,0.39144287,0.16564724,6,999
10,RS,1.5341666,0.39144287,0.16837704,6,999
10,RS,1.1068616,0.39144287,0.61231166,7,40
10,RS,1.2007675,0.39144287,0.36887637,4,999
10,RS,1.010604,0.39144287,0.095336646,6,48
10,RS,0.6669986,0.39144287,0.28880775,6,46
10,RS,1.3835769,0.39144287,0.16675456,4,48
10,RS,1.010604,0.39144287,0.095336646,4,666
10,RS,1.3339972,0.39144287,0.12584442,2,46
10,RS,1.2295244,0.39144287,0.75621486,5,40
10,RS,0.6136666,0.39144287,0.23224933,7,40
10,RS,0.62886184,0.39144287,0.1931865,6,40
10,RS,1.5369056,0.39144287,0.20594466,4,40
10,RS,0.32235703,0.39144287,0.10973114,4,666
10,RS,0.3068333,0.39144287,0.18871687,3,50
10,RS,0.6669986,0.39144287,0.28434122,4,666
10,RS,0.64471406,0.39144287,0.35665327,7,10
10,RS,1.2894281,0.39144287,0.1272853,3,40
10,RS,0.6147622,0.39144287,0.08237789,2,40
10,RS,0.9528211,0.39144287,0.11118679,5,45
10,RS,2.1955793,0.39144287,0.2942069,6,48
10,RS,1.3339972,0.39144287,0.33129448,4,40
10,RS,0.6147622,0.39144287,0.08237789,2,42
10,RS,1.8962177,0.39144287,0.2285401,4,48
10,RS,4.3911586,0.39144287,0.5884138,7,999
10,RS,1.2273332,0.39144287,0.43295804,4,666
10,RS,0.6136666,0.39144287,0.082231045,2,999
10,RS,0.6669986,0.39144287,0.17771436,5,40
10,RS,0.9528211,0.39144287,0.29270712,5,56
10,RS,0.3073811,0.39144287,0.041188944,2,999
10,RS,1.9198571,0.39144287,0.5115249,4,999
10,RS,1.3339972,0.39144287,0.10307196,4,999
10,RS,1.2273332,0.39144287,1.6949095,3,40
10,RS,2.2459354,0.39144287,0.26208293,4,40
10,RS,0.6669986,0.39144287,0.06292221,3,50
10,RS,0.3334993,0.39144287,0.14440387,5,50
10,RS,1.2273332,0.39144287,0.7548675,3,40
10,RS,0.6136666,0.39144287,0.23224933,5,999
10,RS,0.9297978,0.39144287,0.3279986,4,40
10,RS,0.60038376,0.39144287,0.07006008,5,40
10,RS,1.6318786,0.39144287,0.34765223,4,666
10,RS,0.65275145,0.39144287,0.050435197,7,40
10,RS,0.9297978,0.39144287,0.57186973,1,40
10,RS,1.8049018,0.39144287,1.0929317,4,40
10,RS,0.3073811,0.39144287,0.041188944,6,40
10,RS,2.3091683,0.39144287,1.2176803,2,666
10,RS,1.3055029,0.39144287,0.56527734,5,50
10,RS,2.7943738,0.39144287,0.9857528,4,666
10,RS,0.6669986,0.39144287,0.28880775,4,999
10,RS,0.9096725,0.39144287,0.23972055,6,12
10,RS,0.6136666,0.39144287,0.082231045,4,999
10,RS,0.3334993,0.39144287,0.08885718,2,48
10,RS,0.30019188,0.39144287,0.0286911,7,42
10,RS,2.2459354,0.39144287,1.6949095,4,999
10,RS,0.30019188,0.39144287,0.03503004,7,666
10,RS,0.64471406,0.39144287,0.35665327,4,45
10,RS,0.6147622,0.39144287,0.37226003,5,666
10,RS,0.3068333,0.39144287,0.03367541,7,999
10,RS,0.3073811,0.39144287,0.093016274,4,20
10,RS,1.2577237,0.39144287,0.12020819,6,50
10,RS,1.611785,0.39144287,0.51140076,7,38
10,RS,0.6669986,0.39144287,1.6949095,4,999
10,RS,1.8049018,0.39144287,0.24185617,5,0
10,RS,1.6674966,0.39144287,0.7220198,6,40
10,RS,0.31443092,0.39144287,0.082860075,3,666
10,RS,0.6147622,0.39144287,0.08237789,6,50
10,RS,0.65275145,0.39144287,0.13906094,3,666
10,RS,0.65275145,0.39144287,1.6949095,2,40
10,RS,0.3068333,0.39144287,0.18579817,6,48
10,RS,0.32235703,0.39144287,0.24124993,7,40
10,RS,0.3068333,0.39144287,0.041115522,5,999
10,RS,0.64471406,0.39144287,0.06364265,4,42
10,RS,0.32235703,0.39144287,0.17832664,6,35
10,RS,0.31443092,0.39144287,0.16580698,4,999
10,RS,1.5721546,0.39144287,1.6949095,4,42
10,RS,0.3334993,0.39144287,0.031461105,4,999
10,RS,0.3068333,0.39144287,0.2553065,6,40
10,RS,0.3334993,0.39144287,0.08885718,3,666
10,RS,0.931458,0.39144287,0.124814965,7,40
10,RS,0.64471406,0.39144287,0.35665327,2,20
10,RS,1.611785,0.39144287,1.2062497,4,40
10,RS,0.9096725,0.39144287,0.106151685,7,50
10,RS,2.3091683,0.39144287,1.2176803,2,50
10,RS,0.64471406,0.39144287,0.06364265,3,42
10,RS,1.611785,0.39144287,0.51140076,3,999
10,RS,0.9297978,0.39144287,0.12459254,4,76
10,RS,0.6147622,0.39144287,0.37810743,6,999
10,RS,2.1916664,0.39144287,1.3479793,4,30
10,RS,0.60038376,0.39144287,0.07006008,4,999
10,RS,1.6674966,0.39144287,0.15730552,6,40
10,RS,1.5009594,0.39144287,1.6949095,6,8
10,RS,1.8081243,0.39144287,0.24228792,5,999
10,RS,0.9768395,0.39144287,0.5403838,6,40
10,RS,0.64471406,0.39144287,0.48249987,5,40
10,RS,1.3339972,0.39144287,0.5776155,6,45
10,RS,1.5369056,0.39144287,0.16867773,2,666
10,RS,0.64471406,0.39144287,0.07770359,99,666
10,RS,0.65275145,0.39144287,0.16210891,6,999
10,RS,0.62886184,0.39144287,0.060104094,4,55
10,RS,0.3068333,0.39144287,0.10823951,7,666
10,RS,0.6136666,0.39144287,0.18570112,3,40
10,RS,1.3339972,0.39144287,1.6949095,5,999
10,RS,0.6136666,0.39144287,0.082231045,99,666
10,RS,1.5369056,0.39144287,1.6949095,4,999
10,RS,0.931458,0.39144287,0.5728906,3,8
10,RS,0.9890173,0.39144287,0.09330033,5,999
10,RS,1.2577237,0.39144287,0.386373,3,36
10,RS,1.2295244,0.39144287,0.43373102,6,666
10,RS,1.5369056,0.39144287,1.6949095,6,40
10,RS,0.6669986,0.39144287,0.06292221,99,666
10,RS,0.6136666,0.39144287,0.37743375,3,10
10,RS,0.9528211,0.39144287,0.11118679,7,666
10,RS,0.6669986,0.39144287,1.6949095,4,40
10,RS,0.931458,0.39144287,1.6949095,6,50
10,RS,0.64471406,0.39144287,0.07770359,2,666
10,RS,0.9768395,0.39144287,0.5403838,6,38
10,RS,0.9768395,0.39144287,0.73105985,6,8
10,RS,0.6147622,0.39144287,0.08237789,7,999
10,RS,0.64471406,0.39144287,0.06364265,6,999
10,RS,0.9768395,0.39144287,0.5403838,6,40
10,RS,0.9096725,0.39144287,0.106151685,4,999
10,RS,1.2007675,0.39144287,1.6949095,5,40
10,RS,1.2577237,0.39144287,0.14676656,6,47
10,RS,0.9297978,0.39144287,0.57186973,5,40
10,RS,0.32637572,0.39144287,0.13913381,7,50
10,RS,0.64471406,0.39144287,0.35665327,4,40
10,RS,0.64471406,0.39144287,0.06364265,3,666
10,RS,0.3073811,0.39144287,1.6949095,7,48
10,RS,0.5534308,0.39144287,1.6949095,6,56
10,RS,0.9297978,0.39144287,0.12459254,6,999
10,RS,0.6136666,0.39144287,0.082231045,6,666
10,RS,0.9528211,0.39144287,0.11118679,3,666
10,RS,1.010604,0.39144287,0.2509805,4,60
10,RS,1.2273332,0.39144287,1.6949095,6,64
10,RS,1.3339972,0.39144287,0.12584442,6,6
10,RS,0.6147622,0.39144287,0.067471005,6,999
10,RS,1.2007675,0.39144287,0.14012016,2,48
10,RS,0.64471406,0.39144287,0.35665327,5,7
10,RS,0.65275145,0.39144287,0.061578237,4,48
10,RS,1.611785,0.39144287,0.89163303,7,999
10,RS,0.6147622,0.39144287,0.21686551,4,666
10,RS,2.1955793,0.39144287,0.24096811,6,0
10,RS,0.8385315,0.39144287,0.62755126,6,8
10,RS,1.2894281,0.39144287,0.15540718,4,40
10,RS,0.6669986,0.39144287,0.05153598,5,40
10,RS,0.64471406,0.39144287,0.35665327,4,42
10,RS,1.2894281,0.39144287,0.35095346,6,666
10,RS,0.6147622,0.39144287,0.5115246,6,999
10,RS,1.2577237,0.39144287,0.6736466,4,42
10,RS,0.32637572,0.39144287,0.030789118,5,666
10,RS,0.65275145,0.39144287,0.061578237,6,666
10,RS,1.3055029,0.39144287,0.12315647,7,18
10,RS,0.62886184,0.39144287,0.20725992,5,999
10,RS,1.8495936,0.39144287,0.5681961,4,56
10,RS,1.5721546,0.39144287,0.8420577,6,666
10,RS,2.9305184,0.39144287,1.6949095,3,666
10,RS,1.2273332,0.39144287,0.7548675,4,24
10,RS,1.2295244,0.39144287,0.74452007,5,666
10,RS,0.65275145,0.39144287,0.17391805,2,40
10,RS,1.010604,0.39144287,0.4375875,7,999
10,RS,1.8049018,0.39144287,0.68308634,2,999
10,RS,0.9890173,0.39144287,0.26351267,4,40
10,RS,0.9528211,0.39144287,0.29270712,6,40
10,RS,0.62886184,0.39144287,0.060104094,6,40
10,RS,1.9198571,0.39144287,0.18111219,4,999
10,RS,1.5369056,0.39144287,0.20594466,4,666
10,RS,1.3339972,0.39144287,0.10307196,7,40
10,RS,0.6147622,0.39144287,0.21686551,4,45
10,RS,1.8081243,0.39144287,0.54715425,7,666
10,RS,0.9768395,0.39144287,1.6949095,6,999
10,RS,1.3055029,0.39144287,0.56527734,4,40
10,RS,0.65275145,0.39144287,0.27826762,3,48
10,RS,0.9890173,0.39144287,0.42161748,5,40
10,RS,0.9297978,0.39144287,0.102046676,6,40
10,RS,1.010604,0.39144287,0.26926422,6,40
10,RS,0.6147622,0.39144287,0.08237789,99,666
10,RS,0.32235703,0.39144287,0.038851794,3,40
10,RS,0.64471406,0.39144287,0.35665327,7,63
10,RS,0.931458,0.39144287,0.124814965,1,50
10,RS,0.64471406,0.39144287,0.35665327,4,52
10,RS,0.9890173,0.39144287,0.21069849,6,999
10,RS,1.8081243,0.39144287,0.24228792,6,666
10,RS,1.010604,0.39144287,0.2509805,6,666
10,RS,0.64471406,0.39144287,0.07770359,5,666
10,RS,0.64471406,0.39144287,0.07770359,1,46
10,RS,0.9096725,0.39144287,0.48722717,6,50
10,RS,0.9768395,0.39144287,0.096428245,5,50
10,RS,1.2894281,0.39144287,0.71330655,6,40
10,RS,0.9768395,0.39144287,0.117732815,4,25
10,RS,1.2577237,0.39144287,1.6949095,7,8
10,RS,1.3339972,0.39144287,0.33129448,6,0
10,RS,1.2273332,0.39144287,0.43295804,7,666
10,RS,1.5369056,0.39144287,0.54216397,4,999
10,RS,0.6669986,0.39144287,0.06292221,6,48
10,RS,0.6136666,0.39144287,0.37743375,4,40
10,RS,1.3339972,0.39144287,0.12584442,7,49
10,RS,0.5534308,0.39144287,0.0667018,5,999
10,RS,0.60038376,0.39144287,0.18443818,5,40
10,RS,0.64471406,0.39144287,0.06364265,4,44
10,RS,1.6318786,0.39144287,0.40527236,6,999
10,RS,1.3339972,0.39144287,0.35542873,6,999
10,RS,0.9768395,0.39144287,0.3099396,6,3
10,RS,2.30255,0.39144287,0.7305722,5,666
10,RS,1.2295244,0.39144287,0.13494201,5,72
10,RS,0.9890173,0.39144287,0.09330033,4,45
10,RS,0.3068333,0.39144287,0.11612467,7,999
10,RS,0.931458,0.39144287,0.7750376,6,8
10,RS,0.6669986,0.39144287,0.05153598,4,40
10,RS,0.9768395,0.39144287,0.096428245,5,168
10,RS,0.6147622,0.39144287,0.18603255,4,666
10,RS,2.3091683,0.39144287,0.26946196,7,56
10,RS,1.5721546,0.39144287,0.41430047,2,666
10,RS,0.32235703,0.39144287,0.24124993,3,666
10,RS,1.2273332,0.39144287,0.16446209,6,8
10,RS,1.3339972,0.39144287,0.12584442,6,40
10,RS,0.32235703,0.39144287,0.17832664,7,50
10,RS,2.1955793,0.39144287,1.6949095,6,666
10,RS,0.32637572,0.39144287,0.14131933,4,40
10,RS,1.2894281,0.39144287,0.71330655,4,35
10,RS,0.6136666,0.39144287,0.082231045,4,70
10,RS,0.32235703,0.39144287,0.17832664,2,666
10,RS,1.010604,0.39144287,0.2509805,6,50
10,RS,0.9768395,0.39144287,0.5403838,5,40
10,RS,1.2295244,0.39144287,0.3720651,7,8
10,RS,0.9528211,0.39144287,0.091066785,6,40
10,RS,0.9528211,0.39144287,0.091066785,4,56
10,RS,1.2295244,0.39144287,0.16475578,6,999
10,RS,0.9297978,0.39144287,0.12459254,3,40
10,RS,0.3068333,0.39144287,0.03367541,6,60
10,RS,0.3068333,0.39144287,0.041115522,4,999
10,RS,0.64471406,0.39144287,0.35665327,2,45
10,RS,0.64471406,0.39144287,0.35665327,4,40
10,RS,0.3334993,0.39144287,0.02576799,4,999
10,RS,0.64471406,0.39144287,0.07770359,5,40
10,RS,0.31443092,0.39144287,0.030052047,6,42
10,RS,1.3055029,0.39144287,0.12315647,6,40
10,RS,0.9096725,0.39144287,0.086942844,7,30
10,RS,0.64471406,0.39144287,1.6949095,2,666
10,RS,0.62886184,0.39144287,0.16572015,4,999
10,RS,0.64471406,0.39144287,0.07770359,1,666
10,RS,1.1068616,0.39144287,0.1334036,7,666
10,RS,1.3339972,0.39144287,1.6949095,4,43
10,RS,1.2295244,0.39144287,0.43373102,7,666
10,RS,1.6318786,0.39144287,0.40527236,3,999
10,RS,0.64471406,0.39144287,0.06364265,6,50
10,RS,0.6147622,0.39144287,1.6949095,6,666
10,RS,0.9768395,0.39144287,1.6949095,6,48
10,RS,0.3334993,0.39144287,0.02576799,6,30
10,RS,0.9768395,0.39144287,0.5403838,3,42
10,RS,1.8495936,0.39144287,0.21583329,2,50
10,RS,1.3339972,0.39144287,0.33129448,2,40
10,RS,1.6318786,0.39144287,1.6949095,6,40
10,RS,0.6669986,0.39144287,0.06292221,6,666
10,RS,0.64471406,0.39144287,1.6949095,2,666
10,RS,2.1442277,0.39144287,1.1307026,3,999
10,RS,0.64471406,0.39144287,0.07770359,3,666
10,RS,0.60038376,0.39144287,0.07006008,3,666
10,RS,1.3835769,0.39144287,0.13657908,7,999
10,RS,1.8049018,0.39144287,1.6949095,5,30
10,RS,0.64471406,0.39144287,0.06364265,6,40
10,RS,1.611785,0.39144287,0.19425917,7,46
10,RS,1.1068616,0.39144287,0.61231166,4,40
10,RS,1.3835769,0.39144287,0.16675456,99,666
10,RS,1.2894281,0.39144287,0.15540718,2,10
10,RS,0.9768395,0.39144287,0.117732815,6,666
10,RS,0.6147622,0.39144287,0.067471005,5,40
10,RS,1.6674966,0.39144287,0.41411784,5,666
10,RS,0.64471406,0.39144287,1.6949095,6,45
10,RS,0.64471406,0.39144287,0.35665327,5,40
10,RS,0.6669986,0.39144287,0.05153598,6,40
10,RS,0.64471406,0.39144287,0.07770359,4,40
10,RS,0.62886184,0.39144287,0.455673,6,48
10,RS,1.2295244,0.39144287,0.43373102,7,48
10,RS,0.64471406,0.39144287,0.48249987,4,30
10,RS,0.3334993,0.39144287,0.14440387,7,999
10,RS,0.3334993,0.39144287,0.19535744,99,666
10,RS,0.9768395,0.39144287,0.3325186,7,40
10,RS,1.5341666,0.39144287,0.16837704,6,40
10,RS,0.3334993,0.39144287,0.031461105,4,999
10,RS,0.6147622,0.39144287,0.21686551,4,999
10,RS,0.9528211,0.39144287,0.091066785,4,40
10,RS,1.2894281,0.39144287,0.1272853,4,40
10,RS,1.010604,0.39144287,0.26926422,6,41
10,RS,1.5369056,0.39144287,1.2788115,6,8
10,RS,1.3055029,0.39144287,0.55653524,6,20
10,RS,0.9768395,0.39144287,0.3325186,2,40
10,RS,0.3073811,0.39144287,0.108432755,4,666
10,RS,0.2767154,0.39144287,0.0333509,3,52
10,RS,1.5341666,0.39144287,0.5411977,6,48
10,RS,0.6136666,0.39144287,0.082231045,4,40
10,RS,0.9297978,0.39144287,1.6949095,6,40
10,RS,0.64471406,0.39144287,0.06364265,5,50
10,RS,1.2295244,0.39144287,0.16475578,4,16
10,RS,0.64471406,0.39144287,0.20456024,2,60
10,RS,1.010604,0.39144287,0.4375875,4,40
10,RS,1.6674966,0.39144287,0.7108529,7,666
10,RS,1.5341666,0.39144287,0.2055776,5,42
10,RS,1.1068616,0.39144287,0.35119402,7,999
10,RS,0.3068333,0.39144287,0.041115522,4,40
10,RS,0.64471406,0.39144287,0.20456024,7,70
10,RS,1.2273332,0.39144287,0.13470164,6,8
10,RS,1.010604,0.39144287,0.07808485,4,40
10,RS,0.31443092,0.39144287,0.2278365,99,666
10,RS,0.9528211,0.39144287,0.29270712,5,999
10,RS,0.62886184,0.39144287,0.060104094,2,36
10,RS,0.9096725,0.39144287,0.27945203,1,40
10,RS,2.3644702,0.39144287,1.4317698,4,666
10,RS,1.8962177,0.39144287,1.0489802,6,40
10,RS,1.2273332,0.39144287,0.37140223,7,10
10,RS,1.2894281,0.39144287,0.15540718,6,40
10,RS,0.2767154,0.39144287,0.0941945,3,666
10,RS,0.32637572,0.39144287,0.08695903,2,999
10,RS,0.9768395,0.39144287,0.096428245,4,40
10,RS,0.30019188,0.39144287,1.6949095,4,42
10,RS,1.2894281,0.39144287,0.15540718,6,666
10,RS,0.32235703,0.39144287,0.031821325,6,42
10,RS,0.32637572,0.39144287,0.13913381,4,666
10,RS,0.6147622,0.39144287,0.18603255,4,999
10,RS,1.010604,0.39144287,0.2509805,6,40
10,RS,0.6669986,0.39144287,0.06292221,3,666
10,RS,0.60038376,0.39144287,0.32157016,6,40
10,RS,1.7658347,0.39144287,0.2060593,4,20
10,RS,0.62886184,0.39144287,0.07338328,4,50
10,RS,0.32637572,0.39144287,0.025217598,6,40
10,RS,0.9768395,0.39144287,0.117732815,2,44
10,RS,0.62886184,0.39144287,0.07338328,5,80
10,RS,1.2894281,0.39144287,0.1272853,6,60
10,RS,1.611785,0.39144287,0.89163303,7,35
10,RS,1.2894281,0.39144287,0.15540718,4,999
10,RS,0.32235703,0.39144287,0.087738365,6,999
10,RS,0.31443092,0.39144287,0.030052047,6,50
10,RS,0.9768395,0.39144287,0.5403838,2,96
10,RS,0.9096725,0.39144287,0.48722717,2,666
10,RS,1.8081243,0.39144287,0.24228792,6,40
10,RS,1.5369056,0.39144287,0.54216397,3,40
10,RS,1.5341666,0.39144287,0.16837704,3,999
10,RS,0.32637572,0.39144287,0.030789118,6,40
10,RS,0.65275145,0.39144287,1.6949095,4,999
10,RS,0.6147622,0.39144287,0.08237789,7,666
10,RS,0.64471406,0.39144287,0.06364265,7,40
10,RS,0.6136666,0.39144287,0.37743375,4,666
10,RS,1.2273332,0.39144287,0.16446209,5,666
10,RS,0.9297978,0.39144287,0.57186973,5,40
10,RS,1.9617606,0.39144287,1.6949095,7,999
10,RS,0.3068333,0.39144287,0.03367541,6,42
10,RS,0.62886184,0.39144287,0.455673,4,40
10,RS,1.3339972,0.39144287,0.56868243,6,666
10,RS,0.9297978,0.39144287,0.3279986,3,999
10,RS,0.9096725,0.39144287,1.6949095,6,48
10,RS,1.9617606,0.39144287,0.18506539,7,48
10,RS,0.6147622,0.39144287,0.08237789,7,60
10,RS,1.3835769,0.39144287,0.13657908,6,40
10,RS,1.6277375,0.39144287,0.16068129,5,50
10,RS,0.6147622,0.39144287,0.08237789,7,48
10,RS,0.32235703,0.39144287,0.17832664,7,40
10,RS,0.9768395,0.39144287,0.3099396,5,999
10,RS,0.931458,0.39144287,0.124814965,3,48
10,RS,0.5534308,0.39144287,0.05463163,3,36
10,RS,1.6277375,0.39144287,0.4430341,6,48
10,RS,1.010604,0.39144287,0.095336646,4,48
10,RS,2.1442277,0.39144287,1.6949095,5,10
10,RS,0.6136666,0.39144287,0.23224933,2,40
10,RS,0.6669986,0.39144287,0.16564724,4,999
10,RS,0.32637572,0.39144287,0.030789118,6,999
10,RS,0.9528211,0.39144287,0.5103381,5,48
10,RS,0.9890173,0.39144287,0.07641699,7,0
10,RS,1.2273332,0.39144287,1.6949095,4,999
10,RS,1.6674966,0.39144287,0.7220198,6,40
10,RS,0.64471406,0.39144287,0.06364265,4,999
10,RS,0.2767154,0.39144287,0.0333509,4,666
10,RS,0.6136666,0.39144287,0.37743375,5,36
10,RS,0.3068333,0.39144287,0.18871687,4,0
10,RS,1.010604,0.39144287,0.43081996,7,5
10,RS,1.3339972,0.39144287,0.33129448,2,48
10,RS,0.9096725,0.39144287,0.106151685,5,43
10,RS,1.2577237,0.39144287,0.14676656,6,50
10,RS,1.3339972,0.39144287,0.10307196,6,40
10,RS,1.6674966,0.39144287,0.7220198,4,10
10,RS,1.3835769,0.39144287,1.6949095,5,45
10,RS,0.32235703,0.39144287,0.17832664,5,42
10,RS,0.31443092,0.39144287,0.03669164,5,666
10,RS,0.3334993,0.39144287,1.6949095,4,56
10,RS,0.64471406,0.39144287,0.07770359,1,666
10,RS,1.010604,0.39144287,0.2509805,3,40
10,RS,0.9768395,0.39144287,0.117732815,6,666
10,RS,0.32637572,0.39144287,0.08695903,6,666
10,RS,0.9768395,0.39144287,0.117732815,2,666
10,RS,1.2894281,0.39144287,0.71330655,4,40
10,RS,1.2577237,0.39144287,0.12020819,3,40
10,RS,1.2577237,0.39144287,0.12020819,6,40
10,RS,0.9768395,0.39144287,1.6949095,6,40
10,RS,1.5369056,0.39144287,0.54216397,6,40
10,RS,1.611785,0.39144287,0.89163303,4,50
10,RS,0.60038376,0.39144287,1.6949095,1,40
10,RS,2.3312552,0.39144287,0.18012579,7,999
10,RS,0.9890173,0.39144287,1.6949095,7,60
10,RS,0.32235703,0.39144287,1.6949095,5,15
10,RS,1.8081243,0.39144287,0.63783956,6,40
10,RS,1.6674966,0.39144287,0.41411784,6,48
10,RS,0.64471406,0.39144287,0.06364265,7,6
10,RS,0.9890173,0.39144287,0.09330033,7,40
10,RS,1.010604,0.39144287,0.095336646,6,40
10,RS,0.9297978,0.39144287,0.12459254,2,52
10,RS,0.9768395,0.39144287,0.5403838,6,40
10,RS,0.60038376,0.39144287,0.0573822,7,999
10,RS,0.6669986,0.39144287,0.06292221,5,11
10,RS,0.3073811,0.39144287,0.108432755,6,666
10,RS,0.9768395,0.39144287,0.5403838,4,40
10,RS,0.65275145,0.39144287,0.061578237,5,8
10,RS,0.64471406,0.39144287,0.17547673,2,666
10,RS,0.3068333,0.39144287,0.041115522,4,42
10,RS,1.2577237,0.39144287,0.12020819,6,40
10,RS,0.9528211,0.39144287,0.3140304,4,8
10,RS,0.3068333,0.39144287,1.6949095,1,40
10,RS,1.2273332,0.39144287,0.43295804,3,0
10,RS,0.6669986,0.39144287,0.05153598,5,42
10,RS,1.3055029,0.39144287,0.32421783,6,50
10,RS,1.2007675,0.39144287,0.6431403,2,999
10,RS,1.2273332,0.39144287,0.43295804,6,40
10,RS,0.931458,0.39144287,0.56403047,2,666
10,RS,0.64471406,0.39144287,1.6949095,6,25
10,RS,0.3334993,0.39144287,0.08885718,2,999
10,RS,2.1916664,0.39144287,1.3271307,4,6
10,RS,0.31443092,0.39144287,1.6949095,5,999
10,RS,0.3334993,0.39144287,0.19535744,5,48
10,RS,0.6669986,0.39144287,0.28880775,6,40
10,RS,1.2007675,0.39144287,0.63319355,4,666
10,RS,1.010604,0.39144287,0.07808485,5,42
10,RS,0.9297978,0.39144287,0.3279986,4,40
10,RS,1.010604,0.39144287,0.4375875,4,65
10,RS,0.64471406,0.39144287,0.06364265,2,666
10,RS,1.8081243,0.39144287,1.6949095,6,999
10,RS,1.2894281,0.39144287,0.40912047,2,40
10,RS,0.6669986,0.39144287,0.05153598,4,40
10,RS,1.611785,0.39144287,0.15910661,3,999
10,RS,1.2273332,0.39144287,0.13470164,6,999
10,RS,1.6318786,0.39144287,1.6949095,6,999
10,RS,0.3068333,0.39144287,0.18871687,3,60
10,RS,1.2273332,0.39144287,0.43295804,1,666
10,RS,1.2894281,0.39144287,0.71330655,6,40
10,RS,0.32235703,0.39144287,0.17832664,5,42
10,RS,0.3068333,0.39144287,0.11612467,99,666
10,RS,1.5721546,0.39144287,0.8420577,2,50
10,RS,1.6674966,0.39144287,0.12883997,4,40
10,RS,0.6147622,0.39144287,0.08237789,6,999
10,RS,0.9528211,0.39144287,0.5103381,5,70
10,RS,1.2273332,0.39144287,0.13470164,4,40
10,RS,0.9768395,0.39144287,0.5320265,7,666
10,RS,0.6669986,0.39144287,0.16564724,3,48
10,RS,0.32235703,0.39144287,0.24124993,4,999
10,RS,0.3073811,0.39144287,0.11633195,6,666
10,RS,0.931458,0.39144287,0.28186724,4,999
10,RS,1.2577237,0.39144287,0.6736466,6,40
10,RS,0.9297978,0.39144287,0.12459254,3,999
10,RS,0.65275145,0.39144287,0.061578237,99,666
10,RS,0.62886184,0.39144287,0.07338328,6,8
10,RS,1.010604,0.39144287,0.095336646,6,21
10,RS,0.3068333,0.39144287,0.2553065,4,30
10,RS,0.6136666,0.39144287,0.082231045,4,45
10,RS,0.65275145,0.39144287,0.050435197,3,40
10,RS,1.5341666,0.39144287,0.2055776,4,30
10,RS,0.8385315,0.39144287,0.101063296,3,40
10,RS,0.9768395,0.39144287,0.5403838,2,55
10,RS,1.2894281,0.39144287,0.71330655,6,52
10,RS,0.9768395,0.39144287,0.26587376,6,666
10,RS,0.64471406,0.39144287,0.07770359,5,666
10,RS,1.3055029,0.39144287,1.6949095,7,40
10,RS,0.32235703,0.39144287,0.24124993,5,55
10,RS,0.62886184,0.39144287,0.20725992,2,8
10,RS,1.2894281,0.39144287,0.70227456,6,666
10,RS,1.2577237,0.39144287,0.14676656,1,40
10,RS,0.9297978,0.39144287,0.12459254,6,999
10,RS,1.010604,0.39144287,0.095336646,2,40
10,RS,0.3068333,0.39144287,0.10823951,6,43
10,RS,1.5369056,0.39144287,0.54216397,4,999
10,RS,2.5105824,0.39144287,1.6949095,6,8
10,RS,0.5534308,0.39144287,0.0667018,3,999
10,RS,0.9528211,0.39144287,0.11118679,4,56
10,RS,1.2295244,0.39144287,0.13494201,4,40
10,RS,0.64471406,0.39144287,0.48249987,6,42
10,RS,0.6669986,0.39144287,0.39071488,4,42
10,RS,0.31443092,0.39144287,1.6949095,2,48
10,RS,1.2577237,0.39144287,0.6736466,6,40
10,RS,0.32235703,0.39144287,0.17832664,7,20
10,RS,0.9528211,0.39144287,0.3140304,6,65
10,RS,2.2459354,0.39144287,0.26208293,6,999
10,RS,1.2007675,0.39144287,0.1147644,7,8
10,RS,0.931458,0.39144287,0.10222891,7,40
10,RS,0.6136666,0.39144287,0.23224933,4,42
10,RS,0.6136666,0.39144287,0.37743375,6,60
10,RS,0.6136666,0.39144287,0.18570112,3,666
10,RS,0.32235703,0.39144287,0.031821325,6,40
10,RS,0.6669986,0.39144287,0.06292221,99,666
10,RS,1.2577237,0.39144287,0.6736466,4,50
10,RS,0.64471406,0.39144287,0.06364265,4,50
10,RS,0.32235703,0.39144287,0.031821325,6,60
10,RS,0.64471406,0.39144287,0.21946228,4,999
10,RS,1.3339972,0.39144287,0.12584442,4,40
10,RS,1.010604,0.39144287,0.4375875,3,168
10,RS,1.2295244,0.39144287,0.75621486,4,40
10,RS,0.64471406,0.39144287,0.35665327,4,40
10,RS,0.32637572,0.39144287,0.030789118,2,999
10,RS,1.2577237,0.39144287,1.6949095,7,40
10,RS,0.3068333,0.39144287,0.041115522,4,80
10,RS,1.5341666,0.39144287,0.16837704,4,666
10,RS,0.6136666,0.39144287,0.082231045,6,666
10,RS,0.9528211,0.39144287,0.3140304,2,40
10,RS,0.6136666,0.39144287,0.37743375,4,40
10,RS,1.2894281,0.39144287,0.71330655,2,35
10,RS,1.2273332,0.39144287,0.43295804,2,168
10,RS,0.64471406,0.39144287,0.20456024,5,666
10,RS,0.9890173,0.39144287,1.6949095,6,168
10,RS,1.1068616,0.39144287,0.1334036,3,40
10,RS,1.3339972,0.39144287,0.28419223,7,666
10,RS,1.2007675,0.39144287,0.6431403,7,666
10,RS,0.62886184,0.39144287,0.07338328,3,999
10,RS,1.5009594,0.39144287,0.1751504,6,8
10,RS,1.2273332,0.39144287,0.16446209,4,666
10,RS,1.010604,0.39144287,0.07808485,5,666
10,RS,0.32235703,0.39144287,0.038851794,4,999
10,RS,0.6136666,0.39144287,1.6949095,5,45
10,RS,0.9096725,0.39144287,1.6949095,6,666
10,RS,1.2007675,0.39144287,0.14012016,6,45
10,RS,0.32637572,0.39144287,0.13913381,5,999
10,RS,0.6136666,0.39144287,0.082231045,4,40
10,RS,0.9768395,0.39144287,0.73105985,4,48
10,RS,0.931458,0.39144287,1.6949095,2,40
10,RS,2.5155942,0.39144287,0.6846882,7,999
10,RS,0.32235703,0.39144287,0.17832664,4,666
10,RS,1.9617606,0.39144287,0.48719722,6,666
10,RS,0.6147622,0.39144287,0.08237789,4,999
10,RS,1.5369056,0.39144287,0.54216397,7,666
10,RS,1.3055029,0.39144287,0.12315647,5,40
10,RS,0.6669986,0.39144287,0.28880775,2,40
10,RS,0.9768395,0.39144287,0.3099396,5,666
10,RS,1.3339972,0.39144287,0.12584442,5,60
10,RS,1.2273332,0.39144287,0.16446209,6,8
10,RS,1.010604,0.39144287,0.2509805,2,40
10,RS,1.2894281,0.39144287,0.15540718,4,50
10,RS,0.3334993,0.39144287,0.19535744,4,999
10,RS,1.8081243,0.39144287,1.6949095,6,666
10,RS,1.5341666,0.39144287,0.5411977,6,35
10,RS,0.6669986,0.39144287,0.06292221,4,999
10,RS,0.6669986,0.39144287,1.6949095,7,30
10,RS,0.9768395,0.39144287,1.6949095,4,999
10,RS,0.2767154,0.39144287,0.20709193,5,666
10,RS,1.8049018,0.39144287,0.24185617,5,666
10,RS,0.3073811,0.39144287,0.2557623,4,666
10,RS,0.9890173,0.39144287,0.09330033,3,666
10,RS,0.64471406,0.39144287,0.35113728,6,42
10,RS,0.8385315,0.39144287,0.46387222,7,999
10,RS,0.31443092,0.39144287,0.09659325,7,45
10,RS,0.6147622,0.39144287,0.37810743,5,40
10,RS,2.2459354,0.39144287,0.21465762,5,666
10,RS,0.9890173,0.39144287,0.42824072,6,40
10,RS,0.32637572,0.39144287,0.025217598,2,40
10,RS,0.60038376,0.39144287,0.07006008,99,666
10,RS,1.2295244,0.39144287,1.6949095,4,50
10,RS,0.6136666,0.39144287,0.06735082,6,70
10,RS,0.9297978,0.39144287,0.102046676,1,55
10,RS,0.931458,0.39144287,0.32858407,3,999
10,RS,2.3602562,0.39144287,0.25904125,2,70
10,RS,1.611785,0.39144287,0.19425917,5,999
10,RS,1.3339972,0.39144287,0.12584442,6,8
10,RS,0.3334993,0.39144287,0.031461105,4,40
10,RS,0.931458,0.39144287,0.35252112,5,48
10,RS,0.6136666,0.39144287,0.37743375,6,666
10,RS,0.9528211,0.39144287,0.3140304,5,40
10,RS,1.2577237,0.39144287,0.41451985,2,48
10,RS,0.9096725,0.39144287,0.106151685,7,12
10,RS,0.6147622,0.39144287,0.21686551,4,43
10,RS,1.2894281,0.39144287,0.1272853,3,65
10,RS,0.6669986,0.39144287,0.06292221,2,60
10,RS,2.1442277,0.39144287,0.5650555,2,999
10,RS,0.9768395,0.39144287,0.117732815,4,40
10,RS,0.65275145,0.39144287,0.13906094,7,48
10,RS,1.3055029,0.39144287,0.12315647,4,999
10,RS,0.65275145,0.39144287,0.16210891,5,48
10,RS,0.6669986,0.39144287,0.06292221,4,40
10,RS,0.30019188,0.39144287,0.03503004,2,40
10,RS,0.60038376,0.39144287,0.07006008,3,666
10,RS,0.65275145,0.39144287,0.13906094,4,999
10,RS,1.010604,0.39144287,1.6949095,6,40
10,RS,0.32637572,0.39144287,0.025217598,5,64
10,RS,1.5341666,0.39144287,0.94358546,6,999
10,RS,0.60038376,0.39144287,0.07006008,6,999
10,RS,0.30019188,0.39144287,0.03503004,4,40
10,RS,0.32235703,0.39144287,0.17832664,6,40
10,RS,1.3835769,0.39144287,0.16675456,7,666
10,RS,1.2007675,0.39144287,0.6431403,4,999
10,RS,0.64471406,0.39144287,0.06364265,5,38
10,RS,0.64471406,0.39144287,0.20456024,7,40
10,RS,0.5534308,0.39144287,0.05463163,6,10
10,RS,0.65275145,0.39144287,0.050435197,1,40
10,RS,1.5009594,0.39144287,0.8039254,4,8
10,RS,0.65275145,0.39144287,0.061578237,5,10
10,RS,0.3068333,0.39144287,0.2553065,7,40
10,RS,0.931458,0.39144287,0.32858407,4,40
10,RS,0.6669986,0.39144287,1.6949095,6,40
10,RS,1.2894281,0.39144287,0.71330655,2,30
10,RS,0.6669986,0.39144287,0.05153598,5,999
10,RS,1.2007675,0.39144287,0.1147644,6,40
10,RS,1.3339972,0.39144287,0.12584442,6,60
10,RS,0.6669986,0.39144287,0.39071488,4,999
10,RS,1.2273332,0.39144287,0.43295804,5,8
10,RS,0.9890173,0.39144287,1.6949095,2,666
10,RS,0.5534308,0.39144287,0.0667018,7,666
10,RS,1.3339972,0.39144287,0.78142977,5,999
10,RS,0.9768395,0.39144287,0.5403838,5,40
10,RS,0.9768395,0.39144287,0.096428245,2,25
10,RS,1.010604,0.39144287,0.07808485,4,50
10,RS,0.3068333,0.39144287,0.09285056,7,50
10,RS,0.65275145,0.39144287,0.27826762,2,999
10,RS,1.3339972,0.39144287,0.5776155,4,60
10,RS,0.931458,0.39144287,0.32858407,6,666
10,RS,0.64471406,0.39144287,1.6949095,3,8
10,RS,0.3334993,0.39144287,0.031461105,5,666
10,RS,0.9890173,0.39144287,0.07641699,7,50
10,RS,0.9096725,0.39144287,1.6949095,3,42
10,RS,1.5721546,0.39144287,0.8420577,2,999
10,RS,0.3068333,0.39144287,0.041115522,3,666
10,RS,2.1442277,0.39144287,0.20493677,4,40
10,RS,1.2894281,0.39144287,1.6949095,2,40
10,RS,0.32637572,0.39144287,0.08695903,5,45
10,RS,2.2459354,0.39144287,0.26208293,7,666
10,RS,0.9890173,0.39144287,0.21069849,4,45
10,RS,0.32235703,0.39144287,0.10973114,7,999
10,RS,1.3055029,0.39144287,1.6949095,3,0
10,RS,0.64471406,0.39144287,0.07770359,99,666
10,RS,0.9768395,0.39144287,0.5403838,7,40
10,RS,0.6136666,0.39144287,0.082231045,5,666
10,RS,0.9768395,0.39144287,0.096428245,6,8
10,RS,0.6136666,0.39144287,0.082231045,7,50
10,RS,0.64471406,0.39144287,0.06364265,4,42
10,RS,0.9297978,0.39144287,0.3518927,4,40
10,RS,1.2894281,0.39144287,0.1272853,3,55
10,RS,0.64471406,0.39144287,0.07770359,6,666
10,RS,1.8962177,0.39144287,0.2285401,6,50
10,RS,1.2894281,0.39144287,0.1272853,5,55
10,RS,0.3334993,0.39144287,0.14440387,2,40
10,RS,0.62886184,0.39144287,0.07338328,1,666
10,RS,1.8081243,0.39144287,1.6949095,7,999
10,RS,0.2767154,0.39144287,0.0333509,5,40
10,RS,1.5009594,0.39144287,0.79149234,5,666
10,RS,0.6669986,0.39144287,0.05153598,2,999
10,RS,0.3334993,0.39144287,0.14217061,5,40
10,RS,1.2273332,0.39144287,0.16446209,5,999
10,RS,1.6674966,0.39144287,0.15730552,5,666
10,RS,2.4796696,0.39144287,1.6949095,6,666
10,RS,0.9768395,0.39144287,0.117732815,3,40
10,RS,1.5341666,0.39144287,0.16837704,2,40
10,RS,0.64471406,0.39144287,0.07770359,6,40
10,RS,0.9297978,0.39144287,0.12459254,2,40
10,RS,1.6318786,0.39144287,0.40527236,6,666
10,RS,0.65275145,0.39144287,0.061578237,3,666
10,RS,0.9297978,0.39144287,0.102046676,7,40
10,RS,0.9768395,0.39144287,0.096428245,7,45
10,RS,0.62886184,0.39144287,0.07338328,5,666
10,RS,1.2577237,0.39144287,1.6949095,2,40
10,RS,0.9768395,0.39144287,0.117732815,7,40
10,RS,0.3073811,0.39144287,0.033735503,3,42
10,RS,0.64471406,0.39144287,0.35113728,6,666
10,RS,0.32235703,0.39144287,0.17832664,7,12
10,RS,1.2273332,0.39144287,0.7548675,5,40
10,RS,0.9528211,0.39144287,0.091066785,2,40
10,RS,1.1068616,0.39144287,0.1334036,7,48
10,RS,0.32235703,0.39144287,0.24124993,7,999
10,RS,0.64471406,0.39144287,0.06364265,6,48
10,RS,1.8962177,0.39144287,1.0489802,6,40
10,RS,0.6136666,0.39144287,0.082231045,4,40
10,RS,1.010604,0.39144287,0.2509805,7,42
10,RS,1.3339972,0.39144287,1.6949095,6,50
10,RS,0.65275145,0.39144287,0.061578237,6,666
10,RS,0.931458,0.39144287,1.6949095,5,10
10,RS,1.8049018,0.39144287,0.636703,6,999
10,RS,0.64471406,0.39144287,0.07770359,7,666
10,RS,0.9890173,0.39144287,0.24561965,2,40
10,RS,0.3334993,0.39144287,0.14440387,5,40
10,RS,0.5534308,0.39144287,0.0667018,2,666
10,RS,1.010604,0.39144287,0.591992,6,999
10,RS,1.1068616,0.39144287,0.60284144,6,666
10,RS,0.9528211,0.39144287,0.50244546,4,999
10,RS,0.9528211,0.39144287,0.11118679,2,666
10,RS,0.64471406,0.39144287,0.06364265,4,40
10,RS,1.5369056,0.39144287,0.93064946,4,666
10,RS,0.9768395,0.39144287,0.096428245,4,50
10,RS,1.2577237,0.39144287,0.14676656,4,50
10,RS,1.010604,0.39144287,0.2509805,5,999
10,RS,1.2007675,0.39144287,0.14012016,6,40
10,RS,1.3339972,0.39144287,1.6949095,4,40
10,RS,0.65275145,0.39144287,0.061578237,99,666
10,RS,0.32235703,0.39144287,0.17832664,4,10
10,RS,0.5534308,0.39144287,0.0667018,5,666
10,RS,0.6147622,0.39144287,0.08237789,2,40
10,RS,0.6669986,0.39144287,0.05153598,5,42
10,RS,2.1442277,0.39144287,1.6949095,6,40
10,RS,1.8049018,0.39144287,0.24185617,4,666
10,RS,0.64471406,0.39144287,0.07770359,2,42
10,RS,0.64471406,0.39144287,0.35113728,4,8
10,RS,0.9297978,0.39144287,0.102046676,4,30
10,RS,0.6136666,0.39144287,0.082231045,7,666
10,RS,0.3334993,0.39144287,0.031461105,6,4
10,RS,0.6669986,0.39144287,0.06292221,7,65
10,RS,1.1068616,0.39144287,0.10926326,5,40
10,RS,1.3339972,0.39144287,0.5776155,4,30
10,RS,0.9768395,0.39144287,0.5403838,3,50
10,RS,1.2273332,0.39144287,0.7548675,4,40
10,RS,1.1068616,0.39144287,0.35119402,4,35
10,RS,1.3055029,0.39144287,1.6949095,5,40
10,RS,1.5009594,0.39144287,0.8039254,4,999
10,RS,0.65275145,0.39144287,0.061578237,4,45
10,RS,0.3334993,0.39144287,0.031461105,6,43
10,RS,1.1068616,0.39144287,0.61231166,3,40
10,RS,1.2577237,0.39144287,0.386373,7,666
10,RS,0.9096725,0.39144287,1.6949095,2,40
10,RS,0.9297978,0.39144287,0.12459254,4,48
10,RS,0.3068333,0.39144287,0.041115522,6,999
10,RS,0.64471406,0.39144287,0.35665327,6,45
10,RS,0.60038376,0.39144287,0.07006008,1,666
10,RS,0.9297978,0.39144287,0.12459254,6,6
10,RS,1.3339972,0.39144287,0.12584442,3,9
10,RS,0.6147622,0.39144287,0.18603255,2,999
10,RS,0.32235703,0.39144287,0.031821325,6,45
10,RS,2.1442277,0.39144287,0.5650555,7,43
10,RS,0.64471406,0.39144287,0.07770359,5,40
10,RS,2.4186995,0.39144287,0.23116952,4,40
10,RS,0.931458,0.39144287,0.32858407,4,999
10,RS,1.8081243,0.39144287,1.094882,6,666
10,RS,1.3339972,0.39144287,0.33129448,6,10
10,RS,1.3339972,0.39144287,0.12584442,3,8
10,RS,0.6147622,0.39144287,0.08237789,4,42
10,RS,0.6147622,0.39144287,0.37810743,7,40
10,RS,1.2894281,0.39144287,0.15540718,5,666
10,RS,0.60038376,0.39144287,0.15821551,2,666
10,RS,1.9198571,0.39144287,0.14833874,5,999
10,RS,1.6674966,0.39144287,0.7220198,6,44
10,RS,0.65275145,0.39144287,0.13906094,5,0
10,RS,0.9528211,0.39144287,1.6949095,3,666
10,RS,0.65275145,0.39144287,0.382369,4,40
10,RS,0.6147622,0.39144287,0.08237789,2,666
10,RS,0.3334993,0.39144287,0.14217061,1,666
10,RS,1.3055029,0.39144287,0.32421783,6,666
10,RS,1.3339972,0.39144287,0.33129448,6,40
10,RS,1.2577237,0.39144287,0.386373,6,666
10,RS,0.32235703,0.39144287,0.10973114,6,999
10,RS,1.010604,0.39144287,0.07808485,7,40
10,RS,1.6674966,0.39144287,0.44428587,4,999
10,RS,1.2273332,0.39144287,0.7548675,5,999
10,RS,2.1955793,0.39144287,0.24096811,3,56
10,RS,0.3334993,0.39144287,0.02576799,4,35
10,RS,0.6669986,0.39144287,0.39071488,5,8
10,RS,1.2577237,0.39144287,1.6949095,1,666
10,RS,0.9297978,0.39144287,0.3279986,6,40
10,RS,1.2894281,0.39144287,0.71330655,6,40
10,RS,0.6669986,0.39144287,0.28880775,6,48
10,RS,0.6136666,0.39144287,0.21647902,6,8
10,RS,1.8049018,0.39144287,0.636703,1,666
10,RS,0.30019188,0.39144287,0.15829839,7,9
10,RS,1.010604,0.39144287,0.2509805,5,14
10,RS,0.6669986,0.39144287,0.28880775,4,40
10,RS,1.5341666,0.39144287,1.2765323,6,42
10,RS,0.931458,0.39144287,1.6949095,4,999
10,RS,1.2577237,0.39144287,0.12020819,6,50
10,RS,0.64471406,0.39144287,0.07770359,6,45
10,RS,0.9297978,0.39144287,0.5630252,3,666
10,RS,1.010604,0.39144287,0.2509805,6,40
10,RS,0.3334993,0.39144287,0.08885718,5,666
10,RS,0.9768395,0.39144287,0.096428245,5,20
10,RS,1.2894281,0.39144287,0.1272853,6,999
10,RS,0.6669986,0.39144287,0.17771436,3,40
10,RS,0.6136666,0.39144287,0.37159634,7,999
10,RS,0.64471406,0.39144287,0.06364265,6,999
10,RS,0.64471406,0.39144287,0.17547673,2,666
10,RS,1.5341666,0.39144287,0.2055776,2,999
10,RS,1.010604,0.39144287,0.4375875,4,666
10,RS,0.6136666,0.39144287,0.37743375,3,999
10,RS,0.62886184,0.39144287,0.060104094,3,50
10,RS,0.31443092,0.39144287,0.082860075,7,666
10,RS,0.6669986,0.39144287,0.06292221,1,0
10,RS,0.32235703,0.39144287,0.10228012,3,56
10,RS,0.64471406,0.39144287,0.06364265,5,44
10,RS,0.6136666,0.39144287,0.082231045,6,8
10,RS,0.6669986,0.39144287,0.17771436,7,666
10,RS,0.62886184,0.39144287,0.455673,5,40
10,RS,2.3821378,0.39144287,0.22472222,6,999
10,RS,1.3339972,0.39144287,0.33129448,5,48
10,RS,0.60038376,0.39144287,0.31659678,4,666
10,RS,0.6669986,0.39144287,0.28880775,4,35
10,RS,0.6147622,0.39144287,0.2326639,7,666
10,RS,0.931458,0.39144287,0.124814965,4,45
10,RS,0.64471406,0.39144287,0.06364265,2,40
10,RS,1.5369056,0.39144287,0.20594466,5,40
10,RS,1.3339972,0.39144287,0.12584442,6,80
10,RS,0.9096725,0.39144287,0.106151685,5,666
10,RS,0.62886184,0.39144287,1.6949095,7,48
10,RS,0.6669986,0.39144287,0.05153598,7,50
10,RS,0.9528211,0.39144287,1.6949095,4,666
10,RS,1.3055029,0.39144287,0.10087039,7,58
10,RS,0.64471406,0.39144287,0.20456024,4,999
10,RS,0.3334993,0.39144287,0.031461105,2,20
10,RS,0.9096725,0.39144287,1.6949095,5,999
10,RS,1.3339972,0.39144287,1.6949095,4,40
10,RS,1.5369056,0.39144287,0.9452697,5,50
10,RS,0.5534308,0.39144287,0.05463163,4,9
10,RS,1.010604,0.39144287,0.095336646,6,50
10,RS,0.9297978,0.39144287,0.102046676,2,40
10,RS,2.1442277,0.39144287,1.1484641,3,666
10,RS,0.64471406,0.39144287,0.35665327,5,3
10,RS,0.9297978,0.39144287,0.281365,4,40
10,RS,1.2273332,0.39144287,1.6949095,4,55
10,RS,0.9890173,0.39144287,0.09330033,6,53
10,RS,2.5653791,0.39144287,1.6949095,5,666
10,RS,2.3312552,0.39144287,0.57896066,5,666
10,RS,1.2295244,0.39144287,1.6949095,4,45
10,RS,1.010604,0.39144287,1.6949095,4,45
10,RS,1.3835769,0.39144287,0.4709726,4,48
10,RS,0.64471406,0.39144287,0.07770359,99,666
10,RS,1.2295244,0.39144287,0.16475578,3,40
10,RS,0.32235703,0.39144287,0.031821325,4,40
10,RS,1.2273332,0.39144287,0.16446209,6,666
10,RS,0.60038376,0.39144287,0.07006008,4,999
10,RS,0.9528211,0.39144287,0.091066785,7,40
10,RS,0.931458,0.39144287,0.5728906,4,40
10,RS,0.60038376,0.39144287,0.32157016,2,40
10,RS,0.64471406,0.39144287,0.48249987,6,999
10,RS,0.9768395,0.39144287,0.73105985,4,999
10,RS,1.6674966,0.39144287,0.41411784,6,40
10,RS,1.2273332,0.39144287,1.6949095,5,30
10,RS,1.2894281,0.39144287,0.1272853,4,40
10,RS,1.5009594,0.39144287,0.1751504,5,7
10,RS,0.6147622,0.39144287,0.08237789,7,666
10,RS,1.3339972,0.39144287,0.12584442,5,999
10,RS,0.64471406,0.39144287,0.07770359,99,666
10,RS,1.5369056,0.39144287,0.54216397,5,45
10,RS,0.6136666,0.39144287,0.082231045,5,999
10,RS,1.3055029,0.39144287,0.32421783,4,666
10,RS,0.3068333,0.39144287,0.03367541,7,8
10,RS,0.64471406,0.39144287,0.07770359,6,666
10,RS,0.62886184,0.39144287,0.3368233,4,40
10,RS,0.30019188,0.39144287,0.079107754,4,666
10,RS,1.2894281,0.39144287,0.15540718,4,666
10,RS,0.6147622,0.39144287,0.067471005,6,60
10,RS,1.010604,0.39144287,0.07808485,4,40
10,RS,1.2007675,0.39144287,0.14012016,6,42
10,RS,0.9528211,0.39144287,0.29270712,2,51
10,RS,0.6669986,0.39144287,0.05153598,6,45
10,RS,0.6147622,0.39144287,0.067471005,4,40
10,RS,1.3339972,0.39144287,0.5776155,6,40
10,RS,0.32637572,0.39144287,0.13913381,3,666
10,RS,0.6136666,0.39144287,0.06735082,7,40
10,RS,0.6136666,0.39144287,0.37743375,4,999
10,RS,1.2894281,0.39144287,0.1272853,5,40
10,RS,1.5369056,0.39144287,1.6949095,3,48
10,RS,0.65275145,0.39144287,1.6949095,6,40
10,RS,0.64471406,0.39144287,0.07770359,99,666
10,RS,0.6147622,0.39144287,0.5115246,7,666
10,RS,0.9890173,0.39144287,0.07641699,7,666
10,RS,0.9096725,0.39144287,0.23972055,4,666
10,RS,1.611785,0.39144287,0.15910661,6,40
10,RS,0.9768395,0.39144287,0.3099396,5,1
10,RS,1.2894281,0.39144287,0.71330655,3,30
10,RS,0.3334993,0.39144287,0.031461105,99,999
10,RS,0.9768395,0.39144287,0.117732815,4,52
10,RS,0.6147622,0.39144287,0.08237789,6,8
10,RS,0.6136666,0.39144287,0.23224933,2,8
10,RS,0.65275145,0.39144287,0.17391805,3,999
10,RS,1.9617606,0.39144287,0.849435,3,40
10,RS,0.31443092,0.39144287,0.16580698,2,40
10,RS,0.5534308,0.39144287,0.30615583,5,43
10,RS,0.6669986,0.39144287,0.06292221,6,666
10,RS,1.8081243,0.39144287,0.54715425,6,999
10,RS,1.3339972,0.39144287,0.35542873,5,80
10,RS,1.010604,0.39144287,0.095336646,7,35
10,RS,1.9198571,0.39144287,0.18111219,3,999
10,RS,1.010604,0.39144287,0.095336646,7,48
10,RS,0.3334993,0.39144287,1.6949095,4,48
10,RS,0.9297978,0.39144287,0.3518927,3,47
10,RS,1.6674966,0.39144287,0.41411784,7,999
10,RS,1.8049018,0.39144287,0.636703,4,168
10,RS,0.64471406,0.39144287,0.07770359,3,40
10,RS,2.3312552,0.39144287,0.4966462,2,999
10,RS,0.65275145,0.39144287,0.061578237,1,50
10,RS,1.2273332,0.39144287,0.13470164,4,45
10,RS,0.30019188,0.39144287,0.21751873,99,999
10,RS,0.3334993,0.39144287,0.08885718,5,999
10,RS,0.64471406,0.39144287,0.06364265,4,48
10,RS,0.6669986,0.39144287,1.6949095,4,60
10,RS,0.9096725,0.39144287,0.23972055,3,999
10,RS,1.5369056,0.39144287,0.5816598,6,666
10,RS,0.64471406,0.39144287,0.07770359,2,666
10,RS,0.9297978,0.39144287,0.57186973,7,999
10,RS,0.6136666,0.39144287,0.21647902,6,45
10,RS,2.3644702,0.39144287,1.6949095,4,40
10,RS,0.6147622,0.39144287,0.18603255,7,40
10,RS,1.2295244,0.39144287,0.13494201,5,45
10,RS,0.6669986,0.39144287,0.28434122,1,666
10,RS,0.32235703,0.39144287,0.24124993,3,40
10,RS,1.5369056,0.39144287,0.54216397,4,999
10,RS,0.30019188,0.39144287,0.03503004,6,42
10,RS,0.64471406,0.39144287,0.48249987,3,40
10,RS,1.010604,0.39144287,0.2509805,6,40
10,RS,0.9890173,0.39144287,0.09330033,4,10
10,RS,0.31443092,0.39144287,0.03669164,4,40
10,RS,1.8049018,0.39144287,0.5461794,4,40
10,RS,2.3644702,0.39144287,0.31683823,5,48
10,RS,0.64471406,0.39144287,0.07770359,4,666
10,RS,0.64471406,0.39144287,0.48249987,4,999
10,RS,1.010604,0.39144287,0.095336646,7,47
10,RS,0.6136666,0.39144287,0.082231045,99,666
10,RS,1.2577237,0.39144287,0.14676656,4,999
10,RS,0.3334993,0.39144287,0.07104806,4,60
10,RS,1.5369056,0.39144287,0.9452697,7,999
10,RS,0.65275145,0.39144287,0.061578237,5,40
10,RS,0.6669986,0.39144287,0.14209612,6,30
10,RS,0.9528211,0.39144287,0.11118679,4,42
10,RS,0.64471406,0.39144287,0.07770359,99,666
10,RS,1.2273332,0.39144287,0.7548675,2,40
10,RS,0.32235703,0.39144287,0.038851794,7,40
10,RS,2.2459354,0.39144287,1.2029413,6,40
10,RS,1.3339972,0.39144287,0.5776155,4,666
10,RS,0.6147622,0.39144287,0.08237789,6,666
10,RS,1.2007675,0.39144287,0.6431403,6,40
10,RS,1.2295244,0.39144287,0.16475578,4,40
10,RS,1.2273332,0.39144287,0.13470164,5,30
10,RS,0.32235703,0.39144287,0.038851794,2,48
10,RS,0.65275145,0.39144287,0.27826762,4,666
10,RS,1.2273332,0.39144287,1.6949095,6,666
10,RS,0.64471406,0.39144287,0.35113728,6,666
10,RS,0.6669986,0.39144287,0.28434122,1,666
10,RS,0.60038376,0.39144287,0.07006008,5,666
10,RS,0.931458,0.39144287,0.35252112,3,999
10,RS,0.3334993,0.39144287,0.031461105,4,64
10,RS,0.32235703,0.39144287,0.10973114,3,999
10,RS,1.611785,0.39144287,0.19425917,4,45
10,RS,1.010604,0.39144287,0.4375875,3,40
10,RS,0.6669986,0.39144287,0.06292221,4,42
10,RS,0.6147622,0.39144287,0.18603255,2,65
10,RS,1.010604,0.39144287,0.095336646,3,999
10,RS,1.2295244,0.39144287,0.16475578,6,50
10,RS,0.931458,0.39144287,0.10222891,3,5
10,RS,0.6669986,0.39144287,0.16564724,6,45
10,RS,1.8049018,0.39144287,0.19809066,3,999
10,RS,0.5534308,0.39144287,0.0667018,7,999
10,RS,0.62886184,0.39144287,0.060104094,5,50
10,RS,0.65275145,0.39144287,0.16210891,6,666
10,RS,1.8495936,0.39144287,1.6949095,4,666
10,RS,0.9768395,0.39144287,0.117732815,4,30
10,RS,0.62886184,0.39144287,0.1931865,6,45
10,RS,1.010604,0.39144287,0.095336646,2,999
10,RS,1.9617606,0.39144287,0.48719722,5,40
10,RS,1.5721546,0.39144287,0.18345837,6,40
10,RS,0.6147622,0.39144287,0.067471005,2,0
10,RS,1.2894281,0.39144287,0.1272853,3,40
10,RS,0.6136666,0.39144287,0.37743375,6,999
10,RS,1.5369056,0.39144287,0.20594466,4,999
10,RS,0.3073811,0.39144287,0.041188944,6,999
10,RS,0.9890173,0.39144287,0.24561965,6,42
10,RS,2.1442277,0.39144287,0.25021464,7,8
10,RS,0.6136666,0.39144287,0.082231045,3,666
10,RS,1.5721546,0.39144287,0.48296595,6,5
10,RS,0.6669986,0.39144287,0.06292221,5,666
10,RS,0.9096725,0.39144287,0.086942844,2,40
10,RS,1.2577237,0.39144287,0.6736466,4,999
10,RS,0.32235703,0.39144287,0.17832664,6,42
10,RS,0.32235703,0.39144287,0.031821325,4,45
10,RS,0.9528211,0.39144287,0.11118679,6,40
10,RS,0.6669986,0.39144287,0.06292221,5,40
10,RS,0.9528211,0.39144287,0.29270712,7,45
10,RS,0.931458,0.39144287,0.28186724,6,666
10,RS,1.2894281,0.39144287,0.71330655,4,40
10,RS,1.2273332,0.39144287,0.13470164,2,42
10,RS,0.9297978,0.39144287,0.12459254,4,84
10,RS,1.2894281,0.39144287,0.71330655,6,40
10,RS,1.2894281,0.39144287,0.1272853,4,45
10,RS,0.64471406,0.39144287,1.6949095,6,40
10,RS,1.2894281,0.39144287,0.15540718,5,48
10,RS,0.6136666,0.39144287,0.082231045,6,999
10,RS,1.2007675,0.39144287,0.36887637,4,999
10,RS,1.3339972,0.39144287,0.12584442,4,35
10,RS,0.64471406,0.39144287,0.06364265,2,40
10,RS,1.2295244,0.39144287,0.13494201,7,40
10,RS,1.2273332,0.39144287,0.43295804,6,40
10,RS,1.2007675,0.39144287,0.14012016,4,40
10,RS,1.611785,0.39144287,0.43869188,4,999
10,RS,0.9528211,0.39144287,0.5103381,2,50
10,RS,0.65275145,0.39144287,0.061578237,3,999
10,RS,1.8495936,0.39144287,0.99065614,2,666
10,SE,1,0.3734804,0.26125994,7,80
10,SE,1,0.3734804,0.5527369,6,41
10,SE,1,0.3734804,0.39125043,6,25
10,SE,1,0.3734804,0.27957302,4,38
10,SE,1,0.3734804,0.1891224,6,666
10,SE,1,0.3734804,0.62205255,7,10
10,SE,1,0.3734804,0.22191653,3,40
10,SE,1,0.3734804,0.18487367,5,50
10,SE,1,0.3734804,0.21018139,6,40
10,SE,1,0.3734804,0.21918152,5,38
10,SE,1,0.3734804,0.18402669,5,40
10,SE,1,0.3734804,0.1891224,6,999
10,SE,1,0.3734804,0.43826228,7,30
10,SE,1,0.3734804,0.18402669,6,40
10,SE,1,0.3734804,0.22158603,4,40
10,SE,1,0.3734804,0.19622004,4,40
10,SE,1,0.3734804,0.9758278,7,666
10,SE,1,0.3734804,0.21018139,3,50
10,SE,1,0.3734804,0.40396386,7,36
10,SE,1,0.3734804,0.20191789,5,35
10,SE,1,0.3734804,0.20191789,3,20
10,SE,1,0.3734804,0.16947708,6,60
10,SE,1,0.3734804,0.37202543,6,45
10,SE,1,0.3734804,0.5243404,7,40
10,SE,1,0.3734804,0.4319035,6,40
10,SE,1,0.3734804,0.5693549,2,38
10,SE,1,0.3734804,0.3981026,5,37
10,SE,1,0.3734804,0.21327592,3,50
10,SE,1,0.3734804,0.4088722,5,32
10,SE,1,0.3734804,0.44903257,7,40
10,SE,1,0.3734804,0.22191653,6,35
10,SE,1,0.3734804,0.21018139,4,16
10,SE,1,0.3734804,0.39125043,7,20
10,SE,1,0.3734804,0.21425751,7,15
10,SE,1,0.3734804,0.18626265,6,35
10,SE,1,0.3734804,0.21607141,5,35
10,SE,1,0.3734804,0.21425751,6,0
10,SE,1,0.3734804,0.60011494,4,20
10,SE,1,0.3734804,0.54222167,6,22
10,SE,1,0.3734804,0.21918152,4,42
10,SE,1,0.3734804,0.2202617,2,40
10,SE,1,0.3734804,0.44903257,5,40
10,SE,1,0.3734804,0.9758278,5,3
10,SE,1,0.3734804,0.4682605,4,48
10,SE,1,0.3734804,0.444716,4,50
10,SE,1,0.3734804,0.31812242,6,25
10,SE,1,0.3734804,0.4319035,7,40
10,SE,1,0.3734804,0.18402669,5,40
10,SE,1,0.3734804,0.96166945,7,40
10,SE,1,0.3734804,0.4319035,4,38
10,SE,1,0.3734804,0.26125994,5,43
10,SE,1,0.3734804,0.30955103,6,999
10,SE,1,0.3734804,0.4036121,7,42
10,SE,1,0.3734804,0.55688965,5,39
10,SE,1,0.3734804,0.49982545,7,43
10,SE,1,0.3734804,0.4662755,6,40
10,SE,1,0.3734804,0.16717649,3,40
10,SE,1,0.3734804,0.40396386,2,40
10,SE,1,0.3734804,0.28368908,6,50
10,SE,1,0.3734804,0.8634382,1,8
10,SE,1,0.3734804,0.42975792,6,46
10,SE,1,0.3734804,0.27957302,4,50
10,SE,1,0.3734804,0.18626265,4,40
10,SE,1,0.3734804,0.4319035,6,38
10,SE,1,0.3734804,0.24178644,6,40
10,SE,1,0.3734804,0.56109416,3,45
10,SE,1,0.3734804,0.4319035,4,40
10,SE,1,0.3734804,0.30955103,4,30
10,SE,1,0.3734804,0.62205255,6,35
10,SE,1,0.3734804,0.21925256,6,42
10,SE,1,0.3734804,0.2158672,7,39
10,SE,1,0.3734804,0.30955103,5,50
10,SE,1,0.3734804,0.22158603,4,55
10,SE,1,0.3734804,0.6089504,7,19
10,SE,1,0.3734804,0.18402669,6,999
10,SE,1,0.3734804,0.3050597,6,40
10,SE,1,0.3734804,0.5719754,7,45
10,SE,1,0.3734804,0.8986764,3,28
10,SE,1,0.3734804,0.50670403,5,35
10,SE,1,0.3734804,0.5608051,6,45
10,SE,1,0.3734804,0.365622,6,40
10,SE,1,0.3734804,0.3981026,7,20
10,SE,1,0.3734804,0.5965097,7,666
10,SE,1,0.3734804,0.21018139,2,40
10,SE,1,0.3734804,0.8517172,2,6
10,SE,1,0.3734804,0.37202543,6,43
10,SE,1,0.3734804,0.41514954,6,40
10,SE,1,0.3734804,0.6052919,6,20
10,SE,1,0.3734804,0.2253237,6,999
10,SE,1,0.3734804,0.3050597,2,40
10,SE,1,0.3734804,0.18135662,6,40
10,SE,1,0.3734804,0.3981026,7,36
10,SE,1,0.3734804,0.30955103,6,5
10,SE,1,0.3734804,0.20152807,5,45
10,SE,1,0.3734804,0.39125043,4,666
10,SE,1,0.3734804,0.3050597,6,666
10,SE,1,0.3734804,0.5693549,3,40
10,SE,1,0.3734804,0.5243404,6,40
10,SE,1,0.3734804,0.40582308,6,38
10,SE,1,0.3734804,0.95990294,2,40
10,SE,1,0.3734804,0.41961923,6,30
10,SE,1,0.3734804,0.3050597,5,55
10,SE,1,0.3734804,0.18626265,2,40
10,SE,1,0.3734804,0.54222167,6,40
10,SE,1,0.3734804,0.31331208,4,40
10,SE,1,0.3734804,0.5172224,4,40
10,SE,1,0.3734804,0.21925256,6,40
10,SE,1,0.3734804,0.20152807,2,40
10,SE,1,0.3734804,0.25771338,5,40
10,SE,1,0.3734804,0.4319035,3,38
10,SE,1,0.3734804,0.41514954,2,55
10,SE,1,0.3734804,0.19641371,6,45
10,SE,1,0.3734804,0.19910891,3,32
10,SE,1,0.3734804,0.1891224,3,999
10,SE,1,0.3734804,0.18487367,5,40
10,SE,1,0.3734804,0.5762727,2,40
10,SE,1,0.3734804,0.1891224,3,55
10,SE,1,0.3734804,0.26125994,6,20
10,SE,1,0.3734804,0.55688965,2,40
10,SE,1,0.3734804,0.6052919,7,666
10,SE,1,0.3734804,0.19910891,4,20
10,SE,1,0.3734804,0.40582308,4,40
10,SE,1,0.3734804,0.5608051,7,999
10,SE,1,0.3734804,0.41961923,4,38
10,SE,1,0.3734804,0.18336686,4,38
10,SE,1,0.3734804,0.19910891,4,999
10,SE,1,0.3734804,0.5762727,7,40
10,SE,1,0.3734804,0.25771338,7,80
10,SE,1,0.3734804,0.21425751,7,74
10,SE,1,0.3734804,0.54222167,6,45
10,SE,1,0.3734804,0.4088722,3,32
10,SE,1,0.3734804,0.37202543,7,40
10,SE,1,0.3734804,0.40396386,3,36
10,SE,1,0.3734804,0.1937474,5,48
10,SE,1,0.3734804,0.62581223,6,55
10,SE,1,0.3734804,0.27957302,6,39
10,SE,1,0.3734804,0.21607141,7,39
10,SE,1,0.3734804,0.60011494,2,40
10,SE,1,0.3734804,0.44358736,6,40
10,SE,1,0.3734804,0.56109416,1,4
10,SE,1,0.3734804,0.36065868,6,40
10,SE,1,0.3734804,0.44027945,5,45
10,SE,1,0.3734804,0.50670403,7,50
10,SE,1,0.3734804,0.62205255,6,15
10,SE,1,0.3734804,0.3050597,2,40
10,SE,1,0.3734804,0.28368908,6,41
10,SE,1,0.3734804,0.20191789,4,32
10,SE,1,0.3734804,0.42975792,3,40
10,SE,1,0.3734804,0.55020463,6,50
10,SE,1,0.3734804,0.95990294,5,41
10,SE,1,0.3734804,0.19910891,3,37
10,SE,1,0.3734804,0.21918152,4,65
10,SE,1,0.3734804,0.5693549,4,40
10,SE,1,0.3734804,0.39701068,6,32
10,SE,1,0.3734804,0.37202543,7,45
10,SE,1,0.3734804,0.26125994,4,80
10,SE,1,0.3734804,0.28368908,4,50
10,SE,1,0.3734804,0.21607141,5,37
10,SE,1,0.3734804,0.27957302,6,40
10,SE,1,0.3734804,0.39883783,7,27
10,SE,1,0.3734804,0.19910891,7,56
10,SE,1,0.3734804,0.55319226,4,40
10,SE,1,0.3734804,0.20462222,3,24
10,SE,1,0.3734804,0.54222167,3,40
10,SE,1,0.3734804,0.25771338,4,40
10,SE,1,0.3734804,0.45564362,4,999
10,SE,1,0.3734804,0.49982545,6,30
10,SE,1,0.3734804,0.19641371,5,20
10,SE,1,0.3734804,0.365622,7,40
10,SE,1,0.3734804,0.3981026,7,0
10,SE,1,0.3734804,0.16947708,5,20
10,SE,1,0.3734804,0.19910891,7,43
10,SE,1,0.3734804,0.20191789,6,50
10,SE,1,0.3734804,0.9758278,7,999
10,SE,1,0.3734804,0.37202543,6,40
10,SE,1,0.3734804,0.50670403,7,39
10,SE,1,0.3734804,0.15552148,2,40
10,SE,1,0.3734804,0.28507718,5,40
10,SE,1,0.3734804,0.7622066,6,666
10,SE,1,0.3734804,0.5965097,1,80
10,SE,1,0.3734804,0.4319035,7,50
10,SE,1,0.3734804,0.19622004,4,52
10,SE,1,0.3734804,0.89702564,7,38
10,SE,1,0.3734804,0.3981026,3,20
10,SE,1,0.3734804,0.39125043,7,40
10,SE,1,0.3734804,0.18402669,3,42
10,SE,1,0.3734804,0.21327592,6,60
10,SE,1,0.3734804,0.17125541,7,40
10,SE,1,0.3734804,0.31553108,3,42
10,SE,1,0.3734804,0.3981026,3,35
10,SE,1,0.3734804,0.40396386,5,32
10,SE,1,0.3734804,0.55020463,6,60
10,SE,1,0.3734804,0.44903257,6,40
10,SE,1,0.3734804,0.43826228,4,38
10,SE,1,0.3734804,0.45564362,7,40
10,SE,1,0.3734804,0.40800402,6,33
10,SE,1,0.3734804,0.50670403,6,42
10,SE,1,0.3734804,0.44903257,4,50
10,SE,1,0.3734804,0.4088722,6,22
10,SE,1,0.3734804,0.6089504,7,55
10,SE,1,0.3734804,0.365622,7,41
10,SE,1,0.3734804,0.3981026,6,40
10,SE,1,0.3734804,0.20191789,6,40
10,SE,1,0.3734804,0.31331208,1,40
10,SE,1,0.3734804,0.365622,99,666
10,SE,1,0.3734804,0.28507718,6,50
10,SE,1,0.3734804,0.365622,6,40
10,SE,1,0.3734804,0.287136,6,40
10,SE,1,0.3734804,0.26125994,5,40
10,SE,1,0.3734804,0.37202543,2,45
10,SE,1,0.3734804,0.20191789,4,20
10,SE,1,0.3734804,0.5243404,3,40
10,SE,1,0.3734804,0.45039794,5,40
10,SE,1,0.3734804,0.43826228,3,40
10,SE,1,0.3734804,0.52748543,6,60
10,SE,1,0.3734804,0.45039794,4,45
10,SE,1,0.3734804,0.31331208,4,45
10,SE,1,0.3734804,0.9876842,7,40
10,SE,1,0.3734804,0.58512044,6,40
10,SE,1,0.3734804,0.30955103,6,20
10,SE,1,0.3734804,0.1891224,6,20
10,SE,1,0.3734804,0.21425751,2,40
10,SE,1,0.3734804,0.26125994,6,40
10,SE,1,0.3734804,0.28120717,4,40
10,SE,1,0.3734804,0.98031896,3,40
10,SE,1,0.3734804,0.45564362,3,50
10,SE,1,0.3734804,0.3981026,5,40
10,SE,1,0.3734804,0.56543976,6,36
10,SE,1,0.3734804,0.6163492,6,35
10,SE,1,0.3734804,0.19910891,4,32
10,SE,1,0.3734804,0.28499475,2,35
10,SE,1,0.3734804,0.2253237,4,40
10,SE,1,0.3734804,0.3558976,6,40
10,SE,1,0.3734804,0.3109757,6,8
10,SE,1,0.3734804,0.21327592,6,40
10,SE,1,0.3734804,0.44903257,4,30
10,SE,1,0.3734804,0.18626265,7,25
10,SE,1,0.3734804,0.5965097,7,2
10,SE,1,0.3734804,0.365622,4,30
10,SE,1,0.3734804,0.6126464,6,25
10,SE,1,0.3734804,0.58512044,2,35
10,SE,1,0.3734804,0.1665871,5,30
10,SE,1,0.3734804,0.44903257,6,12
10,SE,1,0.3734804,0.58512044,6,0
10,SE,1,0.3734804,0.21918152,6,40
10,SE,1,0.3734804,0.5693549,6,36
10,SE,1,0.3734804,0.6089504,6,40
10,SE,1,0.3734804,0.96166945,7,41
10,SE,1,0.3734804,0.5243404,4,40
10,SE,1,0.3734804,0.26125994,6,65
10,SE,1,0.3734804,0.28507718,6,0
10,SE,1,0.3734804,0.5527369,6,23
10,SE,1,0.3734804,0.28499475,6,10
10,SE,1,0.3734804,0.26125994,6,40
10,SE,1,0.3734804,0.21607141,3,45
10,SE,1,0.3734804,0.19910891,6,999
10,SE,1,0.3734804,0.44903257,5,42
10,SE,1,0.3734804,0.55688965,5,35
10,SE,1,0.3734804,0.21607141,3,40
10,SE,1,0.3734804,0.22158603,3,45
10,SE,1,0.3734804,0.28368908,2,40
10,SE,1,0.3734804,0.365622,5,40
10,SE,1,0.3734804,0.52748543,5,42
10,SE,1,0.3734804,0.20191789,7,37
10,SE,1,0.3734804,0.28499475,6,32
10,SE,1,0.3734804,0.19641371,3,40
10,SE,1,0.3734804,1.0028483,4,666
10,SE,1,0.3734804,0.41961923,4,40
10,SE,1,0.3734804,0.28507718,6,30
10,SE,1,0.3734804,0.18487367,6,40
10,SE,1,0.3734804,0.14374092,5,80
10,SE,1,0.3734804,0.29154453,5,50
10,SE,1,0.3734804,0.44903257,4,35
10,SE,1,0.3734804,0.52748543,3,666
10,SE,1,0.3734804,0.45039794,3,40
10,SE,1,0.3734804,0.31812242,5,50
10,SE,1,0.3734804,0.22191653,6,60
10,SE,1,0.3734804,0.52748543,6,40
10,SE,1,0.3734804,0.26125994,2,10
10,SE,1,0.3734804,0.28368908,4,50
10,SE,1,0.3734804,0.50670403,4,38
10,SE,1,0.3734804,0.61175305,5,1
10,SE,1,0.3734804,0.4036121,6,40
10,SE,1,0.3734804,0.28499475,5,40
10,SE,1,0.3734804,0.4682605,6,8
10,SE,1,0.3734804,0.18402669,4,40
10,SE,1,0.3734804,0.3981026,3,38
10,SE,1,0.3734804,0.27957302,5,32
10,SE,1,0.3734804,0.34232122,4,40
10,SE,1,0.3734804,0.39701068,7,45
10,SE,1,0.3734804,0.18626265,3,20
10,SE,1,0.3734804,0.40582308,3,37
10,SE,1,0.3734804,0.513273,4,40
10,SE,1,0.3734804,0.55020463,6,40
10,SE,1,0.3734804,0.21607141,2,38
10,SE,1,0.3734804,0.55319226,6,50
10,SE,1,0.3734804,0.41961923,5,50
10,SE,1,0.3734804,0.28507718,4,20
10,SE,1,0.3734804,0.14374092,4,35
10,SE,1,0.3734804,0.3050597,4,40
10,SE,1,0.3734804,0.40800402,5,28
10,SE,1,0.3734804,0.31553108,5,40
10,SE,1,0.3734804,0.45774075,6,20
10,SE,1,0.3734804,0.55688965,4,40
10,SE,1,0.3734804,0.20002536,6,40
10,SE,1,0.3734804,0.5719754,3,30
10,SE,1,0.3734804,0.29154453,5,45
10,SE,1,0.3734804,0.4682605,6,38
10,SE,1,0.3734804,0.18402669,7,40
10,SE,1,0.3734804,0.513273,6,40
10,SE,1,0.3734804,0.20152807,4,999
10,SE,1,0.3734804,0.20152807,6,40
10,SE,1,0.3734804,0.287136,6,45
10,SE,1,0.3734804,0.47269237,6,10
10,SE,1,0.3734804,0.4036121,5,40
10,SE,1,0.3734804,0.365622,6,45
10,SE,1,0.3734804,0.28507718,5,8
10,SE,1,0.3734804,0.56543976,4,40
10,SE,1,0.3734804,0.98587,7,40
10,SE,1,0.3734804,0.28507718,4,35
10,SE,1,0.3734804,0.19910891,2,15
10,SE,1,0.3734804,0.26125994,6,40
10,SE,1,0.3734804,0.21925256,6,38
10,SE,1,0.3734804,0.21018139,7,60
10,SE,1,0.3734804,0.19910891,4,40
10,SE,1,0.3734804,0.61175305,6,40
10,SE,1,0.3734804,0.18336686,4,40
10,SE,1,0.3734804,0.21925256,7,12
10,SE,1,0.3734804,0.18402669,4,60
10,SE,1,0.3734804,0.52748543,6,40
10,SE,1,0.3734804,0.444716,6,999
10,SE,1,0.3734804,0.5058258,6,36
10,SE,1,0.3734804,0.21918152,4,50
10,SE,1,0.3734804,0.4682605,7,30
10,SE,1,0.3734804,0.30955103,6,38
10,SE,1,0.3734804,0.4088722,5,50
10,SE,1,0.3734804,0.45039794,4,38
10,SE,1,0.3734804,0.27957302,4,40
10,SE,1,0.3734804,0.2253237,2,999
10,SE,1,0.3734804,0.444716,4,37
10,SE,1,0.3734804,0.92396134,7,37
10,SE,1,0.3734804,0.3050597,5,50
10,SE,1,0.3734804,0.4319035,7,45
10,SE,1,0.3734804,0.27957302,6,43
10,SE,1,0.3734804,0.21607141,4,80
10,SE,1,0.3734804,0.54222167,7,30
10,SE,1,0.3734804,0.16947708,3,35
10,SE,1,0.3734804,0.19641371,4,40
10,SE,1,0.3734804,0.3981026,4,40
10,SE,1,0.3734804,0.18336686,6,40
10,SE,1,0.3734804,0.28507718,4,40
10,SE,1,0.3734804,0.36065868,5,45
10,SE,1,0.3734804,0.56109416,5,40
10,SE,1,0.3734804,0.2253237,5,38
10,SE,1,0.3734804,0.44903257,6,35
10,SE,1,0.3734804,0.18402669,7,50
10,SE,1,0.3734804,0.41961923,7,45
10,SE,1,0.3734804,0.30955103,3,30
10,SE,1,0.3734804,0.21918152,6,45
10,SE,1,0.3734804,0.49982545,3,42
10,SE,1,0.3734804,0.1891224,4,50
10,SE,1,0.3734804,0.18626265,6,24
10,SE,1,0.3734804,0.8986764,6,40
10,SE,1,0.3734804,0.19910891,2,29
10,SE,1,0.3734804,0.9489561,4,40
10,SE,1,0.3734804,0.94187963,5,30
10,SE,1,0.3734804,0.40582308,3,666
10,SE,1,0.3734804,0.24178644,4,65
10,SE,1,0.3734804,0.5058258,6,48
10,SE,1,0.3734804,0.98587,6,60
10,SE,1,0.3734804,0.18336686,4,25
10,SE,1,0.3734804,0.21018139,2,45
10,SE,1,0.3734804,0.4682605,3,40
10,SE,1,0.3734804,0.16947708,7,40
10,SE,1,0.3734804,0.21327592,4,50
10,SE,1,0.3734804,0.45039794,6,47
10,SE,1,0.3734804,0.16947708,4,40
10,SE,1,0.3734804,0.20191789,4,50
10,SE,1,0.3734804,0.50670403,5,42
10,SE,1,0.3734804,0.31331208,6,40
10,SE,1,0.3734804,0.98031896,7,666
10,SE,1,0.3734804,0.19622004,6,42
10,SE,1,0.3734804,0.39701068,6,35
10,SE,1,0.3734804,0.47269237,6,40
10,SE,1,0.3734804,0.6052919,6,666
10,SE,1,0.3734804,0.3981026,6,40
10,SE,1,0.3734804,0.39125043,7,40
10,SE,1,0.3734804,0.27957302,4,30
10,SE,1,0.3734804,0.40396386,5,41
10,SE,1,0.3734804,0.94187963,4,40
10,SE,1,0.3734804,0.42975792,7,40
10,SE,1,0.3734804,0.21018139,7,39
10,SE,1,0.3734804,0.19622004,7,42
10,SE,1,0.3734804,0.21918152,5,46
10,SE,1,0.3734804,0.30955103,4,40
10,SE,1,0.3734804,0.47269237,4,41
10,SE,1,0.3734804,0.5693549,6,42
10,SE,1,0.3734804,0.40800402,6,38
10,SE,1,0.3734804,0.3109757,6,40
10,SE,1,0.3734804,0.39701068,6,35
10,SE,1,0.3734804,0.31812242,4,45
10,SE,1,0.3734804,0.31812242,6,25
10,SE,1,0.3734804,0.21918152,5,15
10,SE,1,0.3734804,0.18135662,3,40
10,SE,1,0.3734804,0.26125994,6,40
10,SE,1,0.3734804,0.31553108,5,40
10,SE,1,0.3734804,0.50670403,3,38
10,SE,1,0.3734804,0.28507718,4,40
10,SE,1,0.3734804,0.26125994,6,40
10,SE,1,0.3734804,0.31812242,6,36
10,SE,1,0.3734804,0.18336686,2,168
10,SE,1,0.3734804,0.15552148,7,999
10,SE,1,0.3734804,0.45564362,6,43
10,SE,1,0.3734804,0.31812242,6,14
10,SE,1,0.3734804,0.56543976,5,999
10,SE,1,0.3734804,0.5608051,6,10
10,SE,1,0.3734804,0.50670403,7,40
10,SE,1,0.3734804,0.18402669,4,45
10,SE,1,0.3734804,0.19910891,7,35
10,SE,1,0.3734804,0.27957302,4,40
10,SE,1,0.3734804,0.21327592,7,46
10,SE,1,0.3734804,0.513273,4,40
10,SE,1,0.3734804,0.41514954,6,45
10,SE,1,0.3734804,0.54222167,5,37
10,SE,1,0.3734804,0.39701068,3,25
10,SE,1,0.3734804,0.31553108,4,40
10,SE,1,0.3734804,0.365622,7,45
10,SE,1,0.3734804,0.21925256,2,666
10,SE,1,0.3734804,0.2158672,6,40
10,SE,1,0.3734804,0.41514954,6,2
10,SE,1,0.3734804,0.2202617,4,40
10,SE,1,0.3734804,0.5058258,4,40
10,SE,1,0.3734804,0.55020463,5,42
10,SE,1,0.3734804,0.22191653,3,999
10,SE,1,0.3734804,0.21018139,6,60
10,SE,1,0.3734804,0.2202617,6,40
10,SE,1,0.3734804,0.21327592,7,65
10,SE,1,0.3734804,0.19910891,2,17
10,SE,1,0.3734804,0.28368908,5,32
10,SE,1,0.3734804,0.40183446,7,35
10,SE,1,0.3734804,0.4611797,6,43
10,SE,1,0.3734804,0.21925256,6,40
10,SE,1,0.3734804,0.4319035,6,42
10,SE,1,0.3734804,1.0028483,6,40
10,SE,1,0.3734804,0.56109416,7,32
10,SE,1,0.3734804,0.40183446,5,666
10,SE,1,0.3734804,0.16947708,2,999
10,SE,1,0.3734804,0.31812242,6,40
10,SE,1,0.3734804,0.21918152,6,50
10,SE,1,0.3734804,0.18336686,6,40
10,SE,1,0.3734804,0.21607141,5,37
10,SE,1,0.3734804,0.96166945,4,8
10,SE,1,0.3734804,0.61175305,2,56
10,SE,1,0.3734804,0.28368908,4,50
10,SE,1,0.3734804,0.18402669,4,40
10,SE,1,0.3734804,0.5156353,2,43
10,SE,1,0.3734804,0.1991769,4,999
10,SE,1,0.3734804,0.29154453,6,40
10,SE,1,0.3734804,0.6089504,6,8
10,SE,1,0.3734804,0.21918152,3,50
10,SE,1,0.3734804,0.55020463,4,20
10,SE,1,0.3734804,0.21018139,5,16
10,SE,1,0.3734804,0.5243404,5,40
10,SE,1,0.3734804,0.21425751,4,40
10,SE,1,0.3734804,0.5156353,4,40
10,SE,1,0.3734804,0.18487367,6,42
10,SE,1,0.3734804,0.41514954,4,40
10,SE,1,0.3734804,0.513273,1,40
10,SE,1,0.3734804,0.40396386,2,30
10,SE,1,0.3734804,0.47269237,6,50
10,SE,1,0.3734804,0.45564362,7,45
10,SE,1,0.3734804,0.5156353,6,30
10,SE,1,0.3734804,0.28499475,2,38
10,SE,1,0.3734804,0.1891224,6,40
10,SE,1,0.3734804,0.557436,7,666
10,SE,1,0.3734804,0.21327592,6,65
10,SE,1,0.3734804,0.20462222,4,14
10,SE,1,0.3734804,0.4319035,4,40
10,SE,1,0.3734804,0.62581223,6,45
10,SE,1,0.3734804,0.34232122,6,40
10,SE,1,0.3734804,0.5058258,5,40
10,SE,1,0.3734804,0.5762727,6,999
10,SE,1,0.3734804,0.61175305,7,40
10,SE,1,0.3734804,0.18487367,6,50
10,SE,1,0.3734804,0.39883783,4,20
10,SE,1,0.3734804,0.3981026,6,39
10,SE,1,0.3734804,0.26125994,4,45
10,SE,1,0.3734804,0.39883783,6,45
10,SE,1,0.3734804,0.18336686,6,37
10,SE,1,0.3734804,0.41961923,6,43
10,SE,1,0.3734804,0.96166945,4,40
10,SE,1,0.3734804,0.21925256,4,8
10,SE,1,0.3734804,0.3981331,6,40
10,SE,1,0.3734804,0.21018139,5,55
10,SE,1,0.3734804,0.2158672,4,40
10,SE,1,0.3734804,0.3981026,7,37
10,SE,1,0.3734804,0.2253237,6,50
10,SE,1,0.3734804,0.21918152,7,45
10,SE,1,0.3734804,0.20462222,4,40
10,SE,1,0.3734804,0.5527369,3,40
10,SE,1,0.3734804,0.21918152,4,30
10,SE,1,0.3734804,0.45564362,7,40
10,SE,1,0.3734804,0.8986764,5,0
10,SE,1,0.3734804,0.5172224,6,40
10,SE,1,0.3734804,0.5156353,5,40
10,SE,1,0.3734804,0.5693549,7,30
10,SE,1,0.3734804,0.25771338,5,40
10,SE,1,0.3734804,0.3050597,6,7
10,SE,1,0.3734804,0.55020463,6,50
10,SE,1,0.3734804,0.17125541,6,45
10,SE,1,0.3734804,0.28507718,4,20
10,SE,1,0.3734804,0.43826228,4,43
10,SE,1,0.3734804,0.50670403,3,40
10,SE,1,0.3734804,0.21607141,4,35
10,SE,1,0.3734804,0.2253237,5,25
10,SE,1,0.3734804,0.20191789,2,999
10,SE,1,0.3734804,0.21607141,5,40
10,SE,1,0.3734804,0.18336686,6,30
10,SE,1,0.3734804,0.43826228,6,40
10,SE,1,0.3734804,0.43826228,7,42
10,SE,1,0.3734804,0.41961923,4,666
10,SE,1,0.3734804,0.1991769,4,32
10,SE,1,0.3734804,0.28507718,4,40
10,SE,1,0.3734804,0.19641371,5,39
10,SE,1,0.3734804,0.20002536,7,57
10,SE,1,0.3734804,0.55020463,4,40
10,SE,1,0.3734804,0.27957302,6,50
10,SE,1,0.3734804,0.3050597,4,39
10,SE,1,0.3734804,0.39701068,7,30
10,SE,1,0.3734804,0.2253237,6,45
10,SE,1,0.3734804,0.287136,4,25
10,SE,1,0.3734804,0.47564346,3,41
10,SE,1,0.3734804,0.21607141,2,40
10,SE,1,0.3734804,0.62581223,5,8
10,SE,1,0.3734804,0.37202543,7,40
10,SE,1,0.3734804,0.21018139,5,43
10,SE,1,0.3734804,0.28368908,3,40
10,SE,1,0.3734804,0.45564362,7,40
10,SE,1,0.3734804,0.29154453,4,40
10,SE,1,0.3734804,0.22191653,7,30
10,SE,1,0.3734804,0.56543976,4,40
10,SE,1,0.3734804,0.27957302,7,40
10,SE,1,0.3734804,0.5762727,7,40
10,SE,1,0.3734804,0.26125994,4,40
10,SE,1,0.3734804,0.40183446,3,10
10,SE,1,0.3734804,0.40800402,6,43
10,SE,1,0.3734804,0.41514954,4,40
10,SE,1,0.3734804,0.2253237,6,45
10,SE,1,0.3734804,0.4662755,6,38
10,SE,1,0.3734804,0.21925256,2,20
10,SE,1,0.3734804,0.30955103,2,50
10,SE,1,0.3734804,0.20191789,99,999
10,SE,1,0.3734804,0.5172224,4,50
10,SE,1,0.3734804,0.19641371,6,45
10,SE,1,0.3734804,0.36065868,6,50
10,SE,1,0.3734804,0.22158603,3,50
10,SE,1,0.3734804,0.25771338,4,42
10,SE,1,0.3734804,0.5058258,5,40
10,SE,1,0.3734804,0.365622,5,999
10,SE,1,0.3734804,0.19910891,4,25
10,SE,1,0.3734804,0.60011494,1,2
10,SE,1,0.3734804,0.3050597,6,30
10,SE,1,0.3734804,0.45564362,6,999
10,SE,1,0.3734804,0.55319226,5,45
10,SE,1,0.3734804,0.4319035,6,45
10,SE,1,0.3734804,0.21425751,4,20
10,SE,1,0.3734804,0.43826228,7,55
10,SE,1,0.3734804,0.4036121,4,40
10,SE,1,0.3734804,0.20191789,6,666
10,SE,1,0.3734804,0.28368908,6,50
10,SE,1,0.3734804,0.4319035,4,48
10,SE,1,0.3734804,0.31812242,5,999
10,SE,1,0.3734804,0.54222167,7,35
10,SE,1,0.3734804,0.4036121,7,45
10,SE,1,0.3734804,0.6089504,6,40
10,SE,1,0.3734804,0.5762727,4,45
10,SE,1,0.3734804,0.43826228,5,35
10,SE,1,0.3734804,0.19910891,6,30
10,SE,1,0.3734804,0.29154453,4,40
10,SE,1,0.3734804,0.20191789,5,35
10,SE,1,0.3734804,0.5965097,6,34
10,SE,1,0.3734804,0.25771338,6,999
10,SE,1,0.3734804,0.18135662,5,20
10,SE,1,0.3734804,0.27957302,5,40
10,SE,1,0.3734804,0.26125994,6,50
10,SE,1,0.3734804,0.40396386,6,36
10,SE,1,0.3734804,0.4088722,4,0
10,SE,1,0.3734804,0.28499475,1,36
10,SE,1,0.3734804,0.21425751,7,60
10,SE,1,0.3734804,0.21018139,6,40
10,SE,1,0.3734804,0.21607141,4,0
10,SE,1,0.3734804,0.8986764,7,4
10,SE,1,0.3734804,0.28499475,4,37
10,SE,1,0.3734804,0.16717649,4,55
10,SE,1,0.3734804,0.20152807,5,40
10,SE,1,0.3734804,0.5608051,4,999
10,SE,1,0.3734804,0.1891224,6,45
10,SE,1,0.3734804,0.27957302,6,3
10,SE,1,0.3734804,0.44027945,5,54
10,SE,1,0.3734804,0.4319035,6,42
10,SE,1,0.3734804,0.18626265,6,40
10,SE,1,0.3734804,0.2253237,4,999
10,SE,1,0.3734804,0.41514954,4,40
10,SE,1,0.3734804,0.3050597,4,40
10,SE,1,0.3734804,0.55020463,4,40
10,SE,1,0.3734804,0.18402669,4,45
10,SE,1,0.3734804,0.62581223,6,40
10,SE,1,0.3734804,0.39125043,6,40
10,SE,1,0.3734804,0.19622004,5,20
10,SE,1,0.3734804,0.30955103,6,43
10,SE,1,0.3734804,0.27957302,6,60
10,SE,1,0.3734804,0.18336686,4,40
10,SE,1,0.3734804,0.5762727,6,43
10,SE,1,0.3734804,0.28368908,6,20
10,SE,1,0.3734804,0.45564362,4,39
10,SE,1,0.3734804,0.20002536,4,23
10,SE,1,0.3734804,0.557436,4,666
10,SE,1,0.3734804,0.5058258,6,42
10,SE,1,0.3734804,0.20002536,2,40
10,SE,1,0.3734804,0.1991769,7,40
10,SE,1,0.3734804,0.9740356,6,38
10,SE,1,0.3734804,0.45564362,7,20
10,SE,1,0.3734804,0.19910891,6,999
10,SE,1,0.3734804,0.2253237,2,666
10,SE,1,0.3734804,0.31812242,3,45
10,SE,1,0.3734804,0.39701068,7,43
10,SE,1,0.3734804,0.28507718,2,44
10,SE,1,0.3734804,0.2202617,4,30
10,SE,1,0.3734804,0.62205255,7,999
10,SE,1,0.3734804,0.60011494,2,35
10,SE,1,0.3734804,0.14374092,6,47
10,SE,1,0.3734804,0.21327592,5,666
10,SE,1,0.3734804,0.21607141,5,999
10,SE,1,0.3734804,0.20191789,7,42
10,SE,1,0.3734804,0.513273,6,45
10,SE,1,0.3734804,0.54222167,6,42
10,SE,1,0.3734804,0.29154453,4,38
10,SE,1,0.3734804,0.19622004,6,25
10,SE,1,0.3734804,0.40183446,4,30
10,SE,1,0.3734804,0.36697522,6,40
10,SE,1,0.3734804,0.5608051,6,6
10,SE,1,0.3734804,0.21607141,2,36
10,SE,1,0.3734804,0.1891224,6,36
10,SE,1,0.3734804,0.5058258,7,45
10,SE,1,0.3734804,0.22191653,7,40
10,SE,1,0.3734804,0.45039794,4,45
10,SE,1,0.3734804,0.45039794,7,36
10,SE,1,0.3734804,0.96166945,7,4
10,SE,1,0.3734804,0.62581223,6,8
10,SE,1,0.3734804,0.28368908,6,46
10,SE,1,0.3734804,0.18402669,5,40
10,SE,1,0.3734804,0.3981026,6,48
10,SE,1,0.3734804,0.6052919,7,2
10,SE,1,0.3734804,0.3109757,6,40
10,SE,1,0.3734804,0.21327592,6,40
10,SE,1,0.3734804,0.6163492,4,40
10,SE,1,0.3734804,0.61175305,7,40
10,SE,1,0.3734804,0.31331208,7,20
10,SE,1,0.3734804,0.1891224,4,28
10,SE,1,0.3734804,0.21018139,5,40
10,SE,1,0.3734804,0.58512044,3,35
10,SE,1,0.3734804,0.4319035,3,50
10,SE,1,0.3734804,0.31812242,4,42
10,SE,1,0.3734804,0.16947708,4,40
10,SE,1,0.3734804,0.28507718,6,50
10,SE,1,0.3734804,0.31553108,2,40
10,SE,1,0.3734804,0.19641371,5,40
10,SE,1,0.3734804,0.41514954,7,31
10,SE,1,0.3734804,0.2253237,7,30
10,SE,1,0.3734804,0.3050597,6,40
10,SE,1,0.3734804,0.54222167,6,45
10,SE,1,0.3734804,0.31553108,5,45
10,SE,1,0.3734804,0.28507718,6,45
10,SE,1,0.3734804,0.21918152,5,50
10,SE,1,0.3734804,0.27957302,6,50
10,SE,1,0.3734804,0.54222167,2,40
10,SE,1,0.3734804,0.5719754,7,999
10,SE,1,0.3734804,0.43826228,6,40
10,SE,1,0.3734804,0.36697522,7,45
10,SE,1,0.3734804,0.45039794,7,8
10,SE,1,0.3734804,0.365622,6,50
10,SE,1,0.3734804,0.40582308,3,40
10,SE,1,0.3734804,0.19622004,6,40
10,SE,1,0.3734804,0.15552148,4,5
10,SE,1,0.3734804,0.21018139,6,40
10,SE,1,0.3734804,0.40396386,6,50
10,SE,1,0.3734804,0.50670403,6,40
10,SE,1,0.3734804,0.18402669,5,40
10,SE,1,0.3734804,0.40396386,5,40
10,SE,1,0.3734804,0.557436,6,4
10,SE,1,0.3734804,0.45039794,7,40
10,SE,1,0.3734804,0.5058258,6,20
10,SE,1,0.3734804,0.22191653,6,40
10,SE,1,0.3734804,0.94187963,7,999
10,SE,1,0.3734804,0.22191653,6,20
10,SE,1,0.3734804,0.56543976,2,50
10,SE,1,0.3734804,0.19910891,6,40
10,SE,1,0.3734804,0.27957302,6,50
10,SE,1,0.3734804,0.34232122,6,45
10,SE,1,0.3734804,0.3050597,4,999
10,SE,1,0.3734804,0.16947708,4,40
10,SE,1,0.3734804,0.5058258,5,9
10,SE,1,0.3734804,0.20191789,6,40
10,SE,1,0.3734804,0.365622,4,5
10,SE,1,0.3734804,0.16947708,4,32
10,SE,1,0.3734804,0.2253237,7,40
10,SE,1,0.3734804,0.3981026,6,60
10,SE,1,0.3734804,0.41961923,6,55
10,SE,1,0.3734804,0.45039794,7,65
10,SE,1,0.3734804,0.8634382,5,40
10,SE,1,0.3734804,0.56109416,3,38
10,SE,1,0.3734804,0.2253237,6,40
10,SE,1,0.3734804,0.21018139,4,35
10,SE,1,0.3734804,0.19641371,6,40
10,SE,1,0.3734804,0.5058258,5,30
10,SE,1,0.3734804,0.18135662,7,26
10,SE,1,0.3734804,0.21018139,6,5
10,SE,1,0.3734804,0.20191789,6,38
10,SE,1,0.3734804,0.5243404,7,60
10,SE,1,0.3734804,0.5527369,5,40
10,SE,1,0.3734804,0.41392294,6,40
10,SE,1,0.3734804,0.5693549,7,32
10,SE,1,0.3734804,0.4319035,6,50
10,SE,1,0.3734804,0.365622,6,5
10,SE,1,0.3734804,0.28368908,6,40
10,SE,1,0.3734804,0.40396386,3,47
10,SE,1,0.3734804,0.44027945,5,36
10,SE,1,0.3734804,0.5058258,5,15
10,SE,1,0.3734804,0.28368908,4,20
10,SE,1,0.3734804,0.21018139,3,40
10,SE,1,0.3734804,0.16947708,2,30
10,SE,1,0.3734804,0.21607141,6,40
10,SE,1,0.3734804,0.27957302,5,42
10,SE,1,0.3734804,0.18135662,6,48
10,SE,1,0.3734804,0.36697522,6,40
10,SE,1,0.3734804,0.55020463,5,43
10,SE,1,0.3734804,0.28499475,3,999
10,SE,1,0.3734804,0.40183446,6,666
10,SE,1,0.3734804,0.40582308,7,40
10,SE,1,0.3734804,0.3981026,7,999
10,SE,1,0.3734804,0.16947708,4,80
10,SE,1,0.3734804,0.5608051,5,3
10,SE,1,0.3734804,0.18402669,2,40
10,SE,1,0.3734804,0.39701068,6,666
10,SE,1,0.3734804,0.41514954,7,50
10,SE,1,0.3734804,0.30955103,5,40
10,SE,1,0.3734804,0.2202617,3,37
10,SE,1,0.3734804,0.45039794,7,43
10,SE,1,0.3734804,0.41961923,7,36
10,SE,1,0.3734804,0.21607141,4,50
10,SE,1,0.3734804,0.22191653,6,34
10,SE,1,0.3734804,0.26125994,3,40
10,SE,1,0.3734804,0.3050597,5,48
10,SE,1,0.3734804,0.41514954,4,40
10,SE,1,0.3734804,0.39125043,6,38
10,SE,1,0.3734804,0.18626265,2,40
10,SE,1,0.3734804,0.5965097,7,40
10,SE,1,0.3734804,0.18487367,6,32
10,SE,1,0.3734804,0.40183446,7,37
10,SE,1,0.3734804,0.21918152,7,100
10,SE,1,0.3734804,0.19910891,3,40
10,SE,1,0.3734804,0.3050597,4,3
10,SE,1,0.3734804,0.2253237,5,40
10,SE,1,0.3734804,0.6089504,6,22
10,SE,1,0.3734804,0.22191653,5,32
10,SE,1,0.3734804,0.29154453,5,0
10,SE,1,0.3734804,0.28368908,7,60
10,SE,1,0.3734804,0.18402669,4,32
10,SE,1,0.3734804,0.20002536,3,40
10,SE,1,0.3734804,0.40183446,6,24
10,SE,1,0.3734804,0.6163492,6,666
10,SE,1,0.3734804,0.52748543,4,55
10,SE,1,0.3734804,0.21607141,6,7
10,SE,1,0.3734804,0.26125994,2,45
10,SE,1,0.3734804,0.39883783,6,40
10,SE,1,0.3734804,0.3981026,4,42
10,SE,1,0.3734804,0.41514954,3,45
10,SE,1,0.3734804,0.31812242,6,46
10,SE,1,0.3734804,0.5608051,7,25
10,SE,1,0.3734804,0.365622,7,40
10,SE,1,0.3734804,0.47278592,6,32
10,SE,1,0.3734804,0.25771338,6,3
10,SE,1,0.3734804,0.20191789,6,40
10,SE,1,0.3734804,0.28368908,5,42
10,SE,1,0.3734804,0.36697522,6,40
10,SE,1,0.3734804,0.6089504,7,46
10,SE,1,0.3734804,0.18135662,5,40
10,SE,1,0.3734804,0.45774075,6,32
10,SE,1,0.3734804,0.41514954,3,43
10,SE,1,0.3734804,0.18402669,6,42
10,SE,1,0.3734804,0.62581223,4,45
10,SE,1,0.3734804,0.5762727,5,25
10,SE,1,0.3734804,0.365622,2,40
10,SE,1,0.3734804,0.27957302,3,48
10,SE,1,0.3734804,0.557436,7,7
10,SE,1,0.3734804,0.62581223,6,20
10,SE,1,0.3734804,0.54222167,6,70
10,SE,1,0.3734804,0.21327592,5,42
10,SE,1,0.3734804,0.4662755,6,40
10,SE,1,0.3734804,0.287136,4,24
10,SE,1,0.3734804,0.26125994,6,40
10,SE,1,0.3734804,0.5608051,7,42
10,SE,1,0.3734804,0.21607141,5,40
10,SE,1,0.3734804,0.30955103,6,35
10,SE,1,0.3734804,0.20152807,6,38
10,SE,1,0.3734804,0.4682605,5,30
10,SE,1,0.3734804,0.60011494,5,30
10,SE,1,0.3734804,0.17125541,6,20
10,SE,1,0.3734804,0.513273,4,40
10,SE,1,0.3734804,0.16717649,5,45
10,SE,1,0.3734804,0.19622004,4,5
10,SE,1,0.3734804,0.3981026,7,45
10,SE,1,0.3734804,0.41514954,5,35
10,SE,1,0.3734804,0.21018139,5,50
10,SE,1,0.3734804,0.18087766,7,24
10,SE,1,0.3734804,0.3981026,4,45
10,SE,1,0.3734804,0.3981026,6,43
10,SE,1,0.3734804,0.1937474,4,50
10,SE,1,0.3734804,0.5608051,7,41
10,SE,1,0.3734804,0.18135662,4,999
10,SE,1,0.3734804,0.40800402,5,38
10,SE,1,0.3734804,0.44903257,5,40
10,SE,1,0.3734804,0.41514954,2,60
10,SE,1,0.3734804,0.39883783,7,40
10,SE,1,0.3734804,0.54222167,2,45
10,SE,1,0.3734804,0.18402669,7,45
10,SE,1,0.3734804,0.45564362,6,999
10,SE,1,0.3734804,0.28368908,5,30
10,SE,1,0.3734804,0.30955103,7,50
10,SE,1,0.3734804,0.45039794,4,999
10,SE,1,0.3734804,0.27957302,4,999
10,SE,1,0.3734804,0.9758278,6,666
10,SE,1,0.3734804,0.5243404,7,36
10,SE,1,0.3734804,0.19910891,5,999
10,SE,1,0.3734804,0.39701068,5,40
10,SE,1,0.3734804,0.27957302,6,55
10,SE,1,0.3734804,0.3981026,2,55
10,SE,1,0.3734804,0.44903257,6,40
10,SE,1,0.3734804,0.20191789,6,43
10,SE,1,0.3734804,0.54222167,2,40
10,SE,1,0.3734804,0.6089504,5,40
10,SE,1,0.3734804,0.19910891,7,45
10,SE,1,0.3734804,0.3050597,6,45
10,SE,1,0.3734804,0.608078,7,30
10,SE,1,0.3734804,0.41961923,6,40
10,SE,1,0.3734804,0.16947708,4,40
10,SE,1,0.3734804,0.2253237,5,45
10,SE,1,0.3734804,0.56109416,4,40
10,SE,1,0.3734804,0.39125043,6,24
10,SE,1,0.3734804,0.39883783,7,666
10,SE,1,0.3734804,0.6163492,6,42
10,SE,1,0.3734804,0.3109757,5,45
10,SE,1,0.3734804,0.21607141,3,3
10,SE,1,0.3734804,0.21327592,5,50
10,SE,1,0.3734804,0.5608051,5,10
10,SE,1,0.3734804,0.4319035,4,42
10,SE,1,0.3734804,0.21925256,6,999
10,SE,1,0.3734804,0.28368908,6,40
10,SE,1,0.3734804,0.27957302,6,40
10,SE,1,0.3734804,0.28368908,6,45
10,SE,1,0.3734804,0.19641371,5,60
10,SE,1,0.3734804,0.5965097,7,91
10,SE,1,0.3734804,0.19622004,6,42
10,SE,1,0.3734804,0.2158672,6,20
10,SE,1,0.3734804,0.40396386,6,25
10,SE,1,0.3734804,0.2202617,4,40
10,SE,1,0.3734804,0.4036121,3,40
10,SE,1,0.3734804,0.50670403,6,45
10,SE,1,0.3734804,0.47269237,6,45
10,SE,1,0.3734804,0.98587,1,999
10,SE,1,0.3734804,0.3981026,7,40
10,SE,1,0.3734804,0.3981026,3,40
10,SE,1,0.3734804,0.28368908,7,40
10,SE,1,0.3734804,0.4088722,4,40
10,SE,1,0.3734804,0.20462222,6,2
10,SE,1,0.3734804,0.15552148,6,40
10,SE,1,0.3734804,0.28507718,7,40
10,SE,1,0.3734804,0.21425751,7,999
10,SE,1,0.3734804,0.45564362,4,40
10,SE,1,0.3734804,0.17125541,7,38
10,SE,1,0.3734804,0.3981026,4,45
10,SE,1,0.3734804,0.9758278,7,0
10,SE,1,0.3734804,0.4036121,6,32
10,SE,1,0.3734804,0.21018139,6,42
10,SE,1,0.3734804,0.21607141,6,50
10,SE,1,0.3734804,0.444716,7,43
10,SE,1,0.3734804,0.22191653,6,30
10,SE,1,0.3734804,0.27957302,3,39
10,SE,1,0.3734804,0.98587,7,35
10,SE,1,0.3734804,0.50670403,3,40
10,SE,1,0.3734804,0.31331208,5,35
10,SE,1,0.3734804,0.55020463,4,40
10,SE,1,0.3734804,0.2202617,6,40
10,SE,1,0.3734804,0.1665871,3,40
10,SE,1,0.3734804,0.18135662,6,40
10,SE,1,0.3734804,0.4319035,4,40
10,SE,1,0.3734804,0.19641371,4,40
10,SE,1,0.3734804,0.26125994,4,40
10,SE,1,0.3734804,0.21327592,6,40
10,SE,1,0.3734804,0.40183446,6,8
10,SE,1,0.3734804,0.19622004,6,30
10,SE,1,0.3734804,0.28507718,4,48
10,SE,1,0.3734804,0.45039794,5,35
10,SE,1,0.3734804,0.31331208,4,40
10,SE,1,0.3734804,0.26125994,5,70
10,SE,1,0.3734804,0.41392294,5,40
10,SE,1,0.3734804,0.18336686,6,10
10,SE,1,0.3734804,0.28368908,6,40
10,SE,1,0.3734804,0.3981026,4,40
10,SE,1,0.3734804,0.19641371,6,50
10,SE,1,0.3734804,0.45774075,4,30
10,SE,1,0.3734804,0.513273,7,44
10,SE,1,0.3734804,0.30955103,6,40
10,SE,1,0.3734804,0.2202617,6,15
10,SE,1,0.3734804,0.20152807,3,40
10,SE,1,0.3734804,0.44903257,7,39
10,SE,1,0.3734804,0.18402669,5,40
10,SE,1,0.3734804,0.39125043,5,24
10,SE,1,0.3734804,0.18402669,6,84
10,SE,1,0.3734804,0.19641371,2,999
10,SE,1,0.3734804,0.28507718,4,10
10,SE,1,0.3734804,0.5608051,7,666
10,SE,1,0.3734804,0.3981026,6,36
10,SE,1,0.3734804,0.8634382,4,45
10,SE,1,0.3734804,0.4319035,6,40
10,SE,1,0.3734804,0.40582308,2,50
10,SE,1,0.3734804,0.21327592,5,40
10,SE,1,0.3734804,0.21425751,4,40
10,SE,1,0.3734804,0.31553108,4,50
10,SE,1,0.3734804,0.21327592,5,50
10,SE,1,0.3734804,0.40396386,6,40
10,SE,1,0.3734804,1.0010066,3,999
10,SE,1,0.3734804,0.513273,7,20
10,SE,1,0.3734804,0.28499475,5,10
10,SE,1,0.3734804,0.1665871,6,40
10,SE,1,0.3734804,0.31553108,6,40
10,SE,1,0.3734804,0.34232122,7,60
10,SE,1,0.3734804,0.1991769,4,40
10,SE,1,0.3734804,0.28507718,4,40
10,SE,1,0.3734804,0.21925256,5,40
10,SE,1,0.3734804,0.9876842,6,666
10,SE,1,0.3734804,0.287136,4,36
10,SE,1,0.3734804,0.21918152,6,20
10,SE,1,0.3734804,0.5965097,6,999
10,SE,1,0.3734804,0.4611797,6,38
10,SE,1,0.3734804,0.5058258,6,20
10,SE,1,0.3734804,0.27957302,6,32
10,SE,1,0.3734804,0.4036121,5,40
10,SE,1,0.3734804,0.21918152,3,50
10,SE,1,0.3734804,0.50670403,4,40
10,SE,1,0.3734804,0.28368908,4,42
10,SE,1,0.3734804,0.20191789,6,40
10,SE,1,0.3734804,0.3050597,6,39
10,SE,1,0.3734804,0.31812242,3,666
10,SE,1,0.3734804,0.19622004,5,33
10,SE,1,0.3734804,0.18402669,4,40
10,SE,1,0.3734804,0.41514954,6,40
10,SE,1,0.3734804,0.18626265,4,40
10,SE,1,0.3734804,0.4319035,5,30
10,SE,1,0.3734804,0.21607141,5,45
10,SE,1,0.3734804,0.20191789,5,37
10,SE,1,0.3734804,0.44903257,2,42
10,SE,1,0.3734804,0.44903257,4,39
10,SE,1,0.3734804,0.40396386,5,42
10,SE,1,0.3734804,0.61175305,5,45
10,SE,1,0.3734804,0.40183446,3,25
10,SE,1,0.3734804,0.3050597,6,45
10,SE,1,0.3734804,0.3050597,6,35
10,SE,1,0.3734804,0.5693549,5,41
10,SE,1,0.3734804,0.39125043,6,20
10,SE,1,0.3734804,0.287136,7,44
10,SE,1,0.3734804,0.4611797,5,35
10,SE,1,0.3734804,0.20191789,6,40
10,SE,1,0.3734804,0.557436,7,24
10,SE,1,0.3734804,0.58512044,6,60
10,SE,1,0.3734804,0.2202617,6,999
10,SE,1,0.3734804,0.3050597,2,47
10,SE,1,0.3734804,0.28368908,3,40
10,SE,1,0.3734804,0.60011494,6,40
10,SE,1,0.3734804,0.3981026,6,50
10,SE,1,0.3734804,0.365622,6,28
10,SE,1,0.3734804,0.55319226,6,45
10,SE,1,0.3734804,0.18135662,6,42
10,SE,1,0.3734804,0.30955103,6,45
10,SE,1,0.3734804,0.28120717,5,45
10,SE,1,0.3734804,0.20002536,6,36
10,SE,1,0.3734804,0.21327592,6,20
10,SE,1,0.3734804,0.43826228,6,40
10,SE,1,0.3734804,0.5243404,6,20
10,SE,1,0.3734804,0.3050597,4,48
10,SE,1,0.3734804,0.3050597,7,42
10,SE,1,0.3734804,0.4319035,6,40
10,SE,1,0.3734804,0.28499475,5,38
10,SE,1,0.3734804,0.3981026,2,45
10,SE,1,0.3734804,0.3981026,7,45
10,SE,1,0.3734804,0.18087766,7,40
10,SE,1,0.3734804,0.18402669,4,40
10,SE,1,0.3734804,0.60011494,6,28
10,SE,1,0.3734804,0.5693549,6,40
10,SE,1,0.3734804,0.21018139,4,40
10,SE,1,0.3734804,0.20191789,7,45
10,SE,1,0.3734804,0.60011494,6,30
10,SE,1,0.3734804,0.41961923,6,9
10,SE,1,0.3734804,0.4319035,6,25
10,SE,1,0.3734804,0.4088722,6,45
10,SE,1,0.3734804,0.19641371,5,40
10,SE,1,0.3734804,0.97851837,7,40
10,SE,1,0.3734804,0.44027945,7,40
10,SE,1,0.3734804,0.39701068,5,25
10,SE,1,0.3734804,0.1991769,6,40
10,SE,1,0.3734804,0.2253237,4,42
10,SE,1,0.3734804,0.47564346,5,38
10,SE,1,0.3734804,0.4319035,5,39
10,SE,1,0.3734804,0.5527369,6,42
10,SE,1,0.3734804,0.47269237,2,24
10,SE,1,0.3734804,0.4319035,5,40
10,SE,1,0.3734804,0.16947708,3,999
10,SE,1,0.3734804,0.21018139,4,60
10,SE,1,0.3734804,0.1937474,6,50
10,SE,1,0.3734804,0.60011494,7,45
10,SE,1,0.3734804,0.62581223,6,40
10,SE,1,0.3734804,0.21607141,7,55
10,SE,1,0.3734804,0.40800402,4,30
10,SE,1,0.3734804,0.21607141,6,36
10,SE,1,0.3734804,0.55020463,5,40
10,SE,1,0.3734804,0.18336686,6,44
10,SE,1,0.3734804,0.21925256,4,41
10,SE,1,0.3734804,0.5243404,6,30
10,SE,1,0.3734804,0.54222167,6,48
10,SE,1,0.3734804,0.1937474,6,50
10,SE,1,0.3734804,0.5527369,6,168
10,SE,1,0.3734804,0.20002536,5,40
10,SE,1,0.3734804,0.28368908,4,0
10,SE,1,0.3734804,0.28368908,4,40
10,SE,1,0.3734804,0.6126464,6,999
10,SE,1,0.3734804,0.6126464,6,666
10,SE,1,0.3734804,0.58512044,4,34
10,SE,1,0.3734804,0.26125994,5,50
10,SE,1,0.3734804,0.28368908,3,45
10,SE,1,0.3734804,0.62205255,7,8
10,SE,1,0.3734804,0.21925256,6,40
10,SE,1,0.3734804,0.36697522,6,45
10,SE,1,0.3734804,0.54222167,4,40
10,SE,1,0.3734804,0.39125043,6,38
10,SE,1,0.3734804,0.21925256,6,40
10,SE,1,0.3734804,0.28507718,5,45
10,SE,1,0.3734804,0.3981026,4,40
10,SE,1,0.3734804,0.21607141,6,32
10,SE,1,0.3734804,0.18087766,5,40
10,SE,1,0.3734804,0.1891224,5,40
10,SE,1,0.3734804,0.3050597,6,48
10,SE,1,0.3734804,0.20191789,4,999
10,SE,1,0.3734804,0.8864767,7,45
10,SE,1,0.3734804,0.56109416,5,40
10,SE,1,0.3734804,0.3981026,3,8
10,SE,1,0.3734804,0.3050597,5,60
10,SE,1,0.3734804,0.20462222,5,30
10,SE,1,0.3734804,0.9740356,5,40
10,SE,1,0.3734804,0.18402669,6,50
10,SE,1,0.3734804,0.1891224,4,45
10,SE,1,0.3734804,0.62581223,5,39
10,SE,1,0.3734804,0.28368908,4,45
10,SE,1,0.3734804,0.37202543,6,40
10,SE,1,0.3734804,0.3981026,6,45
10,SE,1,0.3734804,0.1891224,4,50
10,SE,1,0.3734804,0.3981026,4,40
10,SE,1,0.3734804,0.26125994,2,40
10,SE,1,0.3734804,0.4319035,5,40
10,SE,1,0.3734804,0.37202543,7,40
10,SE,1,0.3734804,0.55020463,6,40
10,SE,1,0.3734804,0.3101001,7,40
10,SE,1,0.3734804,0.5243404,7,50
10,SE,1,0.3734804,0.5608051,7,50
10,SE,1,0.3734804,0.56109416,3,40
10,SE,1,0.3734804,0.9876842,7,10
10,SE,1,0.3734804,0.31331208,7,45
10,SE,1,0.3734804,0.56543976,4,10
10,SE,1,0.3734804,0.43826228,3,40
10,SE,1,0.3734804,0.41514954,4,42
10,SE,1,0.3734804,0.26125994,6,43
10,SE,1,0.3734804,0.20191789,6,999
10,SE,1,0.3734804,0.21327592,2,1
10,SE,1,0.3734804,0.28368908,3,45
10,SE,1,0.3734804,0.55319226,6,35
10,SE,1,0.3734804,0.21425751,4,50
10,SE,1,0.3734804,0.16947708,4,45
10,SE,1,0.3734804,0.31331208,6,45
10,SE,1,0.3734804,0.27957302,4,50
10,SE,1,0.3734804,0.47564346,7,40
10,SE,1,0.3734804,0.44903257,6,40
10,SE,1,0.3734804,0.40582308,4,15
10,SE,1,0.3734804,0.18626265,4,40
10,SE,1,0.3734804,0.29154453,6,45
10,SE,1,0.3734804,0.28507718,2,999
10,SE,1,0.3734804,0.47278592,6,7
10,SE,1,0.3734804,0.56543976,7,40
10,SE,1,0.3734804,0.41961923,5,666
10,SE,1,0.3734804,0.2202617,6,45
10,SE,1,0.3734804,0.21327592,4,40
10,SE,1,0.3734804,0.20191789,6,40
10,SE,1,0.3734804,0.89702564,4,50
10,SE,1,0.3734804,0.4036121,6,40
10,SE,1,0.3734804,0.5058258,6,9
10,SE,1,0.3734804,0.3981026,6,37
10,SE,1,0.3734804,0.24178644,4,40
10,SE,1,0.3734804,0.21018139,6,15
10,SE,1,0.3734804,0.44358736,3,40
10,SE,1,0.3734804,0.18626265,6,38
10,SE,1,0.3734804,0.16947708,6,40
10,SE,1,0.3734804,0.27957302,6,35
10,SE,1,0.3734804,0.21607141,6,42
10,SE,1,0.3734804,0.3050597,5,50
10,SE,1,0.3734804,0.18402669,4,65
10,SE,1,0.3734804,0.44903257,6,38
10,SE,1,0.3734804,0.21607141,6,50
10,SE,1,0.3734804,0.26125994,7,70
10,SE,1,0.3734804,0.6052919,7,666
10,SE,1,0.3734804,0.21918152,7,40
10,SE,1,0.3734804,0.6163492,7,40
10,SE,1,0.3734804,0.20002536,4,40
10,SE,1,0.3734804,0.21925256,3,42
10,SE,1,0.3734804,0.40800402,4,42
10,SE,1,0.3734804,0.27957302,4,30
10,SE,1,0.3734804,0.3109757,4,24
10,SE,1,0.3734804,0.20462222,5,40
10,SE,1,0.3734804,0.29154453,7,40
10,SE,1,0.3734804,0.4319035,4,40
10,SE,1,0.3734804,0.56543976,7,55
10,SE,1,0.3734804,0.97851837,4,40
10,SE,1,0.3734804,0.21425751,2,30
10,SE,1,0.3734804,0.22191653,6,40
10,SE,1,0.3734804,0.37202543,3,20
10,SE,1,0.3734804,0.21925256,3,50
10,SE,1,0.3734804,0.26125994,5,40
10,SE,1,0.3734804,0.19910891,5,45
10,SE,1,0.3734804,0.43826228,4,45
10,SE,1,0.3734804,0.21925256,6,38
10,SE,1,0.3734804,0.9758278,5,999
10,SE,1,0.3734804,0.18626265,2,999
10,SE,1,0.3734804,0.29154453,2,50
10,SE,1,0.3734804,0.3050597,6,32
10,SE,1,0.3734804,0.25771338,2,40
10,SE,1,0.3734804,0.41961923,6,10
10,SE,1,0.3734804,0.44903257,5,13
10,SE,1,0.3734804,0.19641371,7,40
10,SE,1,0.3734804,0.9758278,7,6
10,SE,1,0.3734804,0.4319035,4,55
10,SE,1,0.3734804,0.41961923,4,40
10,SE,1,0.3734804,0.27957302,4,48
10,SE,1,0.3734804,0.3050597,5,45
10,SE,1,0.3734804,0.6126464,6,666
10,SE,1,0.3734804,0.40396386,2,42
10,SE,1,0.3734804,0.19622004,5,40
10,SE,1,0.3734804,0.31812242,6,999
10,SE,1,0.3734804,0.3050597,4,39
10,SE,1,0.3734804,0.3050597,4,72
10,SE,1,0.3734804,0.25771338,5,46
10,SE,1,0.3734804,0.56109416,5,40
10,SE,1,0.3734804,0.62581223,6,40
10,SE,1,0.3734804,0.5693549,2,38
10,SE,1,0.3734804,0.18487367,6,47
10,SE,1,0.3734804,0.30955103,2,40
10,SE,1,0.3734804,0.4319035,5,40
10,SE,1,0.3734804,0.3981026,6,45
10,SE,1,0.3734804,0.18087766,6,40
10,SE,1,0.3734804,0.28368908,6,45
10,SE,1,0.3734804,0.40800402,6,41
10,SE,1,0.3734804,0.29154453,4,50
10,SE,1,0.3734804,0.20191789,7,45
10,SE,1,0.3734804,0.20462222,3,30
10,SE,1,0.3734804,0.9758278,6,666
10,SE,1,0.3734804,0.51950926,6,42
10,SE,1,0.3734804,0.21607141,6,40
10,SE,1,0.3734804,0.39125043,4,38
10,SE,1,0.3734804,0.6052919,5,666
10,SE,1,0.3734804,0.5243404,3,30
10,SE,1,0.3734804,0.513273,4,40
10,SE,1,0.3734804,0.1991769,6,40
10,SE,1,0.3734804,0.6052919,6,666
10,SE,1,0.3734804,0.2253237,6,42
10,SE,1,0.3734804,0.30955103,4,666
10,SE,1,0.3734804,0.34232122,4,40
10,SE,1,0.3734804,0.31331208,7,40
10,SE,1,0.3734804,0.1891224,2,40
10,SE,1,0.3734804,0.54222167,6,26
10,SE,1,0.3734804,0.3981026,6,40
10,SE,1,0.3734804,0.45039794,4,42
10,SE,1,0.3734804,0.44903257,6,999
10,SE,1,0.3734804,0.45039794,3,37
10,SE,1,0.3734804,0.39883783,7,27
10,SE,1,0.3734804,0.27957302,3,40
10,SE,1,0.3734804,0.4088722,5,40
10,SE,1,0.3734804,0.19622004,6,38
10,SE,1,0.3734804,0.40582308,6,43
10,SE,1,0.3734804,0.18336686,3,35
10,SE,1,0.3734804,0.17125541,4,30
10,SE,1,0.3734804,0.39125043,7,9
10,SE,1,0.3734804,0.6163492,7,70
10,SE,1,0.3734804,0.2253237,4,35
10,SE,1,0.3734804,0.21425751,6,50
10,SE,1,0.3734804,0.21327592,4,45
10,SE,1,0.3734804,0.2253237,5,45
10,SE,1,0.3734804,0.5762727,3,30
10,SE,1,0.3734804,0.444716,2,15
10,SE,1,0.3734804,0.43826228,5,50
10,SE,1,0.3734804,0.3109757,6,25
10,SE,1,0.3734804,0.20152807,4,42
10,SE,1,0.3734804,0.22158603,7,40
10,SE,1,0.3734804,0.47269237,6,666
10,SE,1,0.3734804,0.45039794,6,42
10,SE,1,0.3734804,0.50670403,6,55
10,SE,1,0.3734804,0.44903257,6,35
10,SE,1,0.3734804,0.20191789,7,45
10,SE,1,0.3734804,0.21607141,6,40
10,SE,1,0.3734804,0.41514954,7,35
10,SE,1,0.3734804,0.60011494,7,40
10,SE,1,0.3734804,0.26125994,6,50
10,SE,1,0.3734804,0.21925256,5,40
10,SE,1,0.3734804,0.513273,2,666
10,SE,1,0.3734804,0.96166945,7,666
10,SE,1,0.3734804,0.21327592,3,40
10,SE,1,0.3734804,0.20191789,6,40
10,SE,1,0.3734804,0.25771338,6,48
10,SE,1,0.3734804,0.2158672,4,666
10,SE,1,0.3734804,0.25771338,1,30
10,SE,1,0.3734804,0.56543976,5,50
10,SE,1,0.3734804,0.21607141,6,45
10,SE,1,0.3734804,0.3050597,4,40
10,SE,1,0.3734804,0.27957302,6,39
10,SE,1,0.3734804,0.45564362,6,45
10,SE,1,0.3734804,0.54222167,7,40
10,SE,1,0.3734804,0.43826228,6,40
10,SE,1,0.3734804,0.18087766,5,30
10,SE,1,0.3734804,0.3981026,6,35
10,SE,1,0.3734804,0.365622,7,40
10,SE,1,0.3734804,0.20002536,5,40
10,SE,1,0.3734804,0.27957302,4,40
10,SE,1,0.3734804,0.3981026,6,40
10,SE,1,0.3734804,0.40582308,4,40
10,SE,1,0.3734804,0.16947708,2,40
10,SE,1,0.3734804,0.1665871,4,41
10,SE,1,0.3734804,0.61175305,5,45
10,SE,1,0.3734804,0.4319035,6,44
10,SE,1,0.3734804,0.3981026,5,666
10,SE,1,0.3734804,0.3981026,2,70
10,SE,1,0.3734804,0.3101001,7,666
10,SE,1,0.3734804,0.98031896,2,666
10,SE,1,0.3734804,0.4611797,6,40
10,SE,1,0.3734804,0.45564362,7,35
10,SE,1,0.3734804,0.21918152,4,47
10,SE,1,0.3734804,0.40396386,2,55
10,SE,1,0.3734804,0.6089504,6,40
10,SE,1,0.3734804,0.40396386,99,40
10,SE,1,0.3734804,0.5243404,2,42
10,SE,1,0.3734804,0.25771338,6,40
10,SE,1,0.3734804,0.22191653,6,35
10,SE,1,0.3734804,0.5498687,7,999
10,SE,1,0.3734804,0.19910891,2,999
10,SE,1,0.3734804,0.19641371,4,50
10,SE,1,0.3734804,0.21425751,7,50
10,SE,1,0.3734804,0.28120717,6,40
10,SE,1,0.3734804,0.34232122,7,40
10,SE,1,0.3734804,0.28368908,6,50
10,SE,1,0.3734804,0.25771338,7,45
10,SE,1,0.3734804,0.56109416,5,15
10,SE,1,0.3734804,0.44903257,6,50
10,SE,1,0.3734804,0.45564362,7,60
10,SE,1,0.3734804,0.30955103,6,50
10,SE,1,0.3734804,0.50670403,7,40
10,SE,1,0.3734804,0.50670403,3,57
10,SE,1,0.3734804,0.22191653,4,40
10,SE,1,0.3734804,0.20191789,6,20
10,SE,1,0.3734804,0.28499475,6,42
10,SE,1,0.3734804,0.40396386,6,40
10,SE,1,0.3734804,0.26125994,4,32
10,SE,1,0.3734804,0.3050597,2,60
10,SE,1,0.3734804,0.19641371,3,40
10,SE,1,0.3734804,0.26125994,5,50
10,SE,1,0.3734804,0.31812242,6,32
10,SE,1,0.3734804,0.22191653,7,40
10,SE,1,0.3734804,0.20462222,4,4
10,SE,1,0.3734804,0.287136,6,40
10,SE,1,0.3734804,0.56109416,3,40
10,SE,1,0.3734804,0.21425751,7,45
10,SE,1,0.3734804,0.18087766,6,2
10,SE,1,0.3734804,0.31331208,4,40
10,SE,1,0.3734804,0.6052919,7,666
10,SE,1,0.3734804,0.287136,3,45
10,SE,1,0.3734804,0.4319035,5,40
10,SE,1,0.3734804,0.3109757,6,50
10,SE,1,0.3734804,0.40091112,5,666
10,SE,1,0.3734804,0.36697522,3,43
10,SE,1,0.3734804,0.30955103,6,5
10,SE,1,0.3734804,0.45564362,6,40
10,SE,1,0.3734804,0.3050597,7,25
10,SE,1,0.3734804,0.19910891,4,30
10,SE,1,0.3734804,0.18135662,3,30
10,SE,1,0.3734804,0.62581223,7,6
10,SE,1,0.3734804,0.21925256,6,24
10,SE,1,0.3734804,0.27957302,6,666
10,SE,1,0.3734804,0.18402669,6,40
10,SE,1,0.3734804,0.557436,7,0
10,SE,1,0.3734804,0.52748543,7,42
10,SE,1,0.3734804,0.4611797,7,40
10,SE,1,0.3734804,0.28368908,6,38
10,SE,1,0.3734804,0.28507718,4,24
10,SE,1,0.3734804,0.31553108,7,41
10,SE,1,0.3734804,0.21925256,4,0
10,SE,1,0.3734804,0.21327592,6,37
10,SE,1,0.3734804,0.55020463,5,40
10,SE,1,0.3734804,0.41514954,6,38
10,SE,1,0.3734804,0.557436,7,40
10,SE,1,0.3734804,0.30955103,7,40
10,SE,1,0.3734804,0.7622066,6,60
10,SE,1,0.3734804,0.62581223,2,42
10,SE,1,0.3734804,0.21327592,6,28
10,SE,1,0.3734804,0.31331208,4,999
10,SE,1,0.3734804,0.21607141,6,40
10,SE,1,0.3734804,0.27957302,6,30
10,SE,1,0.3734804,0.365622,6,30
10,SE,1,0.3734804,0.54222167,3,40
10,SE,1,0.3734804,0.22191653,6,40
10,SE,1,0.3734804,0.4682605,6,40
10,SE,1,0.3734804,0.18135662,6,50
10,SE,1,0.3734804,0.17125541,4,40
10,SE,1,0.3734804,0.56109416,5,50
10,SE,1,0.3734804,0.26125994,5,999
10,SE,1,0.3734804,0.45039794,2,50
10,SE,1,0.3734804,0.19910891,4,40
10,SE,1,0.3734804,0.19910891,6,40
10,SE,1,0.3734804,0.21018139,6,30
10,SE,1,0.3734804,0.43826228,3,38
10,SE,1,0.3734804,0.1891224,6,45
10,SE,1,0.3734804,0.41514954,5,30
10,SE,1,0.3734804,0.9635257,6,35
10,SE,1,0.3734804,0.45774075,4,40
10,SE,1,0.3734804,0.21925256,6,50
10,SE,1,0.3734804,0.55020463,6,45
10,SE,1,0.3734804,0.19622004,7,50
10,SE,1,0.3734804,0.21925256,5,30
10,SE,1,0.3734804,0.21018139,6,666
10,SE,1,0.3734804,0.20191789,6,40
10,SE,1,0.3734804,0.6052919,4,14
10,SE,1,0.3734804,0.1891224,6,40
10,SE,1,0.3734804,0.44903257,7,48
10,SE,1,0.3734804,0.18626265,6,60
10,SE,1,0.3734804,0.1891224,6,39
10,SE,1,0.3734804,0.22158603,7,48
10,SE,1,0.3734804,0.5965097,7,999
10,SE,1,0.3734804,0.19910891,3,40
10,SE,1,0.3734804,0.25771338,6,60
10,SE,1,0.3734804,0.21918152,6,25
10,SE,1,0.3734804,0.5243404,5,42
10,SE,1,0.3734804,0.22191653,4,50
10,SE,1,0.3734804,0.20002536,4,20
10,SE,1,0.3734804,0.60011494,6,40
10,SE,1,0.3734804,0.47564346,4,42
10,SE,1,0.3734804,0.27957302,3,40
10,SE,1,0.3734804,0.55688965,5,40
10,SE,1,0.3734804,0.47269237,5,40
10,SE,1,0.3734804,0.1991769,5,20
10,SE,1,0.3734804,0.2202617,6,37
10,SE,1,0.3734804,0.60011494,4,65
10,SE,1,0.3734804,0.18402669,4,50
10,SE,1,0.3734804,0.40396386,7,50
10,SE,1,0.3734804,0.45039794,2,40
10,SE,1,0.3734804,0.58512044,4,40
10,SE,1,0.3734804,0.60011494,7,40
10,SE,1,0.3734804,0.28368908,7,45
10,SE,1,0.3734804,0.55020463,3,55
10,SE,1,0.3734804,0.37202543,2,43
10,SE,1,0.3734804,0.26125994,3,36
10,SE,1,0.3734804,0.47278592,7,666
10,SE,1,0.3734804,0.1991769,2,36
10,SE,1,0.3734804,0.3981026,4,44
10,SE,1,0.3734804,0.60011494,7,8
10,SE,1,0.3734804,0.15552148,2,20
10,SE,1,0.3734804,0.287136,3,40
10,SE,1,0.3734804,0.55020463,4,38
10,SE,1,0.3734804,0.50670403,6,45
10,SE,1,0.3734804,0.3050597,6,40
10,SE,1,0.3734804,0.54222167,3,40
10,SE,1,0.3734804,0.2202617,6,25
10,SE,1,0.3734804,0.27957302,4,60
10,SE,1,0.3734804,0.39701068,7,40
10,SE,1,0.3734804,0.18336686,3,40
10,SE,1,0.3734804,0.25771338,4,2
10,SE,1,0.3734804,0.21918152,6,45
10,SE,1,0.3734804,0.39883783,6,999
10,SE,1,0.3734804,0.28120717,6,40
10,SE,1,0.3734804,0.56543976,4,38
10,SE,1,0.3734804,0.3050597,6,999
10,SE,1,0.3734804,0.19910891,7,25
10,SE,1,0.3734804,0.6089504,5,40
10,SE,1,0.3734804,0.3981026,5,41
10,SE,1,0.3734804,0.45564362,6,40
10,SE,1,0.3734804,0.40800402,4,28
10,SE,1,0.3734804,0.4682605,6,45
10,SE,1,0.3734804,0.19910891,5,999
10,SE,1,0.3734804,0.26125994,4,60
10,SE,1,0.3734804,0.26125994,2,40
10,SE,1,0.3734804,0.5693549,6,48
10,SE,1,0.3734804,0.41514954,4,43
10,SE,1,0.3734804,0.5498687,6,666
10,SE,1,0.3734804,0.4036121,7,40
10,SE,1,0.3734804,0.45564362,7,666
10,SE,1,0.3734804,0.55319226,2,37
10,SE,1,0.3734804,0.6089504,6,60
10,SE,1,0.3734804,0.41514954,4,999
10,SE,1,0.3734804,0.15552148,7,999
10,SE,1,0.3734804,0.20191789,4,40
10,SE,1,0.3734804,0.20191789,7,43
10,SE,1,0.3734804,0.3981026,4,40
10,SE,1,0.3734804,0.21925256,4,40
10,SE,1,0.3734804,0.8634382,2,40
10,SE,1,0.3734804,0.8986764,4,8
10,SE,1,0.3734804,0.20152807,6,40
10,SE,1,0.3734804,0.5527369,7,40
10,SE,1,0.3734804,0.19622004,6,42
10,SE,1,0.3734804,0.20152807,6,20
10,SE,1,0.3734804,0.29154453,6,40
10,SE,1,0.3734804,0.49982545,6,45
10,SE,1,0.3734804,0.56109416,5,32
10,SE,1,0.3734804,0.16947708,6,40
10,SE,1,0.3734804,0.1891224,6,40
10,SE,1,0.3734804,0.39125043,5,40
10,SE,1,0.3734804,0.39125043,1,9
10,SE,1,0.3734804,0.3981026,3,14
10,SE,1,0.3734804,0.47269237,7,58
10,SE,1,0.3734804,0.96166945,6,666
10,SE,1,0.3734804,0.43826228,6,40
10,SE,1,0.3734804,0.2202617,6,35
10,SE,1,0.3734804,0.5498687,7,666
10,SE,1,0.3734804,0.37202543,4,40
10,SE,1,0.3734804,0.5693549,4,37
10,SE,1,0.3734804,0.37202543,4,37
10,SE,1,0.3734804,0.1937474,3,50
10,SE,1,0.3734804,0.28368908,7,60
10,SE,1,0.3734804,0.6126464,6,20
10,SE,1,0.3734804,0.29154453,6,40
10,SE,1,0.3734804,0.3109757,6,45
10,SE,1,0.3734804,0.26125994,5,40
10,SE,1,0.3734804,0.21925256,6,12
10,SE,1,0.3734804,0.26125994,5,45
10,SE,1,0.3734804,0.18135662,4,45
10,SE,1,0.3734804,0.27957302,5,40
10,SE,1,0.3734804,0.45039794,7,40
10,SE,1,0.3734804,0.45564362,4,43
10,SE,1,0.3734804,0.41961923,4,40
10,SE,1,0.3734804,0.41514954,4,50
10,SE,1,0.3734804,0.19910891,7,45
10,SE,1,0.3734804,0.20191789,6,999
10,SE,1,0.3734804,0.2253237,3,40
10,SE,1,0.3734804,0.3981026,6,20
10,SE,1,0.3734804,0.6163492,6,40
10,SE,1,0.3734804,0.28368908,3,40
10,SE,1,0.3734804,0.25771338,6,42
10,SE,1,0.3734804,0.62581223,2,20
10,SE,1,0.3734804,0.39125043,6,32
10,SE,1,0.3734804,0.21607141,4,40
10,SE,1,0.3734804,0.5762727,5,50
10,SE,1,0.3734804,0.56543976,2,43
10,SE,1,0.3734804,0.40582308,7,45
10,SE,1,0.3734804,0.39883783,7,40
10,SE,1,0.3734804,0.21925256,99,999
10,SE,1,0.3734804,0.50670403,4,38
10,SE,1,0.3734804,0.21018139,7,50
10,SE,1,0.3734804,0.40396386,2,60
10,SE,1,0.3734804,0.22191653,1,999
10,SE,1,0.3734804,0.27957302,5,30
10,SE,1,0.3734804,0.18087766,3,999
10,SE,1,0.3734804,0.26125994,7,40
10,SE,1,0.3734804,0.557436,7,5
10,SE,1,0.3734804,0.40396386,7,40
10,SE,1,0.3734804,0.21918152,3,60
10,SE,1,0.3734804,0.47269237,6,60
10,SE,1,0.3734804,0.18402669,4,45
10,SE,1,0.3734804,0.20462222,6,40
10,SE,1,0.3734804,0.56543976,4,45
10,SE,1,0.3734804,0.3101001,5,36
10,SE,1,0.3734804,0.1891224,2,999
10,SE,1,0.3734804,0.18336686,5,40
10,SE,1,0.3734804,0.18402669,5,40
10,SE,1,0.3734804,0.45774075,5,40
10,SE,1,0.3734804,0.28499475,2,40
10,SE,1,0.3734804,1.0028483,7,666
10,SE,1,0.3734804,0.28368908,2,60
10,SE,1,0.3734804,0.56543976,4,40
10,SE,1,0.3734804,0.5608051,6,16
10,SE,1,0.3734804,0.5608051,7,999
10,SE,1,0.3734804,0.52748543,7,40
10,SE,1,0.3734804,0.6126464,6,999
10,SE,1,0.3734804,0.26125994,3,38
10,SE,1,0.3734804,0.4088722,7,40
10,SE,1,0.3734804,0.43826228,3,40
10,SE,1,0.3734804,0.21425751,4,60
10,SE,1,0.3734804,0.34232122,6,13
10,SE,1,0.3734804,0.45564362,6,43
10,SE,1,0.3734804,0.26125994,4,40
10,SE,1,0.3734804,0.19641371,2,45
10,SE,1,0.3734804,0.21925256,6,40
10,SE,1,0.3734804,0.18402669,3,40
10,SE,1,0.3734804,0.50670403,6,40
10,SE,1,0.3734804,0.4682605,6,45
10,SE,1,0.3734804,0.55020463,4,40
10,SE,1,0.3734804,0.6052919,3,10
10,SE,1,0.3734804,0.1891224,4,60
10,SE,1,0.3734804,1.0028483,3,40
10,SE,1,0.3734804,0.55020463,5,40
10,SE,1,0.3734804,0.37202543,6,43
10,SE,1,0.3734804,0.16947708,6,40
10,SE,1,0.3734804,0.43826228,3,40
10,SE,1,0.3734804,0.41961923,7,40
10,SE,1,0.3734804,0.3981026,6,38
10,SE,1,0.3734804,0.41961923,5,40
10,SE,1,0.3734804,0.50670403,5,40
10,SE,1,0.3734804,0.18626265,6,42
10,SE,1,0.3734804,0.22191653,6,36
10,SE,1,0.3734804,0.36065868,6,40
10,SE,1,0.3734804,0.18135662,6,37
10,SE,1,0.3734804,0.28499475,7,40
10,SE,1,0.3734804,0.16947708,2,40
10,SE,1,0.3734804,0.365622,5,40
10,SE,1,0.3734804,0.4319035,6,40
10,SE,1,0.3734804,0.2202617,4,40
10,SE,1,0.3734804,0.43826228,5,40
10,SE,1,0.3734804,0.28368908,5,20
10,SE,1,0.3734804,0.5172224,6,40
10,SE,1,0.3734804,0.9876842,5,40
10,SE,1,0.3734804,0.21018139,7,40
10,SE,1,0.3734804,0.28368908,4,40
10,SE,1,0.3734804,0.608078,6,43
10,SE,1,0.3734804,0.3981026,6,43
10,SE,1,0.3734804,0.6089504,6,44
10,SE,1,0.3734804,0.4319035,5,45
10,SE,1,0.3734804,0.26125994,5,50
10,SE,1,0.3734804,0.21607141,7,30
10,SE,1,0.3734804,0.18402669,6,25
10,SE,1,0.3734804,0.52748543,6,42
10,SE,1,0.3734804,0.20462222,6,40
10,SE,1,0.3734804,0.287136,6,45
10,SE,1,0.3734804,0.18487367,7,48
10,SE,1,0.3734804,0.21607141,4,35
10,SE,1,0.3734804,0.21018139,4,60
10,SE,1,0.3734804,0.51950926,7,40
10,SE,1,0.3734804,0.21918152,6,45
10,SE,1,0.3734804,0.40800402,6,40
10,SE,1,0.3734804,0.26125994,7,88
10,SE,1,0.3734804,0.21918152,6,40
10,SE,1,0.3734804,0.21327592,5,48
10,SE,1,0.3734804,0.5762727,6,40
10,SE,1,0.3734804,0.3981026,2,40
10,SE,1,0.3734804,0.4036121,4,50
10,SE,1,0.3734804,0.16947708,5,40
10,SE,1,0.3734804,0.21327592,5,30
10,SE,1,0.3734804,0.5965097,99,30
10,SE,1,0.3734804,0.365622,6,40
10,SE,1,0.3734804,0.28507718,6,50
10,SE,1,0.3734804,0.40396386,6,40
10,SE,1,0.3734804,0.28499475,6,42
10,SE,1,0.3734804,0.47278592,7,666
10,SE,1,0.3734804,0.36065868,4,32
10,SE,1,0.3734804,0.31812242,7,45
10,SE,1,0.3734804,0.21925256,4,40
10,SE,1,0.3734804,0.28368908,6,45
10,SE,1,0.3734804,0.9375647,4,39
10,SE,1,0.3734804,0.37202543,6,45
10,SE,1,0.3734804,0.19910891,4,999
10,SE,1,0.3734804,0.40582308,1,33
10,SE,1,0.3734804,0.19622004,6,20
10,SE,1,0.3734804,0.43826228,6,7
10,SE,1,0.3734804,0.41961923,7,9
10,SE,1,0.3734804,0.36065868,4,16
10,SE,1,0.3734804,0.21607141,6,40
10,SE,1,0.3734804,0.21018139,6,45
10,SE,1,0.3734804,0.26125994,4,50
10,SE,1,0.3734804,0.6089504,4,20
10,SE,1,0.3734804,0.45039794,2,666
10,SE,1,0.3734804,0.2253237,6,36
10,SE,1,0.3734804,0.21018139,7,44
10,SE,1,0.3734804,0.61175305,6,40
10,SE,1,0.3734804,0.55020463,6,40
10,SE,1,0.3734804,0.55020463,4,38
10,SE,1,0.3734804,0.6163492,6,48
10,SE,1,0.3734804,0.21327592,4,40
10,SE,1,0.3734804,0.20191789,6,60
10,SE,1,0.3734804,0.21918152,2,40
10,SE,1,0.3734804,0.96166945,7,666
10,SE,1,0.3734804,0.3981026,7,40
10,SE,1,0.3734804,0.56109416,7,40
10,SE,1,0.3734804,0.19622004,6,999
10,SE,1,0.3734804,0.28499475,5,666
10,SE,1,0.3734804,0.45774075,6,40
10,SE,1,0.3734804,0.39883783,5,25
10,SE,1,0.3734804,0.40396386,4,40
10,SE,1,0.3734804,0.5172224,6,999
10,SE,1,0.3734804,0.16947708,2,40
10,SE,1,0.3734804,0.9758278,7,999
10,SE,1,0.3734804,0.43826228,4,40
10,SE,1,0.3734804,0.96166945,7,6
10,SE,1,0.3734804,0.17125541,6,35
10,SE,1,0.3734804,0.41514954,7,40
10,SE,1,0.3734804,0.21018139,5,30
10,SE,1,0.3734804,0.31812242,6,44
10,SE,1,0.3734804,0.44903257,4,39
10,SE,1,0.3734804,0.96166945,7,10
10,SE,1,0.3734804,0.45564362,3,40
10,SE,1,0.3734804,0.18336686,5,30
10,SE,1,0.3734804,0.16947708,7,40
10,SE,1,0.3734804,0.18402669,7,50
10,SE,1,0.3734804,0.20191789,6,40
10,SE,1,0.3734804,0.18402669,5,60
10,SE,1,0.3734804,0.18336686,6,40
10,SE,1,0.3734804,0.62581223,6,45
10,SE,1,0.3734804,0.28507718,4,55
10,SE,1,0.3734804,0.24178644,5,40
10,SE,1,0.3734804,0.40396386,4,34
10,SE,1,0.3734804,0.18487367,4,43
10,SE,1,0.3734804,0.5058258,6,40
10,SE,1,0.3734804,0.22191653,2,30
10,SE,1,0.3734804,0.40396386,3,40
10,SE,1,0.3734804,0.96166945,4,30
10,SE,1,0.3734804,0.1891224,4,999
10,SE,1,0.3734804,0.40800402,6,999
10,SE,1,0.3734804,0.2202617,3,40
10,SE,1,0.3734804,0.21925256,5,40
10,SE,1,0.3734804,0.44358736,5,50
10,SE,1,0.3734804,0.39883783,7,4
10,SE,1,0.3734804,0.19641371,7,40
10,SE,1,0.3734804,0.19622004,2,40
10,SE,1,0.3734804,0.18487367,4,43
10,SE,1,0.3734804,0.3981026,6,42
10,SE,1,0.3734804,0.18626265,5,50
10,SE,1,0.3734804,0.30955103,5,45
10,SE,1,0.3734804,0.4088722,5,45
10,SE,1,0.3734804,0.21327592,6,50
10,SE,1,0.3734804,0.21918152,6,40
10,SE,1,0.3734804,0.19641371,3,50
10,SE,1,0.3734804,0.51950926,6,40
10,SE,1,0.3734804,0.21018139,4,40
10,SE,1,0.3734804,0.62205255,6,12
10,SE,1,0.3734804,0.4036121,5,40
10,SE,1,0.3734804,0.444716,5,40
10,SE,1,0.3734804,0.29154453,5,40
10,SE,1,0.3734804,0.6163492,7,40
10,SE,1,0.3734804,0.21918152,5,40
10,SE,1,0.3734804,0.20191789,3,40
10,SE,1,0.3734804,0.4088722,4,40
10,SE,1,0.3734804,0.21918152,6,45
10,SE,1,0.3734804,0.40396386,6,40
10,SE,1,0.3734804,0.44358736,6,45
10,SE,1,0.3734804,0.58512044,5,40
10,SE,1,0.3734804,0.92396134,5,40
10,SE,1,0.3734804,0.18135662,6,40
10,SE,1,0.3734804,0.2202617,6,40
10,SE,1,0.3734804,0.3981026,2,20
10,SE,1,0.3734804,0.31331208,6,45
10,SE,1,0.3734804,0.760807,7,40
10,SE,1,0.3734804,0.20462222,4,35
10,SE,1,0.3734804,0.513273,6,45
10,SE,1,0.3734804,0.31812242,4,42
10,SE,1,0.3734804,0.39701068,5,42
10,SE,1,0.3734804,0.28120717,4,45
10,SE,1,0.3734804,0.37202543,99,999
10,SE,1,0.3734804,0.4088722,4,41
10,SE,1,0.3734804,0.26125994,5,36
10,SE,1,0.3734804,0.30955103,5,34
10,SE,1,0.3734804,0.43826228,4,40
10,SE,1,0.3734804,0.21425751,6,60
10,SE,1,0.3734804,0.5527369,6,37
10,SE,1,0.3734804,0.4319035,5,45
10,SE,1,0.3734804,0.50670403,4,40
10,SE,1,0.3734804,0.43826228,5,30
10,SE,1,0.3734804,0.2253237,3,40
10,SE,1,0.3734804,0.26125994,6,40
10,SE,1,0.3734804,0.3981026,5,45
10,SE,1,0.3734804,0.18402669,2,48
10,SE,1,0.3734804,0.45039794,4,40
10,SE,1,0.3734804,0.55020463,5,40
10,SE,1,0.3734804,0.9375647,6,40
10,SE,1,0.3734804,0.54222167,4,45
10,SE,1,0.3734804,0.5608051,4,45
10,SE,1,0.3734804,0.3981026,6,30
10,SE,1,0.3734804,0.19641371,4,8
10,SE,1,0.3734804,0.4682605,5,42
10,SE,1,0.3734804,0.3109757,5,999
10,SE,1,0.3734804,0.40396386,2,42
10,SE,1,0.3734804,0.1937474,5,12
10,SE,1,0.3734804,0.44027945,7,39
10,SE,1,0.3734804,0.39125043,4,16
10,SE,1,0.3734804,0.3981026,6,50
10,SE,1,0.3734804,0.26125994,6,40
10,SE,1,0.3734804,0.28368908,6,44
10,SE,1,0.3734804,0.22158603,6,40
10,SE,1,0.3734804,0.60011494,7,9
10,SE,1,0.3734804,0.18336686,5,999
10,SE,1,0.3734804,0.20191789,4,44
10,SE,1,0.3734804,0.16947708,4,45
10,SE,1,0.3734804,0.3981331,4,40
10,SE,1,0.3734804,0.4319035,7,20
10,SE,1,0.3734804,0.444716,6,40
10,SE,1,0.3734804,0.40800402,5,45
10,SE,1,0.3734804,0.21018139,6,43
10,SE,1,0.3734804,0.3981026,5,43
10,SE,1,0.3734804,0.62205255,6,666
10,SE,1,0.3734804,0.31812242,6,35
10,SE,1,0.3734804,0.4611797,3,20
10,SE,1,0.3734804,0.40582308,5,35
10,SE,1,0.3734804,0.19910891,6,4
10,SE,1,0.3734804,0.21327592,4,43
10,SE,1,0.3734804,0.55020463,5,47
10,SE,1,0.3734804,0.5527369,6,40
10,SE,1,0.3734804,0.20191789,4,42
10,SE,1,0.3734804,0.6089504,6,16
10,SE,1,0.3734804,0.19641371,7,40
10,SE,1,0.3734804,0.19622004,3,40
10,SE,1,0.3734804,0.16947708,5,40
10,SE,1,0.3734804,0.28368908,5,50
10,SE,1,0.3734804,0.45039794,3,42
10,SE,1,0.3734804,0.19910891,4,40
10,SE,1,0.3734804,0.18487367,6,50
10,SE,1,0.3734804,0.31812242,6,48
10,SE,1,0.3734804,0.29154453,6,50
10,SE,1,0.3734804,0.43826228,2,40
10,SE,1,0.3734804,0.19622004,6,40
10,SE,1,0.3734804,0.1991769,6,40
10,SE,1,0.3734804,0.62205255,6,5
10,SE,1,0.3734804,0.45039794,7,50
10,SE,1,0.3734804,0.19622004,4,32
10,SE,1,0.3734804,0.2202617,1,55
10,SE,1,0.3734804,0.37202543,6,40
10,SE,1,0.3734804,0.50670403,7,43
10,SE,1,0.3734804,0.31812242,7,45
10,SE,1,0.3734804,0.21918152,4,6
10,SE,1,0.3734804,0.54222167,4,27
10,SE,1,0.3734804,0.18626265,7,40
10,SE,1,0.3734804,0.50670403,6,40
10,SE,1,0.3734804,0.3981026,6,40
10,SE,1,0.3734804,0.4319035,3,40
10,SE,1,0.3734804,0.18087766,7,999
10,SE,1,0.3734804,0.2158672,4,40
10,SE,1,0.3734804,0.5058258,6,40
10,SE,1,0.3734804,0.45039794,2,96
10,SE,1,0.3734804,0.27957302,7,40
10,SE,1,0.3734804,0.45039794,4,30
10,SE,1,0.3734804,0.4319035,5,40
10,SE,1,0.3734804,0.2158672,6,40
10,SE,1,0.3734804,0.18626265,4,43
10,SE,1,0.3734804,0.18336686,4,42
10,SE,1,0.3734804,0.61175305,4,40
10,SE,1,0.3734804,0.21607141,5,40
10,SE,1,0.3734804,0.3981026,5,40
10,SE,1,0.3734804,0.21607141,7,55
10,SE,1,0.3734804,0.24178644,6,40
10,SE,1,0.3734804,0.50670403,4,39
10,SE,1,0.3734804,0.18087766,5,666
10,SE,1,0.3734804,0.26125994,7,45
10,SE,1,0.3734804,0.19910891,4,40
10,SE,1,0.3734804,0.18626265,3,40
10,SE,1,0.3734804,0.37202543,6,40
10,SE,1,0.3734804,0.21925256,7,40
10,SE,1,0.3734804,0.56109416,3,40
10,SE,1,0.3734804,0.92396134,3,8
10,SE,1,0.3734804,0.513273,6,666
10,SE,1,0.3734804,0.513273,7,7
10,SE,1,0.3734804,0.5243404,6,45
10,SE,1,0.3734804,0.31812242,7,35
10,SE,1,0.3734804,0.4682605,6,40
10,SE,1,0.3734804,0.365622,6,37
10,SE,1,0.3734804,0.513273,6,40
10,SE,1,0.3734804,0.20191789,4,50
10,SE,1,0.3734804,0.30955103,6,34
10,SE,1,0.3734804,1.0028483,7,666
10,SE,1,0.3734804,0.26125994,3,39
10,SE,1,0.3734804,0.27957302,4,40
10,SE,1,0.3734804,0.6089504,6,36
10,SE,1,0.3734804,0.4682605,7,33
10,SE,1,0.3734804,0.28368908,7,56
10,SE,1,0.3734804,0.41514954,7,45
10,SE,1,0.3734804,0.27957302,6,42
10,SE,1,0.3734804,0.18402669,6,40
10,SE,1,0.3734804,0.2253237,7,40
10,SE,1,0.3734804,0.21918152,6,45
10,SE,1,0.3734804,0.45039794,5,40
10,SE,1,0.3734804,0.4662755,1,10
10,SE,1,0.3734804,0.5498687,7,30
10,SE,1,0.3734804,0.2202617,5,25
10,SE,1,0.3734804,0.44027945,5,40
10,SE,1,0.3734804,0.45564362,4,40
10,SE,1,0.3734804,0.1891224,6,45
10,SE,1,0.3734804,0.5172224,7,40
10,SE,1,0.3734804,0.49982545,5,40
10,SE,1,0.3734804,0.43826228,6,50
10,SE,1,0.3734804,0.5527369,6,40
10,SE,1,0.3734804,0.56543976,4,45
10,SE,1,0.3734804,0.18402669,2,33
10,SE,1,0.3734804,0.18336686,2,37
10,SE,1,0.3734804,0.31812242,4,28
10,SE,1,0.3734804,0.55020463,4,45
10,SE,1,0.3734804,0.21327592,4,50
10,SE,1,0.3734804,0.21607141,7,40
10,SE,1,0.3734804,0.21327592,6,43
10,SE,1,0.3734804,0.41961923,6,35
10,SE,1,0.3734804,0.41392294,6,50
10,SE,1,0.3734804,0.39125043,3,40
10,SE,1,0.3734804,0.50670403,4,60
10,SE,1,0.3734804,0.39125043,4,40
10,SE,1,0.3734804,0.6089504,6,11
10,SE,1,0.3734804,0.28507718,6,40
10,SE,1,0.3734804,0.18336686,4,20
10,SE,1,0.3734804,0.18402669,6,40
10,SE,1,0.3734804,0.21327592,2,10
10,SE,1,0.3734804,0.45039794,4,37
10,SE,1,0.3734804,0.18135662,4,666
10,SE,1,0.3734804,0.20191789,6,44
10,SE,1,0.3734804,0.287136,6,22
10,SE,1,0.3734804,0.18626265,2,666
10,SE,1,0.3734804,0.27957302,4,44
10,SE,1,0.3734804,0.47269237,4,40
10,SE,1,0.3734804,0.21607141,7,50
10,SE,1,0.3734804,0.4088722,7,40
10,SE,1,0.3734804,0.2202617,3,40
10,SE,1,0.3734804,0.47278592,7,35
10,SE,1,0.3734804,0.19641371,6,45
10,SE,1,0.3734804,0.52748543,4,40
10,SE,1,0.3734804,0.28368908,7,20
10,SE,1,0.3734804,0.5719754,5,40
10,SE,1,0.3734804,0.21925256,6,45
10,SE,1,0.3734804,0.3981026,3,30
10,SE,1,0.3734804,0.50670403,5,40
10,SE,1,0.3734804,0.39701068,7,8
10,SE,1,0.3734804,0.6052919,4,20
10,SE,1,0.3734804,1.0028483,6,5
10,SE,1,0.3734804,0.30955103,6,30
10,SE,1,0.3734804,0.21607141,4,42
10,SE,1,0.3734804,0.6089504,6,50
10,SE,1,0.3734804,0.3981026,3,39
10,SE,1,0.3734804,0.6089504,6,40
10,SE,1,0.3734804,0.20191789,6,40
10,SE,1,0.3734804,0.50670403,6,37
10,SE,1,0.3734804,0.39701068,4,40
10,SE,1,0.3734804,0.29154453,3,46
10,SE,1,0.3734804,0.40582308,7,30
10,SE,1,0.3734804,0.5172224,7,30
10,SE,1,0.3734804,0.19641371,4,20
10,SE,1,0.3734804,0.3050597,3,40
10,SE,1,0.3734804,0.20191789,4,40
10,SE,1,0.3734804,0.18626265,3,999
10,SE,1,0.3734804,0.20152807,4,32
10,SE,1,0.3734804,0.2253237,4,33
10,SE,1,0.3734804,0.1991769,6,36
10,SE,1,0.3734804,0.21925256,5,38
10,SE,1,0.3734804,0.28499475,3,666
10,SE,1,0.3734804,0.5058258,6,40
10,SE,1,0.3734804,0.41961923,6,10
10,SE,1,0.3734804,0.28368908,3,40
10,SE,1,0.3734804,0.44903257,6,40
10,SE,1,0.3734804,0.22191653,5,40
10,SE,1,0.3734804,0.25771338,4,30
10,SE,1,0.3734804,0.45564362,6,48
10,SE,1,0.3734804,0.43826228,7,40
10,SE,1,0.3734804,0.98031896,7,30
10,SE,1,0.3734804,0.18402669,4,40
10,SE,1,0.3734804,0.4319035,7,50
10,SE,1,0.3734804,0.45039794,5,40
10,SE,1,0.3734804,0.1991769,6,50
10,SE,1,0.3734804,0.18135662,5,50
10,SE,1,0.3734804,0.31553108,5,40
10,SE,1,0.3734804,0.36065868,7,40
10,SE,1,0.3734804,0.44903257,6,39
10,SE,1,0.3734804,0.27957302,6,38
10,SE,1,0.3734804,0.21925256,4,45
10,SE,1,0.3734804,0.15552148,5,10
10,SE,1,0.3734804,0.21018139,6,45
10,SE,1,0.3734804,0.50670403,5,40
10,SE,1,0.3734804,0.22191653,5,40
10,SE,1,0.3734804,0.3981026,4,40
10,SE,1,0.3734804,0.3050597,6,40
10,SE,1,0.3734804,0.31812242,4,40
10,SE,1,0.3734804,0.18087766,4,40
10,SE,1,0.3734804,0.18135662,3,48
10,SE,1,0.3734804,0.6089504,6,36
10,SE,1,0.3734804,0.19641371,7,50
10,SE,1,0.3734804,0.4319035,7,1
10,SE,1,0.3734804,0.21018139,3,35
10,SE,1,0.3734804,0.5058258,7,45
10,SE,1,0.3734804,0.2253237,3,4
10,SE,1,0.3734804,0.55319226,7,35
10,SE,1,0.3734804,0.3981026,4,32
10,SE,1,0.3734804,0.96166945,6,666
10,SE,1,0.3734804,0.365622,2,50
10,SE,1,0.3734804,0.40800402,7,12
10,SE,1,0.3734804,0.19622004,4,999
10,SE,1,0.3734804,0.31812242,6,40
10,SE,1,0.3734804,0.21607141,7,38
10,SE,1,0.3734804,0.21327592,6,40
10,SE,1,0.3734804,0.41514954,4,34
10,SE,1,0.3734804,0.9758278,2,25
10,SE,1,0.3734804,0.3981331,3,40
10,SE,1,0.3734804,0.94187963,5,40
10,SE,1,0.3734804,0.28507718,4,42
10,SE,1,0.3734804,0.21018139,5,50
10,SE,1,0.3734804,0.39883783,4,13
10,SE,1,0.3734804,0.17125541,5,999
10,SE,1,0.3734804,0.39125043,7,45
10,SE,1,0.3734804,0.47278592,7,35
10,SE,1,0.3734804,0.3050597,5,43
10,SE,1,0.3734804,0.47269237,7,20
10,SE,1,0.3734804,0.21925256,6,999
10,SE,1,0.3734804,0.62205255,7,666
10,SE,1,0.3734804,0.16947708,4,40
10,SE,1,0.3734804,0.40800402,5,666
10,SE,1,0.3734804,0.40582308,6,160
10,SE,1,0.3734804,0.95990294,4,50
10,SE,1,0.3734804,0.42975792,6,40
10,SE,1,0.3734804,0.42975792,3,60
10,SE,1,0.3734804,0.45039794,6,40
10,SE,1,0.3734804,0.44903257,6,10
10,SE,1,0.3734804,0.39125043,5,50
10,SE,1,0.3734804,0.21918152,3,55
10,SE,1,0.3734804,0.20002536,99,999
10,SE,1,0.3734804,0.20462222,4,40
10,SE,1,0.3734804,0.513273,6,65
10,SE,1,0.3734804,0.30955103,6,40
10,SE,1,0.3734804,0.21018139,6,50
10,SE,1,0.3734804,0.55319226,7,40
10,SE,1,0.3734804,0.45564362,5,50
10,SE,1,0.3734804,0.20191789,6,40
10,SE,1,0.3734804,0.2253237,4,48
10,SE,1,0.3734804,0.2253237,7,40
10,SE,1,0.3734804,0.44903257,7,2
10,SE,1,0.3734804,0.20002536,3,666
10,SE,1,0.3734804,0.55020463,5,40
10,SE,1,0.3734804,0.27957302,5,30
10,SE,1,0.3734804,0.47564346,6,50
10,SE,1,0.3734804,0.95990294,4,40
10,SE,1,0.3734804,0.6089504,7,40
10,SE,1,0.3734804,0.45774075,6,45
10,SE,1,0.3734804,0.60011494,7,40
10,SE,1,0.3734804,0.40800402,6,30
10,SE,1,0.3734804,0.3050597,5,42
10,SE,1,0.3734804,0.41514954,4,0
10,SE,1,0.3734804,0.5965097,7,10
10,SE,1,0.3734804,0.56109416,6,40
10,SE,1,0.3734804,0.513273,6,40
10,SE,1,0.3734804,0.287136,5,45
10,SE,1,0.3734804,0.45039794,7,45
10,SE,1,0.3734804,0.21925256,6,37
10,SE,1,0.3734804,0.39125043,7,7
10,SE,1,0.3734804,0.287136,3,35
10,SE,1,0.3734804,0.287136,6,40
10,SE,1,0.3734804,0.50670403,2,37
10,SE,1,0.3734804,0.365622,6,40
10,SE,1,0.3734804,0.26125994,4,55
10,SE,1,0.3734804,0.26125994,6,40
10,SE,1,0.3734804,0.28368908,3,38
10,SE,1,0.3734804,0.55020463,5,35
10,SE,1,0.3734804,0.41514954,6,41
10,SE,1,0.3734804,0.5608051,4,40
10,SE,1,0.3734804,0.56109416,6,13
10,SE,1,0.3734804,0.28507718,6,20
10,SE,1,0.3734804,0.43826228,4,10
10,SE,1,0.3734804,0.21925256,99,40
10,SE,1,0.3734804,0.44027945,7,40
10,SE,1,0.3734804,0.21607141,4,5
10,SE,1,0.3734804,0.19622004,4,40
10,SE,1,0.3734804,0.62581223,7,666
10,SE,1,0.3734804,0.287136,3,8
10,SE,1,0.3734804,0.9758278,2,666
10,SE,1,0.3734804,0.8986764,7,4
10,SE,1,0.3734804,0.26125994,4,40
10,SE,1,0.3734804,0.21607141,6,45
10,SE,1,0.3734804,0.55319226,6,46
10,SE,1,0.3734804,0.3109757,6,40
10,SE,1,0.3734804,0.28368908,3,40
10,SE,1,0.3734804,0.21327592,6,4
10,SE,1,0.3734804,0.15552148,6,37
10,SE,1,0.3734804,0.18402669,4,40
10,SE,1,0.3734804,0.4682605,6,30
10,SE,1,0.3734804,0.21925256,6,40
10,SE,1,0.3734804,0.1891224,7,40
10,SE,1,0.3734804,0.54222167,4,70
10,SE,1,0.3734804,0.19910891,7,30
10,SE,1,0.3734804,0.40396386,7,39
10,SE,1,0.3734804,0.17125541,6,45
10,SE,1,0.3734804,0.62205255,6,48
10,SE,1,0.3734804,0.50670403,6,40
10,SE,1,0.3734804,0.41514954,2,50
10,SE,1,0.3734804,0.9375647,5,40
10,SE,1,0.3734804,0.28499475,2,41
10,SE,1,0.3734804,0.3981026,5,43
10,SE,1,0.3734804,0.27957302,7,50
10,SE,1,0.3734804,0.18135662,2,40
10,SE,1,0.3734804,0.18087766,3,40
10,SE,1,0.3734804,0.18402669,5,45
10,SE,1,0.3734804,0.5965097,5,666
10,SE,1,0.3734804,0.39701068,6,666
10,SE,1,0.3734804,0.30955103,5,40
10,SE,1,0.3734804,0.60011494,3,42
10,SE,1,0.3734804,0.34232122,4,45
10,SE,1,0.3734804,0.55020463,4,43
10,SE,1,0.3734804,0.2253237,6,25
10,SE,1,0.3734804,0.45564362,7,40
10,SE,1,0.3734804,0.40582308,5,43
10,SE,1,0.3734804,0.28368908,4,50
10,SE,1,0.3734804,0.47269237,5,42
10,SE,1,0.3734804,0.89702564,7,40
10,SE,1,0.3734804,0.41961923,7,40
10,SE,1,0.3734804,0.21925256,4,50
10,SE,1,0.3734804,0.41961923,4,40
10,SE,1,0.3734804,0.37202543,6,45
10,SE,1,0.3734804,0.365622,6,30
10,SE,1,0.3734804,0.27957302,6,999
10,SE,1,0.3734804,0.40396386,7,40
10,SE,1,0.3734804,0.5762727,6,40
10,SE,1,0.3734804,0.4319035,3,50
10,SE,1,0.3734804,0.18336686,4,999
10,SE,1,0.3734804,0.513273,6,45
10,SE,1,0.3734804,0.4319035,2,40
10,SE,1,0.3734804,0.19622004,99,50
10,SE,1,0.3734804,0.39125043,6,11
10,SE,1,0.3734804,0.44903257,6,38
10,SE,1,0.3734804,0.9740356,4,40
10,SE,1,0.3734804,0.16947708,4,50
10,SE,1,0.3734804,0.30955103,2,42
10,SE,1,0.3734804,0.21018139,3,40
10,SE,1,0.3734804,0.41961923,4,45
10,SE,1,0.3734804,0.39701068,6,4
10,SE,1,0.3734804,0.557436,1,666
10,SE,1,0.3734804,0.21918152,6,40
10,SE,1,0.3734804,0.3981026,4,40
10,SE,1,0.3734804,0.47278592,7,30
10,SE,1,0.3734804,0.18626265,4,40
10,SE,1,0.3734804,0.5058258,5,40
10,SE,1,0.3734804,0.4088722,4,41
10,SE,1,0.3734804,0.5058258,4,20
10,SE,1,0.3734804,0.287136,7,36
10,SE,1,0.3734804,0.29154453,7,40
10,SE,1,0.3734804,0.365622,6,15
10,SE,1,0.3734804,0.24178644,6,38
10,SE,1,0.3734804,0.44358736,2,30
10,SE,1,0.3734804,0.26125994,7,32
10,SE,1,0.3734804,0.19910891,6,999
10,SE,1,0.3734804,0.62581223,7,40
10,SE,1,0.3734804,0.16947708,6,40
10,SE,1,0.3734804,0.47269237,5,30
10,SE,1,0.3734804,0.25771338,4,40
10,SE,1,0.3734804,0.25771338,4,40
10,SE,1,0.3734804,0.41392294,4,40
10,SE,1,0.3734804,0.28368908,4,40
10,SE,1,0.3734804,0.28368908,6,40
10,SE,1,0.3734804,0.5527369,2,40
10,SE,1,0.3734804,0.45564362,5,68
10,SE,1,0.3734804,0.39125043,7,999
10,SE,1,0.3734804,0.3558976,7,40
10,SE,1,0.3734804,0.3109757,7,40
10,SE,1,0.3734804,0.40396386,5,40
10,SE,1,0.3734804,0.3050597,4,60
10,SE,1,0.3734804,0.5762727,6,40
10,SE,1,0.3734804,0.29154453,6,10
10,SE,1,0.3734804,0.6052919,5,40
10,SE,1,0.3734804,0.5965097,7,4
10,SE,1,0.3734804,0.39701068,6,40
10,SE,1,0.3734804,0.18135662,5,999
10,SE,1,0.3734804,0.18402669,4,40
10,SE,1,0.3734804,0.41961923,3,15
10,SE,1,0.3734804,0.8517172,4,40
10,SE,1,0.3734804,0.4319035,7,42
10,SE,1,0.3734804,0.2253237,3,42
10,SE,1,0.3734804,0.3050597,7,45
10,SE,1,0.3734804,0.27957302,4,45
10,SE,1,0.3734804,0.20152807,2,40
10,SE,1,0.3734804,0.45564362,4,40
10,SE,1,0.3734804,0.21925256,7,999
10,SE,1,0.3734804,0.39125043,2,4
10,SE,1,0.3734804,0.56543976,4,50
10,SE,1,0.3734804,0.557436,6,666
10,SE,1,0.3734804,0.21918152,6,40
10,SE,1,0.3734804,0.4682605,5,40
10,SE,1,0.3734804,0.2202617,6,43
10,SE,1,0.3734804,0.3109757,4,40
10,SE,1,0.3734804,0.28368908,4,20
10,SE,1,0.3734804,0.62205255,6,666
10,SE,1,0.3734804,0.5693549,7,40
10,SE,1,0.3734804,0.89702564,6,40
10,SE,1,0.3734804,0.5608051,6,40
10,SE,1,0.3734804,0.27957302,6,38
10,SE,1,0.3734804,0.1991769,7,40
10,SE,1,0.3734804,0.21925256,6,12
10,SE,1,0.3734804,0.3981026,4,40
10,SE,1,0.3734804,0.3981026,6,45
10,SE,1,0.3734804,0.3558976,2,36
10,SE,1,0.3734804,0.4036121,7,48
10,SE,1,0.3734804,0.51950926,6,45
10,SE,1,0.3734804,0.4088722,4,50
10,SE,1,0.3734804,0.36065868,6,40
10,SE,1,0.3734804,0.3050597,2,42
10,SE,1,0.3734804,0.6163492,6,40
10,SE,1,0.3734804,0.31553108,3,45
10,SE,1,0.3734804,0.19641371,6,40
10,SE,1,0.3734804,0.19622004,3,999
10,SE,1,0.3734804,0.3050597,3,999
10,SE,1,0.3734804,0.29154453,5,30
10,SE,1,0.3734804,0.45039794,7,40
10,SE,1,0.3734804,0.4682605,7,40
10,SE,1,0.3734804,0.26125994,7,999
10,SE,1,0.3734804,0.19622004,4,45
10,SE,1,0.3734804,0.1891224,6,40
10,SE,1,0.3734804,0.21018139,6,50
10,SE,1,0.3734804,0.18336686,5,30
10,SE,1,0.3734804,1.0010066,6,40
10,SE,1,0.3734804,0.4319035,6,25
10,SE,1,0.3734804,0.58512044,3,40
10,SE,1,0.3734804,0.287136,4,40
10,SE,1,0.3734804,0.6089504,4,45
10,SE,1,0.3734804,0.21918152,7,45
10,SE,1,0.3734804,0.47278592,6,40
10,SE,1,0.3734804,0.3981026,3,40
10,SE,1,0.3734804,0.41961923,7,45
10,SE,1,0.3734804,0.4319035,5,42
10,SE,1,0.3734804,0.40582308,6,50
10,SE,1,0.3734804,0.40582308,5,37
10,SE,1,0.3734804,0.1991769,6,40
10,SE,1,0.3734804,0.1891224,2,65
10,SE,1,0.3734804,0.27957302,4,30
10,SE,1,0.3734804,0.5243404,6,999
10,SE,1,0.3734804,0.31553108,1,45
10,SE,1,0.3734804,0.44903257,7,50
10,SE,1,0.3734804,0.45039794,6,40
10,SE,1,0.3734804,0.16717649,4,40
10,SE,1,0.3734804,0.2253237,6,36
10,SE,1,0.3734804,0.8864767,6,666
10,SE,1,0.3734804,0.30955103,7,40
10,SE,1,0.3734804,0.31553108,5,41
10,SE,1,0.3734804,0.18135662,6,50
10,SE,1,0.3734804,0.5058258,6,35
10,SE,1,0.3734804,0.18402669,3,45
10,SE,1,0.3734804,0.49982545,2,44
10,SE,1,0.3734804,0.18487367,7,40
10,SE,1,0.3734804,0.4319035,2,50
10,SE,1,0.3734804,0.18087766,4,20
10,SE,1,0.3734804,0.18626265,6,40
10,SE,1,0.3734804,0.21425751,4,50
10,SE,1,0.3734804,0.3981026,7,40
10,SE,1,0.3734804,0.55688965,3,40
10,SE,1,0.3734804,0.608078,7,666
10,SE,1,0.3734804,0.28507718,6,32
10,SE,1,0.3734804,0.5693549,7,43
10,SE,1,0.3734804,0.56543976,6,45
10,SE,1,0.3734804,0.56109416,6,38
10,SE,1,0.3734804,0.18487367,6,50
10,SE,1,0.3734804,0.62581223,7,50
10,SE,1,0.3734804,0.4662755,4,39
10,SE,1,0.3734804,0.28368908,3,45
10,SE,1,0.3734804,0.26125994,5,40
10,SE,1,0.3734804,0.19641371,6,40
10,SE,1,0.3734804,0.39701068,6,40
10,SE,1,0.3734804,0.6052919,6,4
10,SE,1,0.3734804,0.28368908,4,60
10,SE,1,0.3734804,0.44903257,5,40
10,SE,1,0.3734804,0.21607141,6,999
10,SE,1,0.3734804,0.27957302,7,45
10,SE,1,0.3734804,0.2202617,4,42
10,SE,1,0.3734804,0.31812242,5,45
10,SE,1,0.3734804,0.21925256,6,40
10,SE,1,0.3734804,0.56543976,3,40
10,SE,1,0.3734804,0.40582308,7,42
10,SE,1,0.3734804,0.21327592,3,50
10,SE,1,0.3734804,0.39125043,6,15
10,SE,1,0.3734804,0.28507718,4,38
10,SE,1,0.3734804,0.4319035,2,24
10,SE,1,0.3734804,0.28368908,6,40
10,SE,1,0.3734804,0.365622,6,666
10,SE,1,0.3734804,0.1665871,6,70
10,SE,1,0.3734804,0.61175305,6,55
10,SE,1,0.3734804,0.26125994,6,999
10,SE,1,0.3734804,0.18336686,5,28
10,SE,1,0.3734804,0.20191789,5,37
10,SE,1,0.3734804,0.98587,7,30
10,SE,1,0.3734804,0.3981026,6,45
10,SE,1,0.3734804,0.20191789,6,8
10,SE,1,0.3734804,0.28507718,3,40
10,SE,1,0.3734804,0.29154453,4,30
10,SE,1,0.3734804,0.29154453,4,60
10,SE,1,0.3734804,0.30955103,3,40
10,SE,1,0.3734804,0.27957302,2,39
10,SE,1,0.3734804,0.19622004,4,48
10,SE,1,0.3734804,0.41961923,6,44
10,SE,1,0.3734804,0.3981026,5,40
10,SE,1,0.3734804,0.608078,7,35
10,SE,1,0.3734804,0.21018139,7,50
10,SE,1,0.3734804,0.8986764,7,40
10,SE,1,0.3734804,0.54222167,5,30
10,SE,1,0.3734804,0.2253237,6,45
10,SE,1,0.3734804,0.3981026,4,40
10,SE,1,0.3734804,0.51950926,7,40
10,SE,1,0.3734804,0.60011494,2,39
10,SE,1,0.3734804,0.31812242,6,20
10,SE,1,0.3734804,0.28368908,6,8
10,SE,1,0.3734804,0.21607141,7,40
10,SE,1,0.3734804,0.4319035,4,45
10,SE,1,0.3734804,0.55319226,7,38
10,SE,1,0.3734804,0.45039794,3,40
10,SE,1,0.3734804,0.21018139,5,44
10,SE,1,0.3734804,0.29154453,5,45
10,SE,1,0.3734804,0.28368908,3,45
10,SE,1,0.3734804,0.43826228,3,84
10,SE,1,0.3734804,0.20191789,4,30
10,SE,1,0.3734804,0.365622,4,40
10,SE,1,0.3734804,0.1991769,4,999
10,SE,1,0.3734804,0.54222167,3,32
10,SE,1,0.3734804,0.3981026,5,40
10,SE,1,0.3734804,0.21918152,6,40
10,SE,1,0.3734804,0.27957302,1,60
10,SE,1,0.3734804,0.5965097,6,666
10,SE,1,0.3734804,0.40183446,5,42
10,SE,1,0.3734804,0.3050597,3,42
10,SE,1,0.3734804,0.41392294,3,20
10,SE,1,0.3734804,0.4319035,6,45
10,SE,1,0.3734804,0.1991769,2,44
10,SE,1,0.3734804,0.40582308,6,34
10,SE,1,0.3734804,0.20191789,6,38
10,SE,1,0.3734804,0.27957302,7,45
10,SE,1,0.3734804,0.21018139,6,48
10,SE,1,0.3734804,0.31812242,6,45
10,SE,1,0.3734804,0.18336686,6,40
10,SE,1,0.3734804,0.9758278,2,1
10,SE,1,0.3734804,0.20191789,4,45
10,SE,1,0.3734804,0.1891224,6,40
10,SE,1,0.3734804,0.6089504,3,666
10,SE,1,0.3734804,0.15552148,2,999
10,SE,1,0.3734804,0.18336686,5,999
10,SE,1,0.3734804,0.28507718,7,42
10,SE,1,0.3734804,0.21607141,5,30
10,SE,1,0.3734804,0.513273,3,41
10,SE,1,0.3734804,0.21607141,5,33
10,SE,1,0.3734804,0.58512044,6,40
10,SE,1,0.3734804,0.30955103,6,43
10,SE,1,0.3734804,0.50670403,6,41
10,SE,1,0.3734804,0.8986764,5,40
10,SE,1,0.3734804,0.31812242,7,44
10,SE,1,0.3734804,0.21925256,3,40
10,SE,1,0.3734804,0.3981026,4,40
10,SE,1,0.3734804,0.5058258,6,50
10,SE,1,0.3734804,0.22191653,5,38
10,SE,1,0.3734804,0.18336686,6,40
10,SE,1,0.3734804,0.21607141,3,39
10,SE,1,0.3734804,0.17125541,7,40
10,SE,1,0.3734804,0.26125994,4,40
10,SE,1,0.3734804,0.20191789,6,32
10,SE,1,0.3734804,0.54222167,4,40
10,SE,1,0.3734804,0.36697522,7,30
10,SE,1,0.3734804,0.39701068,7,40
10,SE,1,0.3734804,0.5243404,4,37
10,SE,1,0.3734804,0.31553108,6,45
10,SE,1,0.3734804,0.2158672,7,9
10,SE,1,0.3734804,0.56543976,4,40
10,SE,1,0.3734804,0.41961923,5,50
10,SE,1,0.3734804,0.28368908,2,40
10,SE,1,0.3734804,0.21018139,4,45
10,SE,1,0.3734804,0.43826228,7,40
10,SE,1,0.3734804,0.21925256,5,40
10,SE,1,0.3734804,0.4682605,4,32
10,SE,1,0.3734804,0.21925256,4,30
10,SE,1,0.3734804,0.5762727,3,42
10,SE,1,0.3734804,0.22191653,4,999
10,SE,1,0.3734804,0.40396386,3,30
10,SE,1,0.3734804,0.28368908,6,25
10,SE,1,0.3734804,0.19622004,5,40
10,SE,1,0.3734804,0.37202543,6,45
10,SE,1,0.3734804,0.40800402,3,40
10,SE,1,0.3734804,0.365622,6,18
10,SE,1,0.3734804,0.5965097,6,666
10,SE,1,0.3734804,0.50670403,4,40
10,SE,1,0.3734804,0.41961923,6,46
10,SE,1,0.3734804,0.28507718,2,50
10,SE,1,0.3734804,0.3050597,4,44
10,SE,1,0.3734804,0.55319226,7,20
10,SE,1,0.3734804,0.45039794,4,50
10,SE,1,0.3734804,0.31812242,6,40
10,SE,1,0.3734804,0.28507718,6,30
10,SE,1,0.3734804,0.3109757,4,42
10,SE,1,0.3734804,0.4319035,3,60
10,SE,1,0.3734804,0.3050597,5,42
10,SE,1,0.3734804,0.60011494,3,40
10,SE,1,0.3734804,0.6052919,4,0
10,SE,1,0.3734804,0.36065868,5,35
